name,speciality,hospital,city,img,slug,timestamp
Drg. AJENG PRAMEGFI/REGITA P.,Dokter Gigi,Ocean Dental Tanjung Priuk,"Koja, Jakarta Utara",,dokter-gigi,2025-06-15 02:34:35
drg. ANIZA PRATITA S,Dokter Gigi,Pramita Laboratory Clinic Matraman,"Matraman, Jakarta Timur",,dokter-gigi,2025-06-15 02:34:35
DRG. ANTHONY HARTONO SUTANTO,Dokter Gigi,RSGM Maranatha,"Sukajadi, Kota Bandung",,dokter-gigi,2025-06-15 02:34:35
drg. Abdul Fauzi,Dokter Gigi,Happy Dental Clinic Trans Studio Mall Makassar,"Tamalate, Kota Makassar",,dokter-gigi,2025-06-15 02:34:35
drg Abiyan Athallah,Dokter Gigi,Klinik Utama Medika Antapani,"Kiaracondong, Kota Bandung",,dokter-gigi,2025-06-15 02:34:35
drg Ade Amalia Rizqi,Dokter Gigi,FDC Dental Clinic - Cibubur,"Jatisampurna, Bekasi",,dokter-gigi,2025-06-15 02:34:35
drg Ade Riska Pradina,Dokter Gigi,FDC Dental Clinic - Depok,"Pancoran Mas, Depok",,dokter-gigi,2025-06-15 02:34:35
dr. Ade Ruhani Arland,Dokter Gigi,RS Balikpapan Baru,"Balikpapan Kota, Kota Balikpapan",,dokter-gigi,2025-06-15 02:34:35
dr. Ade Ruhani Arland,Dokter Gigi,RS Balikpapan Baru,"Balikpapan Kota, Kota Balikpapan",,dokter-gigi,2025-06-15 02:34:35
drg. Adela Andartya Sp.KGA,Dokter Gigi,Klinik Pratama Audy Dental Bekasi,"Bekasi Selatan, Bekasi",,dokter-gigi,2025-06-15 02:34:35
drg. Adia Laksita A Rizal,Dokter Gigi,Mayapada Hospital Bogor,"Bogor Timur, Bogor",https://d1ojs48v3n42tp.cloudfront.net/personnels/285333_13-12-2022_15-49-28.png,dokter-gigi,2025-06-15 02:34:38
drg. Aersy Henny Paramitha,Dokter Gigi,Ocean Dental Harapan Indah Bekasi,"Tarumajaya, Kabupaten Bekasi",,dokter-gigi,2025-06-15 02:34:38
drg. Affiah Nurul Hermantiani,Dokter Gigi,RS Mitra Medika Pontianak,"Pontianak Kota, Kota Pontianak",,dokter-gigi,2025-06-15 02:34:38
drg. Afra An Nisa,Dokter Gigi,Klinik Utama Audy Dental Sunter,"Tanjung Priok, Jakarta Utara",,dokter-gigi,2025-06-15 02:34:38
drg. Agatha Descania,Dokter Gigi,Klinik Gigi Dentalosophy BSD,"Pagedangan, Kabupaten Tangerang",,dokter-gigi,2025-06-15 02:34:38
drg. Agnesia Mandayani Tambunan,Dokter Gigi,Siloam Hospitals Jambi,"Jambi Selatan, Kota Jambi",https://d1ojs48v3n42tp.cloudfront.net/personnels/717118_14-6-2022_17-16-54.jpeg,dokter-gigi,2025-06-15 02:34:38
drg. Agus Santana,Dokter Gigi,RS Siaga Al Munawwarah Samarinda,"Samarinda Ulu, Kota Samarinda",,dokter-gigi,2025-06-15 02:34:38
drg. Agustina Wisye R,Dokter Gigi,Happy Dental Clinic Cilandak Town Square,"Cilandak, Jakarta Selatan",,dokter-gigi,2025-06-15 02:34:38
Drg. Ajeng Resti Tregita P.,Dokter Gigi,Ocean Dental Tanjung Priuk,"Koja, Jakarta Utara",,dokter-gigi,2025-06-15 02:34:38
drg Ajudanto Lukas Ginting,Dokter Gigi,RS Permata Keluarga Karawang,"Telukjambe Timur, Kabupaten Karawang",,dokter-gigi,2025-06-15 02:34:38
drg. Akbar Aji Wiguna,Dokter Gigi,Audy Dental Clinic Gading Serpong,"Kelapa Dua, Kabupaten Tangerang",,dokter-gigi,2025-06-15 02:34:41
"dr. Akbar Aji Wiguno, Sp.KGA",Dokter Gigi,RS Melati Tangerang,"Karawaci, Tangerang",,dokter-gigi,2025-06-15 02:34:41
drg. Alaena Medina Handadari,Dokter Gigi,Mayapada Hospital Bogor,"Bogor Timur, Bogor",https://d1ojs48v3n42tp.cloudfront.net/personnels/707967_6-4-2023_16-50-6.jpeg,dokter-gigi,2025-06-15 02:34:41
drg. Albert Januar,Dokter Gigi,Tebet Dental Clinic,"Tebet, Jakarta Selatan",,dokter-gigi,2025-06-15 02:34:41
drg. Albert Sandjaya P,Dokter Gigi,OMDC Dental Clinic Mampang,"Pancoran, Jakarta Selatan",,dokter-gigi,2025-06-15 02:34:41
drg. Albertin Dwiyanti,Dokter Gigi,RS Elim Rantepao,"Rantepao, Kabupaten Toraja Utara",,dokter-gigi,2025-06-15 02:34:41
drg. Albertus David Christian,Dokter Gigi,RS Mitra Keluarga Pondok Tjandra,"Waru, Kabupaten Sidoarjo",https://d1ojs48v3n42tp.cloudfront.net/personnels/427052_19-6-2024_13-49-58.jpeg,dokter-gigi,2025-06-15 02:34:41
drg. Aldhi Sp.KG,Dokter Gigi,Audy Dental Clinic Gading Serpong,"Kelapa Dua, Kabupaten Tangerang",,dokter-gigi,2025-06-15 02:34:41
drg. Alexander Fendy Waworuntu,Dokter Gigi,Siloam Hospitals Manado,"Wenang, Kota Manado",https://d1ojs48v3n42tp.cloudfront.net/personnels/8509_23-12-2022_14-40-25.png,dokter-gigi,2025-06-15 02:34:41
drg. Alifah,Dokter Gigi,FDC Dental Clinic - Kalimalang,"Duren Sawit, Jakarta Timur",,dokter-gigi,2025-06-15 02:34:41
drg. Alivy Aulia Az Zahra Sp.KG,Dokter Gigi,Klinik Utama Audy Dental Cipete,"Cilandak, Jakarta Selatan",,dokter-gigi,2025-06-15 02:34:43
drg. Amalia N. Sjamsuddin,Dokter Gigi,Siloam Hospitals ASRI,"Pancoran, Jakarta Selatan",,dokter-gigi,2025-06-15 02:34:43
drg. Amalia Vitariyani Mukti,Dokter Gigi,Klinik Palapa Dentist,"Pasar Minggu, Jakarta Selatan",,dokter-gigi,2025-06-15 02:34:43
drg Amanda,Dokter Gigi,Happy Dental Clinic Grand Indonesia,"Tanah Abang, Jakarta Pusat",,dokter-gigi,2025-06-15 02:34:43
drg. Amanda Karina Putri,Dokter Gigi,Klinik Gigi Senyum Ceria - Mall Metropolitan,"Bekasi Selatan, Bekasi",,dokter-gigi,2025-06-15 02:34:43
drg. Amanda Zulfa,Dokter Gigi,RS Dr. Abdul Radjak Salemba,"Senen, Jakarta Pusat",,dokter-gigi,2025-06-15 02:34:43
drg. Amelia Gunawan,Dokter Gigi,Klinik Pratama Bethesda Medika,"Grogol Petamburan, Jakarta Barat",,dokter-gigi,2025-06-15 02:34:43
drg. Amelia Sari Sp.KG,Dokter Gigi,Audy Dental Clinic Gading Serpong,"Kelapa Dua, Kabupaten Tangerang",,dokter-gigi,2025-06-15 02:34:43
drg. Amila Yustiasari,Dokter Gigi,RSIA Bunda Suryatni,"Tanah Sareal, Bogor",,dokter-gigi,2025-06-15 02:34:43
drg Andi M Bayu,Dokter Gigi,Klinik MHDC Wisma 46,"Tanah Abang, Jakarta Pusat",,dokter-gigi,2025-06-15 02:34:43
drg. Andito Yudhotomo,Dokter Gigi,FDC Dental Clinic – Jatiasih,"Bekasi Selatan, Bekasi",,dokter-gigi,2025-06-15 02:34:45
drg. Andrawina Alysha Dewanti,Dokter Gigi,RS Permata Bunda Malang,"Lowokwaru, Kota Malang",,dokter-gigi,2025-06-15 02:34:45
drg. Andre Hasiholan Pangaribuan,Dokter Gigi,Siloam Hospitals Kelapa Dua,"Kelapa Dua, Kabupaten Tangerang",https://d1ojs48v3n42tp.cloudfront.net/personnels/139141_26-12-2022_14-36-6.png,dokter-gigi,2025-06-15 02:34:45
drg. Andre Iman Kosasih,Dokter Gigi,Mayapada Hospital Tangerang,"Tangerang, Tangerang",https://d1ojs48v3n42tp.cloudfront.net/personnels/626832_13-12-2022_10-52-2.png,dokter-gigi,2025-06-15 02:34:45
drg. Andrew Edward,Dokter Gigi,Happy Dental Clinic Trans Studio Mall Bandung,"Batununggal, Kota Bandung",,dokter-gigi,2025-06-15 02:34:45
drg. Andriani Octavia Sp.KGA,Dokter Gigi,Klinik Medikids by MHDC Green Terrace,"Cipayung, Jakarta Timur",,dokter-gigi,2025-06-15 02:34:45
drg. Andry Elvandari Sp.Perio,Dokter Gigi,Alia Hospital Depok,"Pancoran Mas, Depok",,dokter-gigi,2025-06-15 02:34:45
drg. Angela Monica Hendrata,Dokter Gigi,Klinik Utama FDC Dental Clinic Kelapa Gading II,"Kelapa Gading, Jakarta Utara",,dokter-gigi,2025-06-15 02:34:45
"Dr. drg. Anggraeni, SpKG",Dokter Gigi,Klinik Palapa Dentist,"Pasar Minggu, Jakarta Selatan",,dokter-gigi,2025-06-15 02:34:45
drg. Anggun Retno Ningtyas,Dokter Gigi,Dharma Dental Clinic,"Karawang Barat, Kabupaten Karawang",,dokter-gigi,2025-06-15 02:34:45
drg. Anggun Retnoningtyas,Dokter Gigi,Dharma Dental Clinic,"Karawang Barat, Kabupaten Karawang",,dokter-gigi,2025-06-15 02:34:48
drg. Anindita Prama,Dokter Gigi,Audy Dental Harapan Indah,"Cibitung, Kabupaten Bekasi",,dokter-gigi,2025-06-15 02:34:48
drg. Anindya Ayusha Andina,Dokter Gigi,Klinik Gigi Senyum Ceria - Ruko Kebayoran Arcade,"Pondok Aren, Tangerang Selatan",,dokter-gigi,2025-06-15 02:34:48
drg. Anisya F Silviani,Dokter Gigi,Dharma Dental Clinic,"Karawang Barat, Kabupaten Karawang",,dokter-gigi,2025-06-15 02:34:48
drg. Annisa Galuh Rahma Sp. KGA,Dokter Gigi,Klinik Utama Audy Dental Cibubur,"Jatisampurna, Bekasi",,dokter-gigi,2025-06-15 02:34:48
drg. Annisa Nur Arofah,Dokter Gigi,Klinik Damessa Family Dental & Skincare,"Tapos, Depok",,dokter-gigi,2025-06-15 02:34:48
drg. Annisa Nur Arofah,Dokter Gigi,Klinik Damessa Family Dental & Skincare,"Tapos, Depok",,dokter-gigi,2025-06-15 02:34:48
drg. Annissa Putri Ariyani,Dokter Gigi,RS Melati Tangerang,"Karawaci, Tangerang",,dokter-gigi,2025-06-15 02:34:48
drg. Antika Samantha,Dokter Gigi,Charitas Hospital Palembang,"Ilir Timur I, Kota Palembang",,dokter-gigi,2025-06-15 02:34:48
drg. Antonia Dea Kartika,Dokter Gigi,RS Mitra Keluarga Surabaya,"Sukomanunggal, Kota Surabaya",https://d1ojs48v3n42tp.cloudfront.net/personnels/645141_29-3-2021_11-48-2.png,dokter-gigi,2025-06-15 02:34:48
drg. Antonius Surya S. Putra,Dokter Gigi,Klinik Utama Audy Dental Greenville,"Kebon Jeruk, Jakarta Barat",,dokter-gigi,2025-06-15 02:34:50
drg. Arcan Kumalasari,Dokter Gigi,RS Mitra Keluarga Tegal,"Tegal Barat, Kota Tegal",https://d1ojs48v3n42tp.cloudfront.net/personnels/855633_4-6-2025_13-52-18.png,dokter-gigi,2025-06-15 02:34:50
drg. Arcyta Diandra Lubis,Dokter Gigi,Ocean Dental Harapan Indah Bekasi,"Tarumajaya, Kabupaten Bekasi",,dokter-gigi,2025-06-15 02:34:50
dr Argya Ratri Arum Puspita,Dokter Gigi,RS Permata Keluarga Karawang,"Telukjambe Timur, Kabupaten Karawang",,dokter-gigi,2025-06-15 02:34:50
drg. Argyaratri Arum Puspita,Dokter Gigi,RS Permata Keluarga Jababeka,"Cikarang Utara, Kabupaten Bekasi",,dokter-gigi,2025-06-15 02:34:50
drg. Arief Munawar,Dokter Gigi,OMDC Dental Clinic Mampang,"Pancoran, Jakarta Selatan",,dokter-gigi,2025-06-15 02:34:50
drg. Arinta Hermayanti S.,Dokter Gigi,Klinik Utama Audy Dental Cipete,"Cilandak, Jakarta Selatan",,dokter-gigi,2025-06-15 02:34:50
drg. Ariza Pratita,Dokter Gigi,Klinik Utama Orange Dental - Rawamangun,"Pulo Gadung, Jakarta Timur",,dokter-gigi,2025-06-15 02:34:50
"drg. Arman Hartono, Fisid",Dokter Gigi,Smiling Specialist Dental Clinic Gramedia World,"Pagedangan, Kabupaten Tangerang",,dokter-gigi,2025-06-15 02:34:50
drg. Artha Novita Kusuma Wardeni,Dokter Gigi,RSI Siti Hajar Sidoarjo,"Sidoarjo, Kabupaten Sidoarjo",,dokter-gigi,2025-06-15 02:34:50
drg. Ary Kasrini,Dokter Gigi,RS Mitra Keluarga Cikarang,"Cikarang Utara, Kabupaten Bekasi",https://d1ojs48v3n42tp.cloudfront.net/personnels/104788_4-1-2023_14-24-43.png,dokter-gigi,2025-06-15 02:34:53
drg. Ary Shinta Auliasari Sp. KG,Dokter Gigi,Audy Dental Harapan Indah,"Cibitung, Kabupaten Bekasi",,dokter-gigi,2025-06-15 02:34:53
drg. Aryta Dhiandra Lubis,Dokter Gigi,Ocean Dental Harapan Indah Bekasi,"Tarumajaya, Kabupaten Bekasi",,dokter-gigi,2025-06-15 02:34:53
drg. Ashma Rana Dzakiyyah,Dokter Gigi,Klinik Medikids by MHDC Green Terrace,"Cipayung, Jakarta Timur",,dokter-gigi,2025-06-15 02:34:53
drg. Ashma Rana Dzakiyyah,Dokter Gigi,Klinik Medikids by MHDC Green Terrace,"Cipayung, Jakarta Timur",,dokter-gigi,2025-06-15 02:34:53
drg. Ashma Rana Dzakiyyah,Dokter Gigi,Klinik Medikids by MHDC Green Terrace,"Cipayung, Jakarta Timur",,dokter-gigi,2025-06-15 02:34:53
drg. Astrid Widhowaty Santoso Sp.PM,Dokter Gigi,RS Lira Medika,"Karawang Timur, Kabupaten Karawang",,dokter-gigi,2025-06-15 02:34:53
"drg. Astrinia Ristia Putri, Sp.KGA",Dokter Gigi,Klinik Medikids by MHDC Bintaro,"Pondok Aren, Tangerang Selatan",,dokter-gigi,2025-06-15 02:34:53
drg. Atika Caesar Pamungkas Sp. KGA,Dokter Gigi,Klinik Medikids by MHDC Cikupa Citra Raya Tangerang,"Panongan, Kabupaten Tangerang",,dokter-gigi,2025-06-15 02:34:53
drg. Atika Caesar Pamungkas,Dokter Gigi,Klinik Medikids by MHDC BSD,"Pagedangan, Kabupaten Tangerang",,dokter-gigi,2025-06-15 02:34:53
drg. Aulia Karina Fitriananda,Dokter Gigi,Klinik MHDC Bulog,"Setiabudi, Jakarta Selatan",,dokter-gigi,2025-06-15 02:34:56
drg. Aulia Rohadatul Aisy,Dokter Gigi,Klinik Pratama Untu Ku Dental Clinic,"Ciputat, Tangerang Selatan",,dokter-gigi,2025-06-15 02:34:56
drg. Aurelia Steffanie Rachel Supit,Dokter Gigi,Siloam Hospitals Manado,"Wenang, Kota Manado",https://d1ojs48v3n42tp.cloudfront.net/personnels/4201_8-4-2021_11-24-10.png,dokter-gigi,2025-06-15 02:34:56
drg. Ayu Wulan Dari,Dokter Gigi,Ocean Dental Pantai Indah Kapuk,"Penjaringan, Jakarta Utara",,dokter-gigi,2025-06-15 02:34:56
dr. Badrul Qomaruzzaman,Dokter Gigi,Klinik Assalam Karawang,"Karawang Timur, Kabupaten Karawang",,dokter-gigi,2025-06-15 02:34:56
drg. Bagus Haryadi Sp.Perio,Dokter Gigi,Klinik Utama Audy Dental Greenville,"Kebon Jeruk, Jakarta Barat",,dokter-gigi,2025-06-15 02:34:56
drg. Bambang Inanda,Dokter Gigi,RS MMC,"Setiabudi, Jakarta Selatan",,dokter-gigi,2025-06-15 02:34:56
Drg. Barlah Sp.KGA,Dokter Gigi,Tzu Chi Hospital,"Penjaringan, Jakarta Utara",,dokter-gigi,2025-06-15 02:34:56
drg. Berryl Nugroho Komala Sp.KGA,Dokter Gigi,OMDC Dental Clinic Bekasi,"Bekasi Selatan, Bekasi",,dokter-gigi,2025-06-15 02:34:56
drg. Berthauli Ester Nu Sp. KGA,Dokter Gigi,Klinik Utama Audy Dental Kelapa Gading MOI,"Kelapa Gading, Jakarta Utara",,dokter-gigi,2025-06-15 02:34:56
drg. Bianca Saphira,Dokter Gigi,RS Mitra Keluarga Bekasi Timur,"Bekasi Timur, Bekasi",https://d1ojs48v3n42tp.cloudfront.net/personnels/572968_30-4-2025_14-25-20.png,dokter-gigi,2025-06-15 02:34:59
drg. Bintang Charisma Putri Lolobua,Dokter Gigi,Siloam Hospitals Yogyakarta,"Gondokusuman, Kota Yogyakarta",https://d1ojs48v3n42tp.cloudfront.net/personnels/337089_8-12-2022_16-0-38.png,dokter-gigi,2025-06-15 02:34:59
drg Boby,Dokter Gigi,RS Satya Negara,"Tanjung Priok, Jakarta Utara",,dokter-gigi,2025-06-15 02:34:59
drg. Brigita Paramardhika Warastri,Dokter Gigi,Ocean Dental Tanjung Priuk,"Koja, Jakarta Utara",,dokter-gigi,2025-06-15 02:34:59
"drg Budhi Cahya Prasetyo, S.Perio",Dokter Gigi,RSU Fikri Medika,"Klari, Kabupaten Karawang",,dokter-gigi,2025-06-15 02:34:59
drg. Budiman Nasserie,Dokter Gigi,RS Sukmul Sisma Medika,"Koja, Jakarta Utara",,dokter-gigi,2025-06-15 02:34:59
Drg. Bunga Riadiani,Dokter Gigi,Ocean Dental Tebet,"Tebet, Jakarta Selatan",,dokter-gigi,2025-06-15 02:34:59
drg. CHATRAINTAN F S,Dokter Gigi,Dharma Dental Clinic,"Karawang Barat, Kabupaten Karawang",,dokter-gigi,2025-06-15 02:34:59
drg. CHATRAINTAN F S,Dokter Gigi,Dharma Dental Clinic,"Karawang Barat, Kabupaten Karawang",,dokter-gigi,2025-06-15 02:34:59
drg. CHATRINTAN F S,Dokter Gigi,Dharma Dental Clinic,"Karawang Barat, Kabupaten Karawang",,dokter-gigi,2025-06-15 02:34:59
drg. Christiana Dewi Anggraini SpKG,Dokter Gigi,Siloam Hospitals Lippo Cikarang,"Cikarang Selatan, Kabupaten Bekasi",,dokter-gigi,2025-06-15 02:35:04
drg. Cinta Yuni Pratami,Dokter Gigi,RS Permata Kuningan,"Kuningan, Kabupaten Kuningan",,dokter-gigi,2025-06-15 02:35:04
drg. Cisilia Septiany,Dokter Gigi,Siloam Hospitals Palangka Raya,"Pahandut, Kota Palangka Raya",https://d1ojs48v3n42tp.cloudfront.net/personnels/201481_30-6-2022_18-5-25.jpeg,dokter-gigi,2025-06-15 02:35:04
"drg. Citra Lestari Yuwono, SpOrt",Dokter Gigi,Klinik Utama Audy Dental Cibubur,"Jatisampurna, Bekasi",,dokter-gigi,2025-06-15 02:35:04
drg. Citra Praditha Putri,Dokter Gigi,Hi Dental Clinic,"Kelapa Dua, Kabupaten Tangerang",,dokter-gigi,2025-06-15 02:35:04
drg. Citra Pramadhia Putri,Dokter Gigi,Hi Dental Clinic,"Kelapa Dua, Kabupaten Tangerang",,dokter-gigi,2025-06-15 02:35:04
drg. Citra Pramadhia Putri,Dokter Gigi,Hi Dental Clinic,"Kelapa Dua, Kabupaten Tangerang",,dokter-gigi,2025-06-15 02:35:04
drg Citra Wahyuni,Dokter Gigi,FDC Dental Clinic – Jatiasih,"Bekasi Selatan, Bekasi",,dokter-gigi,2025-06-15 02:35:04
drg. Clara Desideria,Dokter Gigi,Dharma Dental Clinic,"Karawang Barat, Kabupaten Karawang",,dokter-gigi,2025-06-15 02:35:04
drg Claudia Faradila,Dokter Gigi,Hi Dental Clinic,"Kelapa Dua, Kabupaten Tangerang",,dokter-gigi,2025-06-15 02:35:04
DRG. KOMANG DIAN PARAMITA,Dokter Gigi,Klinik Gigi Dentalosophy Senopati,"Kebayoran Baru, Jakarta Selatan",,dokter-gigi,2025-06-15 02:35:06
drg. Daniela Ayu Larasati,Dokter Gigi,RS Lira Medika,"Karawang Timur, Kabupaten Karawang",,dokter-gigi,2025-06-15 02:35:06
Drg. Danny Tandean,Dokter Gigi,OMDC Dental Clinic Sunter,"Tanjung Priok, Jakarta Utara",,dokter-gigi,2025-06-15 02:35:06
drg. David Emir Kasim,Dokter Gigi,Ocean Dental Harapan Indah Bekasi,"Tarumajaya, Kabupaten Bekasi",,dokter-gigi,2025-06-15 02:35:06
drg. David Emir Kasim,Dokter Gigi,Ocean Dental Harapan Indah Bekasi,"Tarumajaya, Kabupaten Bekasi",,dokter-gigi,2025-06-15 02:35:06
drg. Deandra Kamila Nandi K.,Dokter Gigi,Klinik Utama Orange Dental - Rawamangun,"Pulo Gadung, Jakarta Timur",,dokter-gigi,2025-06-15 02:35:06
drg. Deasy Berliana,Dokter Gigi,Siloam Hospitals Jambi,"Jambi Selatan, Kota Jambi",https://d1ojs48v3n42tp.cloudfront.net/personnels/567180_14-6-2022_17-16-9.jpeg,dokter-gigi,2025-06-15 02:35:06
drg. Deddy Wijaya,Dokter Gigi,RS Mitra Keluarga Cikarang,"Cikarang Utara, Kabupaten Bekasi",https://d1ojs48v3n42tp.cloudfront.net/personnels/88611_4-1-2023_14-13-27.png,dokter-gigi,2025-06-15 02:35:06
"drg. Dede Rukasa,M.Kes",Dokter Gigi,RS Azra,"Bogor Utara, Bogor",,dokter-gigi,2025-06-15 02:35:06
drg. Denny Rinto Alam,Dokter Gigi,Siloam Hospitals Dhirga Surya Medan,"Medan Petisah, Kota Medan",https://d1ojs48v3n42tp.cloudfront.net/personnels/523419_23-5-2022_11-56-48.jpeg,dokter-gigi,2025-06-15 02:35:06
drg. Dian Wahyu Nursanti,Dokter Gigi,Klinik Utama Gigi Indental,"Gubeng, Kota Surabaya",,dokter-gigi,2025-06-15 02:35:14
drg. Dian Wahyu Nursanti,Dokter Gigi,RS Mitra Keluarga Kenjeran,"Mulyorejo, Kota Surabaya",https://d1ojs48v3n42tp.cloudfront.net/personnels/405638_22-3-2021_13-35-40.png,dokter-gigi,2025-06-15 02:35:14
Dr. Dina Aprilianti,Dokter Gigi,RSU Asri Purwakarta,"Babakan Cikao, Kabupaten Purwakarta",,dokter-gigi,2025-06-15 02:35:14
drg. Dina Maureen,Dokter Gigi,Klinik Medikids by MHDC Wakaf Depok,"Sukmajaya, Depok",,dokter-gigi,2025-06-15 02:35:14
drg. Dinda Mousavi,Dokter Gigi,RS Mitra Keluarga Pratama Jatiasih,"Jatiasih, Bekasi",https://d1ojs48v3n42tp.cloudfront.net/personnels/454908_21-2-2023_19-1-47.jpeg,dokter-gigi,2025-06-15 02:35:14
Drg. Dini Octaria,Dokter Gigi,OMDC Dental Clinic Sunter,"Tanjung Priok, Jakarta Utara",,dokter-gigi,2025-06-15 02:35:14
drg. Dini Soebardi,Dokter Gigi,Mayapada Hospital Bogor,"Bogor Timur, Bogor",https://d1ojs48v3n42tp.cloudfront.net/personnels/865588_13-12-2022_15-32-38.png,dokter-gigi,2025-06-15 02:35:14
drg. Dita Septianti,Dokter Gigi,Dharma Dental Clinic,"Karawang Barat, Kabupaten Karawang",,dokter-gigi,2025-06-15 02:35:14
drg. Dolly Ribta Alam,Dokter Gigi,Siloam Hospitals Dhirga Surya Medan,"Medan Petisah, Kota Medan",https://d1ojs48v3n42tp.cloudfront.net/personnels/877963_23-5-2022_11-57-39.jpeg,dokter-gigi,2025-06-15 02:35:14
drg Donny Pangemanan,Dokter Gigi,RSGM Maranatha,"Sukajadi, Kota Bandung",,dokter-gigi,2025-06-15 02:35:14
drg. Dora Channel,Dokter Gigi,Siloam Hospitals Dhirga Surya Medan,"Medan Petisah, Kota Medan",https://d1ojs48v3n42tp.cloudfront.net/personnels/95413_23-5-2022_11-58-26.jpeg,dokter-gigi,2025-06-15 02:35:16
Dr. Elvira Rosa Sp. KG,Dokter Gigi,Bintaro Woman and Children Clinic Senayan,"Pondok Aren, Tangerang Selatan",,dokter-gigi,2025-06-15 02:35:16
drg. Drajat,Dokter Gigi,Klinik Prima Husada Cibubur,"Ciracas, Jakarta Timur",,dokter-gigi,2025-06-15 02:35:16
Drg Andrid Hapsari,Dokter Gigi,D'Dental Care Jatibening,"Pondok Gede, Bekasi",,dokter-gigi,2025-06-15 02:35:16
Drg Anggita Dini,Dokter Gigi,Upstairs Dental Clinic,"Kebayoran Baru, Jakarta Selatan",,dokter-gigi,2025-06-15 02:35:16
Drg Anggita Dini,Dokter Gigi,Upstairs Dental Clinic,"Kebayoran Baru, Jakarta Selatan",,dokter-gigi,2025-06-15 02:35:16
Drg. Alexander Yunior,Dokter Gigi,FDC Dental Clinic – Jatiasih,"Bekasi Selatan, Bekasi",,dokter-gigi,2025-06-15 02:35:16
Drg. Diandra Nugroho,Dokter Gigi,Happy Dental Clinic One Belpark,"Cilandak, Jakarta Selatan",,dokter-gigi,2025-06-15 02:35:16
Dr. Drg. Fadhli Rahman SP.B.M.M,Dokter Gigi,RS Awal Bros Pekanbaru,"Bukit Raya, Kota Pekanbaru",,dokter-gigi,2025-06-15 02:35:16
Drg. Tahbis Gesti Nurhuda,Dokter Gigi,OMDC Dental Clinic Bogor,"Bogor Utara, Bogor",,dokter-gigi,2025-06-15 02:35:16
drg. Dwi Mukti Kusumastuti,Dokter Gigi,Klinik Gentan Dental Care,"Baki, Kabupaten Sukoharjo",,dokter-gigi,2025-06-15 02:35:19
drg. Dwi Rahayu Paramita M.Epid,Dokter Gigi,Siloam Hospitals ASRI,"Pancoran, Jakarta Selatan",https://d1ojs48v3n42tp.cloudfront.net/personnels/722155_31-10-2022_16-17-37.png,dokter-gigi,2025-06-15 02:35:19
drg. Dwi Sari Herminingsih,Dokter Gigi,RS YPK Mandiri,"Menteng, Jakarta Pusat",,dokter-gigi,2025-06-15 02:35:19
drg. Dwi Susanti,Dokter Gigi,RS Muhammadiyah Gresik,"Gresik, Kabupaten Gresik",,dokter-gigi,2025-06-15 02:35:19
drg. ELIA CRESENCIA,Dokter Gigi,Dharma Dental Clinic,"Karawang Barat, Kabupaten Karawang",,dokter-gigi,2025-06-15 02:35:19
Dr Edric Yeap Chun Hean,Dokter Gigi,Penang Adventist Hospital,"Mampang Prapatan, Jakarta Selatan",,dokter-gigi,2025-06-15 02:35:19
drg. Edrya Bela Bangsa,Dokter Gigi,Klinik Utama Peri Gigi,"Gondokusuman, Kota Yogyakarta",,dokter-gigi,2025-06-15 02:35:19
drg. Edy Taher,Dokter Gigi,RS Jakarta,"Setiabudi, Jakarta Selatan",,dokter-gigi,2025-06-15 02:35:19
drg. Edy Taher,Dokter Gigi,RS Jakarta,"Setiabudi, Jakarta Selatan",,dokter-gigi,2025-06-15 02:35:19
drg. Edy Taher,Dokter Gigi,RS Jakarta,"Setiabudi, Jakarta Selatan",,dokter-gigi,2025-06-15 02:35:19
drg. Efindi,Dokter Gigi,H2E Dental Clinic,"Setiabudi, Jakarta Selatan",,dokter-gigi,2025-06-15 02:35:21
drg. Eka Chitra Fitriyanti,Dokter Gigi,Siloam Hospitals Denpasar,"Kuta, Kabupaten Badung",https://d1ojs48v3n42tp.cloudfront.net/personnels/805831_30-12-2022_14-33-26.png,dokter-gigi,2025-06-15 02:35:21
drg. ElIa Cresencia,Dokter Gigi,Dharma Dental Clinic,"Karawang Barat, Kabupaten Karawang",,dokter-gigi,2025-06-15 02:35:21
drg Elia Cresencia,Dokter Gigi,Dharma Dental Clinic,"Karawang Barat, Kabupaten Karawang",,dokter-gigi,2025-06-15 02:35:21
drg. Elisadewi Trianasari,Dokter Gigi,Siloam Hospitals Putera Bahagia Cirebon,"Harjamukti, Kota Cirebon",https://d1ojs48v3n42tp.cloudfront.net/personnels/831120_23-12-2022_15-57-46.jpeg,dokter-gigi,2025-06-15 02:35:21
drg. Ellen,Dokter Gigi,Mydentismile Dental Clinic,"Setiabudi, Jakarta Selatan",,dokter-gigi,2025-06-15 02:35:21
drg. Els Mangundap,Dokter Gigi,Siloam Hospitals Kebon Jeruk,"Kebon Jeruk, Jakarta Barat",https://d1ojs48v3n42tp.cloudfront.net/personnels/283832_4-5-2022_13-10-51.jpeg,dokter-gigi,2025-06-15 02:35:21
drg. Elvira Andrawina,Dokter Gigi,Klinik Gempol,"Karawang Barat, Kabupaten Karawang",,dokter-gigi,2025-06-15 02:35:21
Endarien Syah Putri,Dokter Gigi,FDC Dental Clinic - Hasyim Ashari,"Gambir, Jakarta Pusat",,dokter-gigi,2025-06-15 02:35:21
drg. Erdina Savitri,Dokter Gigi,RS Mitra Keluarga Bekasi Timur,"Bekasi Timur, Bekasi",https://d1ojs48v3n42tp.cloudfront.net/personnels/890849_13-1-2023_13-13-30.png,dokter-gigi,2025-06-15 02:35:21
drg. Eriana Rusli,Dokter Gigi,Siloam Hospitals Mampang,"Pancoran, Jakarta Selatan",,dokter-gigi,2025-06-15 02:35:24
drg. Eriana Rusli,Dokter Gigi,Siloam Hospitals Mampang,"Pancoran, Jakarta Selatan",https://d1ojs48v3n42tp.cloudfront.net/personnels/882480_31-1-2023_13-38-2.png,dokter-gigi,2025-06-15 02:35:24
drg. Eric Fernando Wangdra,Dokter Gigi,RS Indriati Baru Sukoharjo,"Grogol, Kab Sukoharjo",,dokter-gigi,2025-06-15 02:35:24
drg. Erik Pandu Prabowo,Dokter Gigi,RS Bina Husada,"Cibinong, Kabupaten Bogor",https://d1ojs48v3n42tp.cloudfront.net/personnels/134705_8-7-2024_15-13-53.jpeg,dokter-gigi,2025-06-15 02:35:24
drg. Erika Kusumawati,Dokter Gigi,RS Grha Permata Ibu,"Beji, Depok",,dokter-gigi,2025-06-15 02:35:24
Dr. Erikson Simangunsong,Dokter Gigi,Klinik Gigi My Dentist Banjarbaru,"Banjarbaru Selatan, Kota Banjarbaru",,dokter-gigi,2025-06-15 02:35:24
drg. Erlin Ayu Dwi Utama,Dokter Gigi,Siloam Hospitals Sentosa Bekasi,"Bekasi Timur, Bekasi",https://d1ojs48v3n42tp.cloudfront.net/personnels/650337_7-9-2022_18-55-29.png,dokter-gigi,2025-06-15 02:35:24
drg Ervi Septiyanti,Dokter Gigi,RS Lira Medika,"Karawang Timur, Kabupaten Karawang",,dokter-gigi,2025-06-15 02:35:24
drg Erwandi Putra,Dokter Gigi,RS Islam Siti Rahmah Padang,"Koto Tangah, Kota Padang",,dokter-gigi,2025-06-15 02:35:24
drg. Esti Endang Sesotiyaning Tiyas,Dokter Gigi,Siloam Hospitals Sentosa Bekasi,"Bekasi Timur, Bekasi",https://d1ojs48v3n42tp.cloudfront.net/personnels/181905_7-9-2022_18-54-38.png,dokter-gigi,2025-06-15 02:35:24
drg. Esti Prasetyo,Dokter Gigi,RS Mitra Keluarga Bekasi Timur,"Bekasi Timur, Bekasi",https://d1ojs48v3n42tp.cloudfront.net/personnels/289446_14-12-2022_14-42-12.jpeg,dokter-gigi,2025-06-15 02:35:27
drg. Evi Hanifah Sp.KG,Dokter Gigi,Ardaya Dental Clinic,"Jatinegara, Jakarta Timur",,dokter-gigi,2025-06-15 02:35:27
drg Evi Septiani,Dokter Gigi,RS Lira Medika,"Karawang Timur, Kabupaten Karawang",,dokter-gigi,2025-06-15 02:35:27
drg. F.X. Esthi Prasetyo,Dokter Gigi,RS Katolik St. Vincentius a Paulo (RKZ),"Wonokromo, Kota Surabaya",,dokter-gigi,2025-06-15 02:35:27
drg. FERI MUHKTAR,Dokter Gigi,Dharma Dental Clinic,"Karawang Barat, Kabupaten Karawang",,dokter-gigi,2025-06-15 02:35:27
drg. FIRDAN,Dokter Gigi,Pramita Laboratory Clinic Abdurrahman,"Pontianak Kota, Kota Pontianak",,dokter-gigi,2025-06-15 02:35:27
Drg. Fadhila Zahara,Dokter Gigi,Klinik Tunas,"Medan Satria, Bekasi",,dokter-gigi,2025-06-15 02:35:27
drg. Fadila Ramadhani,Dokter Gigi,Ocean Dental Islamic Center Kramat Jaya,"Cilincing, Jakarta Utara",,dokter-gigi,2025-06-15 02:35:27
drg. Faizah,Dokter Gigi,Klinik Sunshine Dental Clinic,"Cipondoh, Tangerang",,dokter-gigi,2025-06-15 02:35:27
drg. Fanji Saut Sahata Nadeak sp. rad,Dokter Gigi,RS Bayukarta,"Karawang Barat, Kabupaten Karawang",,dokter-gigi,2025-06-15 02:35:27
drg. Farah Diba Sp.KG,Dokter Gigi,Audy Dental Clinic Kelapa Gading Boulevard,"Kelapa Gading, Jakarta Utara",,dokter-gigi,2025-06-15 02:35:29
drg. Farah Soraya Djamal Hasan,Dokter Gigi,RS Mitra Keluarga Grand Wisata,"Tambun Selatan, Kabupaten Bekasi",https://d1ojs48v3n42tp.cloudfront.net/personnels/489789_12-3-2025_14-21-8.jpeg,dokter-gigi,2025-06-15 02:35:29
drg. Farah Syafarina S,Dokter Gigi,Audy Dental Grand Wisata,"Tambun Selatan, Kabupaten Bekasi",,dokter-gigi,2025-06-15 02:35:29
drg. Farrah Juwita Yamin,Dokter Gigi,RS Mitra Keluarga Tegal,"Tegal Barat, Kota Tegal",https://d1ojs48v3n42tp.cloudfront.net/personnels/127737_13-12-2022_17-0-48.png,dokter-gigi,2025-06-15 02:35:29
Fauzia Nurhaliza,Dokter Gigi,FDC Dental Clinic - Kalimalang,"Duren Sawit, Jakarta Timur",,dokter-gigi,2025-06-15 02:35:29
drg. Fauziah Indriyati,Dokter Gigi,RS Mitra Keluarga Pratama Jatiasih,"Jatiasih, Bekasi",https://d1ojs48v3n42tp.cloudfront.net/personnels/240392_21-12-2022_15-51-35.png,dokter-gigi,2025-06-15 02:35:29
drg. Febby Padang,Dokter Gigi,Siloam Hospitals Jambi,"Jambi Selatan, Kota Jambi",https://d1ojs48v3n42tp.cloudfront.net/personnels/688400_14-6-2022_17-16-29.jpeg,dokter-gigi,2025-06-15 02:35:29
drg. Febria Angelina Purwono,Dokter Gigi,Eka Hospital Bekasi,"Tarumajaya, Kabupaten Bekasi",,dokter-gigi,2025-06-15 02:35:29
drg Febryan Alief,Dokter Gigi,FDC Dental Clinic - Kelapa Gading,"Kelapa Gading, Jakarta Utara",,dokter-gigi,2025-06-15 02:35:29
drg. Febtrias Mandrabuti Prasetio,Dokter Gigi,Siloam Hospitals Semarang,"Semarang Selatan, Kota Semarang",https://d1ojs48v3n42tp.cloudfront.net/personnels/163615_29-11-2022_14-52-48.jpeg,dokter-gigi,2025-06-15 02:35:29
drg. Felicia Maria Aninditya Sp.KG,Dokter Gigi,Klinik Medikids by MHDC Bintaro,"Pondok Aren, Tangerang Selatan",,dokter-gigi,2025-06-15 02:35:32
drg. Fikri Al Hafiz,Dokter Gigi,Ocean Dental Arana,"Tarumajaya, Kabupaten Bekasi",,dokter-gigi,2025-06-15 02:35:32
drg Fikri Al Hafiz,Dokter Gigi,Ocean Dental Harapan Indah Bekasi,"Tarumajaya, Kabupaten Bekasi",,dokter-gigi,2025-06-15 02:35:32
drg. Fikri Al Hafiz,Dokter Gigi,Ocean Dental Arana,"Tarumajaya, Kabupaten Bekasi",,dokter-gigi,2025-06-15 02:35:32
"drg. Fikri Salsabilah Mahmud, AIFO",Dokter Gigi,RS Intan Husada Garut,"Tarogong Kidul, Kabupaten Garut",,dokter-gigi,2025-06-15 02:35:32
drg. Filia Bustam,Dokter Gigi,RS Bintang Laut Palopo,"Wara Utara, Kota Palopo",,dokter-gigi,2025-06-15 02:35:32
drg. Filia Bustam,Dokter Gigi,RS Bintang Laut Palopo,"Wara Utara, Kota Palopo",,dokter-gigi,2025-06-15 02:35:32
drg Firda Rima Kustiawati,Dokter Gigi,RS Mitra Keluarga Grand Wisata,"Tambun Selatan, Kabupaten Bekasi",https://d1ojs48v3n42tp.cloudfront.net/personnels/478702_12-3-2025_11-28-20.png,dokter-gigi,2025-06-15 02:35:32
drg. Firma Nabila M,Dokter Gigi,RS Mitra Keluarga Tegal,"Tegal Barat, Kota Tegal",https://d1ojs48v3n42tp.cloudfront.net/personnels/491326_30-12-2022_13-46-53.png,dokter-gigi,2025-06-15 02:35:32
drg Firman Mauludin,Dokter Gigi,RSU Asri Purwakarta,"Babakan Cikao, Kabupaten Purwakarta",,dokter-gigi,2025-06-15 02:35:32
drg. Giovanni,Dokter Gigi,RS Mitra Keluarga Kemayoran,"Kemayoran, Jakarta Pusat",,dokter-gigi,2025-06-15 02:35:37
drg. Gusti Ayu Agung Mas Mahadewi,Dokter Gigi,Ocean Dental Arana,"Tarumajaya, Kabupaten Bekasi",,dokter-gigi,2025-06-15 02:35:37
drg. Gusti Ayu Agung Mas Mahadewi,Dokter Gigi,Ocean Dental Arana,"Tarumajaya, Kabupaten Bekasi",,dokter-gigi,2025-06-15 02:35:37
drg. Gusti Ayu Agung Mas Mahadewi,Dokter Gigi,Ocean Dental Arana,"Tarumajaya, Kabupaten Bekasi",,dokter-gigi,2025-06-15 02:35:37
drg. Gusti Ayu Agung Mas Mahadewi,Dokter Gigi,Ocean Dental Arana,"Tarumajaya, Kabupaten Bekasi",,dokter-gigi,2025-06-15 02:35:37
Drg H.M. Azmir MMKes,Dokter Gigi,Klinik Gigi Sehat,"Dukuh Pakis, Kota Surabaya",,dokter-gigi,2025-06-15 02:35:37
drg. HENRY ANTHONIO GOZALI,Dokter Gigi,Dharma Dental Clinic,"Karawang Barat, Kabupaten Karawang",,dokter-gigi,2025-06-15 02:35:37
drg. Halida,Dokter Gigi,Siloam Hospitals Mataram,"Mataram, Kota Mataram",https://d1ojs48v3n42tp.cloudfront.net/personnels/85015_24-3-2023_16-19-14.jpeg,dokter-gigi,2025-06-15 02:35:37
drg. Halimah,Dokter Gigi,Miracle Executive Clinic,"Setiabudi, Jakarta Selatan",,dokter-gigi,2025-06-15 02:35:37
drg. Hanna Sutiono,Dokter Gigi,FDC Dental Clinic - Bandung,"Cicendo, Kota Bandung",,dokter-gigi,2025-06-15 02:35:37
drg. Henry Anthoni Gozali,Dokter Gigi,Dharma Dental Clinic,"Karawang Barat, Kabupaten Karawang",,dokter-gigi,2025-06-15 02:35:42
drg. Henry Anthonio Gozali,Dokter Gigi,Dharma Dental Clinic,"Karawang Barat, Kabupaten Karawang",,dokter-gigi,2025-06-15 02:35:42
drg. Henry Antonio Gozali,Dokter Gigi,Dharma Dental Clinic,"Karawang Barat, Kabupaten Karawang",,dokter-gigi,2025-06-15 02:35:42
drg. Henry Antonio Gozali,Dokter Gigi,Dharma Dental Clinic,"Karawang Barat, Kabupaten Karawang",,dokter-gigi,2025-06-15 02:35:42
drg. Heraria Agus,Dokter Gigi,RS Mitra Keluarga Pamulang,"Pamulang, Tangerang Selatan",,dokter-gigi,2025-06-15 02:35:42
drg. Herawati Kusuma Sp. KGA,Dokter Gigi,Audy Dental Harapan Indah,"Cibitung, Kabupaten Bekasi",,dokter-gigi,2025-06-15 02:35:42
drg. Herlina Ginting,Dokter Gigi,Dental Health Care (DHC) Palembang,"Kemuning, Kota Palembang",,dokter-gigi,2025-06-15 02:35:42
drg. Herny Dian Meditya,Dokter Gigi,Dental Specialist Balikpapan,"Balikpapan Selatan, Kota Balikpapan",,dokter-gigi,2025-06-15 02:35:42
drg. Hesti Margaretha,Dokter Gigi,Dental Health Care (DHC) Palembang,"Kemuning, Kota Palembang",,dokter-gigi,2025-06-15 02:35:42
"drg. Hesti Witasari Jos Erry, Sp.KG",Dokter Gigi,RSGM Yarsi,"Cempaka Putih, Jakarta Pusat",,dokter-gigi,2025-06-15 02:35:42
drg. Hevita Dewi,Dokter Gigi,OMDC Dental Point Cibubur,"Jatisampurna, Bekasi",,dokter-gigi,2025-06-15 02:35:44
drg. Hilda Liena Christina,Dokter Gigi,Siloam Hospitals Lippo Cikarang,"Cikarang Selatan, Kabupaten Bekasi",https://d1ojs48v3n42tp.cloudfront.net/personnels/784500_23-6-2022_15-36-12.jpeg,dokter-gigi,2025-06-15 02:35:44
drg. Hj Elah Nurlaela,Dokter Gigi,RSU San Medical Center,"Cikampek, Kabupaten Karawang",,dokter-gigi,2025-06-15 02:35:44
drg. Hodijah Alatas,Dokter Gigi,Parahita Diagnostic Jakarta,"Pancoran, Jakarta Selatan",,dokter-gigi,2025-06-15 02:35:44
drg Huda El Adha,Dokter Gigi,RSU Islam Klaten,"Klaten Utara, Kab Klaten",,dokter-gigi,2025-06-15 02:35:44
"drg IRAWATI KIRANA, Sp.KGA",Dokter Gigi,RS Bayukarta,"Karawang Barat, Kabupaten Karawang",,dokter-gigi,2025-06-15 02:35:44
drg. Iges Gintyaminanti,Dokter Gigi,Klinik Medikids by MHDC Green Terrace,"Cipayung, Jakarta Timur",,dokter-gigi,2025-06-15 02:35:44
drg. Ika Destina Ufa Sp KG,Dokter Gigi,RS Lira Medika,"Karawang Timur, Kabupaten Karawang",,dokter-gigi,2025-06-15 02:35:44
drg. Ika Destrina Ufis Sp KG,Dokter Gigi,RS Lira Medika,"Karawang Timur, Kabupaten Karawang",,dokter-gigi,2025-06-15 02:35:44
drg. Ika Kurnia Dewi Supli,Dokter Gigi,Klinik Orang Dental - Jati Bening,"Pondok Gede, Bekasi",,dokter-gigi,2025-06-15 02:35:44
drg. Ilham Khalid,Dokter Gigi,Klinik Gigi PI Dental Clinic,"Kebayoran Lama, Jakarta Selatan",,dokter-gigi,2025-06-15 02:35:47
drg. Ilham Pardjiono Budi S,Dokter Gigi,RSU Budi Rahayu Pekalongan,"Pekalongan Utara, Kota Pekalongan",,dokter-gigi,2025-06-15 02:35:47
drg. Ilma Yudistian Sp.KG,Dokter Gigi,Kasih Ibu Hospital Denpasar,"Denpasar Barat, Kota Denpasar",,dokter-gigi,2025-06-15 02:35:47
drg. Imam Rulyawan,Dokter Gigi,Klinik Naura Medika,"Sukmajaya, Depok",,dokter-gigi,2025-06-15 02:35:47
drg. Imran Aska Saputra Sp.BM,Dokter Gigi,RS Bayukarta,"Karawang Barat, Kabupaten Karawang",,dokter-gigi,2025-06-15 02:35:47
drg. Indah Kanti Hastutiningtyas,Dokter Gigi,Klinik Amira,"Serpong, Tangerang Selatan",,dokter-gigi,2025-06-15 02:35:47
drg. Indah Vidyanti,Dokter Gigi,RSIA Bina Medika,"Pondok Aren, Tangerang Selatan",,dokter-gigi,2025-06-15 02:35:47
drg. Indira Betari Sume,Dokter Gigi,Klinik Utama Audy Dental Clinic Bintaro,"Pondok Aren, Tangerang Selatan",,dokter-gigi,2025-06-15 02:35:47
drg. Indira Meirani,Dokter Gigi,Siloam Hospitals Bogor,"Bogor Tengah, Bogor",,dokter-gigi,2025-06-15 02:35:47
drg. Indira Meirani,Dokter Gigi,Siloam Hospitals Bogor,"Bogor Tengah, Bogor",https://d1ojs48v3n42tp.cloudfront.net/personnels/889747_30-6-2022_16-55-57.jpeg,dokter-gigi,2025-06-15 02:35:47
drg. Indriani Kusno,Dokter Gigi,Dokgi Dental Clinic,"Cisauk, Kabupaten Tangerang",,dokter-gigi,2025-06-15 02:35:49
drg. Indriati,Dokter Gigi,RS Sentra Medika Cisalak,"Sukmajaya, Depok",,dokter-gigi,2025-06-15 02:35:49
drg. Inez Azma Khoiriyah,Dokter Gigi,OMDC Dental Clinic Bogor,"Bogor Utara, Bogor",,dokter-gigi,2025-06-15 02:35:49
Intan Mardhiyah Jaelani,Dokter Gigi,FDC Dental Clinic - Kelapa Gading,"Kelapa Gading, Jakarta Utara",,dokter-gigi,2025-06-15 02:35:49
drg. Intan Mardhiyah Jaelani,Dokter Gigi,FDC Dental Clinic - Kelapa Gading,"Kelapa Gading, Jakarta Utara",,dokter-gigi,2025-06-15 02:35:49
drg. Ira Damayanti,Dokter Gigi,RS Mulia Pajajaran,"Bogor Utara, Bogor",,dokter-gigi,2025-06-15 02:35:49
drg. Irene Felma Rompas,Dokter Gigi,Siloam Hospitals Manado,"Wenang, Kota Manado",https://d1ojs48v3n42tp.cloudfront.net/personnels/469504_29-11-2022_16-16-51.jpeg,dokter-gigi,2025-06-15 02:35:49
drg. Irene Patricia,Dokter Gigi,FDC Dental Clinic – Jatiwaringin,"Makasar, Jakarta Timur",,dokter-gigi,2025-06-15 02:35:49
drg. Irine Aviani Pangestu,Dokter Gigi,Mayapada Hospital Tangerang,"Tangerang, Tangerang",https://d1ojs48v3n42tp.cloudfront.net/personnels/686850_13-12-2022_13-39-4.png,dokter-gigi,2025-06-15 02:35:49
drg. Irny Azlyna,Dokter Gigi,Siloam Hospitals Bekasi Sepanjang Jaya,"Rawalumbu, Bekasi",https://d1ojs48v3n42tp.cloudfront.net/personnels/772930_1-11-2022_12-18-50.jpeg,dokter-gigi,2025-06-15 02:35:49
dr. Irvan Tirta Susilo Sp.KG,Dokter Gigi,Audy Dental Clinic Gading Serpong,"Kelapa Dua, Kabupaten Tangerang",,dokter-gigi,2025-06-15 02:35:52
drg. Ismar Laila,Dokter Gigi,Klinik Damessa Family Dental & Skincare,"Tapos, Depok",,dokter-gigi,2025-06-15 02:35:52
drg. Ita Dewi Lestari,Dokter Gigi,RSGM Maranatha,"Sukajadi, Kota Bandung",,dokter-gigi,2025-06-15 02:35:52
drg. Itja Risanti Sp. KG,Dokter Gigi,RSUP Fatmawati,"Cilandak, Jakarta Selatan",,dokter-gigi,2025-06-15 02:35:52
drg Ivanni Ramadhan,Dokter Gigi,FDC Dental Clinic - Bintaro,"Pondok Aren, Tangerang Selatan",,dokter-gigi,2025-06-15 02:35:52
Ivone Maudi Drg.,Dokter Gigi,Tzu Chi Hospital,"Penjaringan, Jakarta Utara",,dokter-gigi,2025-06-15 02:35:52
drg. JUN SETIADI,Dokter Gigi,Dharma Dental Clinic,"Karawang Barat, Kabupaten Karawang",,dokter-gigi,2025-06-15 02:35:52
drg. JUNI SETIADY,Dokter Gigi,Dharma Dental Clinic,"Karawang Barat, Kabupaten Karawang",,dokter-gigi,2025-06-15 02:35:52
drg. Jannice Gamalia,Dokter Gigi,RS Bina Husada,"Cibinong, Kabupaten Bogor",https://d1ojs48v3n42tp.cloudfront.net/personnels/795657_8-7-2024_15-25-6.png,dokter-gigi,2025-06-15 02:35:52
drg. Januar C. Fabiansyah Sp Pros,Dokter Gigi,Klinik Utama Gigi Indental,"Gubeng, Kota Surabaya",,dokter-gigi,2025-06-15 02:35:52
drg. Jean Barbara,Dokter Gigi,Dokgi Dental Clinic,"Cisauk, Kabupaten Tangerang",,dokter-gigi,2025-06-15 02:35:54
drg. Jenny Gustaliana Sp.BM,Dokter Gigi,Eka Hospital Bekasi,"Tarumajaya, Kabupaten Bekasi",,dokter-gigi,2025-06-15 02:35:54
drg. Jenny Wibowo,Dokter Gigi,RS Immanuel,"Bojongloa Kidul, Kota Bandung",https://d1ojs48v3n42tp.cloudfront.net/personnels/233653_19-5-2021_16-19-38.jpeg,dokter-gigi,2025-06-15 02:35:54
drg. Jessica,Dokter Gigi,Happy Dental Clinic Trans Studio Mall Makassar,"Tamalate, Kota Makassar",,dokter-gigi,2025-06-15 02:35:54
drg. Jessica Wahyuni,Dokter Gigi,Siloam Hospitals Bogor,"Bogor Tengah, Bogor",https://d1ojs48v3n42tp.cloudfront.net/personnels/635788_30-6-2022_16-56-29.jpeg,dokter-gigi,2025-06-15 02:35:54
drg. Jihan Shofienny Yusuf,Dokter Gigi,FDC Dental Clinic - Depok,"Pancoran Mas, Depok",,dokter-gigi,2025-06-15 02:35:54
drg. Jimmi,Dokter Gigi,Siloam Hospitals Bangka,"Pangkalan Baru,  Kabupaten Bangka Tengah",https://d1ojs48v3n42tp.cloudfront.net/personnels/193111_29-11-2022_16-36-51.png,dokter-gigi,2025-06-15 02:35:54
"drg. Johan Adiyasa, Sp.KG",Dokter Gigi,Klinik Utama Audy Dental Cipete,"Cilandak, Jakarta Selatan",,dokter-gigi,2025-06-15 02:35:54
"drg. Johann Christian, Sp.Perio",Dokter Gigi,Siloam Hospitals Cinere ( RS Khusus Jantung Diagram Depok),"Cinere, Depok",,dokter-gigi,2025-06-15 02:35:54
drg Juni Setiadi,Dokter Gigi,Dharma Dental Clinic,"Karawang Barat, Kabupaten Karawang",,dokter-gigi,2025-06-15 02:35:54
drg. KENYAR NINDITA MM,Dokter Gigi,RS Santo Borromeus,"Coblong, Kota Bandung",,dokter-gigi,2025-06-15 02:35:56
drg. Kadi Kurniawan,Dokter Gigi,RS Bayukarta,"Karawang Barat, Kabupaten Karawang",,dokter-gigi,2025-06-15 02:35:56
Dr. Kania,Dokter Gigi,Klinik Dentalounge BSD,"Serpong, Tangerang Selatan",,dokter-gigi,2025-06-15 02:35:56
drg. Karen Esterlita Nasution,Dokter Gigi,RS Mitra Keluarga Pamulang,"Pamulang, Tangerang Selatan",,dokter-gigi,2025-06-15 02:35:56
drg. Kartika Devy Pragitara,Dokter Gigi,Grows and Giggles Healthy Clinic,"Pasar Minggu, Jakarta Selatan",,dokter-gigi,2025-06-15 02:35:56
Drg. Kartika Sri Kusumastuti,Dokter Gigi,OMDC Dental Clinic Rawamangun,"Pulo Gadung, Jakarta Timur",,dokter-gigi,2025-06-15 02:35:56
drg. Kevin Fadchurozi,Dokter Gigi,RS Restu Ibu Balikpapan,"Balikpapan Tengah, Kota Balikpapan",,dokter-gigi,2025-06-15 02:35:56
drg. Kiki Siti Zuraida,Dokter Gigi,Klinik Yadika Petukangan,"Pesanggrahan, Jakarta Selatan",,dokter-gigi,2025-06-15 02:35:56
drg. Kim Marygold Abidin,Dokter Gigi,Mayapada Hospital Tangerang,"Tangerang, Tangerang",https://d1ojs48v3n42tp.cloudfront.net/personnels/549979_4-5-2022_13-55-34.jpeg,dokter-gigi,2025-06-15 02:35:56
"drg. Kurnia Natalia Kusumo, Sp.BM",Dokter Gigi,Siloam Hospitals TB Simatupang,"Cilandak, Jakarta Selatan",https://d1ojs48v3n42tp.cloudfront.net/personnels/356371_24-6-2022_18-23-11.jpeg,dokter-gigi,2025-06-15 02:35:56
drg LANTARA RIZKA ISLAMI,Dokter Gigi,OMDC Dental Clinic Mampang,"Pancoran, Jakarta Selatan",,dokter-gigi,2025-06-15 02:35:59
drg. LASTRI WULANDARI,Dokter Gigi,RS Medika Dramaga,"Bogor Barat, Bogor",,dokter-gigi,2025-06-15 02:35:59
drg. Laila Novriati,Dokter Gigi,Klinik Medikids by MHDC Bekasi,"Bekasi Utara, Bekasi",,dokter-gigi,2025-06-15 02:35:59
drg. Lastry Ruth Maya T.M. Padang,Dokter Gigi,Klinik Max + Dental Care Bumijo,"Jetis, Kota Yogyakarta",,dokter-gigi,2025-06-15 02:35:59
drg. Lastry Ruth Maya T.M. Padang,Dokter Gigi,Klinik Max + Dental Care Bumijo,"Jetis, Kota Yogyakarta",,dokter-gigi,2025-06-15 02:35:59
drg. Lastry Ruth Maya T.M. Padang,Dokter Gigi,Klinik Max + Dental Care Bumijo,"Jetis, Kota Yogyakarta",,dokter-gigi,2025-06-15 02:35:59
drg. Laura Zaizavonna,Dokter Gigi,Klinik Utama FDC Dental Clinic Kelapa Gading II,"Kelapa Gading, Jakarta Utara",,dokter-gigi,2025-06-15 02:35:59
Drg. Levina Natha,Dokter Gigi,Orthopoint Dental Clinic,"Pagedangan, Kabupaten Tangerang",,dokter-gigi,2025-06-15 02:35:59
Drg. Liesje Veronica,Dokter Gigi,RS Satya Negara,"Tanjung Priok, Jakarta Utara",,dokter-gigi,2025-06-15 02:35:59
drg. Lila Fairuz,Dokter Gigi,Klinik Axel Dental Buaran,"Duren Sawit, Jakarta Timur",,dokter-gigi,2025-06-15 02:35:59
drg. Lily Yulianti,Dokter Gigi,Siloam Hospitals Sentosa Bekasi,"Bekasi Timur, Bekasi",https://d1ojs48v3n42tp.cloudfront.net/personnels/784805_7-9-2022_18-53-32.png,dokter-gigi,2025-06-15 02:36:01
drg. Lisbet Lasmaria Romual Siagian,Dokter Gigi,RS Permata Keluarga Karawang,"Telukjambe Timur, Kabupaten Karawang",,dokter-gigi,2025-06-15 02:36:01
drg. Livianty Halim,Dokter Gigi,RS Mitra Keluarga Surabaya,"Sukomanunggal, Kota Surabaya",https://d1ojs48v3n42tp.cloudfront.net/personnels/650588_17-7-2024_17-9-59.png,dokter-gigi,2025-06-15 02:36:01
drg. Liyana Sp.KGA,Dokter Gigi,Audy Dental Grand Wisata,"Tambun Selatan, Kabupaten Bekasi",,dokter-gigi,2025-06-15 02:36:01
drg. Lois Erlina Santoso,Dokter Gigi,Siloam Hospitals Jember,"Kaliwates, Kabupaten Jember",https://d1ojs48v3n42tp.cloudfront.net/personnels/537153_28-3-2023_20-17-43.jpeg,dokter-gigi,2025-06-15 02:36:01
drg. Lucie Lianawati,Dokter Gigi,RS Mitra Keluarga Delta Mas,"Cikarang Pusat, Kabupaten Bekasi",https://d1ojs48v3n42tp.cloudfront.net/personnels/117815_21-2-2023_19-0-14.jpeg,dokter-gigi,2025-06-15 02:36:01
drg. Lutfi Laili Nurhidayah,Dokter Gigi,RS Mitra Keluarga Tegal,"Tegal Barat, Kota Tegal",https://d1ojs48v3n42tp.cloudfront.net/personnels/815093_26-10-2020_16-18-48.png,dokter-gigi,2025-06-15 02:36:01
drg. Lyvia Juliana Sp KG,Dokter Gigi,Audy Dental Harapan Indah,"Cibitung, Kabupaten Bekasi",,dokter-gigi,2025-06-15 02:36:01
drg. M. Dwi Putri Prabhawanti,Dokter Gigi,Klinik Pratama Rawat Jalan Medpoint,"Sambikerep, Kota Surabaya",,dokter-gigi,2025-06-15 02:36:01
drg. M.H. Carlo Ortega,Dokter Gigi,Evaray Dental Clinic,"Duren Sawit, Jakarta Timur",,dokter-gigi,2025-06-15 02:36:01
drg. MARIA OKTAVIANTY S,Dokter Gigi,Dharma Dental Clinic,"Karawang Barat, Kabupaten Karawang",,dokter-gigi,2025-06-15 02:36:04
drg. MARIA OKTAVIANTY S,Dokter Gigi,Dharma Dental Clinic,"Karawang Barat, Kabupaten Karawang",,dokter-gigi,2025-06-15 02:36:04
drg. MARIA OKTAVIANTY S,Dokter Gigi,Dharma Dental Clinic,"Karawang Barat, Kabupaten Karawang",,dokter-gigi,2025-06-15 02:36:04
drg. MAYA REZA CASTRENA,Dokter Gigi,Pramita Laboratory Clinic Matraman,"Matraman, Jakarta Timur",,dokter-gigi,2025-06-15 02:36:04
drg. Made Suthanaya Sp.BM,Dokter Gigi,Prima Medika Hospital,"Denpasar Barat, Kota Denpasar",,dokter-gigi,2025-06-15 02:36:04
drg. Maharani Ratih,Dokter Gigi,Klinik Medikids by MHDC Kemang,"Pasar Minggu, Jakarta Selatan",,dokter-gigi,2025-06-15 02:36:04
drg. Maharina Diyah Pritawati,Dokter Gigi,FDC Dental Clinic - Kalimalang,"Duren Sawit, Jakarta Timur",,dokter-gigi,2025-06-15 02:36:04
drg. Marcella Lydia,Dokter Gigi,Klinik Axel Dental Pondok Gede,"Pondok Gede, Bekasi",,dokter-gigi,2025-06-15 02:36:04
drg. Marcus Andi Budiman,Dokter Gigi,RS Bina Husada,"Cibinong, Kabupaten Bogor",,dokter-gigi,2025-06-15 02:36:04
drg. Margie April,Dokter Gigi,Caya Laboratorium Klinik,"Sukmajaya, Depok",,dokter-gigi,2025-06-15 02:36:04
drg. Maria Oktaviany S,Dokter Gigi,Dharma Dental Clinic,"Karawang Barat, Kabupaten Karawang",,dokter-gigi,2025-06-15 02:36:06
drg. Mariana Emilia Novita,Dokter Gigi,Siloam Hospitals Agora,"Cempaka Putih, Jakarta Pusat",,dokter-gigi,2025-06-15 02:36:06
drg. Mariana Emilia Novita,Dokter Gigi,Siloam Hospitals Agora,"Cempaka Putih, Jakarta Pusat",https://d1ojs48v3n42tp.cloudfront.net/personnels/565569_27-1-2021_18-40-43.png,dokter-gigi,2025-06-15 02:36:06
drg. Marie Powa Mensana,Dokter Gigi,UNO Dental,"Panongan, Kabupaten Tangerang",,dokter-gigi,2025-06-15 02:36:06
drg. Marsea Sintarso,Dokter Gigi,Siloam Hospitals Bangka,"Pangkalan Baru,  Kabupaten Bangka Tengah",https://d1ojs48v3n42tp.cloudfront.net/personnels/603374_30-6-2022_14-50-19.jpeg,dokter-gigi,2025-06-15 02:36:06
drg. Maya Mukti Sari,Dokter Gigi,RSIA Limijati,"Bandung Wetan, Kota Bandung",,dokter-gigi,2025-06-15 02:36:06
drg. Maznila,Dokter Gigi,Klinik Medikids by MHDC Green Terrace,"Cipayung, Jakarta Timur",,dokter-gigi,2025-06-15 02:36:06
drg Megi Puspita RS,Dokter Gigi,Nama Dental,"Pesanggrahan, Jakarta Selatan",,dokter-gigi,2025-06-15 02:36:06
drg. Meirdina Detara,Dokter Gigi,Audy Dental Harapan Indah,"Cibitung, Kabupaten Bekasi",,dokter-gigi,2025-06-15 02:36:06
drg Meity Sugiharty Sp. Ort,Dokter Gigi,RS Buah Hati Ciputat,"Ciputat, Tangerang Selatan",,dokter-gigi,2025-06-15 02:36:06
drg. Melani Puspita Sari,Dokter Gigi,Happy Dental Clinic Summarecon Mall Serpong,"Kelapa Dua, Kabupaten Tangerang",,dokter-gigi,2025-06-15 02:36:08
drg Melati Ayu,Dokter Gigi,Ocean Dental Tebet,"Tebet, Jakarta Selatan",,dokter-gigi,2025-06-15 02:36:08
"drg. Melisa Sutanto, Ssltanto, Sp. KG",Dokter Gigi,Klinik Utama Rawat Jalan Teeth Tooth,"Sambikerep, Kota Surabaya",,dokter-gigi,2025-06-15 02:36:08
drg. Merlyn Kosasih,Dokter Gigi,Siloam Hospitals Kebon Jeruk,"Kebon Jeruk, Jakarta Barat",https://d1ojs48v3n42tp.cloudfront.net/personnels/433486_4-5-2022_14-4-52.jpeg,dokter-gigi,2025-06-15 02:36:08
drg. Milka Sambo Sp.KGA,Dokter Gigi,Klinik Utama Audy Dental Cipete,"Cilandak, Jakarta Selatan",,dokter-gigi,2025-06-15 02:36:08
drg. Minawati Hartanto,Dokter Gigi,Siloam Hospitals TB Simatupang,"Cilandak, Jakarta Selatan",https://d1ojs48v3n42tp.cloudfront.net/personnels/846632_24-6-2022_18-23-57.jpeg,dokter-gigi,2025-06-15 02:36:08
drg Mirna Cathryna Putri,Dokter Gigi,RS Mitra Keluarga Grand Wisata,"Tambun Selatan, Kabupaten Bekasi",https://d1ojs48v3n42tp.cloudfront.net/personnels/138148_12-3-2025_14-7-51.jpeg,dokter-gigi,2025-06-15 02:36:08
drg. Moch AtmajiWindriato,Dokter Gigi,RSGM Yarsi,"Cempaka Putih, Jakarta Pusat",,dokter-gigi,2025-06-15 02:36:08
drg. Moeharjanti,Dokter Gigi,RS Mitra Keluarga Kenjeran,"Mulyorejo, Kota Surabaya",https://d1ojs48v3n42tp.cloudfront.net/personnels/342658_23-7-2024_15-11-49.jpeg,dokter-gigi,2025-06-15 02:36:08
Drg. Mokhamad Reza Aftahi Hermawan,Dokter Gigi,FDC Dental Clinic - Fatmawati 2,"Cilandak, Jakarta Selatan",,dokter-gigi,2025-06-15 02:36:08
drg. Monica Aprilia,Dokter Gigi,Ocean Dental Kelapa Gading,"Kelapa Gading, Jakarta Utara",,dokter-gigi,2025-06-15 02:36:11
drg. Monique Gabrielle,Dokter Gigi,RSIA Limijati,"Bandung Wetan, Kota Bandung",,dokter-gigi,2025-06-15 02:36:11
drg. Muhammad Adhi Krisnanta,Dokter Gigi,JIH Jogja,"Kecamatan Depok, Kabupaten Sleman",,dokter-gigi,2025-06-15 02:36:11
drg. Muhammad Rakata Dzillal Kusuma Hermawan,Dokter Gigi,RS Krakatau Medika,"Purwakarta, Kota Cilegon",,dokter-gigi,2025-06-15 02:36:11
drg. Muhammad Umar,Dokter Gigi,RSUP Dr. Sitanala Tangerang,"Neglasari, Tangerang",https://d1ojs48v3n42tp.cloudfront.net/personnels/617600_25-1-2021_16-56-28.jpeg,dokter-gigi,2025-06-15 02:36:11
drg. Muji Lestari Sp.KG,Dokter Gigi,Siloam Hospitals Surabaya,"Gubeng, Kota Surabaya",,dokter-gigi,2025-06-15 02:36:11
drg. Murni Ambarini Tedja,Dokter Gigi,RSIA Buah Hati Pamulang,"Pamulang, Tangerang Selatan",,dokter-gigi,2025-06-15 02:36:11
drg. Nabila Mousavi,Dokter Gigi,RS Mitra Keluarga Pratama Jatiasih,"Jatiasih, Bekasi",https://d1ojs48v3n42tp.cloudfront.net/personnels/280441_13-12-2022_10-33-29.png,dokter-gigi,2025-06-15 02:36:11
drg. Nabila Nurul Aziziah,Dokter Gigi,Klinik Medikids by MHDC Green Terrace,"Cipayung, Jakarta Timur",,dokter-gigi,2025-06-15 02:36:11
drg. Nadhira Haifa,Dokter Gigi,Klinik Tunas,"Medan Satria, Bekasi",,dokter-gigi,2025-06-15 02:36:11
drg. Nadia Safira Shabella,Dokter Gigi,Dokgi Dental Clinic BSD,"Serpong, Tangerang Selatan",,dokter-gigi,2025-06-15 02:36:13
drg. Nadira Dwiyana,Dokter Gigi,Audy Dental Cinere,"Cinere, Depok",,dokter-gigi,2025-06-15 02:36:13
drg. Nadira Putri Syawalia,Dokter Gigi,FDC Dental Clinic – Jatiasih,"Bekasi Selatan, Bekasi",,dokter-gigi,2025-06-15 02:36:13
drg. Nadiya NH,Dokter Gigi,Kilau Dental Clinic,"Cibeber, Kota Cilegon",,dokter-gigi,2025-06-15 02:36:13
drg. Nadiya Nabila,Dokter Gigi,Klinik Damessa Family Dental & Skincare,"Tapos, Depok",,dokter-gigi,2025-06-15 02:36:13
Drg. Nadya,Dokter Gigi,Biotest Kelapa gading,"Kelapa Gading, Jakarta Utara",,dokter-gigi,2025-06-15 02:36:13
Drg. Nadya Raudilah Puteri,Dokter Gigi,Klinik Dewa Medika,"Cakung, Jakarta Timur",,dokter-gigi,2025-06-15 02:36:13
drg. Nancyta Dewi Soenyoto,Dokter Gigi,RS Mitra Keluarga Pondok Tjandra,"Waru, Kabupaten Sidoarjo",https://d1ojs48v3n42tp.cloudfront.net/personnels/53648_14-12-2022_16-25-22.png,dokter-gigi,2025-06-15 02:36:13
drg. Nasya Daniya Marhani,Dokter Gigi,Klinik Utama Aster Dental,"Setiabudi, Jakarta Selatan",,dokter-gigi,2025-06-15 02:36:13
drg. Nasya Daniya Marhani,Dokter Gigi,Klinik Utama Aster Dental,"Setiabudi, Jakarta Selatan",,dokter-gigi,2025-06-15 02:36:13
drg. Natalia Astina Setiawan,Dokter Gigi,Mayapada Hospital Kuningan,"Setiabudi, Jakarta Selatan",https://d1ojs48v3n42tp.cloudfront.net/personnels/42894_18-8-2022_5-59-41.jpeg,dokter-gigi,2025-06-15 02:36:16
dr. Natanael Petra,Dokter Gigi,RSIA Santo Yusuf,"Tanjung Priok, Jakarta Utara",,dokter-gigi,2025-06-15 02:36:16
drg. Natasya Arsanti,Dokter Gigi,Klinik Medikids by MHDC Cikupa Citra Raya Tangerang,"Panongan, Kabupaten Tangerang",,dokter-gigi,2025-06-15 02:36:16
drg Navia Junita Kurniadi,Dokter Gigi,FDC Dental Clinic - Kelapa Gading,"Kelapa Gading, Jakarta Utara",,dokter-gigi,2025-06-15 02:36:16
drg. Nely Solviati,Dokter Gigi,Ocean Dental Clinic Poris,"Cipondoh, Tangerang",,dokter-gigi,2025-06-15 02:36:16
drg. Nevada Vijayanti S.,Dokter Gigi,Grows and Giggles Healthy Clinic,"Pasar Minggu, Jakarta Selatan",,dokter-gigi,2025-06-15 02:36:16
drg. Nia Daifa,Dokter Gigi,Klinik Tunas,"Medan Satria, Bekasi",,dokter-gigi,2025-06-15 02:36:16
drg. Nia Mayfani Astrid,Dokter Gigi,Siloam Hospitals Bekasi Timur,"Bekasi Timur, Bekasi",https://d1ojs48v3n42tp.cloudfront.net/personnels/403460_29-11-2022_16-14-14.jpeg,dokter-gigi,2025-06-15 02:36:16
drg Nicholas Harland,Dokter Gigi,RS Bina Husada,"Cibinong, Kabupaten Bogor",https://d1ojs48v3n42tp.cloudfront.net/personnels/394120_8-7-2024_15-47-33.png,dokter-gigi,2025-06-15 02:36:16
drg. Nicodemus Aditya Fallo,Dokter Gigi,Ocean Dental Cempaka Putih,"Cempaka Putih, Jakarta Pusat",,dokter-gigi,2025-06-15 02:36:16
drg. Nicodemus Ady,Dokter Gigi,Ocean Dental Tanjung Priuk,"Koja, Jakarta Utara",,dokter-gigi,2025-06-15 02:36:18
Nidia Risky Primanda Drg. Sp. KGA,Dokter Gigi,RSIA Kemang Medical Care,"Pasar Minggu, Jakarta Selatan",,dokter-gigi,2025-06-15 02:36:18
"drg. Niken Laksmitarani, Sp.BM",Dokter Gigi,Audy Dental Kuningan,"Setiabudi, Jakarta Selatan",,dokter-gigi,2025-06-15 02:36:18
drg. Nikita Syahrussalami Firdaus,Dokter Gigi,Klinik Medikids by MHDC Bekasi,"Bekasi Utara, Bekasi",,dokter-gigi,2025-06-15 02:36:18
drg. Nila Sari,Dokter Gigi,RS Pelni Petamburan,"Palmerah, Jakarta Barat",,dokter-gigi,2025-06-15 02:36:18
drg. Nila Sari,Dokter Gigi,RS Pelni Petamburan,"Palmerah, Jakarta Barat",,dokter-gigi,2025-06-15 02:36:18
drg Nindya Asri,Dokter Gigi,RS JIH Purwokerto,"Kembaran, Kabupaten Banyumas",,dokter-gigi,2025-06-15 02:36:18
drg. Nisaa Alein Jaatsiyah,Dokter Gigi,Ocean Dental Harapan Indah Bekasi,"Tarumajaya, Kabupaten Bekasi",,dokter-gigi,2025-06-15 02:36:18
drg. Novi Dewandari,Dokter Gigi,RS Intan Husada Garut,"Tarogong Kidul, Kabupaten Garut",,dokter-gigi,2025-06-15 02:36:18
drg. Novi Dewandari,Dokter Gigi,RS Intan Husada Garut,"Tarogong Kidul, Kabupaten Garut",,dokter-gigi,2025-06-15 02:36:18
drg. Novilla Anggraini,Dokter Gigi,Klinik Utama Peri Gigi,"Gondokusuman, Kota Yogyakarta",,dokter-gigi,2025-06-15 02:36:20
"Nugrahani Gusti Dwiartyani DRG, SPKG",Dokter Gigi,RSIA Kemang Medical Care,"Pasar Minggu, Jakarta Selatan",,dokter-gigi,2025-06-15 02:36:20
drg. Nugrahaning Tri Nurani,Dokter Gigi,OMDC Dental Clinic Mampang,"Pancoran, Jakarta Selatan",,dokter-gigi,2025-06-15 02:36:20
drg Nuke Rachmantini,Dokter Gigi,FDC Dental Clinic - Kelapa Gading,"Kelapa Gading, Jakarta Utara",,dokter-gigi,2025-06-15 02:36:20
drg. Nurina Habsah,Dokter Gigi,RS Meilia,"Cimanggis, Depok",,dokter-gigi,2025-06-15 02:36:20
drg. Nyoman Putri Sukaruniati,Dokter Gigi,Siloam Hospitals Denpasar,"Kuta, Kabupaten Badung",https://d1ojs48v3n42tp.cloudfront.net/personnels/244356_8-12-2022_15-54-44.png,dokter-gigi,2025-06-15 02:36:20
drg. Nysa Brilyani,Dokter Gigi,Klinik Utama FDC Dental Clinic Kelapa Gading II,"Kelapa Gading, Jakarta Utara",,dokter-gigi,2025-06-15 02:36:20
drg. PUTRI RIZKI,Dokter Gigi,Pramita Laboratory Clinic A Yani Padang,"Padang Barat, Kota Padang",,dokter-gigi,2025-06-15 02:36:20
drg. Pek Thea Kirana Sp.KGA,Dokter Gigi,Klinik Medikids by MHDC Kemang,"Pasar Minggu, Jakarta Selatan",,dokter-gigi,2025-06-15 02:36:20
drg. Pradipta Pitaloka,Dokter Gigi,Klinik Utama Dontics Dental Specialist,"Kebayoran Baru, Jakarta Selatan",,dokter-gigi,2025-06-15 02:36:20
drg. Premia,Dokter Gigi,Ocean Dental Cempaka Putih,"Cempaka Putih, Jakarta Pusat",,dokter-gigi,2025-06-15 02:36:23
drg. Premia Utianty,Dokter Gigi,Ocean Dental Cempaka Putih,"Cempaka Putih, Jakarta Pusat",,dokter-gigi,2025-06-15 02:36:23
drg Premia Utianty,Dokter Gigi,Ocean Dental Cempaka Putih,"Cempaka Putih, Jakarta Pusat",,dokter-gigi,2025-06-15 02:36:23
"drg. Priscilla Arlyta S, Sp.KG",Dokter Gigi,Klinik Pratama Audy Dental Bekasi,"Bekasi Selatan, Bekasi",,dokter-gigi,2025-06-15 02:36:23
drg. Priskila Laura P K,Dokter Gigi,Dharma Dental Clinic,"Karawang Barat, Kabupaten Karawang",,dokter-gigi,2025-06-15 02:36:23
drg. Putri Dea Amani Faadhilah,Dokter Gigi,FDC Dental Clinic - Kemang,"Mampang Prapatan, Jakarta Selatan",,dokter-gigi,2025-06-15 02:36:23
drg. Putu Ari Listya Nurina,Dokter Gigi,BIMC Hospitals Nusa Dua,"Kuta Selatan, Kabupaten Badung",https://d1ojs48v3n42tp.cloudfront.net/personnels/265468_31-10-2022_12-48-49.jpeg,dokter-gigi,2025-06-15 02:36:23
drg. R. Jarvi Agung Safitri Sp.KG,Dokter Gigi,RSUD Cibinong,"Cibinong, Kabupaten Bogor",,dokter-gigi,2025-06-15 02:36:23
drg. R. Wulansari N.K. Sp.KG,Dokter Gigi,Avenue 8 Dental Care,"Kebayoran Baru, Jakarta Selatan",,dokter-gigi,2025-06-15 02:36:23
drg. RINI PUSPA,Dokter Gigi,Ocean Dental Tanjung Priuk,"Koja, Jakarta Utara",,dokter-gigi,2025-06-15 02:36:23
drg. ROSA NOVETTY HUTAGALUNG,Dokter Gigi,Pramita Laboratory Clinic Diponegoro,"Medan Polonia, Kota Medan",,dokter-gigi,2025-06-15 02:36:25
drg. RR Puspita Sari Maharani,Dokter Gigi,Klinik Utama Sentra Medika Surabaya,"Tenggilis Mejoyo, Kota Surabaya",,dokter-gigi,2025-06-15 02:36:25
drg. Rachmawati Ismail,Dokter Gigi,OMDC Dental Clinic Bali,"Kuta Utara, Kabupaten Badung",,dokter-gigi,2025-06-15 02:36:25
DRG. Raden Wulansari Sp.KG,Dokter Gigi,Avenue 8 Dental Care,"Kebayoran Baru, Jakarta Selatan",,dokter-gigi,2025-06-15 02:36:25
drg. Rahel Zefanya Marline Supit,Dokter Gigi,Siloam Hospitals Kebon Jeruk,"Kebon Jeruk, Jakarta Barat",https://d1ojs48v3n42tp.cloudfront.net/personnels/774471_4-5-2022_14-12-29.jpeg,dokter-gigi,2025-06-15 02:36:25
drg. Rahma Muslimah Binti Luqman Landy,Dokter Gigi,Mayapada Hospital Kuningan,"Setiabudi, Jakarta Selatan",https://d1ojs48v3n42tp.cloudfront.net/personnels/738688_13-12-2022_11-11-46.png,dokter-gigi,2025-06-15 02:36:25
drg. Rano Tji Juliarta Sp.KG,Dokter Gigi,Persada Hospital,"Blimbing, Kota Malang",,dokter-gigi,2025-06-15 02:36:25
drg. Ranyta Diani,Dokter Gigi,OMDC Dental Clinic Mampang,"Pancoran, Jakarta Selatan",,dokter-gigi,2025-06-15 02:36:25
drg. Rasda Diana Sp.KGA,Dokter Gigi,Audy Dental Clinic Kelapa Gading Boulevard,"Kelapa Gading, Jakarta Utara",,dokter-gigi,2025-06-15 02:36:25
drg. Ratih Puspasari,Dokter Gigi,Mayapada Hospital Bandung,"Bandung Kidul, Kota Bandung",,dokter-gigi,2025-06-15 02:36:25
drg. Ratih Puspasari,Dokter Gigi,Mayapada Hospital Bandung,"Bandung Kidul, Kota Bandung",,dokter-gigi,2025-06-15 02:36:28
drg. Ratna Citra Nabila,Dokter Gigi,Mayapada Hospital Kuningan,"Setiabudi, Jakarta Selatan",,dokter-gigi,2025-06-15 02:36:28
drg. Rd.Idham Darmawan,Dokter Gigi,RS Lira Medika,"Karawang Timur, Kabupaten Karawang",,dokter-gigi,2025-06-15 02:36:28
drg Regina Kumala Muhaimina Sp. Perio,Dokter Gigi,FDC Dental Clinic - Bandung Kopo,"Margahayu, Kabupaten Bandung",,dokter-gigi,2025-06-15 02:36:28
drg. Regina Lintang Saraswati,Dokter Gigi,RS Mitra Keluarga Pondok Tjandra,"Waru, Kabupaten Sidoarjo",https://d1ojs48v3n42tp.cloudfront.net/personnels/80889_26-7-2024_13-14-34.jpeg,dokter-gigi,2025-06-15 02:36:28
drg. Reiny Agustina,Dokter Gigi,Siloam Hospitals TB Simatupang,"Cilandak, Jakarta Selatan",https://d1ojs48v3n42tp.cloudfront.net/personnels/135856_24-6-2022_18-24-18.jpeg,dokter-gigi,2025-06-15 02:36:28
drg. Reivi S.P. Wirakusumah,Dokter Gigi,Klinik Utama Jaya Specialist Dental Centre,"Lengkong, Kota Bandung",,dokter-gigi,2025-06-15 02:36:28
drg. Renyta Faria M.Kes,Dokter Gigi,RS Islam Jakarta Cempaka Putih,"Cempaka Putih, Jakarta Pusat",,dokter-gigi,2025-06-15 02:36:28
drg. Reyz Pasenda Sp.KG,Dokter Gigi,Klinik Utama Gigi Indental,"Gubeng, Kota Surabaya",,dokter-gigi,2025-06-15 02:36:28
drg. Rhona Kharisma Apsari,Dokter Gigi,Klinik Apicdentistry,"Serengan, Kota Surakarta",,dokter-gigi,2025-06-15 02:36:28
drg. Riana Napitupulu Sp.Perio,Dokter Gigi,Klinik Palapa Dentist,"Pasar Minggu, Jakarta Selatan",,dokter-gigi,2025-06-15 02:36:30
drg. Richard Thomas Hartono,Dokter Gigi,RS Pondok Indah - Puri Indah,"Kembangan, Jakarta Barat",,dokter-gigi,2025-06-15 02:36:30
drg. Richard Thomas Hartono,Dokter Gigi,RS Pondok Indah - Puri Indah,"Kembangan, Jakarta Barat",,dokter-gigi,2025-06-15 02:36:30
drg. Rifan Hanggoro,Dokter Gigi,RSU Prasetya Bunda,"Indihiang, Kota Tasikmalaya",,dokter-gigi,2025-06-15 02:36:30
drg. Rifdah Yunerizka Fatma,Dokter Gigi,RS Bhakti Medicare,"Cicurug, Kabupaten Sukabumi",,dokter-gigi,2025-06-15 02:36:30
drg. Rika Oktavidianti,Dokter Gigi,RS Jakarta,"Setiabudi, Jakarta Selatan",,dokter-gigi,2025-06-15 02:36:30
drg. Rika Oktavidianti,Dokter Gigi,RS Jakarta,"Setiabudi, Jakarta Selatan",,dokter-gigi,2025-06-15 02:36:30
drg. Rika Tania Narulita Sp.Perio,Dokter Gigi,Klinik Utama Audy Dental Greenville,"Kebon Jeruk, Jakarta Barat",,dokter-gigi,2025-06-15 02:36:30
drg. Rina Simamora,Dokter Gigi,RS Sentra Medika Cikarang,"Cikarang Utara, Kabupaten Bekasi",,dokter-gigi,2025-06-15 02:36:30
drg. Rini Defika Putri,Dokter Gigi,Ocean Dental Tanjung Priuk,"Koja, Jakarta Utara",,dokter-gigi,2025-06-15 02:36:30
drg. Rini Puspa Dewi,Dokter Gigi,Ocean Dental Kelapa Gading,"Kelapa Gading, Jakarta Utara",,dokter-gigi,2025-06-15 02:36:33
drg. Rini Triani Sp.KGA,Dokter Gigi,RSIA Buah Hati Pamulang,"Pamulang, Tangerang Selatan",,dokter-gigi,2025-06-15 02:36:33
drg. Rini Triani Sp.KGA,Dokter Gigi,RSIA Buah Hati Pamulang,"Pamulang, Tangerang Selatan",,dokter-gigi,2025-06-15 02:36:33
drg. Riris Riany,Dokter Gigi,Happy Dental Clinic Summarecon Mall Kelapa Gading,"Kelapa Gading, Jakarta Utara",,dokter-gigi,2025-06-15 02:36:33
drg Risa Febriani,Dokter Gigi,Klinik MHDC Wisma 46,"Tanah Abang, Jakarta Pusat",,dokter-gigi,2025-06-15 02:36:33
drg. Risna Hartantry,Dokter Gigi,Yul Novia Dental Clinic,"Kotabaru, Kabupaten Karawang",,dokter-gigi,2025-06-15 02:36:33
drg. Rizfira Ananda,Dokter Gigi,Klinik Utama Orange Dental - Rawamangun,"Pulo Gadung, Jakarta Timur",,dokter-gigi,2025-06-15 02:36:33
drg. Rizki Nuha,Dokter Gigi,Siloam Hospitals Jember,"Kaliwates, Kabupaten Jember",https://d1ojs48v3n42tp.cloudfront.net/personnels/241830_28-3-2023_20-21-2.jpeg,dokter-gigi,2025-06-15 02:36:33
drg. Rizky Fitri Haryuni Sp.KGA,Dokter Gigi,Audy Dental Grand Wisata,"Tambun Selatan, Kabupaten Bekasi",,dokter-gigi,2025-06-15 02:36:33
drg. Robertus Nico Mulyono,Dokter Gigi,RS Santo Borromeus,"Coblong, Kota Bandung",,dokter-gigi,2025-06-15 02:36:33
"drg Ronal , Sp.B.M.M, Subsp. T.M.T.M.J (K)","Dokter Gigi, Sp. Bedah Mulut & Maksilofasial",RS Mitra Keluarga Grand Wisata,"Tambun Selatan, Kabupaten Bekasi",https://d1ojs48v3n42tp.cloudfront.net/personnels/472261_12-3-2025_11-3-18.png,dokter-gigi,2025-06-15 02:36:35
drg. Rosalina Irene Utami,Dokter Gigi,Klinik Pratama Rawat Jalan Sierra Mitra,"Bekasi Utara, Bekasi",,dokter-gigi,2025-06-15 02:36:35
drg. Ruby Kusnadi,Dokter Gigi,Siloam Hospitals Kebon Jeruk,"Kebon Jeruk, Jakarta Barat",https://d1ojs48v3n42tp.cloudfront.net/personnels/447989_4-5-2022_14-14-53.jpeg,dokter-gigi,2025-06-15 02:36:35
drg. Rudy Yuwono Sutanto,Dokter Gigi,RS Mitra Keluarga Tegal,"Tegal Barat, Kota Tegal",https://d1ojs48v3n42tp.cloudfront.net/personnels/52015_21-12-2022_14-19-6.jpeg,dokter-gigi,2025-06-15 02:36:35
drg. Rully Aulia Rizalda,Dokter Gigi,Klinik Cipto Cikarang,"Cikarang Utara, Kabupaten Bekasi",,dokter-gigi,2025-06-15 02:36:35
Drg. Rusendah Salasifah,Dokter Gigi,Klinik Gigi My Dentist Banjarbaru,"Banjarbaru Selatan, Kota Banjarbaru",,dokter-gigi,2025-06-15 02:36:35
drg. Rusendah Salasifah Afriani,Dokter Gigi,Klinik Gigi My Dentist Banjarbaru,"Banjarbaru Selatan, Kota Banjarbaru",,dokter-gigi,2025-06-15 02:36:35
drg. Ruthy Yulianti,Dokter Gigi,RS Mitra Keluarga Bintaro,"Pondok Aren, Tangerang Selatan",,dokter-gigi,2025-06-15 02:36:35
drg. Ryan Iskandar,Dokter Gigi,Siloam Hospitals Makassar,"Ujung Pandang, Kota Makassar",https://d1ojs48v3n42tp.cloudfront.net/personnels/163832_15-6-2022_16-29-59.jpeg,dokter-gigi,2025-06-15 02:36:35
drg. Safira Indirani,Dokter Gigi,Klinik Pratama Sobat Gigih Depok,"Sukmajaya, Depok",,dokter-gigi,2025-06-15 02:36:35
drg Saint Diven,Dokter Gigi,Golden Smile Dental Clinic,"Serpong, Tangerang Selatan",,dokter-gigi,2025-06-15 02:36:38
drg. Sara Tri Lestari Singara,Dokter Gigi,Mayapada Hospital Tangerang,"Tangerang, Tangerang",https://d1ojs48v3n42tp.cloudfront.net/personnels/119218_13-12-2022_14-50-22.jpeg,dokter-gigi,2025-06-15 02:36:38
drg. Sarah Kartika Tulong,Dokter Gigi,Siloam Hospitals Kelapa Dua,"Kelapa Dua, Kabupaten Tangerang",https://d1ojs48v3n42tp.cloudfront.net/personnels/143300_29-11-2022_15-59-8.jpeg,dokter-gigi,2025-06-15 02:36:38
drg. Sarah Rosalina,Dokter Gigi,Siloam Hospitals Sentosa Bekasi,"Bekasi Timur, Bekasi",https://d1ojs48v3n42tp.cloudfront.net/personnels/658030_7-9-2022_18-52-45.png,dokter-gigi,2025-06-15 02:36:38
Drg Saskia Karerina Latif,Dokter Gigi,Klinik Medikids by MHDC Kemang,"Pasar Minggu, Jakarta Selatan",,dokter-gigi,2025-06-15 02:36:38
drg. Sekar Sri Suseta,Dokter Gigi,Klinik Utama Peri Gigi,"Gondokusuman, Kota Yogyakarta",,dokter-gigi,2025-06-15 02:36:38
drg. Septania Hermanti,Dokter Gigi,Siloam Hospitals Purwakarta,"Bungursari, Kabupaten Purwakarta",https://d1ojs48v3n42tp.cloudfront.net/personnels/539131_22-12-2022_17-49-54.jpeg,dokter-gigi,2025-06-15 02:36:38
drg. Septi Utami,Dokter Gigi,Happy Dental Clinic Green Pramuka Square,"Cempaka Putih, Jakarta Pusat",,dokter-gigi,2025-06-15 02:36:38
drg. Septian Haryo Putranto,Dokter Gigi,RS Mitra Keluarga Waru,"Waru, Kabupaten Sidoarjo",https://d1ojs48v3n42tp.cloudfront.net/personnels/382650_25-7-2024_15-5-18.jpeg,dokter-gigi,2025-06-15 02:36:38
drg. Sheina Widyaningrum,Dokter Gigi,Klinik Gigi Senyum Ceria - Ruko Kebayoran Arcade,"Pondok Aren, Tangerang Selatan",,dokter-gigi,2025-06-15 02:36:38
drg. Shera Cynthia Islami,Dokter Gigi,Klinik Medikids by MHDC Kemang,"Pasar Minggu, Jakarta Selatan",,dokter-gigi,2025-06-15 02:36:40
drg. Shevy,Dokter Gigi,Klinik Kemala Medical Center,"Cikarang Pusat, Kabupaten Bekasi",,dokter-gigi,2025-06-15 02:36:40
drg. Shinta Safira Sp.KG,Dokter Gigi,Klinik Medikids by MHDC Green Terrace,"Cipayung, Jakarta Timur",,dokter-gigi,2025-06-15 02:36:40
drg. Shinta Safira Sp.KG,Dokter Gigi,Klinik Medikids by MHDC Green Terrace,"Cipayung, Jakarta Timur",,dokter-gigi,2025-06-15 02:36:40
drg. Shinta Safira Sp.KG,Dokter Gigi,Klinik Medikids by MHDC Green Terrace,"Cipayung, Jakarta Timur",,dokter-gigi,2025-06-15 02:36:40
dr. Shinta Safira SpKG,Dokter Gigi,Klinik Medikids by MHDC Green Terrace,"Cipayung, Jakarta Timur",,dokter-gigi,2025-06-15 02:36:40
drg. Siska Yumira,Dokter Gigi,RSU Ananda Purwokerto,"Purwokerto Barat, Kabupaten Banyumas",,dokter-gigi,2025-06-15 02:36:40
drg. Siti Aliya Khairunnisa,Dokter Gigi,RS Mitra Keluarga Pamulang,"Pamulang, Tangerang Selatan",https://d1ojs48v3n42tp.cloudfront.net/personnels/364761_30-11-2022_11-37-49.jpeg,dokter-gigi,2025-06-15 02:36:40
drg. Soegeng Tjahjono,Dokter Gigi,Miracle Grand Indonesia,"Menteng, Jakarta Pusat",,dokter-gigi,2025-06-15 02:36:40
drg. Soegoeng Tjahjono,Dokter Gigi,Miracle Grand Indonesia,"Menteng, Jakarta Pusat",,dokter-gigi,2025-06-15 02:36:40
drg. Soraya,Dokter Gigi,Klinik Syifa Medical Center,"Koja, Jakarta Utara",,dokter-gigi,2025-06-15 02:36:42
Prof. Dr. drg. Sri Lelyati Sp.Perio,Dokter Gigi,RS Pondok Indah - Pondok Indah,"Kebayoran Lama, Jakarta Selatan",,dokter-gigi,2025-06-15 02:36:42
drg. Sri Murwati MARS,Dokter Gigi,RS Bayukarta,"Karawang Barat, Kabupaten Karawang",,dokter-gigi,2025-06-15 02:36:42
drg. Sri Peni Chitrawaty S C Sp.KG,Dokter Gigi,RS Mitra Keluarga Pamulang,"Pamulang, Tangerang Selatan",,dokter-gigi,2025-06-15 02:36:42
drg. Stacia Andani,Dokter Gigi,Klinik Pratama Smile Up,"Kebayoran Baru, Jakarta Selatan",,dokter-gigi,2025-06-15 02:36:42
drg. Stefani Nabilla Maria Nelwan,Dokter Gigi,Siloam Hospitals Labuan Bajo,"Komodo, Kabupaten Manggarai Barat",https://d1ojs48v3n42tp.cloudfront.net/personnels/443746_29-11-2022_14-41-10.jpeg,dokter-gigi,2025-06-15 02:36:42
drg. Stefanus Fani,Dokter Gigi,RS Pondok Indah - Pondok Indah,"Kebayoran Lama, Jakarta Selatan",,dokter-gigi,2025-06-15 02:36:42
drg. Stephanie Aipassa,Dokter Gigi,Siloam Hospitals Bogor,"Bogor Tengah, Bogor",https://d1ojs48v3n42tp.cloudfront.net/personnels/252391_30-6-2022_16-56-49.jpeg,dokter-gigi,2025-06-15 02:36:42
drg. Stephanus Christanto MDS (OMFS),Dokter Gigi,RS Santo Borromeus,"Coblong, Kota Bandung",,dokter-gigi,2025-06-15 02:36:42
drg. Stephanus Ridwan Launardo,Dokter Gigi,Siloam Hospitals Makassar,"Ujung Pandang, Kota Makassar",https://d1ojs48v3n42tp.cloudfront.net/personnels/297723_14-12-2022_13-21-17.png,dokter-gigi,2025-06-15 02:36:42
drg. Stevanus Chandra Sugiarto Budijono,Dokter Gigi,RS Mitra Keluarga Surabaya,"Sukomanunggal, Kota Surabaya",https://d1ojs48v3n42tp.cloudfront.net/personnels/125929_13-12-2022_16-17-28.jpeg,dokter-gigi,2025-06-15 02:36:45
drg. Stevern Rio Andika H.,Dokter Gigi,Klinik Utama Audy Dental Greenville,"Kebon Jeruk, Jakarta Barat",,dokter-gigi,2025-06-15 02:36:45
drg. Susi Susanti,Dokter Gigi,Siloam Hospitals Putera Bahagia Cirebon,"Harjamukti, Kota Cirebon",https://d1ojs48v3n42tp.cloudfront.net/personnels/797089_20-9-2022_10-10-19.jpeg,dokter-gigi,2025-06-15 02:36:45
drg. Susylawati,Dokter Gigi,Siloam Hospitals Sentosa Bekasi,"Bekasi Timur, Bekasi",https://d1ojs48v3n42tp.cloudfront.net/personnels/171002_7-9-2022_18-51-43.png,dokter-gigi,2025-06-15 02:36:45
drg. Syajranurlaili,Dokter Gigi,Klinik Utama Audy Dental Kemang,"Mampang Prapatan, Jakarta Selatan",,dokter-gigi,2025-06-15 02:36:45
drg. Syarief mahmud,Dokter Gigi,Klinik Utama Audy Dental Cipete,"Cilandak, Jakarta Selatan",,dokter-gigi,2025-06-15 02:36:45
drg. Syifa Aghnia,Dokter Gigi,RS Intan Husada Garut,"Tarogong Kidul, Kabupaten Garut",,dokter-gigi,2025-06-15 02:36:45
drg. Syifa Al Qushoyyi,Dokter Gigi,OMDC Dental Point Summarecon,"Bekasi Utara, Bekasi",,dokter-gigi,2025-06-15 02:36:45
drg. TANTIA SAVITRI,Dokter Gigi,Dharma Dental Clinic,"Karawang Barat, Kabupaten Karawang",,dokter-gigi,2025-06-15 02:36:45
drg. TARIDA DIANA,Dokter Gigi,Dharma Dental Clinic,"Karawang Barat, Kabupaten Karawang",,dokter-gigi,2025-06-15 02:36:45
drg. TARIDA DIANA,Dokter Gigi,Dharma Dental Clinic,"Karawang Barat, Kabupaten Karawang",,dokter-gigi,2025-06-15 02:36:47
drg. TRI HASTUTI HANDAYANI Sp.K,Dokter Gigi,Dharma Dental Clinic,"Karawang Barat, Kabupaten Karawang",,dokter-gigi,2025-06-15 02:36:47
drg. Tanita Savitri,Dokter Gigi,Dharma Dental Clinic,"Karawang Barat, Kabupaten Karawang",,dokter-gigi,2025-06-15 02:36:47
drg Teja K,Dokter Gigi,RS Bayukarta,"Karawang Barat, Kabupaten Karawang",,dokter-gigi,2025-06-15 02:36:47
drg. Teuku Zulfahmi,Dokter Gigi,Klinik Utama Audy Dental Cipete,"Cilandak, Jakarta Selatan",,dokter-gigi,2025-06-15 02:36:47
drg. Teuku Zulfahmi Rizi,Dokter Gigi,Klinik Utama Audy Dental Cipete,"Cilandak, Jakarta Selatan",,dokter-gigi,2025-06-15 02:36:47
drg. Theresia Melanie Budiman,Dokter Gigi,Mayapada Hospital Tangerang,"Tangerang, Tangerang",https://d1ojs48v3n42tp.cloudfront.net/personnels/208652_13-12-2022_11-9-47.png,dokter-gigi,2025-06-15 02:36:47
drg. Thomas Andrew,Dokter Gigi,Happy Dental Clinic Supermall Karawaci,"Kelapa Dua, Kabupaten Tangerang",,dokter-gigi,2025-06-15 02:36:47
Dr. Three Rejeki Nangggolan Sp.KGA,Dokter Gigi,RS Bayukarta,"Karawang Barat, Kabupaten Karawang",,dokter-gigi,2025-06-15 02:36:47
drg. Three Rejeki Nangggolan,Dokter Gigi,RS Bayukarta,"Karawang Barat, Kabupaten Karawang",,dokter-gigi,2025-06-15 02:36:47
drg. Tian Ervi Permatasari,Dokter Gigi,RS Sentosa Bogor,"Kemang, Kabupaten Bogor",,dokter-gigi,2025-06-15 02:36:50
drg. Tiara Grainy Agata,Dokter Gigi,Siloam Hospitals Palangka Raya,"Pahandut, Kota Palangka Raya",https://d1ojs48v3n42tp.cloudfront.net/personnels/144837_30-6-2022_18-6-12.jpeg,dokter-gigi,2025-06-15 02:36:50
drg. Tiara Nawangwulan,Dokter Gigi,Klinik Dzakirah,"Pondok Aren, Tangerang Selatan",,dokter-gigi,2025-06-15 02:36:50
drg. Titiek Mustika,Dokter Gigi,RS Citra Medika Depok,"Cilodong, Depok",,dokter-gigi,2025-06-15 02:36:50
drg. Tri Hastuti Handayani Sp.KG,Dokter Gigi,Dharma Dental Clinic,"Karawang Barat, Kabupaten Karawang",,dokter-gigi,2025-06-15 02:36:50
drg. Tri Widodo,Dokter Gigi,RS Ananda Bekasi,"Medan Satria, Bekasi",,dokter-gigi,2025-06-15 02:36:50
drg. Tri Widodo,Dokter Gigi,RS Mitra Keluarga Pratama Jatiasih,"Jatiasih, Bekasi",https://d1ojs48v3n42tp.cloudfront.net/personnels/850887_14-12-2022_15-46-37.png,dokter-gigi,2025-06-15 02:36:50
drg Tridara Policetyawati,Dokter Gigi,RS Mitra Keluarga Grand Wisata,"Tambun Selatan, Kabupaten Bekasi",https://d1ojs48v3n42tp.cloudfront.net/personnels/237930_12-3-2025_10-53-3.png,dokter-gigi,2025-06-15 02:36:50
dr. Tuminau C. Runtunuwu Sp. A,Dokter Gigi,Go Dental Clinic Pondok Labu,"Cilandak, Jakarta Selatan",,dokter-gigi,2025-06-15 02:36:50
drg. Tutun Rendrawulan,Dokter Gigi,RS Intan Husada Garut,"Tarogong Kidul, Kabupaten Garut",,dokter-gigi,2025-06-15 02:36:50
drg. Utari Intan Pertiwi,Dokter Gigi,FDC Dental Clinic - Cibubur,"Jatisampurna, Bekasi",,dokter-gigi,2025-06-15 02:36:52
drg. Valerianus Andrew Raditya Pratama,Dokter Gigi,Friendly Clinic,"Tanjung Priok, Jakarta Utara",,dokter-gigi,2025-06-15 02:36:52
drg Vanesha Jane Kurniawan,Dokter Gigi,OMDC Dental Clinic Sunter,"Tanjung Priok, Jakarta Utara",,dokter-gigi,2025-06-15 02:36:52
drg Vanessa Jane Kurniawan,Dokter Gigi,OMDC Dental Clinic Sunter,"Tanjung Priok, Jakarta Utara",,dokter-gigi,2025-06-15 02:36:52
drg. Veronica Ivona Simanjuntak,Dokter Gigi,Siloam Hospitals Bogor,"Bogor Tengah, Bogor",https://d1ojs48v3n42tp.cloudfront.net/personnels/357744_30-6-2022_16-57-18.jpeg,dokter-gigi,2025-06-15 02:36:52
drg. Vinda Anggela Dewi,Dokter Gigi,FDC Dental Clinic - Cibubur,"Jatisampurna, Bekasi",,dokter-gigi,2025-06-15 02:36:52
drg. Vindie Putri,Dokter Gigi,Siloam Hospitals Semarang,"Semarang Selatan, Kota Semarang",https://d1ojs48v3n42tp.cloudfront.net/personnels/628887_6-5-2022_6-51-53.jpeg,dokter-gigi,2025-06-15 02:36:52
drg. Vini Meliasari,Dokter Gigi,Ocean Dental Tebet,"Tebet, Jakarta Selatan",,dokter-gigi,2025-06-15 02:36:52
drg. Virginia Nomida,Dokter Gigi,RS Mitra Keluarga Tegal,"Tegal Barat, Kota Tegal",https://d1ojs48v3n42tp.cloudfront.net/personnels/46255_26-7-2024_14-34-31.png,dokter-gigi,2025-06-15 02:36:52
drg. Vivi Ho,Dokter Gigi,Siloam Hospitals Makassar,"Ujung Pandang, Kota Makassar",https://d1ojs48v3n42tp.cloudfront.net/personnels/624655_15-6-2022_16-30-44.jpeg,dokter-gigi,2025-06-15 02:36:52
drg. Wees Kaolinni Sp.KG,Dokter Gigi,Mayapada Hospital Kuningan,"Setiabudi, Jakarta Selatan",https://d1ojs48v3n42tp.cloudfront.net/personnels/476189_13-12-2022_11-5-46.png,dokter-gigi,2025-06-15 02:36:54
drg. Windi Pratwi,Dokter Gigi,Pramita Laboratory Clinic Matraman,"Matraman, Jakarta Timur",,dokter-gigi,2025-06-15 02:36:54
drg. YONNA DM S. Sp.KGA,Dokter Gigi,Dharma Dental Clinic,"Karawang Barat, Kabupaten Karawang",,dokter-gigi,2025-06-15 02:36:54
drg. YONNA DWI S Sp.KG,Dokter Gigi,Dharma Dental Clinic,"Karawang Barat, Kabupaten Karawang",,dokter-gigi,2025-06-15 02:36:54
drg. YONNA DWI S,Dokter Gigi,Dharma Dental Clinic,"Karawang Barat, Kabupaten Karawang",,dokter-gigi,2025-06-15 02:36:54
drg. YONNA DWI S,Dokter Gigi,Dharma Dental Clinic,"Karawang Barat, Kabupaten Karawang",,dokter-gigi,2025-06-15 02:36:54
drg. YONNA DWI S. Sp.KGA,Dokter Gigi,Dharma Dental Clinic,"Karawang Barat, Kabupaten Karawang",,dokter-gigi,2025-06-15 02:36:54
drg. Yania Inez Larissa,Dokter Gigi,Klinik Utama Audy Dental Greenville,"Kebon Jeruk, Jakarta Barat",,dokter-gigi,2025-06-15 02:36:54
drg. Yanti Desiyani,Dokter Gigi,Klinik Utama Star Dental Studio,"Mampang Prapatan, Jakarta Selatan",,dokter-gigi,2025-06-15 02:36:54
drg. Yasinta Darmawan,Dokter Gigi,Klinik Utama Orange Dental - Rawamangun,"Pulo Gadung, Jakarta Timur",,dokter-gigi,2025-06-15 02:36:54
drg Yenny Kurnia,Dokter Gigi,Klinik Sehat Rabinza,"Rangkasbitung, Kabupaten Lebak",,dokter-gigi,2025-06-15 02:36:57
drg. Yessi Kusaladewi,Dokter Gigi,South Dental Clinic Grand Wisata,"Tambun Selatan, Kabupaten Bekasi",,dokter-gigi,2025-06-15 02:36:57
"drg. Yoanne Imanuella, SpPros",Dokter Gigi,RS Mitra Keluarga Pamulang,"Pamulang, Tangerang Selatan",,dokter-gigi,2025-06-15 02:36:57
drg. Yoel Shan Santoso,Dokter Gigi,Siloam Hospitals Semarang,"Semarang Selatan, Kota Semarang",https://d1ojs48v3n42tp.cloudfront.net/personnels/168634_8-4-2021_11-8-7.png,dokter-gigi,2025-06-15 02:36:57
drg. Yogie Purwanto,Dokter Gigi,Siloam Hospitals Putera Bahagia Cirebon,"Harjamukti, Kota Cirebon",https://d1ojs48v3n42tp.cloudfront.net/personnels/389939_20-9-2022_10-6-36.jpeg,dokter-gigi,2025-06-15 02:36:57
drg. Yonna Dwi S. Sp.KGA,Dokter Gigi,Dharma Dental Clinic,"Karawang Barat, Kabupaten Karawang",,dokter-gigi,2025-06-15 02:36:57
drg. Yonna Dwi S. Sp.KGA,Dokter Gigi,Dharma Dental Clinic,"Karawang Barat, Kabupaten Karawang",,dokter-gigi,2025-06-15 02:36:57
drg. Yossi Hananda,Dokter Gigi,RS Adi Husada Undaan Wetan,"Genteng, Kota Surabaya",,dokter-gigi,2025-06-15 02:36:57
"drg. Yuliana Dwiwahyu Suryandari, Sp.KG",Dokter Gigi,RS Royal Surabaya,"Tenggilis Mejoyo, Kota Surabaya",,dokter-gigi,2025-06-15 02:36:57
drg. Yulianti Wirawan,Dokter Gigi,RS Bintang Laut Palopo,"Wara Utara, Kota Palopo",,dokter-gigi,2025-06-15 02:36:57
drg. Yullya Susanna,Dokter Gigi,RS Mitra Keluarga Tegal,"Tegal Barat, Kota Tegal",https://d1ojs48v3n42tp.cloudfront.net/personnels/760909_14-12-2022_13-38-21.png,dokter-gigi,2025-06-15 02:36:59
drg. Yuni Uli Silalahi,Dokter Gigi,RS Panti Wilasa Citarum,"Semarang Timur, Kota Semarang",,dokter-gigi,2025-06-15 02:36:59
drg. Yunita Fatmala,Dokter Gigi,Klinik Sociamedic Cirebon,"Kesambi, Kota Cirebon",,dokter-gigi,2025-06-15 02:36:59
drg Yuri Desi Pratamasari Sp KGA,Dokter Gigi,Happy Dental Clinic Transpark Bintaro,"Pondok Aren, Tangerang Selatan",,dokter-gigi,2025-06-15 02:36:59
dr. Yuri Lie Sp.A,Dokter Gigi,Klinik Utama Medens Medical Centre,"Batam Kota, Kota Batam",,dokter-gigi,2025-06-15 02:36:59
"drg. Yuyun Gunanto, M.Kes",Dokter Gigi,RS PMI Bogor,"Bogor Utara, Bogor",,dokter-gigi,2025-06-15 02:36:59
"drg. Zenia Adindaputri Utomo, M.H, Sp.Ort",Dokter Gigi,Siloam Hospitals Cinere ( RS Khusus Jantung Diagram Depok),"Cinere, Depok",,dokter-gigi,2025-06-15 02:36:59
drg. Zulfahmi Nurdin,Dokter Gigi,Siloam Hospitals Silampari (Lubuk Linggau),"Lubuk Linggau Timur I, Kota Lubuk Linggau",https://d1ojs48v3n42tp.cloudfront.net/personnels/605680_2-7-2022_19-34-24.jpeg,dokter-gigi,2025-06-15 02:36:59
Drg. Zulkarnain Said,Dokter Gigi,OMDC Dental Clinic Sunter,"Tanjung Priok, Jakarta Utara",,dokter-gigi,2025-06-15 02:36:59
"dr, Annisa Ghaisani",Dokter Gigi,Klinik Medikids by MHDC Bekasi,"Bekasi Utara, Bekasi",,dokter-gigi,2025-06-15 02:36:59
dr. A Herlianti Syahrir,Dokter Gigi,D'Dental Care Kota Wisata,"Cileungsi, Kabupaten Bogor",,dokter-gigi,2025-06-15 02:37:02
dr. Honesto Faeda,Dokter Gigi,RSU San Medical Center,"Cikampek, Kabupaten Karawang",,dokter-gigi,2025-06-15 02:37:02
dr. Ihsan Firdaus,Dokter Gigi,Klinik Gigi Senyum Ceria - Boulevard Grand Wisata,"Tambun Selatan, Kabupaten Bekasi",,dokter-gigi,2025-06-15 02:37:02
dr. Rian Basri W,Dokter Gigi,RS Syarif Hidayatullah,"Ciputat Timur, Tangerang Selatan",,dokter-gigi,2025-06-15 02:37:02
dr. Rido Simbolon,Dokter Gigi,RS Pertamina Sorong,"Sorong Manoi, Kota Sorong",,dokter-gigi,2025-06-15 02:37:02
dr. Siti Masitoh,Dokter Gigi,Klinik Utama Audy Dental Kemang,"Mampang Prapatan, Jakarta Selatan",,dokter-gigi,2025-06-15 02:37:02
"dr.Theodora Elien, Sp.KGA",Dokter Gigi,Klinik Utama Audy Dental Greenville,"Kebon Jeruk, Jakarta Barat",,dokter-gigi,2025-06-15 02:37:02
drg Aditya Cahya Pratama,Dokter Gigi,Klinik Axel Dental Pondok Gede,"Pondok Gede, Bekasi",,dokter-gigi,2025-06-15 02:37:02
drg Andi Gatot Wijanarko,Dokter Gigi,Avenue 8 Dental Care,"Kebayoran Baru, Jakarta Selatan",,dokter-gigi,2025-06-15 02:37:02
drg Ardelia Nada,Dokter Gigi,Arya Dental Specialist,"Kramat Jati, Jakarta Timur",,dokter-gigi,2025-06-15 02:37:02
drg David Emir Kasim,Dokter Gigi,Ocean Dental Harapan Indah Bekasi,"Tarumajaya, Kabupaten Bekasi",,dokter-gigi,2025-06-15 02:37:05
drg FERI MUKHTAR,Dokter Gigi,Dharma Dental Clinic,"Karawang Barat, Kabupaten Karawang",,dokter-gigi,2025-06-15 02:37:05
drg Gisha Nuril Ferizka,Dokter Gigi,RS Mitra Keluarga Grand Wisata,"Tambun Selatan, Kabupaten Bekasi",https://d1ojs48v3n42tp.cloudfront.net/personnels/73270_12-3-2025_11-21-38.jpeg,dokter-gigi,2025-06-15 02:37:05
drg IMA RAHMAWATI,Dokter Gigi,RS Anna Medika Bekasi,"Bekasi Utara, Bekasi",,dokter-gigi,2025-06-15 02:37:05
drg IMA RAHMAWATI,Dokter Gigi,RS Anna Medika Bekasi,"Bekasi Utara, Bekasi",,dokter-gigi,2025-06-15 02:37:05
drg Inne Pratiwi Debita,Dokter Gigi,FDC Dental Clinic - Bandung Kopo,"Margahayu, Kabupaten Bandung",,dokter-gigi,2025-06-15 02:37:05
drg drg Leidya,Dokter Gigi,Klinik Gigi Dent Smile Family Dental Solution Rawamangun,"Pulo Gadung, Jakarta Timur",,dokter-gigi,2025-06-15 02:37:05
drg Lulu Hayatul Milah,Dokter Gigi,RS Juanda Kuningan,"Kuningan, Kabupaten Kuningan",,dokter-gigi,2025-06-15 02:37:05
drg. drg MEUTIA ADENITA Sp KGA,Dokter Gigi,Dharma Dental Clinic,"Karawang Barat, Kabupaten Karawang",,dokter-gigi,2025-06-15 02:37:05
drg NASYA DANIYA MARHANI,Dokter Gigi,Klinik Utama Aster Dental,"Setiabudi, Jakarta Selatan",,dokter-gigi,2025-06-15 02:37:05
drg. A. Fatma Azzahra,Dokter Gigi,Happy Dental Clinic Trans Studio Mall Makassar,"Tamalate, Kota Makassar",,dokter-gigi,2025-06-15 02:37:07
"drg. Abdul Fauzi, SpBM",Dokter Gigi,RS Grestelina,"Panakkukang, Kota Makassar",,dokter-gigi,2025-06-15 02:37:07
drg. Achmad Riwaldy,Dokter Gigi,Klinik Medikids by MHDC Wakaf Depok,"Sukmajaya, Depok",,dokter-gigi,2025-06-15 02:37:07
drg. Achmad Riwandy,Dokter Gigi,Klinik Palapa Dentist,"Pasar Minggu, Jakarta Selatan",,dokter-gigi,2025-06-15 02:37:07
drg. Aditya Ardhi Kusuma,Dokter Gigi,RS Keluarga Sehat Pati,"Margorejo, Pati",,dokter-gigi,2025-06-15 02:37:07
drg. Agista Kylanti Firsaputri,Dokter Gigi,Kusuma Medical Center,"Balikpapan Kota, Kota Balikpapan",,dokter-gigi,2025-06-15 02:37:07
drg. Ahmad Umar,Dokter Gigi,FDC Dental Clinic - Depok,"Pancoran Mas, Depok",,dokter-gigi,2025-06-15 02:37:07
drg. Aiko Saqy Adnina,Dokter Gigi,Klinik Gigi Senyum Ceria - Lippo Cikarang,"Cikarang Selatan, Kabupaten Bekasi",,dokter-gigi,2025-06-15 02:37:07
drg. Aina Salsabila Sinaga,Dokter Gigi,FDC Dental Clinic - Bogor,"Bogor Utara, Bogor",,dokter-gigi,2025-06-15 02:37:07
drg. Ajeng Rizki Dwihantari,Dokter Gigi,RS Islam Malang (Unisma),"Lowokwaru, Kota Malang",,dokter-gigi,2025-06-15 02:37:07
"drg. Ali Taqwim, Sp.KGA",Dokter Gigi,RS JIH Purwokerto,"Kembaran, Kabupaten Banyumas",,dokter-gigi,2025-06-15 02:37:10
"drg. Amelia Sari, SpKG",Dokter Gigi,Audy Dental Clinic Gading Serpong,"Kelapa Dua, Kabupaten Tangerang",,dokter-gigi,2025-06-15 02:37:10
drg. Amelia Virginia Widyaningrum,Dokter Gigi,RS Imanuel Way Halim,"Sukarame, Kota Bandar Lampung",,dokter-gigi,2025-06-15 02:37:10
"drg. Andi Ainul Mardiyah,Sp.KG",Dokter Gigi,Klinik Utama Audy Dental Surabaya,"Dukuh Pakis, Kota Surabaya",,dokter-gigi,2025-06-15 02:37:10
drg. Andi Eka Asdiana W,Dokter Gigi,Happy Dental Clinic Trans Studio Mall Makassar,"Tamalate, Kota Makassar",,dokter-gigi,2025-06-15 02:37:10
"drg. Andina Irinawati, Sp.KG",Dokter Gigi,Dental Specialist Balikpapan,"Balikpapan Selatan, Kota Balikpapan",,dokter-gigi,2025-06-15 02:37:10
"drg. Andriani Octavia, Sp.KGA",Dokter Gigi,Klinik Medikids by MHDC Green Terrace,"Cipayung, Jakarta Timur",,dokter-gigi,2025-06-15 02:37:10
"drg. Angtyas Ergit Pratiwi, Sp.KG",Dokter Gigi,Klinik Pratama Audy Dental Bogor,"Bogor Utara, Bogor",,dokter-gigi,2025-06-15 02:37:10
drg. Ani Haritsyah,Dokter Gigi,RS Islam Assyifa,"Gunungpuyuh, Kota Sukabumi",,dokter-gigi,2025-06-15 02:37:10
drg. Anifa Rohmawati,Dokter Gigi,OMDC Dental Point Summarecon,"Bekasi Utara, Bekasi",,dokter-gigi,2025-06-15 02:37:10
drg. drg. Charina Claudia Damarian,Dokter Gigi,OMDC Dental Clinic Bekasi,"Bekasi Selatan, Bekasi",,dokter-gigi,2025-06-15 02:37:16
drg. Cindy Putri Amelia,Dokter Gigi,Klinik Sociamedic Cirebon,"Kesambi, Kota Cirebon",,dokter-gigi,2025-06-15 02:37:16
"drg. Darul Rabil, Sp.KGA",Dokter Gigi,RS Permata Depok,"Sawangan, Depok",,dokter-gigi,2025-06-15 02:37:16
drg. Dede Sabrina,Dokter Gigi,FDC Dental Clinic - Menteng,"Setiabudi, Jakarta Selatan",,dokter-gigi,2025-06-15 02:37:16
drg. Delfi Mirsal,Dokter Gigi,Klinik Medikids by MHDC Kemang,"Pasar Minggu, Jakarta Selatan",,dokter-gigi,2025-06-15 02:37:16
drg. Desy Rismainar,Dokter Gigi,Klinik Amira,"Serpong, Tangerang Selatan",,dokter-gigi,2025-06-15 02:37:16
drg. Dhana Permatasari Devi,Dokter Gigi,Tzu Chi Hospital,"Penjaringan, Jakarta Utara",,dokter-gigi,2025-06-15 02:37:16
drg. Dhea Afifah Roza,Dokter Gigi,Klinik Gigi Dentmate Palembang,"Ilir Timur II, Kota Palembang",,dokter-gigi,2025-06-15 02:37:16
"drg. Diajeng Ayuningtyas Dewi, Sp.KGA",Dokter Gigi,Klinik Utama Audy Dental Clinic Bintaro,"Pondok Aren, Tangerang Selatan",,dokter-gigi,2025-06-15 02:37:16
drg. Dianita,Dokter Gigi,Klinik Axel Dental Bekasi,"Bekasi Selatan, Bekasi",,dokter-gigi,2025-06-15 02:37:16
drg. Dianita Purbarani,Dokter Gigi,Klinik Axel Dental Buaran,"Duren Sawit, Jakarta Timur",,dokter-gigi,2025-06-15 02:37:18
drg. Dina Parawita,Dokter Gigi,Dental Specialist Balikpapan,"Balikpapan Selatan, Kota Balikpapan",,dokter-gigi,2025-06-15 02:37:18
"drg. Dita Anggriana, Sp.KG",Dokter Gigi,Dental Specialist Balikpapan,"Balikpapan Selatan, Kota Balikpapan",,dokter-gigi,2025-06-15 02:37:18
drg. Ditha Rizky Silvany MM,Dokter Gigi,Klinik Bestie Dental,"Cibeber, Kota Cilegon",,dokter-gigi,2025-06-15 02:37:18
drg. Dora Channel,Dokter Gigi,Siloam Hospitals Dhirga Surya Medan,"Medan Petisah, Kota Medan",,dokter-gigi,2025-06-15 02:37:18
drg. Dora Channel,Dokter Gigi,Siloam Hospitals Dhirga Surya Medan,"Medan Petisah, Kota Medan",,dokter-gigi,2025-06-15 02:37:18
drg. Dwi Novani,Dokter Gigi,Ocean Dental Arana,"Tarumajaya, Kabupaten Bekasi",,dokter-gigi,2025-06-15 02:37:18
drg. Dwi Novayani,Dokter Gigi,Ocean Dental Arana,"Tarumajaya, Kabupaten Bekasi",,dokter-gigi,2025-06-15 02:37:18
drg. Dyah Rachmawaty,Dokter Gigi,Klinik Mulya Medika II,"Cibitung, Kabupaten Bekasi",,dokter-gigi,2025-06-15 02:37:18
drg. Edy Taher,Dokter Gigi,RS Jakarta,"Setiabudi, Jakarta Selatan",,dokter-gigi,2025-06-15 02:37:18
drg. Edy Taher,Dokter Gigi,RS Jakarta,"Setiabudi, Jakarta Selatan",,dokter-gigi,2025-06-15 02:37:20
drg. Eko Widianingsih,Dokter Gigi,RS Karya Medika II,"Tambun Selatan, Kabupaten Bekasi",,dokter-gigi,2025-06-15 02:37:20
drg. Emanuel Damar,Dokter Gigi,RS Imanuel Way Halim,"Sukarame, Kota Bandar Lampung",,dokter-gigi,2025-06-15 02:37:20
"drg. Endah Damaryanti, SpORT",Dokter Gigi,RS Islam Malang (Unisma),"Lowokwaru, Kota Malang",,dokter-gigi,2025-06-15 02:37:20
drg. Epichia Tiara,Dokter Gigi,Prime Care Clinic Samarinda,"Samarinda Kota, Kota Samarinda",,dokter-gigi,2025-06-15 02:37:20
drg. Erlangga Hadi Wibowo P,Dokter Gigi,Klinik Gigi Senyum Ceria - Boulevard Grand Wisata,"Tambun Selatan, Kabupaten Bekasi",,dokter-gigi,2025-06-15 02:37:20
drg. Eustacia Darmasetiawan,Dokter Gigi,Klinik Utama Oratio Fide,"Cicendo, Kota Bandung",,dokter-gigi,2025-06-15 02:37:20
drg. Evi Anita,Dokter Gigi,RS Pertamina Tarakan,"Tarakan Barat, Kota Tarakan",,dokter-gigi,2025-06-15 02:37:20
drg. FITRI UTAMI,Dokter Gigi,Ocean Dental Cempaka Putih,"Cempaka Putih, Jakarta Pusat",,dokter-gigi,2025-06-15 02:37:20
drg. Faizal Liestyandhi,Dokter Gigi,RSPKT Prima Sangatta,"Sangatta Utara, Kabupaten Kutai Timur",,dokter-gigi,2025-06-15 02:37:20
drg. Fatimah Sania,Dokter Gigi,Dharmawangsa Dental Studio,"Kebayoran Baru, Jakarta Selatan",,dokter-gigi,2025-06-15 02:37:23
drg. Fautia,Dokter Gigi,Klinik Gigi Dent Smile Family Dental Solution Tebet,"Tebet, Jakarta Selatan",,dokter-gigi,2025-06-15 02:37:23
drg. Fauzia Nurhaliza,Dokter Gigi,FDC Dental Clinic - Kalimalang,"Duren Sawit, Jakarta Timur",,dokter-gigi,2025-06-15 02:37:23
drg. Fetty Fatimah,Dokter Gigi,Ocean Dental Clinic Kebantenan,"Cilincing, Jakarta Utara",,dokter-gigi,2025-06-15 02:37:23
drg. Finna Oktaviani,Dokter Gigi,Klinik Mitra Medika Cilincing,"Cilincing, Jakarta Utara",,dokter-gigi,2025-06-15 02:37:23
drg. Firmansyah Adi Pradana,Dokter Gigi,Klinik Bunga Melati Jaksa Agung Malang,"Klojen, Kota Malang",,dokter-gigi,2025-06-15 02:37:23
drg. Firsty Linda,Dokter Gigi,RSPKT Prima Sangatta,"Sangatta Utara, Kabupaten Kutai Timur",,dokter-gigi,2025-06-15 02:37:23
drg. Fristy Linda Daud,Dokter Gigi,RSPKT Prima Sangatta,"Sangatta Utara, Kabupaten Kutai Timur",,dokter-gigi,2025-06-15 02:37:23
drg. Gigih Budi Wibawanto,Dokter Gigi,FDC Dental Clinic - Kaliurang,"Kecamatan Depok, Kabupaten Sleman",,dokter-gigi,2025-06-15 02:37:23
"drg. Harika Ixzarina,(R)KGA",Dokter Gigi,Klinik Damessa Family Dental & Skincare,"Tapos, Depok",,dokter-gigi,2025-06-15 02:37:23
drg. Helen,Dokter Gigi,OMDC Dental Clinic Mampang,"Pancoran, Jakarta Selatan",,dokter-gigi,2025-06-15 02:37:25
drg. Henaria Mikha Teresa,Dokter Gigi,Klinik Pratama Untu Ku Dental Clinic,"Ciputat, Tangerang Selatan",,dokter-gigi,2025-06-15 02:37:25
drg. Herlina,Dokter Gigi,Medika Plaza (Annex Building),"Pasar Minggu, Jakarta Selatan",,dokter-gigi,2025-06-15 02:37:25
drg. Hilmi Yahya,Dokter Gigi,Klinik Annisa Kalimantan (Tabalong),"Murung Pudak, Kabupaten Tabalong",,dokter-gigi,2025-06-15 02:37:25
drg. I Putu Visnu,Dokter Gigi,Bhita Dental Care,"Waru, Kabupaten Sidoarjo",,dokter-gigi,2025-06-15 02:37:25
drg. Ica Yusticia,Dokter Gigi,FDC Dental Clinic - Bandung,"Cicendo, Kota Bandung",,dokter-gigi,2025-06-15 02:37:25
"drg. Ickman Setoaji Wibowo, MM., Sp.BMM",Dokter Gigi,Clover Dental Care,"Bukit Kecil, Kota Palembang",,dokter-gigi,2025-06-15 02:37:25
"drg. Indah Damaryanti, SpOrt",Dokter Gigi,RS Islam Malang (Unisma),"Lowokwaru, Kota Malang",,dokter-gigi,2025-06-15 02:37:25
drg. Indah Paradifa Sari,Dokter Gigi,RS Helsa Jatirahayu,"Pondok Melati, Bekasi",,dokter-gigi,2025-06-15 02:37:25
"drg. Indah Sulistiowai,MARS",Dokter Gigi,RS Permata Keluarga Lippo Cikarang,"Cikarang Selatan, Kabupaten Bekasi",,dokter-gigi,2025-06-15 02:37:25
drg. Intan,Dokter Gigi,Happy Dental Clinic Trans Studio Mall Bandung,"Batununggal, Kota Bandung",,dokter-gigi,2025-06-15 02:37:28
drg. Ira Wijayanti,Dokter Gigi,RS Kartika Husada Setu,"Setu, Kabupaten Bekasi",,dokter-gigi,2025-06-15 02:37:28
drg. Irene Mariani Nurisawati,Dokter Gigi,Klinik Damessa Family Dental & Skincare,"Tapos, Depok",,dokter-gigi,2025-06-15 02:37:28
"drg. Irsan, Sp. BM",Dokter Gigi,RS Budi Medika Lampung,"Teluk Betung Selatan, Kota Bandar Lampung",,dokter-gigi,2025-06-15 02:37:28
"drg. Iskandar Biantoro, Sp.KGA",Dokter Gigi,Eka Hospital Bekasi,"Tarumajaya, Kabupaten Bekasi",,dokter-gigi,2025-06-15 02:37:28
drg. Isna Rachma Dinda,Dokter Gigi,Audy Dental Harapan Indah,"Cibitung, Kabupaten Bekasi",,dokter-gigi,2025-06-15 02:37:28
drg. Isnaini Aisyah,Dokter Gigi,Klinik Medikids by MHDC Green Terrace,"Cipayung, Jakarta Timur",,dokter-gigi,2025-06-15 02:37:28
drg. Isyana Savitri,Dokter Gigi,RS Pelabuhan Jakarta Utara,"Koja, Jakarta Utara",,dokter-gigi,2025-06-15 02:37:28
drg. Jane Randika,Dokter Gigi,Klinik Damessa Family Dental & Skincare,"Tapos, Depok",,dokter-gigi,2025-06-15 02:37:28
drg. Jeahani Trisya Oktawati,Dokter Gigi,Klinik Damessa Family Dental & Skincare,"Tapos, Depok",,dokter-gigi,2025-06-15 02:37:28
drg. Jean Barbara,Dokter Gigi,Dokgi Dental Clinic BSD,"Serpong, Tangerang Selatan",,dokter-gigi,2025-06-15 02:37:30
drg. Kadek Dena Ayu,Dokter Gigi,Pramita Denpasar,"Denpasar Barat, Kota Denpasar",,dokter-gigi,2025-06-15 02:37:30
"drg. Karissa Navita S, Sp.KG",Dokter Gigi,Bogor Dental Center,"Bogor Utara, Bogor",,dokter-gigi,2025-06-15 02:37:30
drg. Khalisa Herudita K,Dokter Gigi,Klinik Utama Klinik Gigi Family Dentistry,"Kebayoran Baru, Jakarta Selatan",,dokter-gigi,2025-06-15 02:37:30
drg. Kristin Gaby Rosari,Dokter Gigi,RS Royal Surabaya,"Tenggilis Mejoyo, Kota Surabaya",,dokter-gigi,2025-06-15 02:37:30
drg. Kryshantine Poetiray,Dokter Gigi,Klinik Axel Dental Buaran,"Duren Sawit, Jakarta Timur",,dokter-gigi,2025-06-15 02:37:30
drg. LISA INDRA,Dokter Gigi,RS Awal Bros Batam,"Lubuk Baja, Kota Batam",,dokter-gigi,2025-06-15 02:37:30
drg. Lasttri Wulandari,Dokter Gigi,RS Medika Dramaga,"Bogor Barat, Bogor",,dokter-gigi,2025-06-15 02:37:30
drg. Latifolia Hidayati,Dokter Gigi,Audy Dental Clinic Depok,"Cimanggis, Depok",,dokter-gigi,2025-06-15 02:37:30
"drg. Lina Tanubrata, SpOrt",Dokter Gigi,Pramita Laboratory Clinic Toha,"Regol, Kota Bandung",,dokter-gigi,2025-06-15 02:37:30
"drg. Linda Puspita,Sp.KG",Dokter Gigi,Klinik MyDents Bintaro Sektor 9,"Pondok Aren, Tangerang Selatan",,dokter-gigi,2025-06-15 02:37:33
drg. Lintang Pramesti,Dokter Gigi,Ocean Dental Tebet,"Tebet, Jakarta Selatan",,dokter-gigi,2025-06-15 02:37:33
drg. Lintang Pramesti,Dokter Gigi,Ocean Dental Tebet,"Tebet, Jakarta Selatan",,dokter-gigi,2025-06-15 02:37:33
drg. Listyaningtyas Mahanani Dewi,Dokter Gigi,Audy Dental Clinic BSD,"Serpong Utara, Tangerang Selatan",,dokter-gigi,2025-06-15 02:37:33
drg. Lita Nurrizaty,Dokter Gigi,Klinik Utama Doctor + Dentist Palmerah,"Palmerah, Jakarta Barat",,dokter-gigi,2025-06-15 02:37:33
drg. Luis Putri Felicia,Dokter Gigi,Audy Dental Clinic PIK,"Penjaringan, Jakarta Utara",,dokter-gigi,2025-06-15 02:37:33
"drg. Maharatih Tiwi Sandjoko, SpKG",Dokter Gigi,RSIA Gladiool Magelang,"Magelang Tengah, Kota Magelang",,dokter-gigi,2025-06-15 02:37:33
drg. Mahisa Bagus Pribadi,Dokter Gigi,Gio Dental Care Magelang Metro,"Mertoyudan, Kabupaten Magelang",,dokter-gigi,2025-06-15 02:37:33
drg. Maria Oktarina Bangun,Dokter Gigi,Eka Hospital Bekasi,"Tarumajaya, Kabupaten Bekasi",,dokter-gigi,2025-06-15 02:37:33
drg. Mario Stefanus Howarto,Dokter Gigi,RS Samaritan Palu,"Palu Selatan, Kota Palu",,dokter-gigi,2025-06-15 02:37:33
drg. Medina Rakhmah,Dokter Gigi,Klinik Gigi PI Dental Clinic,"Kebayoran Lama, Jakarta Selatan",,dokter-gigi,2025-06-15 02:37:35
drg. Mega Gratia,Dokter Gigi,Klinik Axel Dental Pondok Gede,"Pondok Gede, Bekasi",,dokter-gigi,2025-06-15 02:37:35
"drg. Mega Kusaladewi, Sp.KG",Dokter Gigi,South Dental Clinic Grand Wisata,"Tambun Selatan, Kabupaten Bekasi",,dokter-gigi,2025-06-15 02:37:35
drg. Meil Isna Alawiyah,Dokter Gigi,Gio Dental Care Jember,"Kaliwates, Kabupaten Jember",,dokter-gigi,2025-06-15 02:37:35
drg. Melani Puspa,Dokter Gigi,Happy Dental Clinic Summarecon Mall Serpong,"Kelapa Dua, Kabupaten Tangerang",,dokter-gigi,2025-06-15 02:37:35
"drg. Melila, MPH",Dokter Gigi,Thamrin Dental Clinic,"Tanah Abang, Jakarta Pusat",,dokter-gigi,2025-06-15 02:37:35
"drg. Melisa, MPH",Dokter Gigi,Bogor Dental Center,"Bogor Utara, Bogor",,dokter-gigi,2025-06-15 02:37:35
drg. Melissa Febriany Yokohadinata,Dokter Gigi,Mandaya Hospital Karawang,"Telukjambe Timur, Kabupaten Karawang",,dokter-gigi,2025-06-15 02:37:35
drg. Mirah Purnawati,Dokter Gigi,Ciputra Medical Center,"Setiabudi, Jakarta Selatan",,dokter-gigi,2025-06-15 02:37:35
drg. Monica Aprillia,Dokter Gigi,Ocean Dental Kelapa Gading,"Kelapa Gading, Jakarta Utara",,dokter-gigi,2025-06-15 02:37:35
drg. Monika Indriana,Dokter Gigi,Klinik Utama Klinik Gigi Family Dentistry,"Kebayoran Baru, Jakarta Selatan",,dokter-gigi,2025-06-15 02:37:37
"drg. Muhammad Syafri, Sp.KG",Dokter Gigi,RS Bhakti Mulia,"Palmerah, Jakarta Barat",,dokter-gigi,2025-06-15 02:37:37
drg. Nabila Ekayani,Dokter Gigi,Happy Dental Clinic Cilandak Town Square,"Cilandak, Jakarta Selatan",,dokter-gigi,2025-06-15 02:37:37
"drg. Nadia Kusumawardani, S.K.G",Dokter Gigi,Dharmawangsa 8 Dental Care,"Kebayoran Baru, Jakarta Selatan",,dokter-gigi,2025-06-15 02:37:37
"drg. Nathania Astria, SpKG",Dokter Gigi,RS Puri Cinere,"Cinere, Depok",,dokter-gigi,2025-06-15 02:37:37
drg. Niken Trishardiane,Dokter Gigi,Ocean Dental Clinic Poris,"Cipondoh, Tangerang",,dokter-gigi,2025-06-15 02:37:37
drg. Nilna Naila Faiga,Dokter Gigi,RS Delta Surya,"Sidoarjo, Kabupaten Sidoarjo",,dokter-gigi,2025-06-15 02:37:37
"drg. Nina Novinka,Sp.KG",Dokter Gigi,Ciputra Medical Center,"Setiabudi, Jakarta Selatan",,dokter-gigi,2025-06-15 02:37:37
drg. Nina Nurhamidah,Dokter Gigi,RS Mekar Sari,"Bekasi Timur, Bekasi",,dokter-gigi,2025-06-15 02:37:37
drg. Novia Lauren,Dokter Gigi,RS Permata Kuningan,"Kuningan, Kabupaten Kuningan",,dokter-gigi,2025-06-15 02:37:37
drg. Noviana Wulandari,Dokter Gigi,RS Antam Medika,"Pulo Gadung, Jakarta Timur",,dokter-gigi,2025-06-15 02:37:40
drg. Novita Putri Ranggaswuni,Dokter Gigi,RS Intan Husada Garut,"Tarogong Kidul, Kabupaten Garut",,dokter-gigi,2025-06-15 02:37:40
drg. Nurul,Dokter Gigi,RS Aqidah,"Ciledug, Tangerang",,dokter-gigi,2025-06-15 02:37:40
drg. Pramuditya Handaru Widya,Dokter Gigi,FDC Dental Clinic - Kaliurang,"Kecamatan Depok, Kabupaten Sleman",,dokter-gigi,2025-06-15 02:37:40
"drg. Priska Lasari, SpKG",Dokter Gigi,Siloam Hospitals Lippo Village,"Kelapa Dua, Kabupaten Tangerang",,dokter-gigi,2025-06-15 02:37:40
drg. Probo Damoro Putro,Dokter Gigi,RSPKT Prima Sangatta,"Sangatta Utara, Kabupaten Kutai Timur",,dokter-gigi,2025-06-15 02:37:40
drg. Putra Yuwanda,Dokter Gigi,FDC Dental Clinic - Bandung,"Cicendo, Kota Bandung",,dokter-gigi,2025-06-15 02:37:40
drg. Putri Nuraisiya,Dokter Gigi,Klinik Medikids by MHDC Cikupa Citra Raya Tangerang,"Panongan, Kabupaten Tangerang",,dokter-gigi,2025-06-15 02:37:40
drg. Putri Sekar Wiyati,Dokter Gigi,RSIA Bunda Semarang,"Semarang Timur, Kota Semarang",,dokter-gigi,2025-06-15 02:37:40
drg. Qonita Feria,Dokter Gigi,Ciputra Hospital Citra Raya Tangerang,"Panongan, Kabupaten Tangerang",,dokter-gigi,2025-06-15 02:37:40
drg. Rando Frenda,Dokter Gigi,Klinik MyDents Bintaro Sektor 9,"Pondok Aren, Tangerang Selatan",,dokter-gigi,2025-06-15 02:37:42
drg. Ranyta Diani,Dokter Gigi,Klinik Utama FDC Dental Clinic Kelapa Gading II,"Kelapa Gading, Jakarta Utara",,dokter-gigi,2025-06-15 02:37:42
drg. Ratu Sifanah Dinda,Dokter Gigi,Klinik Axel Dental Buaran,"Duren Sawit, Jakarta Timur",,dokter-gigi,2025-06-15 02:37:42
drg. Retno Asih,Dokter Gigi,RS Restu Ibu Balikpapan,"Balikpapan Tengah, Kota Balikpapan",,dokter-gigi,2025-06-15 02:37:42
drg. Rian Basri W,Dokter Gigi,RS Syarif Hidayatullah,"Ciputat Timur, Tangerang Selatan",,dokter-gigi,2025-06-15 02:37:42
drg. Ridhalla Hadiska Zulkarnain,Dokter Gigi,Bogor Dental Center,"Bogor Utara, Bogor",,dokter-gigi,2025-06-15 02:37:42
drg. Rika Nuraisyah,Dokter Gigi,RSGM Yarsi,"Cempaka Putih, Jakarta Pusat",,dokter-gigi,2025-06-15 02:37:42
drg. Rima Sp.BM,Dokter Gigi,Klinik Pratama Audy Dental Bekasi,"Bekasi Selatan, Bekasi",,dokter-gigi,2025-06-15 02:37:42
drg. Rini Marina,Dokter Gigi,Galaxy Orthodontic Center,"Bekasi Selatan, Bekasi",,dokter-gigi,2025-06-15 02:37:42
"drg. Rio Jonas, M.Kes",Dokter Gigi,Union Dental Clinic,"Serpong, Tangerang Selatan",,dokter-gigi,2025-06-15 02:37:42
drg. Rudi Purwono,Dokter Gigi,RS Meloy Sangatta,"Sangatta Utara, Kabupaten Kutai Timur",,dokter-gigi,2025-06-15 02:37:45
drg. Rudi Purwono,Dokter Gigi,RS Meloy Sangatta,"Sangatta Utara, Kabupaten Kutai Timur",,dokter-gigi,2025-06-15 02:37:45
drg. Rudi Purwono,Dokter Gigi,RS Meloy Sangatta,"Sangatta Utara, Kabupaten Kutai Timur",,dokter-gigi,2025-06-15 02:37:45
drg. Rulia,Dokter Gigi,RS Al-Islam Bandung,"Rancasari, Kota Bandung",,dokter-gigi,2025-06-15 02:37:45
drg. Saifanah Dinda,Dokter Gigi,Axel Dental Condet,"Kramat Jati, Jakarta Timur",,dokter-gigi,2025-06-15 02:37:45
"drg. Sandy Christiono, SpKGA",Dokter Gigi,RS Telogorejo,"Semarang Tengah, Kota Semarang",,dokter-gigi,2025-06-15 02:37:45
drg. Sandy Saskia R,Dokter Gigi,Nama Dental,"Pesanggrahan, Jakarta Selatan",,dokter-gigi,2025-06-15 02:37:45
drg. Sari Avanti,Dokter Gigi,RS Harum Sisma Medika,"Makasar, Jakarta Timur",,dokter-gigi,2025-06-15 02:37:45
drg. Saskia Oktoviana,Dokter Gigi,Evaray Dental Clinic,"Duren Sawit, Jakarta Timur",,dokter-gigi,2025-06-15 02:37:45
drg. Sethmarvidaus Marthen,Dokter Gigi,RS Pertamina Tarakan,"Tarakan Barat, Kota Tarakan",,dokter-gigi,2025-06-15 02:37:45
drg. Siti Purwanti,Dokter Gigi,Klinik Gigi Gio Magelang,"Magelang Tengah, Kota Magelang",,dokter-gigi,2025-06-15 02:37:47
"drg. Slamed Riyadi, Sp.BM",Dokter Gigi,Ciputra Hospital Citra Raya Tangerang,"Panongan, Kabupaten Tangerang",,dokter-gigi,2025-06-15 02:37:47
drg. Sri Juniani Riniarti,Dokter Gigi,RS Permata Pamulang,"Pamulang, Tangerang Selatan",,dokter-gigi,2025-06-15 02:37:47
drg. Sri Wismawati,Dokter Gigi,RSIA Limijati,"Bandung Wetan, Kota Bandung",,dokter-gigi,2025-06-15 02:37:47
drg. Stacy Halim,Dokter Gigi,RS MMC,"Setiabudi, Jakarta Selatan",,dokter-gigi,2025-06-15 02:37:47
drg. Stevani Lisnadi,Dokter Gigi,Ocean Dental Clinic Poris,"Cipondoh, Tangerang",,dokter-gigi,2025-06-15 02:37:47
drg. Sukrainah,Dokter Gigi,RS Bhakti Yudha,"Pancoran Mas, Depok",,dokter-gigi,2025-06-15 02:37:47
drg. Susmira Delta,Dokter Gigi,Dental Specialist Balikpapan,"Balikpapan Selatan, Kota Balikpapan",,dokter-gigi,2025-06-15 02:37:47
drg. Sylvia Novitasari,Dokter Gigi,Ocean Dental Bsd Tangerang,"Serpong Utara, Tangerang Selatan",,dokter-gigi,2025-06-15 02:37:47
"drg. Taufik Hidyatullah, Sp.KG",Dokter Gigi,RS Petrokimia Gresik,"Gresik, Kabupaten Gresik",,dokter-gigi,2025-06-15 02:37:47
drg. Tiara Yuninda,Dokter Gigi,Ocean Dental Harapan Indah Bekasi,"Tarumajaya, Kabupaten Bekasi",,dokter-gigi,2025-06-15 02:37:50
"drg. Titiek Mundari, SpBM",Dokter Gigi,RS Setia Mitra,"Cilandak, Jakarta Selatan",,dokter-gigi,2025-06-15 02:37:50
drg. Try Deliawati,Dokter Gigi,Klinik Dokter Anggi Dental Clinic - Tebet,"Tebet, Jakarta Selatan",,dokter-gigi,2025-06-15 02:37:50
drg. Vera Sari,Dokter Gigi,RS Buah Hati Ciputat,"Ciputat, Tangerang Selatan",,dokter-gigi,2025-06-15 02:37:50
drg. Vincentius Malvin Sugijono,Dokter Gigi,Ciputra Hospital Citra Raya Tangerang,"Panongan, Kabupaten Tangerang",,dokter-gigi,2025-06-15 02:37:50
drg. Vivit Happy Andriani,Dokter Gigi,Ocean Dental Islamic Center Kramat Jaya,"Cilincing, Jakarta Utara",,dokter-gigi,2025-06-15 02:37:50
drg. Wahyu Molariawan,Dokter Gigi,RS JIH Purwokerto,"Kembaran, Kabupaten Banyumas",,dokter-gigi,2025-06-15 02:37:50
drg. Wahyu Molariawan,Dokter Gigi,RS JIH Purwokerto,"Kembaran, Kabupaten Banyumas",,dokter-gigi,2025-06-15 02:37:50
drg. Wahyudi S,Dokter Gigi,Dental Specialist Balikpapan,"Balikpapan Selatan, Kota Balikpapan",,dokter-gigi,2025-06-15 02:37:50
drg. Wenny Margaretha Nusawakan,Dokter Gigi,RS Advent Bandung,"Coblong, Kota Bandung",,dokter-gigi,2025-06-15 02:37:50
drg. Widya Putri Khairani,Dokter Gigi,RS Mitra Plumbon Cibitung,"Cibitung, Kabupaten Bekasi",,dokter-gigi,2025-06-15 02:37:52
"drg. Willy Winardi, Sp. BMM",Dokter Gigi,RS Mitra Medika Pontianak,"Pontianak Kota, Kota Pontianak",,dokter-gigi,2025-06-15 02:37:52
drg. Yasmin Safira Virgiani,Dokter Gigi,Ocean Dental Tebet,"Tebet, Jakarta Selatan",,dokter-gigi,2025-06-15 02:37:52
drg. Yenny Chandra,Dokter Gigi,RS Hosana Medica Lippo Cikarang,"Cikarang Selatan, Kabupaten Bekasi",,dokter-gigi,2025-06-15 02:37:52
drg. Yoan Amelia Yoswara,Dokter Gigi,RS DKH Cibadak,"Cibadak, Kabupaten Sukabumi",,dokter-gigi,2025-06-15 02:37:52
drg. Yogie Purwanto,Dokter Gigi,Siloam Hospitals Putera Bahagia Cirebon,"Harjamukti, Kota Cirebon",,dokter-gigi,2025-06-15 02:37:52
"drg. Yus Arlika, SpBM",Dokter Gigi,RS PMI Bogor,"Bogor Utara, Bogor",,dokter-gigi,2025-06-15 02:37:52
drg. Zahra Rania,Dokter Gigi,RSU PTPN VIII Subang,"Subang, Kabupaten Subang",,dokter-gigi,2025-06-15 02:37:52
drg. Zifah Hamid,Dokter Gigi,RS Al-Islam Bandung,"Rancasari, Kota Bandung",,dokter-gigi,2025-06-15 02:37:52
"drg. [NOVITA SHINTARINI MURWAKANI, SPKG",Dokter Gigi,RS Harapan Bunda Jakarta,"Ciracas, Jakarta Timur",,dokter-gigi,2025-06-15 02:37:52
drg. anisah,Dokter Gigi,Klinik Utama Audy Dental Pondok Bambu,"Duren Sawit, Jakarta Timur",,dokter-gigi,2025-06-15 02:37:55
drg. putri yuniarsih,Dokter Gigi,RS Mekar Sari,"Bekasi Timur, Bekasi",,dokter-gigi,2025-06-15 02:37:55
drg. silviani kirana,Dokter Gigi,Ocean Dental Islamic Center Kramat Jaya,"Cilincing, Jakarta Utara",,dokter-gigi,2025-06-15 02:37:55
drg. siti fatimah,Dokter Gigi,Ocean Dental Karawaci,"Kelapa Dua, Kabupaten Tangerang",,dokter-gigi,2025-06-15 02:37:55
drg. yosefin vania,Dokter Gigi,Ocean Dental Bsd Tangerang,"Serpong Utara, Tangerang Selatan",,dokter-gigi,2025-06-15 02:37:55
"drg.Natallia Pranata,MKes",Dokter Gigi,RSGM Maranatha,"Sukajadi, Kota Bandung",,dokter-gigi,2025-06-15 02:37:55
drg.Ruby Kusnadi,Dokter Gigi,Siloam Hospitals Kebon Jeruk,"Kebon Jeruk, Jakarta Barat",,dokter-gigi,2025-06-15 02:37:55
drg.Zulkarnain said,Dokter Gigi,OMDC Dental Clinic Bogor,"Bogor Utara, Bogor",,dokter-gigi,2025-06-15 02:37:55
"frt. Diajeng Ayuningtyas Dewi, Sp.KGA",Dokter Gigi,Klinik Utama Audy Dental Clinic Bintaro,"Pondok Aren, Tangerang Selatan",,dokter-gigi,2025-06-15 02:37:55
drg. natasha kasakeyan,Dokter Gigi,Klinik Triaz Persada,"Kebayoran Baru, Jakarta Selatan",,dokter-gigi,2025-06-15 02:37:55
drg. A. A. Diah Diarasita S.KG,Dokter Gigi,Dokter Gigi Diah Diarasita Sp. KG,"Buleleng, Kabupaten Buleleng",,dokter-gigi,2025-06-15 02:37:57
Drg. A. A. Ngr. Cahya Satria Putra,Dokter Gigi,halodoc,"Setiabudi, Jakarta Selatan",,dokter-gigi,2025-06-15 02:37:57
Drg. A. Zhafar Fadhal Asyraf,Dokter Gigi,halodoc,"Setiabudi, Jakarta Selatan",,dokter-gigi,2025-06-15 02:37:57
drg. ADE WAHYANTO,Dokter Gigi,drg. ADE WAHYANTO,"Tegalsari, Kota Surabaya",,dokter-gigi,2025-06-15 02:37:57
drg. AGNESE PUTRI PRATIWI,Dokter Gigi,Praktek drg Agnese Putri Pratiwi,"Medan Area, Kota Medan",,dokter-gigi,2025-06-15 02:37:57
drg. ANISYA FEBRIAN SILVIAN,Dokter Gigi,halodoc,"Setiabudi, Jakarta Selatan",,dokter-gigi,2025-06-15 02:37:57
drg. ANISYA FEBRIAN SILVIANI,Dokter Gigi,halodoc,"Setiabudi, Jakarta Selatan",,dokter-gigi,2025-06-15 02:37:57
drg. ANNINDYA MANUR,Dokter Gigi,Klinik ASY-SYAAFI,"Kemayoran, Jakarta Pusat",,dokter-gigi,2025-06-15 02:37:57
drg. ANTA SERI KAMAISWARA,Dokter Gigi,Parahita Diagnostic Center,"Setiabudi, Jakarta Selatan",,dokter-gigi,2025-06-15 02:37:57
drg. AYU ARIE WIRANDA,Dokter Gigi,The Dentist Dental Care,"Serpong, Tangerang Selatan",,dokter-gigi,2025-06-15 02:37:57
drg. AZIS SURYA,Dokter Gigi,Klinik Ketanggungan Medical Center (KMC),"Ketanggungan, Kabupaten Brebes",,dokter-gigi,2025-06-15 02:37:59
drg. Aan Midad Arrizza,Dokter Gigi,Halo Dentist,"Bekasi Utara, Bekasi",,dokter-gigi,2025-06-15 02:37:59
"drg. Abdil Tio, Sp.KG",Dokter Gigi,halodoc,"Setiabudi, Jakarta Selatan",,dokter-gigi,2025-06-15 02:37:59
drg. Abdul Ghani Lathief,Dokter Gigi,drg. Abdul Ghani Lathief,"Jayapura Utara, Kota Jayapura",,dokter-gigi,2025-06-15 02:37:59
Drg. Abdul Malik,Dokter Gigi,halodoc,"Setiabudi, Jakarta Selatan",,dokter-gigi,2025-06-15 02:37:59
Drg. Addini Islamy,Dokter Gigi,halodoc,"Setiabudi, Jakarta Selatan",,dokter-gigi,2025-06-15 02:37:59
drg. Ade Amelia Rizqi,Dokter Gigi,FDC CIBUBUR,"Ciracas, Jakarta Timur",,dokter-gigi,2025-06-15 02:37:59
Drg. Ade Sandra,Dokter Gigi,Praktek drg Ade Sandra,"Menteng, Jakarta Pusat",,dokter-gigi,2025-06-15 02:37:59
drg. Adelia Caryabudi,Dokter Gigi,Aesthetics Dental care,"Serpong, Tangerang Selatan",,dokter-gigi,2025-06-15 02:37:59
drg. Adelia Widyana Kartika,Dokter Gigi,Odyssey Dental Clinic,"Sawangan, Depok",,dokter-gigi,2025-06-15 02:37:59
drg. Adelina Rahmayani,Dokter Gigi,Dentalle Clinic,"Pinang, Tangerang",,dokter-gigi,2025-06-15 02:38:02
drg. Adhara,Dokter Gigi,Mutiara Dental Care Banyuanyar (Dokter Gigi Solo),"Banjarsari, Kota Surakarta",,dokter-gigi,2025-06-15 02:38:02
Drg. Adhe Susanti,Dokter Gigi,halodoc,"Setiabudi, Jakarta Selatan",,dokter-gigi,2025-06-15 02:38:02
Drg. Adhika Pratama,Dokter Gigi,Apotek Sudirman,"Banjarsari, Kabupaten Ciamis",,dokter-gigi,2025-06-15 02:38:02
drg. Adhimas Athaya,Dokter Gigi,Klinik Gigi Tangerang - FDC Citra Raya,"Cikupa, Kabupaten Tangerang",,dokter-gigi,2025-06-15 02:38:02
drg Adhitya Sofyati Dewi,Dokter Gigi,halodoc,"Setiabudi, Jakarta Selatan",,dokter-gigi,2025-06-15 02:38:02
Drg. Adika Dwisatya Ramadhani,Dokter Gigi,halodoc,"Setiabudi, Jakarta Selatan",,dokter-gigi,2025-06-15 02:38:02
drg. Adillah Faridh,Dokter Gigi,"GIGI TOBI - Dokter Gigi Sumedang (Anak, Dewasa & Estetik)","Sumedang Utara, Kabupaten Sumedang",,dokter-gigi,2025-06-15 02:38:02
drg. Adina Rahmayanti,Dokter Gigi,Bio Medika Semanan,"Cengkareng, Jakarta Barat",,dokter-gigi,2025-06-15 02:38:02
drg. Adinda Amana Sabila,Dokter Gigi,Klinik gigi ARZA DENTAL OFFICE -,"Cengkareng, Jakarta Barat",,dokter-gigi,2025-06-15 02:38:02
drg. Adisti,Dokter Gigi,Kimia Farma Depok,"Sukmajaya, Depok",,dokter-gigi,2025-06-15 02:38:05
drg. Adisti,Dokter Gigi,Kimia Farma Depok,"Sukmajaya, Depok",,dokter-gigi,2025-06-15 02:38:05
Drg. Adisvia Ramadhanty,Dokter Gigi,SOZO DENTAL,"Batuceper, Tangerang",,dokter-gigi,2025-06-15 02:38:05
drg Adith,Dokter Gigi,halodoc,"Setiabudi, Jakarta Selatan",,dokter-gigi,2025-06-15 02:38:05
drg. Aditya Johan,Dokter Gigi,halodoc,"Setiabudi, Jakarta Selatan",,dokter-gigi,2025-06-15 02:38:05
drg. Aditya Johan,Dokter Gigi,halodoc,"Setiabudi, Jakarta Selatan",,dokter-gigi,2025-06-15 02:38:05
drg Adiwoso,Dokter Gigi,Adiwoso Family dentistry,"Cempaka Putih, Jakarta Pusat",,dokter-gigi,2025-06-15 02:38:05
drg. Adizti Bintang Chandrarini,Dokter Gigi,Klinik Gigi Dentes Depok,"Pancoran Mas, Depok",,dokter-gigi,2025-06-15 02:38:05
drg. Adizti Lintang Chandrarini,Dokter Gigi,Klinik Gigi Dentes Depok,"Pancoran Mas, Depok",,dokter-gigi,2025-06-15 02:38:05
drg. Adrian Setiawan,Dokter Gigi,drg Adrian S,"Cempaka Putih, Jakarta Pusat",,dokter-gigi,2025-06-15 02:38:05
drg. Adrian Setiawan,Dokter Gigi,RS St. Carolus Salemba,"Senen, Jakarta Pusat",,dokter-gigi,2025-06-15 02:38:07
drg. Adrian Setiawan,Dokter Gigi,RS St. Carolus Salemba,"Senen, Jakarta Pusat",,dokter-gigi,2025-06-15 02:38:07
drg. Adrian Setiawan,Dokter Gigi,RS St. Carolus Salemba,"Senen, Jakarta Pusat",https://d1ojs48v3n42tp.cloudfront.net/personnels/826029_20-6-2023_12-42-50.png,dokter-gigi,2025-06-15 02:38:07
Drg. Adriani Sari Fadillah,Dokter Gigi,halodoc,"Setiabudi, Jakarta Selatan",,dokter-gigi,2025-06-15 02:38:07
Drg. Afizah Nora Santi,Dokter Gigi,halodoc,"Setiabudi, Jakarta Selatan",,dokter-gigi,2025-06-15 02:38:07
Drg. Afrida P. Panggabean,Dokter Gigi,drg. ALFRIDA MARSINTA PANGGABEAN,"Maro Sebo Ulu, Kabupaten Batanghari",,dokter-gigi,2025-06-15 02:38:07
Drg. Afrizal Usasra,Dokter Gigi,Dokter Gigi Afrizal Usasra,"Bekasi Selatan, Bekasi",,dokter-gigi,2025-06-15 02:38:07
drg. Agil Fajar Ramadon,Dokter Gigi,Dokter Gigi Sidoarjo | Finest Dental Care,"Sidoarjo, Kabupaten Sidoarjo",,dokter-gigi,2025-06-15 02:38:07
drg. Agnatius Irawan,Dokter Gigi,Klinik Gigi Noto Sunter - Spesialis Invisalign & Dental Implant,"Tanjung Priok, Jakarta Utara",,dokter-gigi,2025-06-15 02:38:07
Drg. Agnella Gwenisa,Dokter Gigi,halodoc,"Setiabudi, Jakarta Selatan",,dokter-gigi,2025-06-15 02:38:07
Drg. Agnes,Dokter Gigi,Klinik Rata,"Kelapa Gading, Jakarta Utara",,dokter-gigi,2025-06-15 02:38:10
drg. Agnes Linggriani Sp KGA,Dokter Gigi,Kiddie Care Center,"Tanjung Priok, Jakarta Utara",,dokter-gigi,2025-06-15 02:38:10
Drg. Agnes Triani,Dokter Gigi,halodoc,"Setiabudi, Jakarta Selatan",,dokter-gigi,2025-06-15 02:38:10
drg Agnes Triani,Dokter Gigi,Halodoc Teleconsultation,"Setiabudi, Jakarta Selatan",,dokter-gigi,2025-06-15 02:38:10
drg. Agrippina Maria Winardi,Dokter Gigi,halodoc,"Setiabudi, Jakarta Selatan",,dokter-gigi,2025-06-15 02:38:10
dr. Agung Karyawines,Dokter Gigi,Klinik Permata Husada,"Ranca Bungur, Kabupaten Bogor",,dokter-gigi,2025-06-15 02:38:10
drg. Agung Nugroho,Dokter Gigi,drg. Agung Nugroho,"Bekasi Barat, Bekasi",,dokter-gigi,2025-06-15 02:38:10
drg. Agung Widianto Ismana,Dokter Gigi,ARINI Dental Care,"Karawang Timur, Kabupaten Karawang",,dokter-gigi,2025-06-15 02:38:10
Drg. Agus,Dokter Gigi,halodoc,"Setiabudi, Jakarta Selatan",,dokter-gigi,2025-06-15 02:38:10
drg. Agus Nuryanto,Dokter Gigi,Praktek Dokter Gigi .,"Jagakarsa, Jakarta Selatan",,dokter-gigi,2025-06-15 02:38:10
drg. Agus Riyanto,Dokter Gigi,Parahita Diagnostic Center,"Setiabudi, Jakarta Selatan",,dokter-gigi,2025-06-15 02:38:12
"drg. Agus Setiawan, Sp.KG",Dokter Gigi,"drg. Agus Setiawan, Sp.KG","Babakan Madang, Kabupaten Bogor",,dokter-gigi,2025-06-15 02:38:12
Drg. Agussiswanto M.Kes,Dokter Gigi,halodoc,"Setiabudi, Jakarta Selatan",,dokter-gigi,2025-06-15 02:38:12
Drg. Agustina Putri Rahayu,Dokter Gigi,halodoc,"Setiabudi, Jakarta Selatan",,dokter-gigi,2025-06-15 02:38:12
drg. Agustindarini m.m.,Dokter Gigi,drg. Agustindarini,"Rumbai, Kota Pekanbaru",,dokter-gigi,2025-06-15 02:38:12
drg. Ahmad Dzikran Najib,Dokter Gigi,halodoc,"Setiabudi, Jakarta Selatan",,dokter-gigi,2025-06-15 02:38:12
drg. Ahmad Fachri Sp.KGA,Dokter Gigi,halodoc,"Setiabudi, Jakarta Selatan",,dokter-gigi,2025-06-15 02:38:12
drg. Ahmad Fahri Sp.KGA,Dokter Gigi,RSU Mawar,"Bogor Utara, Bogor",,dokter-gigi,2025-06-15 02:38:12
drg Ahmad Faris Adli Izzuddin,Dokter Gigi,AHMAD DENTAL CLINIC Jakarta,"Duren Sawit, Jakarta Timur",,dokter-gigi,2025-06-15 02:38:12
drg. Ahmad Mahfud S.A,Dokter Gigi,Praktek Dokter Gigi Dentist Street,"Matraman, Jakarta Timur",,dokter-gigi,2025-06-15 02:38:12
Drg. Ahyar Mujahidah,Dokter Gigi,halodoc,"Setiabudi, Jakarta Selatan",,dokter-gigi,2025-06-15 02:38:15
Drg. Aiba Farida,Dokter Gigi,Praktek Dokter Gigi..,"Gambir, Jakarta Pusat",,dokter-gigi,2025-06-15 02:38:15
Drg. Aifa Puspadewi,Dokter Gigi,halodoc,"Setiabudi, Jakarta Selatan",,dokter-gigi,2025-06-15 02:38:15
drg. Aini Mumtazah,Dokter Gigi,Gemilang Dental Care,"Klapanunggal, Kabupaten Bogor",,dokter-gigi,2025-06-15 02:38:15
drg. Ajeng Saraswati Risdiana,Dokter Gigi,AININ DENTAL CARE KARAWANG,"Klari, Kabupaten Karawang",,dokter-gigi,2025-06-15 02:38:15
Drg. Ajeng Triana,Dokter Gigi,halodoc,"Setiabudi, Jakarta Selatan",,dokter-gigi,2025-06-15 02:38:15
drg. Aji Soeryopoetro,Dokter Gigi,Ocean Dental Maxwell,"Pandeglang, Kabupaten Pandeglang",,dokter-gigi,2025-06-15 02:38:15
drg. Ajrina Faustin Izzati,Dokter Gigi,Klinik Gigi Cerita Gigi,"Bekasi Utara, Bekasi",,dokter-gigi,2025-06-15 02:38:15
drg. Akhiri Maudilah,Dokter Gigi,halodoc,"Setiabudi, Jakarta Selatan",,dokter-gigi,2025-06-15 02:38:15
drg. Akila Prasasya,Dokter Gigi,Akila Dental,"Penjaringan, Jakarta Utara",,dokter-gigi,2025-06-15 02:38:15
drg. Akmalia Kurniati,Dokter Gigi,drg. Akmalia Kurniati (Anne),"Teluknaga, Kabupaten Tangerang",,dokter-gigi,2025-06-15 02:38:17
drg. Al Qudsi Fadjrianti,Dokter Gigi,Klinik Gigi Bandung - FDC Kopo,"Margahayu, Kabupaten Bandung",,dokter-gigi,2025-06-15 02:38:17
drg. Alberto Dima,Dokter Gigi,With Smile Dental Clinic (WSDC) - Klinik Gigi Depok Margo City,"Beji, Depok",,dokter-gigi,2025-06-15 02:38:17
drg. Aldhi Sp.KG,Dokter Gigi,Klinik Audy Dental,"Setiabudi, Jakarta Selatan",,dokter-gigi,2025-06-15 02:38:17
"drg. Aldhi , Sp.KG",Dokter Gigi,Total Dental Care,"Tangerang, Tangerang",,dokter-gigi,2025-06-15 02:38:17
drg. Aldora Nikel Larasati,Dokter Gigi,Praktek Dokter Gigi FinDentist,"Kaliwates, Kabupaten Jember",,dokter-gigi,2025-06-15 02:38:17
Drg. Aldy Novrizal,Dokter Gigi,halodoc,"Setiabudi, Jakarta Selatan",,dokter-gigi,2025-06-15 02:38:17
drg. Aleina Indira,Dokter Gigi,sozo dental clinic pondok bambu,"Duren Sawit, Jakarta Timur",,dokter-gigi,2025-06-15 02:38:17
drg. Alex Syah Putro,Dokter Gigi,Praktek Dokter Gigi .,"Jagakarsa, Jakarta Selatan",,dokter-gigi,2025-06-15 02:38:17
drg. Alex Syah Putro,Dokter Gigi,Praktek Dokter Gigi .,"Jagakarsa, Jakarta Selatan",,dokter-gigi,2025-06-15 02:38:17
drg. Alfin Beta Sucita,Dokter Gigi,Praktek dokter.,"Bukit Raya, Kota Pekanbaru",,dokter-gigi,2025-06-15 02:38:19
drg. Alfin Beta Sucita,Dokter Gigi,Praktek Dokter Gigi..,"Gambir, Jakarta Pusat",,dokter-gigi,2025-06-15 02:38:19
drg. Alfri Yullizar Anhar,Dokter Gigi,halodoc,"Setiabudi, Jakarta Selatan",,dokter-gigi,2025-06-15 02:38:19
drg. AliLa Amani Dewi,Dokter Gigi,Satu Dental Cipayung Bina Marga,"Cipayung, Jakarta Timur",,dokter-gigi,2025-06-15 02:38:19
drg. AliLa Amani Dewi,Dokter Gigi,Satu Dental Cipayung Bina Marga,"Cipayung, Jakarta Timur",,dokter-gigi,2025-06-15 02:38:19
dr Alia Rakhma Lina,Dokter Gigi,Praktek Dokter Gigi Alia Rakhma Lina,"Johar Baru, Jakarta Pusat",,dokter-gigi,2025-06-15 02:38:19
Drg. Alia Rakhma Lina,Dokter Gigi,Praktek Dokter Gigi Alia Rakhma Lina,"Johar Baru, Jakarta Pusat",,dokter-gigi,2025-06-15 02:38:19
Drg. Alief Primadiansah,Dokter Gigi,halodoc,"Setiabudi, Jakarta Selatan",,dokter-gigi,2025-06-15 02:38:19
Drg. Alifia Wandansari,Dokter Gigi,halodoc,"Setiabudi, Jakarta Selatan",,dokter-gigi,2025-06-15 02:38:19
drg. Alifian Harist Ramdhani Nur,Dokter Gigi,drg. Alifian Harist Ramdhani Nur,"Cempaka Putih, Jakarta Pusat",,dokter-gigi,2025-06-15 02:38:19
drg. Alilya Canger Pratama,Dokter Gigi,Praktek dokter mandiri,"Cileunyi, Kabupaten Bandung",,dokter-gigi,2025-06-15 02:38:22
drg. Alisa Nadia Kirana,Dokter Gigi,Klinik Gigi Drg. Alisa Nadia,"Bekasi Utara, Bekasi",,dokter-gigi,2025-06-15 02:38:22
drg. Alisa Nadia Kirana,Dokter Gigi,drg. Alisa Nadia Kirana,"Senen, Jakarta Pusat",,dokter-gigi,2025-06-15 02:38:22
drg. Alisa Nadia Kirana,Dokter Gigi,Klinik Gigi Drg. Alisa Nadia,"Bekasi Utara, Bekasi",,dokter-gigi,2025-06-15 02:38:22
drg Alisa Nadia Kirana,Dokter Gigi,Klinik Gigi Drg. Alisa Nadia,"Bekasi Utara, Bekasi",,dokter-gigi,2025-06-15 02:38:22
drg. Alisa Nadia Kirana,Dokter Gigi,Klinik Gigi Drg. Alisa Nadia,"Bekasi Utara, Bekasi",,dokter-gigi,2025-06-15 02:38:22
drg. Alisa Nadia Kirana,Dokter Gigi,Klinik Gigi Drg. Alisa Nadia,"Bekasi Utara, Bekasi",,dokter-gigi,2025-06-15 02:38:22
drg. Alisa Nadia Kirana,Dokter Gigi,Klinik Gigi Drg. Alisa Nadia,"Bekasi Utara, Bekasi",,dokter-gigi,2025-06-15 02:38:22
drg. Almira Adil,Dokter Gigi,Rnr Dental Practice,"Tebet, Jakarta Selatan",,dokter-gigi,2025-06-15 02:38:22
drg. Almira Ayu Nadia,Dokter Gigi,MedisSmile,"Cakung, Jakarta Timur",,dokter-gigi,2025-06-15 02:38:22
drg. Almira Ayu Nadia,Dokter Gigi,MedisSmile,"Cakung, Jakarta Timur",,dokter-gigi,2025-06-15 02:38:24
Drg. Almira Widya,Dokter Gigi,halodoc,"Setiabudi, Jakarta Selatan",,dokter-gigi,2025-06-15 02:38:24
drg. Alvia Devriani,Dokter Gigi,Praktek dokter.,"Bukit Raya, Kota Pekanbaru",,dokter-gigi,2025-06-15 02:38:24
drg. Alvia Devriani,Dokter Gigi,SINNUN DENTAL,"Klojen, Kota Malang",,dokter-gigi,2025-06-15 02:38:24
drg. Alvia Devriani,Dokter Gigi,SINNUN DENTAL,"Klojen, Kota Malang",,dokter-gigi,2025-06-15 02:38:24
drg. Alvia Devriani,Dokter Gigi,SINNUN DENTAL,"Klojen, Kota Malang",,dokter-gigi,2025-06-15 02:38:24
drg. Alvia Devriani,Dokter Gigi,SINNUN DENTAL,"Klojen, Kota Malang",,dokter-gigi,2025-06-15 02:38:24
drg. Alvin Djojohandoko Sp.BM,Dokter Gigi,halodoc,"Setiabudi, Jakarta Selatan",,dokter-gigi,2025-06-15 02:38:24
drg. Alvin Djojohandoko Sp.BM,Dokter Gigi,halodoc,"Setiabudi, Jakarta Selatan",,dokter-gigi,2025-06-15 02:38:24
drg. Amalia Idaman Sehan Putri,Dokter Gigi,halodoc,"Setiabudi, Jakarta Selatan",,dokter-gigi,2025-06-15 02:38:24
drg. Amalia Putri,Dokter Gigi,SIMA LAB,"Gurah, Kabupaten Kediri",,dokter-gigi,2025-06-15 02:38:27
drg. AmaliyatunNida Al-Khansa,Dokter Gigi,DENTES TRIDADI,"Sanden, Kabupaten Bantul",,dokter-gigi,2025-06-15 02:38:27
drg. Amanah Nabila F,Dokter Gigi,Dluks Dental Clinic,"Koto Tangah, Kota Padang",,dokter-gigi,2025-06-15 02:38:27
drg. Amanda Elizabeth,Dokter Gigi,Ys Aesthetic Dental Care,"Singkawang Barat, Kota Singkawang",,dokter-gigi,2025-06-15 02:38:27
drg. Amanda Raditha Dwiandini,Dokter Gigi,KLINIK GIGI OMDC POINT SUMMARECON BEKASI,"Bekasi Utara, Bekasi",,dokter-gigi,2025-06-15 02:38:27
drg. Amanda Raditha Dwiandini,Dokter Gigi,KLINIK GIGI OMDC POINT SUMMARECON BEKASI,"Bekasi Utara, Bekasi",,dokter-gigi,2025-06-15 02:38:27
drg. Amelia Alfiani,Dokter Gigi,halodoc,"Setiabudi, Jakarta Selatan",,dokter-gigi,2025-06-15 02:38:27
drg. Amelia Alfiani,Dokter Gigi,halodoc,"Setiabudi, Jakarta Selatan",,dokter-gigi,2025-06-15 02:38:27
drg. Amelia Alfiani,Dokter Gigi,KLINIK OCEAN DENTAL,"Cilodong, Depok",,dokter-gigi,2025-06-15 02:38:27
drg. Amelia Alfiani,Dokter Gigi,halodoc,"Setiabudi, Jakarta Selatan",,dokter-gigi,2025-06-15 02:38:27
drg. Amelia Amanda,Dokter Gigi,KLINIK GIGI NITI,"Tangerang, Tangerang",,dokter-gigi,2025-06-15 02:38:29
drg. Amelia Amanda Lubis,Dokter Gigi,KLINIK GIGI NITI,"Tangerang, Tangerang",,dokter-gigi,2025-06-15 02:38:29
drg. Amila SPKEA,Dokter Gigi,Apotek Amanah Keluarga,"Bojonggede, Kabupaten Bogor",,dokter-gigi,2025-06-15 02:38:29
drg. Amila Yumna,Dokter Gigi,halodoc,"Setiabudi, Jakarta Selatan",,dokter-gigi,2025-06-15 02:38:29
drg. Aminatu Nur Rahma,Dokter Gigi,Verdentia Dental Care,"Cempaka Putih, Jakarta Pusat",,dokter-gigi,2025-06-15 02:38:29
drg. Amy Oktaviasanti,Dokter Gigi,halodoc,"Setiabudi, Jakarta Selatan",,dokter-gigi,2025-06-15 02:38:29
Drg. Ana Fransina Rumlus,Dokter Gigi,halodoc,"Setiabudi, Jakarta Selatan",,dokter-gigi,2025-06-15 02:38:29
Dr. Ananta Putra,Dokter Gigi,Klinik Casadienta,"Setiabudi, Jakarta Selatan",,dokter-gigi,2025-06-15 02:38:29
"Drg. Ananta Tanuharjo , Mkes.Cert.Ort.,Msc",Dokter Gigi,"Drg Ananta Tanuharjo, Mkes.Cert.Ort.,Msc","Grogol Petamburan, Jakarta Barat",,dokter-gigi,2025-06-15 02:38:29
drg. Anastasia Diajeng Sarwono,Dokter Gigi,Klinik Dokter Gigi Anastasia Diajeng Sarwono (Ali Akbar Alam),"Cilandak, Jakarta Selatan",,dokter-gigi,2025-06-15 02:38:29
drg. Andara Refiana Friyandini,Dokter Gigi,Praktek Dokter Gigi .,"Jagakarsa, Jakarta Selatan",,dokter-gigi,2025-06-15 02:38:32
drg. Andhika Dara Asmara Putri,Dokter Gigi,Pacific Dental Clinic,"Setiabudi, Jakarta Selatan",,dokter-gigi,2025-06-15 02:38:32
drg. Andhyta Rifda Ramadhani,Dokter Gigi,Praktek Dokter Gigi..,"Gambir, Jakarta Pusat",,dokter-gigi,2025-06-15 02:38:32
drg. Andi Ainun Mardiyah,Dokter Gigi,Drg. Andi Ainun Mardiyah,"Balikpapan Selatan, Kota Balikpapan",,dokter-gigi,2025-06-15 02:38:32
drg. Andi Ainun Mardiyah,Dokter Gigi,Drg. Andi Ainun Mardiyah,"Balikpapan Selatan, Kota Balikpapan",,dokter-gigi,2025-06-15 02:38:32
drg. Andika Hidayat,Dokter Gigi,Zavirs Dental Care,"Karawang Barat, Kabupaten Karawang",,dokter-gigi,2025-06-15 02:38:32
drg. Andrawina Aisyah Dewanti,Dokter Gigi,AKSA Dental Care,"Kedungkandang, Kota Malang",,dokter-gigi,2025-06-15 02:38:32
drg. Andreas,Dokter Gigi,Apotek K24,"Banjarbaru Selatan, Kota Banjarbaru",,dokter-gigi,2025-06-15 02:38:32
drg. Andreas Wijaya,Dokter Gigi,Praktek Pribadi drg. Andi Rachmat,"Tambun Selatan, Kabupaten Bekasi",,dokter-gigi,2025-06-15 02:38:32
drg. Andres Jordan Sp. Pros,Dokter Gigi,ORCA DENTAL STUDIO,"Palu Selatan, Kota Palu",,dokter-gigi,2025-06-15 02:38:32
drg. Andres Jordan,Dokter Gigi,ORCA DENTAL STUDIO,"Palu Selatan, Kota Palu",,dokter-gigi,2025-06-15 02:38:34
Drg. Andres Jordan,Dokter Gigi,ORCA DENTAL STUDIO,"Palu Selatan, Kota Palu",,dokter-gigi,2025-06-15 02:38:34
drg. Andres Jordan,Dokter Gigi,ORCA DENTAL STUDIO,"Palu Selatan, Kota Palu",,dokter-gigi,2025-06-15 02:38:34
drg. Andrew D Rawis,Dokter Gigi,Praktek Mandiri drg. Andrew D Rawis,"Dukuh Pakis, Kota Surabaya",,dokter-gigi,2025-06-15 02:38:34
drg. Andri Bastian S.IP,Dokter Gigi,"drg. Andri Bastian, S.IP","Mangkubumi, Kota Tasikmalaya",,dokter-gigi,2025-06-15 02:38:34
Drg. Andrianto Sp.BM,Dokter Gigi,Aesthetics Dental care,"Serpong, Tangerang Selatan",,dokter-gigi,2025-06-15 02:38:34
drg. Andrid Hapsari,Dokter Gigi,D'Dentis Dental Care,"Jatinegara, Jakarta Timur",,dokter-gigi,2025-06-15 02:38:34
drg. Andzar F.,Dokter Gigi,Casadienta Wastukencana,"Banjaran, Kabupaten Bandung",,dokter-gigi,2025-06-15 02:38:34
Drg. Angel Monica,Dokter Gigi,halodoc,"Setiabudi, Jakarta Selatan",,dokter-gigi,2025-06-15 02:38:34
drg. Angelia Elgergo,Dokter Gigi,halodoc,"Setiabudi, Jakarta Selatan",,dokter-gigi,2025-06-15 02:38:34
drg. Angelica Tania Darmali,Dokter Gigi,Klinik Abdi Mulia,"Sukomanunggal, Kota Surabaya",,dokter-gigi,2025-06-15 02:38:37
drg. Anggi Faradiba,Dokter Gigi,UNDC DENTAL CLINIC,"Susukan Lebak, Kabupaten Cirebon",,dokter-gigi,2025-06-15 02:38:37
drg. Anggraini Wiriaatmadja,Dokter Gigi,Praktek Dokter Gigi..,"Gambir, Jakarta Pusat",,dokter-gigi,2025-06-15 02:38:37
drg. Aninda Kartika Dewi,Dokter Gigi,Klinik Gigi OMDC Dental Margonda,"Beji, Depok",,dokter-gigi,2025-06-15 02:38:37
drg. Anindita Cindy Felicia,Dokter Gigi,Klinik Pratama ST. Laurentius,"Sukasari, Kota Bandung",,dokter-gigi,2025-06-15 02:38:37
drg. Anindita Prasasya,Dokter Gigi,Akila Dental,"Penjaringan, Jakarta Utara",,dokter-gigi,2025-06-15 02:38:37
drg. Anindya Astin,Dokter Gigi,drg.Reza Astin,"Cikarang Pusat, Kabupaten Bekasi",,dokter-gigi,2025-06-15 02:38:37
drg. Anindya Astin,Dokter Gigi,drg.Anindyajati W,"Tangerang, Tangerang",,dokter-gigi,2025-06-15 02:38:37
drg. Anindya Putri Permatasari,Dokter Gigi,Siloam Hospitals Banjarmasin,"Banjarmasin Tengah, Kota Banjarmasin",https://d1ojs48v3n42tp.cloudfront.net/personnels/65281_1-11-2022_9-59-13.jpeg,dokter-gigi,2025-06-15 02:38:37
drg. Anis Rahmah,Dokter Gigi,Klinik Mutiara Sehat (Bidan Sri Anggi),"Klari, Kabupaten Karawang",,dokter-gigi,2025-06-15 02:38:37
Drg. Anisa Nuraida,Dokter Gigi,Praktek Dokter Gigi Drg. Anisa Nuraida,"Cianjur, Kabupaten Cianjur",,dokter-gigi,2025-06-15 02:38:40
drg Anisa Nurhaliza,Dokter Gigi,Kidz Dental Care & Orthodontic Clinic,"Kembangan, Jakarta Barat",,dokter-gigi,2025-06-15 02:38:40
Drg. Anisa Nursantika,Dokter Gigi,halodoc,"Setiabudi, Jakarta Selatan",,dokter-gigi,2025-06-15 02:38:40
drg. Anisa Rahmah,Dokter Gigi,Klinik Mutiara Sehat 1,"Telukjambe Timur, Kabupaten Karawang",,dokter-gigi,2025-06-15 02:38:40
Drg. Anisa Yohana Gultom,Dokter Gigi,halodoc,"Setiabudi, Jakarta Selatan",,dokter-gigi,2025-06-15 02:38:40
drg. Anisya Febrian Sulviani,Dokter Gigi,halodoc,"Setiabudi, Jakarta Selatan",,dokter-gigi,2025-06-15 02:38:40
Drg. Anita Silvia Arief,Dokter Gigi,halodoc,"Setiabudi, Jakarta Selatan",,dokter-gigi,2025-06-15 02:38:40
drg Anita Wulandari,Dokter Gigi,halodoc,"Setiabudi, Jakarta Selatan",,dokter-gigi,2025-06-15 02:38:40
drg. Anitha Paramasari,Dokter Gigi,Gemilang Dental Care,"Klapanunggal, Kabupaten Bogor",,dokter-gigi,2025-06-15 02:38:40
drg. Anjanette Pinasthika,Dokter Gigi,SOZO DENTAL,"Batuceper, Tangerang",,dokter-gigi,2025-06-15 02:38:40
Drg. Anna Handayani S.KG,Dokter Gigi,halodoc,"Setiabudi, Jakarta Selatan",,dokter-gigi,2025-06-15 02:38:42
drg. Anna Novita,Dokter Gigi,Klinik Dokter Gigi drg. Mayang Sari,"Pasar Rebo, Jakarta Timur",,dokter-gigi,2025-06-15 02:38:42
drg. Anna Suciana,Dokter Gigi,Praktik Dokter Gigi Dewi Noviati Suparno,"Cilodong, Depok",,dokter-gigi,2025-06-15 02:38:42
drg. Annisa Amalia,Dokter Gigi,Senjakala Dental Care,"Kelapa Dua, Kabupaten Tangerang",,dokter-gigi,2025-06-15 02:38:42
drg. Annisa Diah,Dokter Gigi,Kayaka Dental Care,"Cikarang Barat, Kabupaten Bekasi",,dokter-gigi,2025-06-15 02:38:42
Drg. Annisa Permatasari,Dokter Gigi,halodoc,"Setiabudi, Jakarta Selatan",,dokter-gigi,2025-06-15 02:38:42
drg. Annisa Putri Ananda,Dokter Gigi,iSmile Family Dental Care,"Cempaka Putih, Jakarta Pusat",,dokter-gigi,2025-06-15 02:38:42
drg. Annisa Rahma,Dokter Gigi,halodoc,"Setiabudi, Jakarta Selatan",,dokter-gigi,2025-06-15 02:38:42
drg Annisa Rahma,Dokter Gigi,halodoc,"Setiabudi, Jakarta Selatan",,dokter-gigi,2025-06-15 02:38:42
drg. Annisa Rahma,Dokter Gigi,halodoc,"Setiabudi, Jakarta Selatan",,dokter-gigi,2025-06-15 02:38:42
Drg. Annisa Rahmakarina,Dokter Gigi,halodoc,"Setiabudi, Jakarta Selatan",,dokter-gigi,2025-06-15 02:38:45
Drg. Annisa Wicita Mustain,Dokter Gigi,halodoc,"Setiabudi, Jakarta Selatan",,dokter-gigi,2025-06-15 02:38:45
drg. Annisaa Dilah,Dokter Gigi,Kayaka Dental Care,"Cikarang Barat, Kabupaten Bekasi",,dokter-gigi,2025-06-15 02:38:45
Drg. Anny Lestari,Dokter Gigi,Praktek Dokter Gigi .,"Jagakarsa, Jakarta Selatan",,dokter-gigi,2025-06-15 02:38:45
drg. Anryani Sidiki,Dokter Gigi,halodoc,"Setiabudi, Jakarta Selatan",,dokter-gigi,2025-06-15 02:38:45
drg. Anthonius Krishna Aditya Putera,Dokter Gigi,King Dental Care,"Pekanbaru Kota, Kota Pekanbaru",,dokter-gigi,2025-06-15 02:38:45
Drg. Antonia Dea Kartika,Dokter Gigi,halodoc,"Setiabudi, Jakarta Selatan",,dokter-gigi,2025-06-15 02:38:45
drg. Antonius,Dokter Gigi,drg Antonius,"Banyumanik, Kota Semarang",,dokter-gigi,2025-06-15 02:38:45
drg. Antonius,Dokter Gigi,drg Antonius,"Banyumanik, Kota Semarang",,dokter-gigi,2025-06-15 02:38:45
Drg. Antonius Irwan,Dokter Gigi,Klinik Gigi Noto Sunter - Spesialis Invisalign & Dental Implant,"Tanjung Priok, Jakarta Utara",,dokter-gigi,2025-06-15 02:38:45
Dr. Aprian Nur Ramadhan,Dokter Gigi,halodoc,"Setiabudi, Jakarta Selatan",,dokter-gigi,2025-06-15 02:38:47
Drg. Aprian Nur Ramadhan,Dokter Gigi,halodoc,"Setiabudi, Jakarta Selatan",,dokter-gigi,2025-06-15 02:38:47
drg. Aprilia Hanum,Dokter Gigi,Kazuma Dental,"Sukawangi, Kabupaten Bekasi",,dokter-gigi,2025-06-15 02:38:47
drg. Aprisda Kusuma Galan,Dokter Gigi,halodoc,"Setiabudi, Jakarta Selatan",,dokter-gigi,2025-06-15 02:38:47
drg. Aprisda Kusuma Galan,Dokter Gigi,El Dental Esthetic,"Tuminiting, Kota Manado",,dokter-gigi,2025-06-15 02:38:47
drg. Apriyani Florinda,Dokter Gigi,halodoc,"Setiabudi, Jakarta Selatan",,dokter-gigi,2025-06-15 02:38:47
drg. Apriyani Florinda,Dokter Gigi,SDC Dental Clinic - Sunter,"Tanjung Priok, Jakarta Utara",,dokter-gigi,2025-06-15 02:38:47
"drg. Aquarina Hapsari, Sp.KGA",Dokter Gigi,Sistem Klinik Assist.id,"Pekanbaru Kota, Kota Pekanbaru",,dokter-gigi,2025-06-15 02:38:47
Drg. Ardiansyah Adnin,Dokter Gigi,halodoc,"Setiabudi, Jakarta Selatan",,dokter-gigi,2025-06-15 02:38:47
drg. Ardiles Johan,Dokter Gigi,halodoc,"Setiabudi, Jakarta Selatan",,dokter-gigi,2025-06-15 02:38:47
drg. Ardista Rani L.,Dokter Gigi,MEDIKIDS JGC,"Cikarang Selatan, Kabupaten Bekasi",,dokter-gigi,2025-06-15 02:38:50
Drg. Ardyan Gilang Rahmadhan,Dokter Gigi,halodoc,"Setiabudi, Jakarta Selatan",,dokter-gigi,2025-06-15 02:38:50
Drg. Ari Murdiansyah M.M,Dokter Gigi,halodoc,"Setiabudi, Jakarta Selatan",,dokter-gigi,2025-06-15 02:38:50
Drg. Ari Nugroho R.,Dokter Gigi,Drg. Ari Nugroho R.,"Tegalsari, Kota Surabaya",,dokter-gigi,2025-06-15 02:38:50
Drg. Ari Nugroho R.,Dokter Gigi,Drg. Ari Nugroho R.,"Tegalsari, Kota Surabaya",,dokter-gigi,2025-06-15 02:38:50
Drg. Ari Purwani,Dokter Gigi,Kirari Dental Care,"Lengkong, Kota Bandung",,dokter-gigi,2025-06-15 02:38:50
drg. Ariani,Dokter Gigi,Praktek dokter.,"Bukit Raya, Kota Pekanbaru",,dokter-gigi,2025-06-15 02:38:50
drg. Arief Abd. Gaffar,Dokter Gigi,Klinik Gigi Parakita Medika,"Biringkanaya, Kota Makassar",,dokter-gigi,2025-06-15 02:38:50
drg. Arief Munawar,Dokter Gigi,Klinik Gigi OMDC Dental Margonda,"Beji, Depok",,dokter-gigi,2025-06-15 02:38:50
drg. Arief Setiawan,Dokter Gigi,GENZIA DENTAL CARE,"Wer Tamrian, Kabupaten Maluku Tenggara Barat",,dokter-gigi,2025-06-15 02:38:50
Ariesda drg,Dokter Gigi,Klinik Gigi IDC,"Pamulang, Tangerang Selatan",,dokter-gigi,2025-06-15 02:38:52
drg. Arina Hidayati,Dokter Gigi,Praktek drg. Arina Hidayati,"Kedungwuni, Kabupaten Pekalongan",,dokter-gigi,2025-06-15 02:38:52
drg. Arinda Fathya,Dokter Gigi,KLINIK GIGIKU SEHAT (BOGOR),"Bogor Utara, Bogor",,dokter-gigi,2025-06-15 02:38:52
drg. Aringa Fathya,Dokter Gigi,KLINIK GIGIKU SEHAT (BOGOR),"Bogor Utara, Bogor",,dokter-gigi,2025-06-15 02:38:52
drg. Aris Budi Wibowo,Dokter Gigi,Damessa Familiy Dental Care - Grand Wisata,"Jatiasih, Bekasi",,dokter-gigi,2025-06-15 02:38:52
drg Arjanti Widjaja,Dokter Gigi,drg. Arjanti Widjaja,"Bogor Selatan, Bogor",,dokter-gigi,2025-06-15 02:38:52
drg Armansyah,Dokter Gigi,halodoc,"Setiabudi, Jakarta Selatan",,dokter-gigi,2025-06-15 02:38:52
Drg. Arneta Nori Manurung,Dokter Gigi,halodoc,"Setiabudi, Jakarta Selatan",,dokter-gigi,2025-06-15 02:38:52
drg. Arseto Tri Baskoro,Dokter Gigi,Monodental,"Cempaka Putih, Jakarta Pusat",,dokter-gigi,2025-06-15 02:38:52
Drg. Arum Risalah,Dokter Gigi,halodoc,"Setiabudi, Jakarta Selatan",,dokter-gigi,2025-06-15 02:38:52
drg. Ary Shinta S.P. KGA,Dokter Gigi,halodoc,"Setiabudi, Jakarta Selatan",,dokter-gigi,2025-06-15 02:38:55
drg Aryadi Sp. KG,Dokter Gigi,KLINIK GIGI KELUARGA MINT,"Pademangan, Jakarta Utara",,dokter-gigi,2025-06-15 02:38:55
drg. Asep Kemal Pasha,Dokter Gigi,Praktek Dokter Gigi..,"Gambir, Jakarta Pusat",,dokter-gigi,2025-06-15 02:38:55
drg. Asep Kemal Pasha,Dokter Gigi,Praktek Dokter Gigi..,"Gambir, Jakarta Pusat",,dokter-gigi,2025-06-15 02:38:55
drg. Ashma Rana Dzakiyyah,Dokter Gigi,MEDIKIDS JGC,"Cikarang Selatan, Kabupaten Bekasi",,dokter-gigi,2025-06-15 02:38:55
drg. Asna Shofi Ainin,Dokter Gigi,AININ DENTAL CARE KARAWANG,"Klari, Kabupaten Karawang",,dokter-gigi,2025-06-15 02:38:55
drg. Asraf,Dokter Gigi,Prakter drg. Asyraf,"Telukjambe Timur, Kabupaten Karawang",,dokter-gigi,2025-06-15 02:38:55
drg. Asri Dewanti Adhi Nugrahaeni,Dokter Gigi,Klinik Perdana Husada,"Tegalsari, Kota Surabaya",,dokter-gigi,2025-06-15 02:38:55
drg. Asri Riany Putri Sp.KG,Dokter Gigi,RSGM Saraswati Denpasar,"Denpasar Utara, Kota Denpasar",,dokter-gigi,2025-06-15 02:38:55
drg. Astari,Dokter Gigi,Happy Dental Clinic Gandaria City,"Kebayoran Lama, Jakarta Selatan",,dokter-gigi,2025-06-15 02:38:55
drg. Astari Pratiwi Putri,Dokter Gigi,halodoc,"Setiabudi, Jakarta Selatan",,dokter-gigi,2025-06-15 02:38:57
Astri S. Munandar,Dokter Gigi,drg. Astri S. Munandar,"Duren Sawit, Jakarta Timur",,dokter-gigi,2025-06-15 02:38:57
Drg. Astrid Dinda,Dokter Gigi,Parahita Diagnostic Center,"Setiabudi, Jakarta Selatan",,dokter-gigi,2025-06-15 02:38:57
Drg. Astuti,Dokter Gigi,halodoc,"Setiabudi, Jakarta Selatan",,dokter-gigi,2025-06-15 02:38:57
drg. Aswar Sandi,Dokter Gigi,KLINIK SY -,"Kebayoran Lama, Jakarta Selatan",,dokter-gigi,2025-06-15 02:38:57
"drg. Aswar Sandi, MSC DIC",Dokter Gigi,Kadoya Dental Clinic,"Tanjung Priok, Jakarta Utara",,dokter-gigi,2025-06-15 02:38:57
"drg. Aswar Sandi, MSc DIC",Dokter Gigi,Kadoya Dental Clinic,"Tanjung Priok, Jakarta Utara",,dokter-gigi,2025-06-15 02:38:57
"drg. Aswar Sandi, MSc DIC",Dokter Gigi,Kadoya Dental Clinic,"Tanjung Priok, Jakarta Utara",,dokter-gigi,2025-06-15 02:38:57
Drg. Asyifa Fauziah,Dokter Gigi,halodoc,"Setiabudi, Jakarta Selatan",,dokter-gigi,2025-06-15 02:38:57
drg. Asyraf,Dokter Gigi,Prakter drg. Asyraf,"Telukjambe Timur, Kabupaten Karawang",,dokter-gigi,2025-06-15 02:38:57
Drg. Asyraf,Dokter Gigi,Prakter drg. Asyraf,"Telukjambe Timur, Kabupaten Karawang",,dokter-gigi,2025-06-15 02:38:59
Drg. Asyraf,Dokter Gigi,Prakter drg. Asyraf,"Telukjambe Timur, Kabupaten Karawang",,dokter-gigi,2025-06-15 02:38:59
Drg. Asyraf,Dokter Gigi,Prakter drg. Asyraf,"Telukjambe Timur, Kabupaten Karawang",,dokter-gigi,2025-06-15 02:38:59
drg. Athira Fadya Junuzar S.KG,Dokter Gigi,Klinik Pratama Smile Dental,"Cilandak, Jakarta Selatan",,dokter-gigi,2025-06-15 02:38:59
drg. Athira Fadya Junuzar Sp.KG,Dokter Gigi,Klinik Pratama Smile Dental,"Cilandak, Jakarta Selatan",,dokter-gigi,2025-06-15 02:38:59
drg. Ati Sukmaningsih,Dokter Gigi,drg Ati Sukmaningsih,"Glagah, Kabupaten Banyuwangi",,dokter-gigi,2025-06-15 02:38:59
"drg. Atiek Driana Rahmawati, MDSC Sp.KGA",Dokter Gigi,Rumah Sakit Gigi Mulut (RSGM) UMY,"Wirobrajan, Kota Yogyakarta",,dokter-gigi,2025-06-15 02:38:59
drg. Atikka Muhammad B.,Dokter Gigi,KLINIK PRATAMA LULU MEDIKA,"Duren Sawit, Jakarta Timur",,dokter-gigi,2025-06-15 02:38:59
Drg. Audina Krisna Budazmi,Dokter Gigi,halodoc,"Setiabudi, Jakarta Selatan",,dokter-gigi,2025-06-15 02:38:59
drg. Aulia Hardianti Sp.Kg,Dokter Gigi,Mahoni Dental Clinic Cijantung,"Ciracas, Jakarta Timur",,dokter-gigi,2025-06-15 02:38:59
drg. Aulia Hardianti Sp.Kg,Dokter Gigi,Mahoni Dental Clinic Cijantung,"Ciracas, Jakarta Timur",,dokter-gigi,2025-06-15 02:39:02
"drg. Aulia Hardianti, Sp.KG",Dokter Gigi,Klinik Audy Dental,"Setiabudi, Jakarta Selatan",,dokter-gigi,2025-06-15 02:39:02
drg. Aulia Madini Fawaz,Dokter Gigi,Praktek drg. Aulia Madini Fawaz,"Setiabudi, Jakarta Selatan",,dokter-gigi,2025-06-15 02:39:02
drg. Aulia Rahmat,Dokter Gigi,halodoc,"Setiabudi, Jakarta Selatan",,dokter-gigi,2025-06-15 02:39:02
Drg. Ayu Diah Lestari,Dokter Gigi,halodoc,"Setiabudi, Jakarta Selatan",,dokter-gigi,2025-06-15 02:39:02
drg. Ayudia Pratiwi Putri,Dokter Gigi,Klinik Bona Mitra Keluarga Baleendah,"Baleendah, Kabupaten Bandung",,dokter-gigi,2025-06-15 02:39:02
drg. Ayuliana,Dokter Gigi,Upg Dental Care,"Rappocini, Kota Makassar",,dokter-gigi,2025-06-15 02:39:02
"drg. Ayunda Clara Mustika, MARS",Dokter Gigi,Celebrity Dental Clinic (CDC) - Klinik Gigi Bogor Aeon Mall Sentul City,"Babakan Madang, Kabupaten Bogor",,dokter-gigi,2025-06-15 02:39:02
Drg. Azkania Sabila,Dokter Gigi,CUBE Dental Studio,"Kebayoran Baru, Jakarta Selatan",,dokter-gigi,2025-06-15 02:39:02
drg. Azzahra Novita Dewi,Dokter Gigi,Klinik Oilia Medical Centre Rorotan,"Cilincing, Jakarta Utara",,dokter-gigi,2025-06-15 02:39:02
drg. BONITA DJAJASAPOETRA,Dokter Gigi,drg. Bonita Djajasapoetra,"Bandung Kulon, Kota Bandung",,dokter-gigi,2025-06-15 02:39:04
drg. Baby Ludvia E.F.,Dokter Gigi,Klinik Smile Line,"Kebayoran Lama, Jakarta Selatan",,dokter-gigi,2025-06-15 02:39:04
Drg. Baginda Mangatur Gurning,Dokter Gigi,halodoc,"Setiabudi, Jakarta Selatan",,dokter-gigi,2025-06-15 02:39:04
drg. Bagus Darmawan,Dokter Gigi,Klinik Joy Dental,"Magelang Selatan, Kota Magelang",,dokter-gigi,2025-06-15 02:39:04
drg. Bayu Subagya,Dokter Gigi,Praktek Dokter Gigi..,"Gambir, Jakarta Pusat",,dokter-gigi,2025-06-15 02:39:04
drg. Beatrice Intan Kasih,Dokter Gigi,Orange Dental Sawangan,"Sawangan, Depok",,dokter-gigi,2025-06-15 02:39:04
drg. Bella,Dokter Gigi,ALA Dental Studio.,"Telukjambe Timur, Kabupaten Karawang",,dokter-gigi,2025-06-15 02:39:04
Drg. Bella Septri,Dokter Gigi,halodoc,"Setiabudi, Jakarta Selatan",,dokter-gigi,2025-06-15 02:39:04
drg. Benny Abidin,Dokter Gigi,YELLO DENTAL CLINIC,"Cimanggis, Depok",,dokter-gigi,2025-06-15 02:39:04
drg. Benny Mulyono Soegiharto,Dokter Gigi,Ortho Smile Dental Care - Kelapa Gading,"Kelapa Gading, Jakarta Utara",,dokter-gigi,2025-06-15 02:39:04
drg. Berliana Oktavia,Dokter Gigi,Sweet Treats Dental Clinic - Sunter,"Tanjung Priok, Jakarta Utara",,dokter-gigi,2025-06-15 02:39:07
Drg. Bernadethe Bicky W.,Dokter Gigi,halodoc,"Setiabudi, Jakarta Selatan",,dokter-gigi,2025-06-15 02:39:07
drg. Bernadett Ester Nurmalita Sp.KGA,Dokter Gigi,Audy Dental Kelapa Gading Boulevard,"Kelapa Gading, Jakarta Utara",,dokter-gigi,2025-06-15 02:39:07
drg. Bernadett Ester Nurmalita Sp.KGA,Dokter Gigi,Audy Dental Kelapa Gading Boulevard,"Kelapa Gading, Jakarta Utara",,dokter-gigi,2025-06-15 02:39:07
drg. Bernadett Ester Nurmalita Sp.KGA,Dokter Gigi,Audy Dental Kelapa Gading Boulevard,"Kelapa Gading, Jakarta Utara",,dokter-gigi,2025-06-15 02:39:07
drg. Bernadett Ester Nurmalita Sp.KGA,Dokter Gigi,Audy Dental Kelapa Gading Boulevard,"Kelapa Gading, Jakarta Utara",,dokter-gigi,2025-06-15 02:39:07
Drg. Bernard Iskandar Sp.KG,Dokter Gigi,Success Dental Clinic,"Jatinegara, Jakarta Timur",,dokter-gigi,2025-06-15 02:39:07
drg. Berthauli Ester Nurmaida,Dokter Gigi,Audy Dental Kelapa Gading Boulevard,"Kelapa Gading, Jakarta Utara",,dokter-gigi,2025-06-15 02:39:07
drg. Berthauli Ester Nurmaida Sp. KGA,Dokter Gigi,Audy Dental Kelapa Gading Boulevard,"Kelapa Gading, Jakarta Utara",,dokter-gigi,2025-06-15 02:39:07
drg. Bilqis T,Dokter Gigi,Praktek Dokter Gigi..,"Gambir, Jakarta Pusat",,dokter-gigi,2025-06-15 02:39:07
Drg. Bimayanti Pratiwi,Dokter Gigi,PrakterDdokter Gigi,"Kramat Jati, Jakarta Timur",,dokter-gigi,2025-06-15 02:39:09
Drg. Bimayanti Pratiwi,Dokter Gigi,Praktek dokter mandiri,"Cileunyi, Kabupaten Bandung",,dokter-gigi,2025-06-15 02:39:09
drg. Bintang Abyudana,Dokter Gigi,Praktek Dokter Gigi .,"Jagakarsa, Jakarta Selatan",,dokter-gigi,2025-06-15 02:39:09
drg. Bonita Djajasapoetra,Dokter Gigi,drg. Bonita Djajasapoetra,"Bandung Kulon, Kota Bandung",,dokter-gigi,2025-06-15 02:39:09
drg. Bramma Kiswanjaya,Dokter Gigi,halodoc,"Setiabudi, Jakarta Selatan",,dokter-gigi,2025-06-15 02:39:09
drg. Bramna Kuswanjaya Ph.D.,Dokter Gigi,0,"Bekasi Selatan, Bekasi",,dokter-gigi,2025-06-15 02:39:09
drg. Brigita Litani Angesti Wara,Dokter Gigi,Tabbytooth Dental Care,"Kebayoran Baru, Jakarta Selatan",,dokter-gigi,2025-06-15 02:39:09
drg. Brigita Litani Angesti Wara,Dokter Gigi,Tabbytooth Dental Care,"Kebayoran Baru, Jakarta Selatan",,dokter-gigi,2025-06-15 02:39:09
"drg. Budi Satrio Widodo, Sp.KGA",Dokter Gigi,Widodo Dental Center,"Tanah Abang, Jakarta Pusat",,dokter-gigi,2025-06-15 02:39:09
drg. Budianto Liwang Sp.KGA,Dokter Gigi,"Dokter Gigi Anak Drg Budianto Liwang., Sp.KGA","Sukolilo, Kota Surabaya",,dokter-gigi,2025-06-15 02:39:09
drg. Budy Setiabudi Z,Dokter Gigi,RSUD Al Ihsan Provinsi Jawa Barat,"Baleendah, Kabupaten Bandung",,dokter-gigi,2025-06-15 02:39:12
drg. Bulkis Thahir Sp.KG,Dokter Gigi,halodoc,"Setiabudi, Jakarta Selatan",,dokter-gigi,2025-06-15 02:39:12
Drg. Bunga Rika Audilla,Dokter Gigi,halodoc,"Setiabudi, Jakarta Selatan",,dokter-gigi,2025-06-15 02:39:12
Drg. Bunga Tiara,Dokter Gigi,halodoc,"Setiabudi, Jakarta Selatan",,dokter-gigi,2025-06-15 02:39:12
drg. CHATRAINTAN FS,Dokter Gigi,DHARMA DENTAL CLINIC 2,"Klari, Kabupaten Karawang",,dokter-gigi,2025-06-15 02:39:12
drg. CICILYAWATI ALIM,Dokter Gigi,drg. CICILYAWATI ALIM,"Tegalsari, Kota Surabaya",,dokter-gigi,2025-06-15 02:39:12
drg. CITRA KIRANA NARESWARI,Dokter Gigi,drg. Citra Kirana Nareswari,"Bogor Utara, Bogor",,dokter-gigi,2025-06-15 02:39:12
Drg. CITRA PUTRI M,Dokter Gigi,Praktek Dokter gigi Citra Putri M Dan Rekan,"Mustika Jaya, Bekasi",,dokter-gigi,2025-06-15 02:39:12
drg. Cahya Kustiawan,Dokter Gigi,drg. Cahya Kustiawan,"Pangalengan, Kabupaten Bandung",,dokter-gigi,2025-06-15 02:39:12
drg. Calvina Hartanto,Dokter Gigi,Mega Mas Dental Care,"Medan Area, Kota Medan",,dokter-gigi,2025-06-15 02:39:12
drg. Candra Novi Dermawan,Dokter Gigi,Dokter Gigi Malang Dentista Dental,"Lowokwaru, Kota Malang",,dokter-gigi,2025-06-15 02:39:14
Drg. Canggih Patriot Bangsa,Dokter Gigi,halodoc,"Setiabudi, Jakarta Selatan",,dokter-gigi,2025-06-15 02:39:14
Drg. Carera Iva H,Dokter Gigi,halodoc,"Setiabudi, Jakarta Selatan",,dokter-gigi,2025-06-15 02:39:14
drg. Caroline,Dokter Gigi,Praktek Dokter Gigi .,"Jagakarsa, Jakarta Selatan",,dokter-gigi,2025-06-15 02:39:14
drg. Caroline,Dokter Gigi,A8 Dental Poris,"Cipondoh, Tangerang",,dokter-gigi,2025-06-15 02:39:14
drg. Caterin Novista P. Sp. KG,Dokter Gigi,Caterin Dental Care,"Pondok Aren, Tangerang Selatan",,dokter-gigi,2025-06-15 02:39:14
drg. Catharina Yetty. H,Dokter Gigi,Rumah Sakit Umum Daerah Pademangan,"Pademangan, Jakarta Utara",,dokter-gigi,2025-06-15 02:39:14
drg. Catherine Yoke W,Dokter Gigi,Klinik Abdi Mulia,"Sukomanunggal, Kota Surabaya",,dokter-gigi,2025-06-15 02:39:14
Drg. Catra H E Lengkey SKG,Dokter Gigi,halodoc,"Setiabudi, Jakarta Selatan",,dokter-gigi,2025-06-15 02:39:14
drg. Celine Hestiana,Dokter Gigi,ARINI Dental Care,"Karawang Timur, Kabupaten Karawang",,dokter-gigi,2025-06-15 02:39:14
drg. Celine Hestiana,Dokter Gigi,Esca Dental Clinic,"Ciampel, Kabupaten Karawang",,dokter-gigi,2025-06-15 02:39:17
drg. Chairul Maulidi Sp.KG,Dokter Gigi,halodoc,"Setiabudi, Jakarta Selatan",,dokter-gigi,2025-06-15 02:39:17
drg. Charles Yanuardi Sp.Ort,Dokter Gigi,"drg. Charles Yanuardi, Sp.Ort","Kelapa Gading, Jakarta Utara",,dokter-gigi,2025-06-15 02:39:17
drg. Chikita Gmini,Dokter Gigi,halodoc,"Setiabudi, Jakarta Selatan",,dokter-gigi,2025-06-15 02:39:17
Drg. Chris Alimudin,Dokter Gigi,drg.Chris Alimudin,"Cibatu, Kabupaten Garut",,dokter-gigi,2025-06-15 02:39:17
"Dr. drg. Christian Kho , M.Kes. PA (K)",Dokter Gigi,"Dr. drg. Christian Kho, M.Kes. PA (K)","Tegalsari, Kota Surabaya",,dokter-gigi,2025-06-15 02:39:17
"drg. Christian Kho, M.Kes. PA (K)",Dokter Gigi,"Dr. drg. Christian Kho, M.Kes. PA (K)","Tegalsari, Kota Surabaya",,dokter-gigi,2025-06-15 02:39:17
drg. Christian Kurniawan Janto,Dokter Gigi,GENERAL DENTIST,"Pademangan, Jakarta Utara",,dokter-gigi,2025-06-15 02:39:17
drg. Christian Kurniawan Janto,Dokter Gigi,drg. Christian Kurniawan Janto,"Sukomanunggal, Kota Surabaya",,dokter-gigi,2025-06-15 02:39:17
Drg. Christianty Fatma Pramana,Dokter Gigi,Klinik utama keluarga mulia,"Matraman, Jakarta Timur",,dokter-gigi,2025-06-15 02:39:17
drg. Christianty Fatma Pramana,Dokter Gigi,Klinik utama keluarga mulia,"Matraman, Jakarta Timur",,dokter-gigi,2025-06-15 02:39:19
drg. Christina Surjadi,Dokter Gigi,Praktek Dokter Gigi..,"Gambir, Jakarta Pusat",,dokter-gigi,2025-06-15 02:39:19
Drg. Christy Angelina Tjanra,Dokter Gigi,halodoc,"Setiabudi, Jakarta Selatan",,dokter-gigi,2025-06-15 02:39:19
drg. Chung Ji Na,Dokter Gigi,SBDENTAL SEHAT BERSAMA,"Cicendo, Kota Bandung",,dokter-gigi,2025-06-15 02:39:19
drg. Cicilyawati,Dokter Gigi,Royal Clinic,"Sukomanunggal, Kota Surabaya",,dokter-gigi,2025-06-15 02:39:19
drg. Cindi Maura Saputra,Dokter Gigi,halodoc,"Setiabudi, Jakarta Selatan",,dokter-gigi,2025-06-15 02:39:19
Drg. Cindy Arista,Dokter Gigi,Joyfam Dental Care,"Bekasi Barat, Bekasi",,dokter-gigi,2025-06-15 02:39:19
drg. Cindy Arista,Dokter Gigi,Joyfam Dental Care,"Bekasi Barat, Bekasi",,dokter-gigi,2025-06-15 02:39:19
drg. Cindy Fellicia,Dokter Gigi,Gigiku Dental Clinic,"Kramat Jati, Jakarta Timur",,dokter-gigi,2025-06-15 02:39:19
drg. Cipla Robbi Bunaya,Dokter Gigi,Poli klinik Asri Nugraha 24 jam,"Bekasi Utara, Bekasi",,dokter-gigi,2025-06-15 02:39:19
drg. Cipta Robbi Bunaya,Dokter Gigi,Poli klinik Asri Nugraha 24 jam,"Bekasi Utara, Bekasi",,dokter-gigi,2025-06-15 02:39:22
drg. Cipta Robbi Bunaya,Dokter Gigi,Poli klinik Asri Nugraha 24 jam,"Bekasi Utara, Bekasi",,dokter-gigi,2025-06-15 02:39:22
drg. Cipta Robbi Bunaya,Dokter Gigi,Poli klinik Asri Nugraha 24 jam,"Bekasi Utara, Bekasi",,dokter-gigi,2025-06-15 02:39:22
drg. Cipta Robbi Bunaya,Dokter Gigi,Poli klinik Asri Nugraha 24 jam,"Bekasi Utara, Bekasi",,dokter-gigi,2025-06-15 02:39:22
drg. Cipta Robbi Bunaya,Dokter Gigi,Poli klinik Asri Nugraha 24 jam,"Bekasi Utara, Bekasi",,dokter-gigi,2025-06-15 02:39:22
drg. Cipta Robbi Bunaya,Dokter Gigi,Poli klinik Asri Nugraha 24 jam,"Bekasi Utara, Bekasi",,dokter-gigi,2025-06-15 02:39:22
drg. Cipta Robbi Bunaya,Dokter Gigi,Poli klinik Asri Nugraha 24 jam,"Bekasi Utara, Bekasi",,dokter-gigi,2025-06-15 02:39:22
drg. Cipta Robbi Bunaya,Dokter Gigi,Praktek Dokter Gigi..,"Gambir, Jakarta Pusat",,dokter-gigi,2025-06-15 02:39:22
drg. Cipta Robbi Bunaya,Dokter Gigi,Poli klinik Asri Nugraha 24 jam,"Bekasi Utara, Bekasi",,dokter-gigi,2025-06-15 02:39:22
drg. Cipta Robbi Bunaya,Dokter Gigi,Poli klinik Asri Nugraha 24 jam,"Bekasi Utara, Bekasi",,dokter-gigi,2025-06-15 02:39:22
drg. Cipta Robbi Bunaya,Dokter Gigi,Poli klinik Asri Nugraha 24 jam,"Bekasi Utara, Bekasi",,dokter-gigi,2025-06-15 02:39:24
Drg. Cita Nursyaina Tasya,Dokter Gigi,halodoc,"Setiabudi, Jakarta Selatan",,dokter-gigi,2025-06-15 02:39:24
drg. Citra,Dokter Gigi,RSUD Al Ihsan Provinsi Jawa Barat,"Baleendah, Kabupaten Bandung",,dokter-gigi,2025-06-15 02:39:24
drg. Citra Dewi Skripsiani,Dokter Gigi,Queen Dental Care,"Bekasi Timur, Bekasi",,dokter-gigi,2025-06-15 02:39:24
drg. Citra Dewi Skripsiani,Dokter Gigi,Queen Dental Care,"Bekasi Timur, Bekasi",,dokter-gigi,2025-06-15 02:39:24
drg. Citra Dewi Skripsiani,Dokter Gigi,Queen Dental Care,"Bekasi Timur, Bekasi",,dokter-gigi,2025-06-15 02:39:24
drg. Citra Dewi Skripsiani,Dokter Gigi,Queen Dental Care,"Bekasi Timur, Bekasi",,dokter-gigi,2025-06-15 02:39:24
drg. Citra Dewi Skrispiani,Dokter Gigi,Queen Dental Care,"Bekasi Timur, Bekasi",,dokter-gigi,2025-06-15 02:39:24
Dr. Citra Elita Rigel Putri,Dokter Gigi,Ainin Dental Care,"Jatisari, Kabupaten Karawang",,dokter-gigi,2025-06-15 02:39:24
drg. Citra Kania Reswari,Dokter Gigi,drg. Citra Kirana Nareswari,"Bogor Utara, Bogor",,dokter-gigi,2025-06-15 02:39:24
drg. Citra Putri,Dokter Gigi,Praktek Dokter gigi Citra Putri M Dan Rekan,"Mustika Jaya, Bekasi",,dokter-gigi,2025-06-15 02:39:27
Drg. Citra Putri M & Rekan,Dokter Gigi,Praktek Dokter gigi Citra Putri M Dan Rekan,"Mustika Jaya, Bekasi",,dokter-gigi,2025-06-15 02:39:27
drg. Citra Putri M.,Dokter Gigi,Praktek Dokter gigi Citra Putri M Dan Rekan,"Mustika Jaya, Bekasi",,dokter-gigi,2025-06-15 02:39:27
drg. Citra Wahyuni,Dokter Gigi,FDC Jatiwaringin,"Pondok Gede, Bekasi",,dokter-gigi,2025-06-15 02:39:27
drg. Clara Dwi Septiani,Dokter Gigi,Queen Dental Care,"Bekasi Timur, Bekasi",,dokter-gigi,2025-06-15 02:39:27
drg. Clarinda,Dokter Gigi,0,"Bekasi Selatan, Bekasi",,dokter-gigi,2025-06-15 02:39:27
Drg. Claudita Desideria,Dokter Gigi,halodoc,"Setiabudi, Jakarta Selatan",,dokter-gigi,2025-06-15 02:39:27
Drg. Corrina Heparti Novsyiami,Dokter Gigi,halodoc,"Setiabudi, Jakarta Selatan",,dokter-gigi,2025-06-15 02:39:27
drg Cristina Halim,Dokter Gigi,drg cristina halim,"Cilandak, Jakarta Selatan",,dokter-gigi,2025-06-15 02:39:27
Drg. Cut Ayu Zuraina,Dokter Gigi,halodoc,"Setiabudi, Jakarta Selatan",,dokter-gigi,2025-06-15 02:39:27
Drg. Cut Iryanti S,Dokter Gigi,halodoc,"Setiabudi, Jakarta Selatan",,dokter-gigi,2025-06-15 02:39:29
drg. Cut Rindi,Dokter Gigi,AM DENTAL CARE,"Cengkareng, Jakarta Barat",,dokter-gigi,2025-06-15 02:39:29
Drg. Cut Siti Rahmah Fachnizar,Dokter Gigi,halodoc,"Setiabudi, Jakarta Selatan",,dokter-gigi,2025-06-15 02:39:29
drg. Cynthia Wasistha Sari MARS (cynthia),Dokter Gigi,Rumah Sakit Gigi Mulut (RSGM) UMY,"Wirobrajan, Kota Yogyakarta",,dokter-gigi,2025-06-15 02:39:29
Drg. D. Anindita Wijayanti,Dokter Gigi,halodoc,"Setiabudi, Jakarta Selatan",,dokter-gigi,2025-06-15 02:39:29
DRG. DAMERIA YUSI PRASASTI M. M.,Dokter Gigi,prive dental and medical team,"Kebayoran Lama, Jakarta Selatan",,dokter-gigi,2025-06-15 02:39:29
drg. DENTY MARETASARI,Dokter Gigi,AMANAH DENTAL CENTER,"Ciawi, Kabupaten Tasikmalaya",,dokter-gigi,2025-06-15 02:39:29
drg. DESSY YP,Dokter Gigi,NATAMA DENTAL CARE,"Tambun Selatan, Kabupaten Bekasi",,dokter-gigi,2025-06-15 02:39:29
drg. DESTA,Dokter Gigi,Pramita Laboratorium,"Setiabudi, Jakarta Selatan",,dokter-gigi,2025-06-15 02:39:29
drg. DIAZ WIRIASY,Dokter Gigi,halodoc,"Setiabudi, Jakarta Selatan",,dokter-gigi,2025-06-15 02:39:29
"drg. DIMAS SATRIA PUTRA, SpRKG",Dokter Gigi,DHARMA DENTAL CLINIC 2,"Klari, Kabupaten Karawang",,dokter-gigi,2025-06-15 02:39:32
DRG. DINA SUCI YUNITA,Dokter Gigi,RS Tk IV Cijantung,"Pasar Rebo, Jakarta Timur",,dokter-gigi,2025-06-15 02:39:32
drg. DINDA,Dokter Gigi,Pramita Lab Summarecon Bekasi,"Bekasi Utara, Bekasi",,dokter-gigi,2025-06-15 02:39:32
drg. DITA SEPTIANTI,Dokter Gigi,DHARMA DENTAL CLINIC 2,"Klari, Kabupaten Karawang",,dokter-gigi,2025-06-15 02:39:32
drg. DITA SEPTIANTI,Dokter Gigi,DHARMA DENTAL CLINIC 2,"Klari, Kabupaten Karawang",,dokter-gigi,2025-06-15 02:39:32
DRG ERMIN BUDIYANTI,Dokter Gigi,Klinik Kasih Karunia,"Sukomanunggal, Kota Surabaya",,dokter-gigi,2025-06-15 02:39:32
"DRG. IIN INDAH ARIS WATI, SP KG",Dokter Gigi,"DRG. IIN INDAH ARIS WATI, SP KG","Sidoarjo, Kabupaten Sidoarjo",,dokter-gigi,2025-06-15 02:39:32
"DRG. IIN INDAH ARIS WATI, SP KG",Dokter Gigi,"DRG. IIN INDAH ARIS WATI, SP KG","Sidoarjo, Kabupaten Sidoarjo",,dokter-gigi,2025-06-15 02:39:32
DRg. Ekasari Sp. BM,Dokter Gigi,halodoc,"Setiabudi, Jakarta Selatan",,dokter-gigi,2025-06-15 02:39:32
drg. Dalhar Hakiki Sp.KG,Dokter Gigi,Lumi Dental,"Driyorejo, Kabupaten Gresik",,dokter-gigi,2025-06-15 02:39:32
drg. Dalili Adina R,Dokter Gigi,Family Dental Care,"Bogor Barat, Bogor",,dokter-gigi,2025-06-15 02:39:34
drg. Dana Chitra Maida,Dokter Gigi,WHITE DENTAL CARE,"Martapura, Kabupaten Banjar",,dokter-gigi,2025-06-15 02:39:34
drg. Danesa Tanzil Sp.Ort,Dokter Gigi,Klinik Audy Dental,"Setiabudi, Jakarta Selatan",,dokter-gigi,2025-06-15 02:39:34
Drg. Darmadi,Dokter Gigi,drg. Darmadi,"Tegalsari, Kota Surabaya",,dokter-gigi,2025-06-15 02:39:34
Dr. Darnus Djaya,Dokter Gigi,Drg. Darnus Djaya,"Pulo Gadung, Jakarta Timur",,dokter-gigi,2025-06-15 02:39:34
drg. Daru Indranawati,Dokter Gigi,halodoc,"Setiabudi, Jakarta Selatan",,dokter-gigi,2025-06-15 02:39:34
"Drg. Daryono.,MM.,Sp.KG.,PhD.,FISID.,FICCDE.,FICD",Dokter Gigi,"Drg.Daryono.,MM.,Sp.KG.,PhD.,FISID.,FICCDE.,FICD","Penjaringan, Jakarta Utara",,dokter-gigi,2025-06-15 02:39:34
Drg. Dava Karunia Akbar,Dokter Gigi,halodoc,"Setiabudi, Jakarta Selatan",,dokter-gigi,2025-06-15 02:39:34
drg. David,Dokter Gigi,dr. David,"Donomulyo, Kabupaten Malang",,dokter-gigi,2025-06-15 02:39:34
drg. David Aviandi,Dokter Gigi,dr. David,"Donomulyo, Kabupaten Malang",,dokter-gigi,2025-06-15 02:39:34
Drg. Dea Avrilia,Dokter Gigi,halodoc,"Setiabudi, Jakarta Selatan",,dokter-gigi,2025-06-15 02:39:36
drg. Dea Intania Dewi,Dokter Gigi,ARINI Dental Care,"Karawang Timur, Kabupaten Karawang",,dokter-gigi,2025-06-15 02:39:36
drg. Dea Intania Dewi,Dokter Gigi,ARINI Dental Care,"Karawang Timur, Kabupaten Karawang",,dokter-gigi,2025-06-15 02:39:36
drg. Dea Intania Dewi,Dokter Gigi,ARINI Dental Care,"Karawang Timur, Kabupaten Karawang",,dokter-gigi,2025-06-15 02:39:36
drg. Dea Intania Dewi,Dokter Gigi,ARINI Dental Care,"Karawang Timur, Kabupaten Karawang",,dokter-gigi,2025-06-15 02:39:36
Drg. Dea Intania Dewi,Dokter Gigi,halodoc,"Setiabudi, Jakarta Selatan",,dokter-gigi,2025-06-15 02:39:36
drg. Dea Intania Dewi,Dokter Gigi,ARINI Dental Care,"Karawang Timur, Kabupaten Karawang",,dokter-gigi,2025-06-15 02:39:36
drg. Dea Intania Dewi,Dokter Gigi,ARINI Dental Care,"Karawang Timur, Kabupaten Karawang",,dokter-gigi,2025-06-15 02:39:36
drg. Dea Lovinda Sari S.,Dokter Gigi,Desy Dental Care,"Rawalumbu, Bekasi",,dokter-gigi,2025-06-15 02:39:36
Drg. Deaster Rahayu,Dokter Gigi,halodoc,"Setiabudi, Jakarta Selatan",,dokter-gigi,2025-06-15 02:39:36
drg. Debrana Santoso,Dokter Gigi,drg. Debrania Santoso,"Pademangan, Jakarta Utara",,dokter-gigi,2025-06-15 02:39:39
drg. Debrina Rezaumami Sp.Ort,Dokter Gigi,drg. Debrania Santoso,"Pademangan, Jakarta Utara",,dokter-gigi,2025-06-15 02:39:39
drg Deddy Wijaya,Dokter Gigi,halodoc,"Setiabudi, Jakarta Selatan",,dokter-gigi,2025-06-15 02:39:39
drg. Dedi Christianto,Dokter Gigi,halodoc,"Setiabudi, Jakarta Selatan",,dokter-gigi,2025-06-15 02:39:39
drg. Deffy Maryati Sp. KGA,Dokter Gigi,0,"Bekasi Selatan, Bekasi",,dokter-gigi,2025-06-15 02:39:39
Drg. Delanera Victoria Noak,Dokter Gigi,halodoc,"Setiabudi, Jakarta Selatan",,dokter-gigi,2025-06-15 02:39:39
drg. Delivia,Dokter Gigi,halodoc,"Setiabudi, Jakarta Selatan",,dokter-gigi,2025-06-15 02:39:39
drg. Deliyana L. Kethul M.Med,Dokter Gigi,KLINIK DOKTER GIGI DELIYANA DENTAL CARE,"Kota Tengah, Kota Gorontalo",,dokter-gigi,2025-06-15 02:39:39
drg. Delsi Pratamasari,Dokter Gigi,Dentist House,"Pondok Aren, Tangerang Selatan",,dokter-gigi,2025-06-15 02:39:39
drg. Delvira Susanti,Dokter Gigi,KLINIK PROMEDIS -,"Bogor Utara, Bogor",,dokter-gigi,2025-06-15 02:39:39
drg. Dena Melinda,Dokter Gigi,halodoc,"Setiabudi, Jakarta Selatan",,dokter-gigi,2025-06-15 02:39:41
drg. Deniana Maharani Patria,Dokter Gigi,Apotek Melly Farma & Klinik Masanto,"Karawang Timur, Kabupaten Karawang",,dokter-gigi,2025-06-15 02:39:41
Drg. Denny Andrian,Dokter Gigi,halodoc,"Setiabudi, Jakarta Selatan",,dokter-gigi,2025-06-15 02:39:41
Dr. Denok Kartika Yes,Dokter Gigi,PELITA DENTAL CARE,"Bekasi Barat, Bekasi",,dokter-gigi,2025-06-15 02:39:41
drg. Dentaina Maharani Putri Setiadi,Dokter Gigi,Apotek Melly Farma & Klinik Masanto,"Karawang Timur, Kabupaten Karawang",,dokter-gigi,2025-06-15 02:39:41
drg. Dentania Maharani Patria Setiadi,Dokter Gigi,Apotek Melly Farma & Klinik Masanto,"Karawang Timur, Kabupaten Karawang",,dokter-gigi,2025-06-15 02:39:41
drg. Desak Nyoman Ayu Juniawati Sp. KG,Dokter Gigi,KLINIK PRATAMA TUNAS HARAPAN,"Mengwi, Kabupaten Badung",,dokter-gigi,2025-06-15 02:39:41
drg. Desi Anggreini,Dokter Gigi,KLIN DENTAL,"Denpasar Selatan, Kota Denpasar",,dokter-gigi,2025-06-15 02:39:41
drg. Desi Handayani,Dokter Gigi,Klinik Audy Dental,"Setiabudi, Jakarta Selatan",,dokter-gigi,2025-06-15 02:39:41
drg. Desi Permatasari,Dokter Gigi,Dentist House,"Pondok Aren, Tangerang Selatan",,dokter-gigi,2025-06-15 02:39:41
drg. Desi Ratnasari,Dokter Gigi,Dental Family Centre Krandegan,"Banjarnegara, Kabupaten Banjarnegara",,dokter-gigi,2025-06-15 02:39:44
drg. Desiree Assyifa Nareswari,Dokter Gigi,halodoc,"Setiabudi, Jakarta Selatan",,dokter-gigi,2025-06-15 02:39:44
drg. Desita Dyah Tri Nugraheni,Dokter Gigi,DENT.TA Klinik Dokter Gigi Sukoharjo,"Sukoharjo, Kab Sukoharjo",,dokter-gigi,2025-06-15 02:39:44
Drg. Desnia Sinta Rini,Dokter Gigi,halodoc,"Setiabudi, Jakarta Selatan",,dokter-gigi,2025-06-15 02:39:44
drg. Dessy Berliana,Dokter Gigi,Praktek Dokter Gigi..,"Gambir, Jakarta Pusat",,dokter-gigi,2025-06-15 02:39:44
drg. Dessy Innawaty,Dokter Gigi,FDC Tebet,"Tebet, Jakarta Selatan",,dokter-gigi,2025-06-15 02:39:44
Drg. Dessy Putri Rahayu Ningrum,Dokter Gigi,halodoc,"Setiabudi, Jakarta Selatan",,dokter-gigi,2025-06-15 02:39:44
Drg. Desy Natalia,Dokter Gigi,Praktek Pribadi Drg. Desy Natalia,"Serpong, Tangerang Selatan",,dokter-gigi,2025-06-15 02:39:44
"drg. Deta Putri F, SpKGA",Dokter Gigi,Kidz Dental Care & Orthodontic Clinic,"Kembangan, Jakarta Barat",,dokter-gigi,2025-06-15 02:39:44
drg. Deta Putri F.,Dokter Gigi,Kidz Dental Care and Orthodontic Clinic,"Kembangan, Jakarta Barat",,dokter-gigi,2025-06-15 02:39:44
drg. Deta Putri F. Sp.KGA,Dokter Gigi,Kidz Dental Care & Orthodontic Clinic,"Kembangan, Jakarta Barat",,dokter-gigi,2025-06-15 02:39:46
drg. Devanti Ayu Cahyasari,Dokter Gigi,Jasmine Dental Mojokerto,"Setiabudi, Jakarta Selatan",,dokter-gigi,2025-06-15 02:39:46
drg. Devasya Nathania Kamilla,Dokter Gigi,Sozo Dental - Kelapa Gading,"Kelapa Gading, Jakarta Utara",,dokter-gigi,2025-06-15 02:39:46
drg. Devia/Daiman,Dokter Gigi,halodoc,"Setiabudi, Jakarta Selatan",,dokter-gigi,2025-06-15 02:39:46
drg. Devina,Dokter Gigi,EverSmile,"Bojongsoang, Kabupaten Bandung",,dokter-gigi,2025-06-15 02:39:46
drg. Dewa Ayu Indrayani,Dokter Gigi,Azzahra Dental Care - drg. Winardi dan Rekan,"Denpasar Utara, Kota Denpasar",,dokter-gigi,2025-06-15 02:39:46
Dewi Aruny,Dokter Gigi,Praktek dr. Gigi,"Senen, Jakarta Pusat",,dokter-gigi,2025-06-15 02:39:46
drg. Dewi Darma Astuty,Dokter Gigi,Praktik drg. Dewi Darma Astuty,"Karawaci, Tangerang",,dokter-gigi,2025-06-15 02:39:46
drg. Dewi Djohar,Dokter Gigi,halodoc,"Setiabudi, Jakarta Selatan",,dokter-gigi,2025-06-15 02:39:46
Drg. Dewi Evandari,Dokter Gigi,halodoc,"Setiabudi, Jakarta Selatan",,dokter-gigi,2025-06-15 02:39:46
drg. Dewi Ismaya Sp.KG,Dokter Gigi,Ismaya Dental Center,"Balikpapan Utara, Kota Balikpapan",,dokter-gigi,2025-06-15 02:39:49
drg. Dewi Isnoyati So.KG,Dokter Gigi,halodoc,"Setiabudi, Jakarta Selatan",,dokter-gigi,2025-06-15 02:39:49
drg. Dewi Isnoyati So.KG,Dokter Gigi,halodoc,"Setiabudi, Jakarta Selatan",,dokter-gigi,2025-06-15 02:39:49
Drg. Dewi Kartika Sari,Dokter Gigi,halodoc,"Setiabudi, Jakarta Selatan",,dokter-gigi,2025-06-15 02:39:49
drg. Dewi Noeranty,Dokter Gigi,Ori Dental,"Tangerang, Tangerang",,dokter-gigi,2025-06-15 02:39:49
drg. Dewi Noesanty,Dokter Gigi,Klinik Smile Line,"Kebayoran Lama, Jakarta Selatan",,dokter-gigi,2025-06-15 02:39:49
drg. Dewi Permatasari,Dokter Gigi,drg. Dewi Permata Sari,"Alang-Alang Lebar, Kota Palembang",,dokter-gigi,2025-06-15 02:39:49
drg. Dewi Puspasari,Dokter Gigi,Praktik Dokter Gigi drg. Dewi Puspasari,"Mustika Jaya, Bekasi",,dokter-gigi,2025-06-15 02:39:49
drg. Dewi Puspasi,Dokter Gigi,Praktik Dokter Gigi drg. Dewi Puspasari,"Mustika Jaya, Bekasi",,dokter-gigi,2025-06-15 02:39:49
drg. Dewi Puspitasari,Dokter Gigi,halodoc,"Setiabudi, Jakarta Selatan",,dokter-gigi,2025-06-15 02:39:49
drg. Dewi Sartika,Dokter Gigi,Klinik PKU Muhammadiyah Singaparna,"Singaparna, Kabupaten Tasikmalaya",,dokter-gigi,2025-06-15 02:39:51
Drg. Dewi Sisma Putriasari,Dokter Gigi,halodoc,"Setiabudi, Jakarta Selatan",,dokter-gigi,2025-06-15 02:39:51
drg. Dewi Sulistiawan,Dokter Gigi,Dokter Gigi Dewi Dental Care,"Lahat, Kabupaten Lahat",,dokter-gigi,2025-06-15 02:39:51
drg Dhianda Novia,Dokter Gigi,FDC KRAWANG,"Cilamaya Wetan, Kabupaten Karawang",,dokter-gigi,2025-06-15 02:39:51
drg Dhinda Novia,Dokter Gigi,FDC KRAWANG,"Cilamaya Wetan, Kabupaten Karawang",,dokter-gigi,2025-06-15 02:39:51
drg. Diah,Dokter Gigi,Klinik Keluarga,"Kedamaian, Kota Bandar Lampung",,dokter-gigi,2025-06-15 02:39:51
drg. Diah Gabriela Pratiwi,Dokter Gigi,halodoc,"Setiabudi, Jakarta Selatan",,dokter-gigi,2025-06-15 02:39:51
Drg. Diahtri Gustiani,Dokter Gigi,halodoc,"Setiabudi, Jakarta Selatan",,dokter-gigi,2025-06-15 02:39:51
Drg. Diajeng Ayuningtias Dewi Sp. KGA,Dokter Gigi,Klinik Audy Dental,"Setiabudi, Jakarta Selatan",,dokter-gigi,2025-06-15 02:39:51
Drg. Dian Madina,Dokter Gigi,halodoc,"Setiabudi, Jakarta Selatan",,dokter-gigi,2025-06-15 02:39:51
Drg. Dian Safitri Musytari,Dokter Gigi,halodoc,"Setiabudi, Jakarta Selatan",,dokter-gigi,2025-06-15 02:39:53
drg. Dian Setyaningsih,Dokter Gigi,Citra Dent's,"Jatisampurna, Bekasi",,dokter-gigi,2025-06-15 02:39:53
Drg. Dian Yunita,Dokter Gigi,drg Dian Yunita,"Cempaka Putih, Jakarta Pusat",,dokter-gigi,2025-06-15 02:39:53
Drg. Dian Yunita,Dokter Gigi,drg Dian Yunita,"Cempaka Putih, Jakarta Pusat",,dokter-gigi,2025-06-15 02:39:53
drg. Diana Agnes Thioritz,Dokter Gigi,Hugo Dental Care,"Ujung Pandang, Kota Makassar",,dokter-gigi,2025-06-15 02:39:53
Dr. Diana Manifestari,Dokter Gigi,drg. Diana Manifestari,"Ciputat, Tangerang Selatan",,dokter-gigi,2025-06-15 02:39:53
Drg. Diana Manifestari,Dokter Gigi,drg. Diana Manifestari,"Ciputat, Tangerang Selatan",,dokter-gigi,2025-06-15 02:39:53
drg. Diana S.,Dokter Gigi,Drg. Diana S,"Gajahmungkur, Kota Semarang",,dokter-gigi,2025-06-15 02:39:53
Dica Nelli Busra drg,Dokter Gigi,Trusmile Dental House,"Bekasi Barat, Bekasi",,dokter-gigi,2025-06-15 02:39:53
drg. Dika Ar Razak,Dokter Gigi,Grandis Dental Care,"Klari, Kabupaten Karawang",,dokter-gigi,2025-06-15 02:39:53
drg Dika Ar Razak,Dokter Gigi,halodoc,"Setiabudi, Jakarta Selatan",,dokter-gigi,2025-06-15 02:39:56
drg. Dimas Mahardika Sp.BM,Dokter Gigi,halodoc,"Setiabudi, Jakarta Selatan",,dokter-gigi,2025-06-15 02:39:56
drg. Dimas Noor Aditianto,Dokter Gigi,Dental Theory Clinic JGC.,"Cakung, Jakarta Timur",,dokter-gigi,2025-06-15 02:39:56
drg. Dimas Noor Aditianto,Dokter Gigi,Dental Theory Clinic JGC.,"Cakung, Jakarta Timur",,dokter-gigi,2025-06-15 02:39:56
drg. Dimas Satrio Pamungkas,Dokter Gigi,Klinik Musytasyfah,"Majalaya, Kabupaten Karawang",,dokter-gigi,2025-06-15 02:39:56
drg. Dimas Satrio Pamungkas,Dokter Gigi,Klinik Musytasyfah,"Majalaya, Kabupaten Karawang",,dokter-gigi,2025-06-15 02:39:56
drg. Dimas Satrio Pamungkas,Dokter Gigi,Klinik Musytasyfah,"Majalaya, Kabupaten Karawang",,dokter-gigi,2025-06-15 02:39:56
drg. Dina Riyanti,Dokter Gigi,KDC Styles - Grand Wisata Bekasi,"Tambun Selatan, Kabupaten Bekasi",,dokter-gigi,2025-06-15 02:39:56
drg Dina Stephani,Dokter Gigi,halodoc,"Setiabudi, Jakarta Selatan",,dokter-gigi,2025-06-15 02:39:56
drg. Dina Wahyu Risany,Dokter Gigi,Mitra Indonesia Dentist,"Kebayoran Lama, Jakarta Selatan",,dokter-gigi,2025-06-15 02:39:56
drg Dinar Sihombing,Dokter Gigi,halodoc,"Setiabudi, Jakarta Selatan",,dokter-gigi,2025-06-15 02:39:58
dr. Dinda,Dokter Gigi,Klinik Dokter Gigi drg. Mayang Sari,"Pasar Rebo, Jakarta Timur",,dokter-gigi,2025-06-15 02:39:58
Drg. Dinda Andiniga,Dokter Gigi,halodoc,"Setiabudi, Jakarta Selatan",,dokter-gigi,2025-06-15 02:39:58
drg. Dinda Nuzula,Dokter Gigi,SOZO DENTAL,"Batuceper, Tangerang",,dokter-gigi,2025-06-15 02:39:58
drg. Dinda Putri Ramadhanniza,Dokter Gigi,Praktek dokter mandiri,"Cileunyi, Kabupaten Bandung",,dokter-gigi,2025-06-15 02:39:58
drg. Dini Haqiqi Putri,Dokter Gigi,halodoc,"Setiabudi, Jakarta Selatan",,dokter-gigi,2025-06-15 02:39:58
Drg. Dini Octoria,Dokter Gigi,halodoc,"Setiabudi, Jakarta Selatan",,dokter-gigi,2025-06-15 02:39:58
Drg Dityas Kurnia Datu,Dokter Gigi,Golans Dental Care,"Tanjung Priok, Jakarta Utara",,dokter-gigi,2025-06-15 02:39:58
drg. Doddy Risdiyanto,Dokter Gigi,APOTEK FARDIKA,"Metro Timur, Kota Metro",,dokter-gigi,2025-06-15 02:39:58
Dokter Gigi,Dokter Gigi,RSUD TJ Priok,"Tanjung Priok, Jakarta Utara",,dokter-gigi,2025-06-15 02:39:58
Drg. Dona Prima Sari,Dokter Gigi,D' DENTAL CLINIC,"Jonggol, Kabupaten Bogor",,dokter-gigi,2025-06-15 02:40:01
Drg. Dondi Gumilang,Dokter Gigi,halodoc,"Setiabudi, Jakarta Selatan",,dokter-gigi,2025-06-15 02:40:01
drg. Dorothea P. Arifin,Dokter Gigi,RS St. Carolus Salemba,"Senen, Jakarta Pusat",https://d1ojs48v3n42tp.cloudfront.net/personnels/43564_20-6-2023_12-42-59.png,dokter-gigi,2025-06-15 02:40:01
Dr Cherie Young,Dokter Gigi,South Melbourne Dental Group,"Setiabudi, Jakarta Selatan",,dokter-gigi,2025-06-15 02:40:01
Dr. Muhammad Riza Sp. Perio,Dokter Gigi,halodoc,"Setiabudi, Jakarta Selatan",,dokter-gigi,2025-06-15 02:40:01
Dr. drg. Gilang Yubiliana M.Kes.,Dokter Gigi,BANDUNG DENTAL CARE,"Lengkong, Kota Bandung",,dokter-gigi,2025-06-15 02:40:01
"Drg. Drg Ananta Tanuharjo, Mkes.Cert.Ort.,Msc",Dokter Gigi,"Drg Ananta Tanuharjo, Mkes.Cert.Ort.,Msc","Grogol Petamburan, Jakarta Barat",,dokter-gigi,2025-06-15 02:40:01
Drg Andyka Dwi Prabowo,Dokter Gigi,halodoc,"Setiabudi, Jakarta Selatan",,dokter-gigi,2025-06-15 02:40:01
Drg Dryan Hermining,Dokter Gigi,Klinik Pdgi Karawang,"Karawang Barat, Kabupaten Karawang",,dokter-gigi,2025-06-15 02:40:01
Drg Heny Puji Astuti,Dokter Gigi,Drg HENY PUJI ASTUTI,"Babelan, Kabupaten Bekasi",,dokter-gigi,2025-06-15 02:40:01
Drg Heny Puji Astuti,Dokter Gigi,Drg HENY PUJI ASTUTI,"Babelan, Kabupaten Bekasi",,dokter-gigi,2025-06-15 02:40:03
Drg Linarsih,Dokter Gigi,Drg Linarsih,"Telukjambe Timur, Kabupaten Karawang",,dokter-gigi,2025-06-15 02:40:03
Drg Monica,Dokter Gigi,KLINIK UTAMA MWhite,"Bandung Kidul, Kota Bandung",,dokter-gigi,2025-06-15 02:40:03
Drg Ning Ayu Hasanah HR,Dokter Gigi,halodoc,"Setiabudi, Jakarta Selatan",,dokter-gigi,2025-06-15 02:40:03
Drg Peregrina Philia Winangun,Dokter Gigi,Apotek Populer,"Sawah Besar, Jakarta Pusat",,dokter-gigi,2025-06-15 02:40:03
Drg Sri Kurnia R,Dokter Gigi,Drg Sri Kurnia R,"Kebayoran Baru, Jakarta Selatan",,dokter-gigi,2025-06-15 02:40:03
Drg Sri Widyaswati,Dokter Gigi,drg Sri Widyaswati,"Berbah, Kabupaten Sleman",,dokter-gigi,2025-06-15 02:40:03
Drg Tjandra Gunawan FISID & Drg Dora Lautan Dental Care,Dokter Gigi,Drg Tjandra Gunawan FISID & Drg Dora Lautan Dental Care,"Medan Johor, Kota Medan",,dokter-gigi,2025-06-15 02:40:03
Drg Yanti Hartati,Dokter Gigi,Drg. Yanti Hartati,"Bandung Kidul, Kota Bandung",,dokter-gigi,2025-06-15 02:40:03
Drg ZAHRA HANUM JATSIYAH,Dokter Gigi,Parahita Diagnostic Center,"Setiabudi, Jakarta Selatan",,dokter-gigi,2025-06-15 02:40:03
Drg Zemi Puspitasari,Dokter Gigi,drg.Zemi Puspitasari,"Bogor Barat, Bogor",,dokter-gigi,2025-06-15 02:40:06
Drg. Agus Susanto Sp. Perio,Dokter Gigi,halodoc,"Setiabudi, Jakarta Selatan",,dokter-gigi,2025-06-15 02:40:06
Drg. Ahmad Sulistiono,Dokter Gigi,halodoc,"Setiabudi, Jakarta Selatan",,dokter-gigi,2025-06-15 02:40:06
Drg. Amalina Candraditya Putri,Dokter Gigi,halodoc,"Setiabudi, Jakarta Selatan",,dokter-gigi,2025-06-15 02:40:06
Drg. Arfan Badeges,Dokter Gigi,halodoc,"Setiabudi, Jakarta Selatan",,dokter-gigi,2025-06-15 02:40:06
Drg. Arifa Pediarahma S,Dokter Gigi,halodoc,"Setiabudi, Jakarta Selatan",,dokter-gigi,2025-06-15 02:40:06
Drg. Audy Paramitha Rachmandra,Dokter Gigi,halodoc,"Setiabudi, Jakarta Selatan",,dokter-gigi,2025-06-15 02:40:06
Drg. Citra Esperanza Hudiyono,Dokter Gigi,KINDERI Kids & Family Dental Clinic,"Cimanggis, Depok",,dokter-gigi,2025-06-15 02:40:06
Drg. Citra Wahyuni,Dokter Gigi,halodoc,"Setiabudi, Jakarta Selatan",,dokter-gigi,2025-06-15 02:40:06
"Drg. Deni Syafri, MMRS",Dokter Gigi,halodoc,"Setiabudi, Jakarta Selatan",,dokter-gigi,2025-06-15 02:40:06
Drg. Dewi Djohari,Dokter Gigi,halodoc,"Setiabudi, Jakarta Selatan",,dokter-gigi,2025-06-15 02:40:08
Drg. Dina Parawita,Dokter Gigi,halodoc,"Setiabudi, Jakarta Selatan",,dokter-gigi,2025-06-15 02:40:08
Drg. Dita,Dokter Gigi,halodoc,"Setiabudi, Jakarta Selatan",,dokter-gigi,2025-06-15 02:40:08
Drg. Djumiarti,Dokter Gigi,halodoc,"Setiabudi, Jakarta Selatan",,dokter-gigi,2025-06-15 02:40:08
Drg. Elisabeth Reni Sp. kG,Dokter Gigi,halodoc,"Setiabudi, Jakarta Selatan",,dokter-gigi,2025-06-15 02:40:08
Drg. Ephicia Tiara Devi M,Dokter Gigi,halodoc,"Setiabudi, Jakarta Selatan",,dokter-gigi,2025-06-15 02:40:08
Drg. Era Yunita,Dokter Gigi,halodoc,"Setiabudi, Jakarta Selatan",,dokter-gigi,2025-06-15 02:40:08
Drg. Erlaffa Pratomo,Dokter Gigi,halodoc,"Setiabudi, Jakarta Selatan",,dokter-gigi,2025-06-15 02:40:08
Drg. Erwin,Dokter Gigi,halodoc,"Setiabudi, Jakarta Selatan",,dokter-gigi,2025-06-15 02:40:08
Drg. Fauzan Hafizh,Dokter Gigi,halodoc,"Setiabudi, Jakarta Selatan",,dokter-gigi,2025-06-15 02:40:08
Drg. Fiona Verisqa Sp. BM,Dokter Gigi,halodoc,"Setiabudi, Jakarta Selatan",,dokter-gigi,2025-06-15 02:40:10
Drg. Fitri Utami,Dokter Gigi,halodoc,"Setiabudi, Jakarta Selatan",,dokter-gigi,2025-06-15 02:40:10
Drg. Frederick Handani,Dokter Gigi,SMILE FOR LIFE,"Batuceper, Tangerang",,dokter-gigi,2025-06-15 02:40:10
Drg. Grace Margareth,Dokter Gigi,halodoc,"Setiabudi, Jakarta Selatan",,dokter-gigi,2025-06-15 02:40:10
Drg. Harfi Adyshe Sagugurat,Dokter Gigi,halodoc,"Setiabudi, Jakarta Selatan",,dokter-gigi,2025-06-15 02:40:10
Drg. Helda Anindya Sp.KG,Dokter Gigi,halodoc,"Setiabudi, Jakarta Selatan",,dokter-gigi,2025-06-15 02:40:10
Drg. Helga Anindya Sp.KG,Dokter Gigi,halodoc,"Setiabudi, Jakarta Selatan",,dokter-gigi,2025-06-15 02:40:10
Drg. Hetty Widiawati Sp. KG,Dokter Gigi,halodoc,"Setiabudi, Jakarta Selatan",,dokter-gigi,2025-06-15 02:40:10
Drg. Hj. Anna Nur Wulan,Dokter Gigi,halodoc,"Setiabudi, Jakarta Selatan",,dokter-gigi,2025-06-15 02:40:10
Drg. Irma Rachmatina Sp. KG,Dokter Gigi,halodoc,"Setiabudi, Jakarta Selatan",,dokter-gigi,2025-06-15 02:40:10
Drg. Ita Dwi Lestari,Dokter Gigi,halodoc,"Setiabudi, Jakarta Selatan",,dokter-gigi,2025-06-15 02:40:13
Drg. Kirana Virysia,Dokter Gigi,halodoc,"Setiabudi, Jakarta Selatan",,dokter-gigi,2025-06-15 02:40:13
Drg. Lila Susanti Sp. KG,Dokter Gigi,halodoc,"Setiabudi, Jakarta Selatan",,dokter-gigi,2025-06-15 02:40:13
Drg. Maghfira Fitri,Dokter Gigi,halodoc,"Setiabudi, Jakarta Selatan",,dokter-gigi,2025-06-15 02:40:13
Drg. Martina Pranasari Sp. KGA,Dokter Gigi,halodoc,"Setiabudi, Jakarta Selatan",,dokter-gigi,2025-06-15 02:40:13
Drg. Merdiana Dwi Trasti Sp.KGA,Dokter Gigi,halodoc,"Setiabudi, Jakarta Selatan",,dokter-gigi,2025-06-15 02:40:13
Drg. Meryln Kosasih,Dokter Gigi,halodoc,"Setiabudi, Jakarta Selatan",,dokter-gigi,2025-06-15 02:40:13
Drg. Michael Sp. KG,Dokter Gigi,halodoc,"Setiabudi, Jakarta Selatan",,dokter-gigi,2025-06-15 02:40:13
Drg. Nadiya Bunga Annisa,Dokter Gigi,halodoc,"Setiabudi, Jakarta Selatan",,dokter-gigi,2025-06-15 02:40:13
Drg. Nara Ghassani,Dokter Gigi,halodoc,"Setiabudi, Jakarta Selatan",,dokter-gigi,2025-06-15 02:40:13
Drg. Nia Suciantini,Dokter Gigi,halodoc,"Setiabudi, Jakarta Selatan",,dokter-gigi,2025-06-15 02:40:15
Drg. Noyja Setphanie,Dokter Gigi,halodoc,"Setiabudi, Jakarta Selatan",,dokter-gigi,2025-06-15 02:40:15
Drg. Odin Noah,Dokter Gigi,halodoc,"Setiabudi, Jakarta Selatan",,dokter-gigi,2025-06-15 02:40:15
Drg. Petrina Chandra Sp. KG,Dokter Gigi,halodoc,"Setiabudi, Jakarta Selatan",,dokter-gigi,2025-06-15 02:40:15
Drg. Prabani Putri Permatasari,Dokter Gigi,halodoc,"Setiabudi, Jakarta Selatan",,dokter-gigi,2025-06-15 02:40:15
Drg. Priska Angelia Budiono Sp. KG,Dokter Gigi,halodoc,"Setiabudi, Jakarta Selatan",,dokter-gigi,2025-06-15 02:40:15
Drg. Putri Aisiya,Dokter Gigi,halodoc,"Setiabudi, Jakarta Selatan",,dokter-gigi,2025-06-15 02:40:15
Drg. Putu Ayu Pradnya Swastiantari,Dokter Gigi,halodoc,"Setiabudi, Jakarta Selatan",,dokter-gigi,2025-06-15 02:40:15
Drg. Rahmat Ibrahim,Dokter Gigi,halodoc,"Setiabudi, Jakarta Selatan",,dokter-gigi,2025-06-15 02:40:15
Drg. Rainy Anis Daningtyas,Dokter Gigi,halodoc,"Setiabudi, Jakarta Selatan",,dokter-gigi,2025-06-15 02:40:15
Drg. Ratih Wardhani,Dokter Gigi,halodoc,"Setiabudi, Jakarta Selatan",,dokter-gigi,2025-06-15 02:40:18
Drg. Reny Setyowati,Dokter Gigi,halodoc,"Setiabudi, Jakarta Selatan",,dokter-gigi,2025-06-15 02:40:18
Drg. Rizfita Ananda,Dokter Gigi,halodoc,"Setiabudi, Jakarta Selatan",,dokter-gigi,2025-06-15 02:40:18
Drg. Rizky Fajrin Al Falah,Dokter Gigi,halodoc,"Setiabudi, Jakarta Selatan",,dokter-gigi,2025-06-15 02:40:18
Drg. Ryadhiljannah,Dokter Gigi,halodoc,"Setiabudi, Jakarta Selatan",,dokter-gigi,2025-06-15 02:40:18
Drg. Sany Tulim Sp. KG,Dokter Gigi,halodoc,"Setiabudi, Jakarta Selatan",,dokter-gigi,2025-06-15 02:40:18
Drg. Sarah Yuristha,Dokter Gigi,halodoc,"Setiabudi, Jakarta Selatan",,dokter-gigi,2025-06-15 02:40:18
Drg. Septiana Wulansari,Dokter Gigi,halodoc,"Setiabudi, Jakarta Selatan",,dokter-gigi,2025-06-15 02:40:18
Drg. Sherly Olivia Amida,Dokter Gigi,halodoc,"Setiabudi, Jakarta Selatan",,dokter-gigi,2025-06-15 02:40:18
Drg. Sitiza Tanita W Sp. KG,Dokter Gigi,halodoc,"Setiabudi, Jakarta Selatan",,dokter-gigi,2025-06-15 02:40:18
Drg. Sri Muliatiningsih,Dokter Gigi,halodoc,"Setiabudi, Jakarta Selatan",,dokter-gigi,2025-06-15 02:40:20
Drg. Sri Sunarsih,Dokter Gigi,halodoc,"Setiabudi, Jakarta Selatan",,dokter-gigi,2025-06-15 02:40:20
Drg. Sri Yuniarti Rahayu Sp.KG,Dokter Gigi,halodoc,"Setiabudi, Jakarta Selatan",,dokter-gigi,2025-06-15 02:40:20
Drg. Tutty Rahayu,Dokter Gigi,halodoc,"Setiabudi, Jakarta Selatan",,dokter-gigi,2025-06-15 02:40:20
Drg. Verawaty Sp.KG,Dokter Gigi,halodoc,"Setiabudi, Jakarta Selatan",,dokter-gigi,2025-06-15 02:40:20
Drg. Vinka A,Dokter Gigi,halodoc,"Setiabudi, Jakarta Selatan",,dokter-gigi,2025-06-15 02:40:20
Drg. Wisnu Rachmato,Dokter Gigi,halodoc,"Setiabudi, Jakarta Selatan",,dokter-gigi,2025-06-15 02:40:20
Drg. Wiwik Widyastuti,Dokter Gigi,halodoc,"Setiabudi, Jakarta Selatan",,dokter-gigi,2025-06-15 02:40:20
Drg. Wydiavei,Dokter Gigi,halodoc,"Setiabudi, Jakarta Selatan",,dokter-gigi,2025-06-15 02:40:20
drg. Duma Lina Tanjung,Dokter Gigi,Alyandra dental Clinic,"Medan Selayang, Kota Medan",,dokter-gigi,2025-06-15 02:40:20
drg Dwi Ariani,Dokter Gigi,APOTEK ROXY,"Bekasi Selatan, Bekasi",,dokter-gigi,2025-06-15 02:40:23
drg. Dwi Herianto,Dokter Gigi,Praktek Dokter Gigi..,"Gambir, Jakarta Pusat",,dokter-gigi,2025-06-15 02:40:23
Drg. Dwi Intan Susilowati,Dokter Gigi,halodoc,"Setiabudi, Jakarta Selatan",,dokter-gigi,2025-06-15 02:40:23
drg. Dwi Maya Laks Hati,Dokter Gigi,Dental Space Indonesia,"Palmerah, Jakarta Barat",,dokter-gigi,2025-06-15 02:40:23
drg. Dwi Maya Laras Hati,Dokter Gigi,Dental Space Indonesia,"Palmerah, Jakarta Barat",,dokter-gigi,2025-06-15 02:40:23
drg. Dwi Nur Hapsariningsih,Dokter Gigi,drg. Dwi Nur Hapsariningsih,"Cilebar, Kabupaten Karawang",,dokter-gigi,2025-06-15 02:40:23
drg. Dwi Nur Hikmah,Dokter Gigi,Prakter drg. Dwi Nur Hiqmah,"Pasar Rebo, Jakarta Timur",,dokter-gigi,2025-06-15 02:40:23
drg. Dwi Nur Hiqmah,Dokter Gigi,Prakter drg. Dwi Nur Hiqmah,"Pasar Rebo, Jakarta Timur",,dokter-gigi,2025-06-15 02:40:23
drg. Dwi Nur Hiqmah,Dokter Gigi,Prakter drg. Dwi Nur Hiqmah,"Pasar Rebo, Jakarta Timur",,dokter-gigi,2025-06-15 02:40:23
drg. Dwi Oktarini,Dokter Gigi,SOZO DENTAL,"Batuceper, Tangerang",,dokter-gigi,2025-06-15 02:40:23
drg. Dwi Rahayu Wulan Sari,Dokter Gigi,SOZO DENTAL,"Batuceper, Tangerang",,dokter-gigi,2025-06-15 02:40:25
drg. Dwi Rahayu Wulan Sari,Dokter Gigi,SOZO DENTAL MARGONDA DEPOK,"Beji, Depok",,dokter-gigi,2025-06-15 02:40:25
Drg Dyah Arini,Dokter Gigi,ARINI Dental Care,"Karawang Timur, Kabupaten Karawang",,dokter-gigi,2025-06-15 02:40:25
Drg. Dyah Hermining,Dokter Gigi,Klinik Pdgi Karawang,"Karawang Barat, Kabupaten Karawang",,dokter-gigi,2025-06-15 02:40:25
Drg. Dyah Hermining,Dokter Gigi,Klinik Gigi PDGI,"Cempaka Putih, Jakarta Pusat",,dokter-gigi,2025-06-15 02:40:25
Drg. Dyah Hermining,Dokter Gigi,halodoc,"Setiabudi, Jakarta Selatan",,dokter-gigi,2025-06-15 02:40:25
drg. Dyah Lestariningsih Ratri,Dokter Gigi,SENYUM DENTAL,"Gunung Putri, Kabupaten Bogor",,dokter-gigi,2025-06-15 02:40:25
drg. Dyah Lestariningsih Ratri,Dokter Gigi,SENYUM DENTAL,"Gunung Putri, Kabupaten Bogor",,dokter-gigi,2025-06-15 02:40:25
drg. Dyah Lestariningsih Ratri,Dokter Gigi,SENYUM DENTAL,"Gunung Putri, Kabupaten Bogor",,dokter-gigi,2025-06-15 02:40:25
drg. Dyah Lestariningsih Ratri,Dokter Gigi,SENYUM DENTAL,"Gunung Putri, Kabupaten Bogor",,dokter-gigi,2025-06-15 02:40:25
Drg. Dyah Puspita Negari,Dokter Gigi,halodoc,"Setiabudi, Jakarta Selatan",,dokter-gigi,2025-06-15 02:40:28
Drg. Dyan Herminingsih,Dokter Gigi,Klinik Pdgi Karawang,"Karawang Barat, Kabupaten Karawang",,dokter-gigi,2025-06-15 02:40:28
Drg. Dzaki A'la Muttaqien,Dokter Gigi,halodoc,"Setiabudi, Jakarta Selatan",,dokter-gigi,2025-06-15 02:40:28
drg. ELISABETH I TJAHJADI,Dokter Gigi,drg. Elisabeth I Tjahjadi,"Kemayoran, Jakarta Pusat",,dokter-gigi,2025-06-15 02:40:28
drg. ELLDA,Dokter Gigi,Praktek Dokter Gigi..,"Gambir, Jakarta Pusat",,dokter-gigi,2025-06-15 02:40:28
DRG. EULIS SIDHARJA,Dokter Gigi,APOTEK ROXY,"Bekasi Selatan, Bekasi",,dokter-gigi,2025-06-15 02:40:28
dr. EVANSIA JESSICA,Dokter Gigi,Klinik Pratama Medissa.,"Pasar Rebo, Jakarta Timur",,dokter-gigi,2025-06-15 02:40:28
drg. Eddy Giarso,Dokter Gigi,Klinik Pratama Gang Kelinci,"Sawah Besar, Jakarta Pusat",,dokter-gigi,2025-06-15 02:40:28
drg. Edlyn Nathania,Dokter Gigi,drg. Edlyn Nathania,"Setiabudi, Jakarta Selatan",,dokter-gigi,2025-06-15 02:40:28
drg. Edwin tandra,Dokter Gigi,Klinik Gigi Get Dentist,"Kebayoran Baru, Jakarta Selatan",,dokter-gigi,2025-06-15 02:40:28
Drg. Efranita Somasi Crownlina Ndruru MKM,Dokter Gigi,halodoc,"Setiabudi, Jakarta Selatan",,dokter-gigi,2025-06-15 02:40:30
drg. Egia Ninta,Dokter Gigi,drg. Egia Ninta,"Manguharjo, Kota Madiun",,dokter-gigi,2025-06-15 02:40:30
drg. Eka Anggita Sari,Dokter Gigi,halodoc,"Setiabudi, Jakarta Selatan",,dokter-gigi,2025-06-15 02:40:30
drg. Eka Aprianti,Dokter Gigi,Praktek Dokter Gigi Dentist Street,"Matraman, Jakarta Timur",,dokter-gigi,2025-06-15 02:40:30
drg. Eka Aprilla,Dokter Gigi,halodoc,"Setiabudi, Jakarta Selatan",,dokter-gigi,2025-06-15 02:40:30
Eka Ayu Fitria Febriani,Dokter Gigi,SOZO DENTAL,"Batuceper, Tangerang",,dokter-gigi,2025-06-15 02:40:30
drg. Eka Gandara Putra,Dokter Gigi,Hade Medika Cicurug,"Cicurug, Kabupaten Sukabumi",,dokter-gigi,2025-06-15 02:40:30
drg Eka Sanastiati,Dokter Gigi,halodoc,"Setiabudi, Jakarta Selatan",,dokter-gigi,2025-06-15 02:40:30
drg Eka Saptawaty,Dokter Gigi,DOTER GIGI EKA SAPTAWATY,"Babelan, Kabupaten Bekasi",,dokter-gigi,2025-06-15 02:40:30
Drg. Elbert Dwi Suma,Dokter Gigi,Praktek drg Masita Wulandari H & drg Elbert Dwi Suma P Sp.KG,"Kediri Kota, Kota Kediri",,dokter-gigi,2025-06-15 02:40:30
Drg. Elbert Dwi Suma,Dokter Gigi,Praktek drg Masita Wulandari H & drg Elbert Dwi Suma P Sp.KG,"Kediri Kota, Kota Kediri",,dokter-gigi,2025-06-15 02:40:33
drg. Elbert Dwi Suma P Sp.KG,Dokter Gigi,Praktek drg Masita Wulandari H & drg Elbert Dwi Suma P Sp.KG,"Kediri Kota, Kota Kediri",,dokter-gigi,2025-06-15 02:40:33
Drg. Elbert Dwi Suma P Sp. KG,Dokter Gigi,Praktek drg Masita Wulandari H & drg Elbert Dwi Suma P Sp.KG,"Kediri Kota, Kota Kediri",,dokter-gigi,2025-06-15 02:40:33
Drg. Elbert Dwi Suma P Sp. KG,Dokter Gigi,Praktek drg Masita Wulandari H & drg Elbert Dwi Suma P Sp.KG,"Kediri Kota, Kota Kediri",,dokter-gigi,2025-06-15 02:40:33
Drg. Elbert Dwi Suma P Sp. KG,Dokter Gigi,Praktek drg Masita Wulandari H & drg Elbert Dwi Suma P Sp.KG,"Kediri Kota, Kota Kediri",,dokter-gigi,2025-06-15 02:40:33
Drg. Elbert Dwi Suma P Sp. KG,Dokter Gigi,Praktek drg Masita Wulandari H & drg Elbert Dwi Suma P Sp.KG,"Kediri Kota, Kota Kediri",,dokter-gigi,2025-06-15 02:40:33
drg. Elbert Dwi Suma P. Sp. KG,Dokter Gigi,Praktek drg Masita Wulandari H & drg Elbert Dwi Suma P Sp.KG,"Kediri Kota, Kota Kediri",,dokter-gigi,2025-06-15 02:40:33
Drg. Elbert Dwi Suma P. Sp. KG,Dokter Gigi,Praktek drg Masita Wulandari H & drg Elbert Dwi Suma P Sp.KG,"Kediri Kota, Kota Kediri",,dokter-gigi,2025-06-15 02:40:33
drg. Elfina,Dokter Gigi,halodoc,"Setiabudi, Jakarta Selatan",,dokter-gigi,2025-06-15 02:40:33
drg. Elfira Anggraini,Dokter Gigi,AV Dental Surabaya,"Tandes, Kota Surabaya",,dokter-gigi,2025-06-15 02:40:33
drg. Elfreda Sidharta,Dokter Gigi,drg. Elfreda Sidharta,"Tegalsari, Kota Surabaya",,dokter-gigi,2025-06-15 02:40:35
drg. Elfreda Sidharta,Dokter Gigi,drg. Elfreda Sidharta,"Tegalsari, Kota Surabaya",,dokter-gigi,2025-06-15 02:40:35
drg. Elfrida Amaryanni,Dokter Gigi,Laboratorium Biomed Kota Serang,"Serang, Kota Serang",,dokter-gigi,2025-06-15 02:40:35
drg. Elia Cresencia,Dokter Gigi,halodoc,"Setiabudi, Jakarta Selatan",,dokter-gigi,2025-06-15 02:40:35
Drg. Elias Aldonny Budiman,Dokter Gigi,halodoc,"Setiabudi, Jakarta Selatan",,dokter-gigi,2025-06-15 02:40:35
drg. Elis,Dokter Gigi,Klinik Gigi ADS Priority (Amanah Dental Smile Priority),"Tawang, Kota Tasikmalaya",,dokter-gigi,2025-06-15 02:40:35
drg. Elis Indriati,Dokter Gigi,Klinik Gigi ADS Priority (Amanah Dental Smile Priority),"Tawang, Kota Tasikmalaya",,dokter-gigi,2025-06-15 02:40:35
Drg. Elisabet Henny Yanti,Dokter Gigi,Praktek drg. Elisabet Henny Y,"Cileungsi, Kabupaten Bogor",,dokter-gigi,2025-06-15 02:40:35
drg. Elisabeth Ananta P.,Dokter Gigi,APOTEK AN'NDA,"Gambir, Jakarta Pusat",,dokter-gigi,2025-06-15 02:40:35
Drg. Elisabeth Juliana W Sp. KG,Dokter Gigi,dr. J Clinic,"Kebayoran Baru, Jakarta Selatan",,dokter-gigi,2025-06-15 02:40:35
drg. Elly Setyawati,Dokter Gigi,Klinik Casadienta,"Setiabudi, Jakarta Selatan",,dokter-gigi,2025-06-15 02:40:37
drg. Elva Anjani Novita Iskandar Winata,Dokter Gigi,Siloam Hospitals Balikpapan,"Balikpapan Selatan, Kota Balikpapan",https://d1ojs48v3n42tp.cloudfront.net/personnels/35345_1-4-2022_0-4-28.jpeg,dokter-gigi,2025-06-15 02:40:37
Drg. Ema Oktarina,Dokter Gigi,Praktek dokter mandiri,"Cileunyi, Kabupaten Bandung",,dokter-gigi,2025-06-15 02:40:37
drg. Emmanuella Gayatri Sp.KG,Dokter Gigi,Peri Gigi Depok,"Beji, Depok",,dokter-gigi,2025-06-15 02:40:37
drg. Emmanuella Gayatri Sp.KG,Dokter Gigi,halodoc,"Setiabudi, Jakarta Selatan",,dokter-gigi,2025-06-15 02:40:37
drg. Emmanuella Gayatri Sp.KG,Dokter Gigi,halodoc,"Setiabudi, Jakarta Selatan",,dokter-gigi,2025-06-15 02:40:37
"drg. Emmanuella Gayatri, Sp.KG",Dokter Gigi,Peri Gigi Depok,"Beji, Depok",,dokter-gigi,2025-06-15 02:40:37
"drg. Emmanuella Gayatri, Sp.KG",Dokter Gigi,Peri Gigi Depok,"Beji, Depok",,dokter-gigi,2025-06-15 02:40:37
drg. Emy Purnamawati,Dokter Gigi,halodoc,"Setiabudi, Jakarta Selatan",,dokter-gigi,2025-06-15 02:40:37
drg. Enamia Ginting,Dokter Gigi,halodoc,"Setiabudi, Jakarta Selatan",,dokter-gigi,2025-06-15 02:40:37
drg. Enamia Ginting,Dokter Gigi,Praktek Dokter Gigi Enamia Sanitin Ginting,"Kemayoran, Jakarta Pusat",,dokter-gigi,2025-06-15 02:40:40
drg. Endah,Dokter Gigi,Praktek dokter.,"Bukit Raya, Kota Pekanbaru",,dokter-gigi,2025-06-15 02:40:40
Drg. Endah A.T. Wulandari,Dokter Gigi,Apotik Rini,"Pulo Gadung, Jakarta Timur",,dokter-gigi,2025-06-15 02:40:40
drg. Endang Isti Rahayu,Dokter Gigi,drg. Endang Isti Rahayu,"Ciledug, Tangerang",,dokter-gigi,2025-06-15 02:40:40
drg. Endang Narni Yuniasih,Dokter Gigi,halodoc,"Setiabudi, Jakarta Selatan",,dokter-gigi,2025-06-15 02:40:40
drg. Endang Setiowati Sp. Ort,Dokter Gigi,Aesthetic Family Dental House,"Pondok Gede, Bekasi",,dokter-gigi,2025-06-15 02:40:40
drg. Endang Yunia Ekawati,Dokter Gigi,ARINI Dental Care,"Karawang Timur, Kabupaten Karawang",,dokter-gigi,2025-06-15 02:40:40
drg. Endang Yunia Ekawati,Dokter Gigi,ARINI Dental Care,"Karawang Timur, Kabupaten Karawang",,dokter-gigi,2025-06-15 02:40:40
drg. Endang Yunia Ekawati,Dokter Gigi,ARINI Dental Care,"Karawang Timur, Kabupaten Karawang",,dokter-gigi,2025-06-15 02:40:40
drg. Endang Yunia Ekawati,Dokter Gigi,ARINI Dental Care,"Karawang Timur, Kabupaten Karawang",,dokter-gigi,2025-06-15 02:40:40
drg. Endang Yunia Ekawati,Dokter Gigi,ARINI Dental Care,"Karawang Timur, Kabupaten Karawang",,dokter-gigi,2025-06-15 02:40:42
Drg. Enggar Tintriati,Dokter Gigi,GIGINESIA,"Cempaka Putih, Jakarta Pusat",,dokter-gigi,2025-06-15 02:40:42
drg. Entan Hartaningrum,Dokter Gigi,Drg. Soemitro Soedjono Drg. Entan Hartaningrum,"Cempaka Putih, Jakarta Pusat",,dokter-gigi,2025-06-15 02:40:42
drg. Era Supriatin,Dokter Gigi,Klinik Elon Abdulgani.,"Tangerang, Tangerang",,dokter-gigi,2025-06-15 02:40:42
drg. Eravita W. Samil,Dokter Gigi,Praktek dokter mandiri,"Cileunyi, Kabupaten Bandung",,dokter-gigi,2025-06-15 02:40:42
Dr. Eric P. Prasetyo SpKG,Dokter Gigi,"Eric P. Prasetyo, drg., SPKG","Tegalsari, Kota Surabaya",,dokter-gigi,2025-06-15 02:40:42
drg. Eric Wismanto,Dokter Gigi,halodoc,"Setiabudi, Jakarta Selatan",,dokter-gigi,2025-06-15 02:40:42
drg. Eric Wismanto,Dokter Gigi,BRIMA DENTAL CARE,"Medan Sunggal, Kota Medan",,dokter-gigi,2025-06-15 02:40:42
drg. Eric Wismanto,Dokter Gigi,Linus Boekitwetan Dental Care Center,"Cengkareng, Jakarta Barat",,dokter-gigi,2025-06-15 02:40:42
drg. Erick Suwandi,Dokter Gigi,Satu Dental Grand Depok City,"Sukmajaya, Depok",,dokter-gigi,2025-06-15 02:40:42
drg. Eries Sejahtera,Dokter Gigi,Praktek Dokter Gigi..,"Gambir, Jakarta Pusat",,dokter-gigi,2025-06-15 02:40:45
drg. Erika Natahusada,Dokter Gigi,halodoc,"Setiabudi, Jakarta Selatan",,dokter-gigi,2025-06-15 02:40:45
"Prof. Dr. drg. Eriska Riyanti, Sp.KGA, Subsp.AIBK(K)",Dokter Gigi,halodoc,"Setiabudi, Jakarta Selatan",,dokter-gigi,2025-06-15 02:40:45
drg. Erita Dwi Anggraeni,Dokter Gigi,drg. Erita Dwi Anggraeni,"Pondok Gede, Bekasi",,dokter-gigi,2025-06-15 02:40:45
drg. Erla Asmalasari,Dokter Gigi,Drg. Erla Asmalasari,"Tanjungsari - Gn Kidul, Kabupaten Gunungkidul",,dokter-gigi,2025-06-15 02:40:45
drg. Erlian Septiana Sari,Dokter Gigi,EF Dental,"Pesantren, Kota Kediri",,dokter-gigi,2025-06-15 02:40:45
"drg. Erly Budianto, Sp.Ort",Dokter Gigi,"drg. Erly Budianto, Sp.Ort","Semarang Tengah, Kota Semarang",,dokter-gigi,2025-06-15 02:40:45
drg. Erlyta Margaret Suhendrik,Dokter Gigi,ARINI Dental Care,"Karawang Timur, Kabupaten Karawang",,dokter-gigi,2025-06-15 02:40:45
drg. Ermin Budiyanti,Dokter Gigi,Klinik Kasih Karunia,"Sukomanunggal, Kota Surabaya",,dokter-gigi,2025-06-15 02:40:45
drg. Erni,Dokter Gigi,drg. Erni,"Kebon Jeruk, Jakarta Barat",,dokter-gigi,2025-06-15 02:40:45
drg. Erni,Dokter Gigi,drg. Erni,"Kebon Jeruk, Jakarta Barat",,dokter-gigi,2025-06-15 02:40:47
drg. Erni,Dokter Gigi,Drg Erni Lukito,"Jatiasih, Bekasi",,dokter-gigi,2025-06-15 02:40:47
Drg. Erni,Dokter Gigi,Drg Erni Lukito,"Jatiasih, Bekasi",,dokter-gigi,2025-06-15 02:40:47
drg. Erni Rismiyanti,Dokter Gigi,FDC Bogor,"Bogor Barat, Bogor",,dokter-gigi,2025-06-15 02:40:47
drg. Erni Silvia,Dokter Gigi,Klinik Pratama Asa Medika,"Masaran, Kabupaten Sragen",,dokter-gigi,2025-06-15 02:40:47
drg. Ervita Tri Purnasari,Dokter Gigi,halodoc,"Setiabudi, Jakarta Selatan",,dokter-gigi,2025-06-15 02:40:47
Drg. Esther Jonathan,Dokter Gigi,halodoc,"Setiabudi, Jakarta Selatan",,dokter-gigi,2025-06-15 02:40:47
drg. Estimartiningrum,Dokter Gigi,SANAFA DENTAL CLINIC,"Bekasi Barat, Bekasi",,dokter-gigi,2025-06-15 02:40:47
Drg. Estitika Tsamrotul Aulia,Dokter Gigi,halodoc,"Setiabudi, Jakarta Selatan",,dokter-gigi,2025-06-15 02:40:47
drg. Etheln Tandria,Dokter Gigi,Klinik Gigi Get Dentist,"Kebayoran Baru, Jakarta Selatan",,dokter-gigi,2025-06-15 02:40:47
drg. Eva,Dokter Gigi,Happy Dental Clinic Summarecon Mall Bandung,"Bandung Kidul, Kota Bandung",,dokter-gigi,2025-06-15 02:40:50
Drg. Eva Jeanne Tj Sp.Pros Sp. Pros,Dokter Gigi,"drg. Eva Jeanne Tj, Sp. Pros,","Laweyan, Kota Surakarta",,dokter-gigi,2025-06-15 02:40:50
"drg. Eva Jeanne Tj, Sp. Pros,",Dokter Gigi,"drg. Eva Jeanne Tj, Sp. Pros,","Laweyan, Kota Surakarta",,dokter-gigi,2025-06-15 02:40:50
"drg. Eva Jeanne Tj. Sp. Pros,",Dokter Gigi,"drg. Eva Jeanne Tj, Sp. Pros,","Laweyan, Kota Surakarta",,dokter-gigi,2025-06-15 02:40:50
drg. Evelien Desiana L.,Dokter Gigi,Harmony Dental Care,"Jaya Baru, Kota Banda Aceh",,dokter-gigi,2025-06-15 02:40:50
dr. Eveline Marceliana Liman SpKG,Dokter Gigi,"Klinik dokter drg. Eveline Marceliana Liman, Sp.KG","Cilandak, Jakarta Selatan",,dokter-gigi,2025-06-15 02:40:50
drg. Evita,Dokter Gigi,RS St. Carolus Salemba,"Senen, Jakarta Pusat",https://d1ojs48v3n42tp.cloudfront.net/personnels/549796_20-6-2023_12-42-38.png,dokter-gigi,2025-06-15 02:40:50
drg. FENDY,Dokter Gigi,Fendy Dental,"Sawah Besar, Jakarta Pusat",,dokter-gigi,2025-06-15 02:40:50
Drg. Fadhlan Indra Sukmana,Dokter Gigi,halodoc,"Setiabudi, Jakarta Selatan",,dokter-gigi,2025-06-15 02:40:50
drg. Fadila Ramadhani,Dokter Gigi,Ocean Dental Kramat Jaya,"Kramat Jati, Jakarta Timur",,dokter-gigi,2025-06-15 02:40:50
drg. Fadila Ramadhani,Dokter Gigi,Ocean Dental Kramat Jaya,"Kramat Jati, Jakarta Timur",,dokter-gigi,2025-06-15 02:40:52
drg. Fadila Ramadhani,Dokter Gigi,halodoc,"Setiabudi, Jakarta Selatan",,dokter-gigi,2025-06-15 02:40:52
drg. Fadiza Fadillah N,Dokter Gigi,Golans Dental Care,"Tanjung Priok, Jakarta Utara",,dokter-gigi,2025-06-15 02:40:52
drg. Fadiza Fadillah N,Dokter Gigi,Golans Dental Care,"Tanjung Priok, Jakarta Utara",,dokter-gigi,2025-06-15 02:40:52
drg. Fadiza Fadillah N,Dokter Gigi,Golans Dental Care,"Tanjung Priok, Jakarta Utara",,dokter-gigi,2025-06-15 02:40:52
Drg. Fadlun,Dokter Gigi,halodoc,"Setiabudi, Jakarta Selatan",,dokter-gigi,2025-06-15 02:40:52
drg. Faida Darmastuti Andayani,Dokter Gigi,KLINIK PRATAMA HARMY MEDIKA,"Rawalumbu, Bekasi",,dokter-gigi,2025-06-15 02:40:52
Fajar Agus Mutaqqin drg.KG,Dokter Gigi,halodoc,"Setiabudi, Jakarta Selatan",,dokter-gigi,2025-06-15 02:40:52
drg. Fajar Sakti Syahrir,Dokter Gigi,Bidan Prakirtia Primadona,"Girimarto, Kabupaten Wonogiri",,dokter-gigi,2025-06-15 02:40:52
drg. Fakhira Hanı Firdaus,Dokter Gigi,Klinik Audy Dental,"Setiabudi, Jakarta Selatan",,dokter-gigi,2025-06-15 02:40:52
drg. Fanny,Dokter Gigi,Luxe Dental & Aesthetic Center,"Bekasi Utara, Bekasi",,dokter-gigi,2025-06-15 02:40:54
Drg. Faolyna,Dokter Gigi,halodoc,"Setiabudi, Jakarta Selatan",,dokter-gigi,2025-06-15 02:40:54
drg. Faradina Indrani,Dokter Gigi,B FRESH DENTAL CARE,"Sidoarjo, Kabupaten Sidoarjo",,dokter-gigi,2025-06-15 02:40:54
drg. Farandita Tamela,Dokter Gigi,FT Dental Center,"Padang Timur, Kota Padang",,dokter-gigi,2025-06-15 02:40:54
drg Farid Nasrudin,Dokter Gigi,drg. Farid Nasrudin,"Tebet, Jakarta Selatan",,dokter-gigi,2025-06-15 02:40:54
drg. Farida Amin,Dokter Gigi,Drg. Farida Amin,"Mijen, Kota Semarang",,dokter-gigi,2025-06-15 02:40:54
drg. Farih Aminah,Dokter Gigi,Sozo Dental PIK,"Penjaringan, Jakarta Utara",,dokter-gigi,2025-06-15 02:40:54
drg. Farizan Zata Hadyan,Dokter Gigi,Klinik Aminah Cendrakasih,"Menteng, Jakarta Pusat",,dokter-gigi,2025-06-15 02:40:54
drg. Farizka Dipa T.,Dokter Gigi,Monodental,"Cempaka Putih, Jakarta Pusat",,dokter-gigi,2025-06-15 02:40:54
drg. Farris Zakki Giffari,Dokter Gigi,halodoc,"Setiabudi, Jakarta Selatan",,dokter-gigi,2025-06-15 02:40:54
drg. Fashiola Nafieta,Dokter Gigi,halodoc,"Setiabudi, Jakarta Selatan",,dokter-gigi,2025-06-15 02:40:57
drg. Fathia Sabila,Dokter Gigi,KLINIK OCEAN DENTAL,"Cilodong, Depok",,dokter-gigi,2025-06-15 02:40:57
Drg. Fauza Raidha,Dokter Gigi,ARBEL Dental Care,"Beji, Depok",,dokter-gigi,2025-06-15 02:40:57
Drg. Fauzi,Dokter Gigi,Papanggo Dental.,"Penjaringan, Jakarta Utara",,dokter-gigi,2025-06-15 02:40:57
Drg. Fauzi,Dokter Gigi,Papanggo Dental.,"Penjaringan, Jakarta Utara",,dokter-gigi,2025-06-15 02:40:57
drg. Fauzia,Dokter Gigi,PRAKTEK DOKTER UMUM DAN DOKTER GIGI,"Tarumajaya, Kabupaten Bekasi",,dokter-gigi,2025-06-15 02:40:57
drg. Fauziah Nurhaliza,Dokter Gigi,FDC Kalimalang,"Kramat Jati, Jakarta Timur",,dokter-gigi,2025-06-15 02:40:57
Drg. Favinas Octa Nuri Tsalats,Dokter Gigi,EF Dental,"Pesantren, Kota Kediri",,dokter-gigi,2025-06-15 02:40:57
drg. Febria Fernandez Sp.KGA,Dokter Gigi,Praktek Dokter Gigi..,"Gambir, Jakarta Pusat",,dokter-gigi,2025-06-15 02:40:57
"drg. Felicia Arihta Hosiana, MARS",Dokter Gigi,halodoc,"Setiabudi, Jakarta Selatan",,dokter-gigi,2025-06-15 02:40:57
drg. Felisia Flaviana Me,Dokter Gigi,Klinik Audy Dental,"Setiabudi, Jakarta Selatan",,dokter-gigi,2025-06-15 02:40:59
drg. Felisia Kesuma,Dokter Gigi,halodoc,"Setiabudi, Jakarta Selatan",,dokter-gigi,2025-06-15 02:40:59
drg. Fendi Riana Alle,Dokter Gigi,TITIS MEDIKA,"Makasar, Jakarta Timur",,dokter-gigi,2025-06-15 02:40:59
drg. Fendi Riana Alle,Dokter Gigi,TITIS MEDIKA,"Makasar, Jakarta Timur",,dokter-gigi,2025-06-15 02:40:59
"drg. Fennt Fransisca, MM",Dokter Gigi,Kawi Jaya Dental Care,"Pamulang, Tangerang Selatan",,dokter-gigi,2025-06-15 02:40:59
Drg. Fenny Fatmawati,Dokter Gigi,halodoc,"Setiabudi, Jakarta Selatan",,dokter-gigi,2025-06-15 02:40:59
drg. Fenny Kartika Sari,Dokter Gigi,Tooth.O Dental Care,"Colomadu, Kabupaten Karanganyar",,dokter-gigi,2025-06-15 02:40:59
drg. Fenny Kartika Sari,Dokter Gigi,drg. Fenny Kartika Sari,"Sukmajaya, Depok",,dokter-gigi,2025-06-15 02:40:59
drg. Fenny Valentine Gouw,Dokter Gigi,Halodoc Teleconsultation,"Setiabudi, Jakarta Selatan",,dokter-gigi,2025-06-15 02:40:59
drg Feny Fransisca,Dokter Gigi,Kawi Jaya Dental Care,"Pamulang, Tangerang Selatan",,dokter-gigi,2025-06-15 02:40:59
"drg. Feny Fransisca, MM",Dokter Gigi,Kawi Jaya Dental Care,"Pamulang, Tangerang Selatan",,dokter-gigi,2025-06-15 02:41:02
drg. Fernaldy Halim,Dokter Gigi,iSmile Dental Care West,"Dukuh Pakis, Kota Surabaya",,dokter-gigi,2025-06-15 02:41:02
Drg. Ferry Jaya MSI,Dokter Gigi,halodoc,"Setiabudi, Jakarta Selatan",,dokter-gigi,2025-06-15 02:41:02
Drg. Ferry Jaya MSI,Dokter Gigi,halodoc,"Setiabudi, Jakarta Selatan",,dokter-gigi,2025-06-15 02:41:02
Drg. Ferry Jaya MSI,Dokter Gigi,halodoc,"Setiabudi, Jakarta Selatan",,dokter-gigi,2025-06-15 02:41:02
Drg. Ferry Jaya MSi,Dokter Gigi,Mozia Dental Care,"Pagedangan, Kabupaten Tangerang",,dokter-gigi,2025-06-15 02:41:02
Drg. Ferry Tanudjaja,Dokter Gigi,Klinik Abdi Mulia,"Sukomanunggal, Kota Surabaya",,dokter-gigi,2025-06-15 02:41:02
drg. Fibrina Fitri Syanoer,Dokter Gigi,KLINIK OCEAN DENTAL,"Cilodong, Depok",,dokter-gigi,2025-06-15 02:41:02
drg. Fibrina Fitri Syanoer,Dokter Gigi,KLINIK OCEAN DENTAL,"Cilodong, Depok",,dokter-gigi,2025-06-15 02:41:02
drg. Fika S Khayan,Dokter Gigi,drg. Fika S Khayan,"Cipondoh, Tangerang",,dokter-gigi,2025-06-15 02:41:02
drg. Fikri Hafiz,Dokter Gigi,halodoc,"Setiabudi, Jakarta Selatan",,dokter-gigi,2025-06-15 02:41:04
Drg. Fina Fahrunisa Setiayudha,Dokter Gigi,halodoc,"Setiabudi, Jakarta Selatan",,dokter-gigi,2025-06-15 02:41:04
drg Firanda,Dokter Gigi,Klinik Audy Dental,"Setiabudi, Jakarta Selatan",,dokter-gigi,2025-06-15 02:41:04
drg. Firda Rima Kustiawati,Dokter Gigi,halodoc,"Setiabudi, Jakarta Selatan",,dokter-gigi,2025-06-15 02:41:04
Drg. Firdiansyah Rasyid,Dokter Gigi,halodoc,"Setiabudi, Jakarta Selatan",,dokter-gigi,2025-06-15 02:41:04
drg. Firmansyah,Dokter Gigi,klinik Firman Munir,"Tebet, Jakarta Selatan",,dokter-gigi,2025-06-15 02:41:04
drg. Firmansyah,Dokter Gigi,drg. Fahmi Firmansyah,"Ciamis, Kabupaten Ciamis",,dokter-gigi,2025-06-15 02:41:04
drg. Firrolly Trisnano,Dokter Gigi,ARINI Dental Care,"Karawang Timur, Kabupaten Karawang",,dokter-gigi,2025-06-15 02:41:04
drg. Fithria Weldareni,Dokter Gigi,Apotek Kimia Farma Perumnas I Bekasi,"Bekasi Selatan, Bekasi",,dokter-gigi,2025-06-15 02:41:04
drg. Fitra Dara Danisa,Dokter Gigi,Trio Sisters Dental Care,"Klojen, Kota Malang",,dokter-gigi,2025-06-15 02:41:04
drg. Fitri Amalia,Dokter Gigi,RSUD Jagakarsa,"Jagakarsa, Jakarta Selatan",,dokter-gigi,2025-06-15 02:41:07
Drg. Fitri Ellanda,Dokter Gigi,halodoc,"Setiabudi, Jakarta Selatan",,dokter-gigi,2025-06-15 02:41:07
drg. Fitri Noor Rohma Sugiyaty,Dokter Gigi,SRDC Dental Care,"Koja, Jakarta Utara",,dokter-gigi,2025-06-15 02:41:07
drg. Fitri Utami,Dokter Gigi,LauraSum Dental Care,"Kelapa Gading, Jakarta Utara",,dokter-gigi,2025-06-15 02:41:07
drg. Fitri Wurnazanah,Dokter Gigi,ARINI Dental Care,"Karawang Timur, Kabupaten Karawang",,dokter-gigi,2025-06-15 02:41:07
Drg. Fitria Arifka Rahman,Dokter Gigi,halodoc,"Setiabudi, Jakarta Selatan",,dokter-gigi,2025-06-15 02:41:07
drg. Fitriana,Dokter Gigi,Prakter Dokter dr. Reza Fauzi,"Medan Satria, Bekasi",,dokter-gigi,2025-06-15 02:41:07
drg. Fitriana,Dokter Gigi,Klinik Reza Fauzi,"Medan Satria, Bekasi",,dokter-gigi,2025-06-15 02:41:07
Drg. Fitriana Ika Sari,Dokter Gigi,halodoc,"Setiabudi, Jakarta Selatan",,dokter-gigi,2025-06-15 02:41:07
drg. Fitriani Rahayu,Dokter Gigi,halodoc,"Setiabudi, Jakarta Selatan",,dokter-gigi,2025-06-15 02:41:07
Drg. Fitriastutik Dwi Wulandari,Dokter Gigi,halodoc,"Setiabudi, Jakarta Selatan",,dokter-gigi,2025-06-15 02:41:09
Drg. Fitriatuz Zakia,Dokter Gigi,halodoc,"Setiabudi, Jakarta Selatan",,dokter-gigi,2025-06-15 02:41:09
drg. Florence Amelia M.M.,Dokter Gigi,"drg. Florence Amelia, M.M","Bekasi Barat, Bekasi",,dokter-gigi,2025-06-15 02:41:09
drg. Frans S. Handoko,Dokter Gigi,drg. Frans. S . Handoko,"Pademangan, Jakarta Utara",,dokter-gigi,2025-06-15 02:41:09
Drg. Fransisca Oktannie,Dokter Gigi,Pure Dental Aesthetic,"Menteng, Jakarta Pusat",,dokter-gigi,2025-06-15 02:41:09
drg. Fransiska Oktofiani,Dokter Gigi,Praktek drg. Fransiska Oktofiani,"Taman Sari, Jakarta Barat",,dokter-gigi,2025-06-15 02:41:09
drg. Fridolin,Dokter Gigi,halodoc,"Setiabudi, Jakarta Selatan",,dokter-gigi,2025-06-15 02:41:09
Drg. Fuad Pahlevi,Dokter Gigi,FUAD PAHLEVI,"Kelapa Dua, Kabupaten Tangerang",,dokter-gigi,2025-06-15 02:41:09
drg. Fwrne,Dokter Gigi,Hilly Dental Salon,"Mampang Prapatan, Jakarta Selatan",,dokter-gigi,2025-06-15 02:41:09
Drg. Fynna Indah M,Dokter Gigi,Fyn Dental Care,"Tambun Selatan, Kabupaten Bekasi",,dokter-gigi,2025-06-15 02:41:09
Drg. Fynna Indah M,Dokter Gigi,Fyn Dental Care,"Tambun Selatan, Kabupaten Bekasi",,dokter-gigi,2025-06-15 02:41:11
Drg. Fynna Indah M,Dokter Gigi,Fyn Dental Care,"Tambun Selatan, Kabupaten Bekasi",,dokter-gigi,2025-06-15 02:41:11
Drg. G Soetjipto Soegiharto,Dokter Gigi,G. SOETJIPTO SOEGIHARTO,"Kelapa Gading, Jakarta Utara",,dokter-gigi,2025-06-15 02:41:11
DRG G. SOETJIPTO SOEGIHARTO,Dokter Gigi,G. SOETJIPTO SOEGIHARTO,"Kelapa Gading, Jakarta Utara",,dokter-gigi,2025-06-15 02:41:11
drg. G. SOETJIPTO SOEGIHARTO,Dokter Gigi,G. SOETJIPTO SOEGIHARTO,"Kelapa Gading, Jakarta Utara",,dokter-gigi,2025-06-15 02:41:11
DRG. G. SOETJIPTO SOEGIHARTO,Dokter Gigi,Klinik Gigi drg. G. Soetjipto Soegiharto,"Kelapa Gading, Jakarta Utara",,dokter-gigi,2025-06-15 02:41:11
Drg. G. Soetjipto Soegiharto,Dokter Gigi,G. SOETJIPTO SOEGIHARTO,"Kelapa Gading, Jakarta Utara",,dokter-gigi,2025-06-15 02:41:11
drg. G. Soetjipto Soegiharto,Dokter Gigi,Klinik Gigi drg. G. Soetjipto Soegiharto,"Kelapa Gading, Jakarta Utara",,dokter-gigi,2025-06-15 02:41:11
drg. Gabriella Natasha,Dokter Gigi,YES Dental,"Gayungan, Kota Surabaya",,dokter-gigi,2025-06-15 02:41:11
drg. Gaharu Firdianto,Dokter Gigi,Apotek Gaharu,"Kebayoran Lama, Jakarta Selatan",,dokter-gigi,2025-06-15 02:41:11
drg. Galuh Media,Dokter Gigi,drg. Galuh Hedita,"Setiabudi, Jakarta Selatan",,dokter-gigi,2025-06-15 02:41:14
Drg. Galuh Puteri Puspita,Dokter Gigi,AS Dental Clinic,"Jatiasih, Bekasi",,dokter-gigi,2025-06-15 02:41:14
drg. Ganang Ramadhan Kurniaji,Dokter Gigi,Praktek Dokter Gigi .,"Jagakarsa, Jakarta Selatan",,dokter-gigi,2025-06-15 02:41:14
drg. Ganang Ramadhan Kurniaji,Dokter Gigi,Praktek Dokter Gigi..,"Gambir, Jakarta Pusat",,dokter-gigi,2025-06-15 02:41:14
drg. Garry B,Dokter Gigi,Dentes,"Mantrijeron, Kota Yogyakarta",,dokter-gigi,2025-06-15 02:41:14
drg. Geo Fanny,Dokter Gigi,Klinik Gigi Cerita Gigi,"Bekasi Utara, Bekasi",,dokter-gigi,2025-06-15 02:41:14
Drg. Georgiana Marsya,Dokter Gigi,halodoc,"Setiabudi, Jakarta Selatan",,dokter-gigi,2025-06-15 02:41:14
drg. Gerry Permana,Dokter Gigi,Klinik Pratama NKDC (NK Dental Care by Drg Nila Kresna),"Kramat Jati, Jakarta Timur",,dokter-gigi,2025-06-15 02:41:14
Drg. Ghoziah Maya Lubis,Dokter Gigi,halodoc,"Setiabudi, Jakarta Selatan",,dokter-gigi,2025-06-15 02:41:14
drg. Giacinta Yolata P,Dokter Gigi,Pearls Dental Care - PDC Melati,"Lowokwaru, Kota Malang",,dokter-gigi,2025-06-15 02:41:14
drg. Gigi Bagus Rochmanu,Dokter Gigi,Saftia Dental Clinic,"Cileungsi, Kabupaten Bogor",,dokter-gigi,2025-06-15 02:41:16
Drg. Gilang Ramadhan Herjuno P,Dokter Gigi,halodoc,"Setiabudi, Jakarta Selatan",,dokter-gigi,2025-06-15 02:41:16
drg. Gisca Lukita Wardhani,Dokter Gigi,FIRGIZ AESTHETIC DENTAL CARE,"Cibinong, Kabupaten Bogor",,dokter-gigi,2025-06-15 02:41:16
drg. Giswari Zahirah Andiyani,Dokter Gigi,Asnaan dental clinic,"Mustika Jaya, Bekasi",,dokter-gigi,2025-06-15 02:41:16
drg. Giswari Zahirah Andiyani,Dokter Gigi,Asnaan dental clinic,"Mustika Jaya, Bekasi",,dokter-gigi,2025-06-15 02:41:16
drg. Gita Larasati Djundjunan,Dokter Gigi,ORLI'S DENTAL CLINIC,"Cilandak, Jakarta Selatan",,dokter-gigi,2025-06-15 02:41:16
drg. Gita Wanodya Asmarani MARS,Dokter Gigi,Praktek Dokter Gigi..,"Gambir, Jakarta Pusat",,dokter-gigi,2025-06-15 02:41:16
drg. Gita Wanodya Asmarani MARS,Dokter Gigi,Praktek drg. Gita Wanodya Asmarani,"Sawah Besar, Jakarta Pusat",,dokter-gigi,2025-06-15 02:41:16
drg. Grace Amelia SpKG,Dokter Gigi,halodoc,"Setiabudi, Jakarta Selatan",,dokter-gigi,2025-06-15 02:41:16
Drg. Grace Monique Sutanto,Dokter Gigi,drg. Grace MS,"Senen, Jakarta Pusat",,dokter-gigi,2025-06-15 02:41:16
drg. Gracia Imanuella,Dokter Gigi,Dentaland Clinic,"Dukuh Pakis, Kota Surabaya",,dokter-gigi,2025-06-15 02:41:19
Drg. Gracia Jecqueline Sitorus,Dokter Gigi,halodoc,"Setiabudi, Jakarta Selatan",,dokter-gigi,2025-06-15 02:41:19
drg. Gusti Ageng Intan Pratiwi Sp.KGA,Dokter Gigi,Klinik Audy Dental,"Setiabudi, Jakarta Selatan",,dokter-gigi,2025-06-15 02:41:19
drg. Gusti Ayu Agung Mas Mahadewi,Dokter Gigi,KLINIK OCEAN DENTAL,"Cilodong, Depok",,dokter-gigi,2025-06-15 02:41:19
drg H. Abd. Djalil Usman,Dokter Gigi,drg. Djalil Usman,"Pasar Rebo, Jakarta Timur",,dokter-gigi,2025-06-15 02:41:19
drg. HANA HANIFAH,Dokter Gigi,Klinik BRI Medika,"Siman, Kabupaten Ponorogo",,dokter-gigi,2025-06-15 02:41:19
DRG. HEIDAR RAUF WINARNO,Dokter Gigi,Moro Dental Care,"Jatisampurna, Bekasi",,dokter-gigi,2025-06-15 02:41:19
drg. HERNA EMMY HIMAWATI,Dokter Gigi,Apotek Ajiwaras Cipedak,"Jagakarsa, Jakarta Selatan",,dokter-gigi,2025-06-15 02:41:19
drg. HERNA EMMY HIMAWATI,Dokter Gigi,Ajiwaras Antasari,"Cilandak, Jakarta Selatan",,dokter-gigi,2025-06-15 02:41:19
drg. HIDAYATULLAH,Dokter Gigi,Praktek dokter.,"Bukit Raya, Kota Pekanbaru",,dokter-gigi,2025-06-15 02:41:19
drg. HISMAYANI,Dokter Gigi,drg Hismayani,"Bekasi Utara, Bekasi",,dokter-gigi,2025-06-15 02:41:21
drg. Haidy Irzad Wicaksono,Dokter Gigi,Praktek Dokter Gigi Dentis,"Bekasi Selatan, Bekasi",,dokter-gigi,2025-06-15 02:41:21
drg. Haidy Rizadi Wicaksono,Dokter Gigi,My Dentist Jakarta,"Cilandak, Jakarta Selatan",,dokter-gigi,2025-06-15 02:41:21
drg. Hairia Yazid,Dokter Gigi,KIMMI,"Menteng, Jakarta Pusat",,dokter-gigi,2025-06-15 02:41:21
drg. Hamima Zanazabiela,Dokter Gigi,ALA Dental Studio.,"Telukjambe Timur, Kabupaten Karawang",,dokter-gigi,2025-06-15 02:41:21
drg. Handayani Wijaya,Dokter Gigi,drg. HANDAYANI WIJAYA,"Bogor Barat, Bogor",,dokter-gigi,2025-06-15 02:41:21
drg. Handono Gunawan,Dokter Gigi,Apotek Nusa Loka,"Gunungkaler, Kabupaten Tangerang",,dokter-gigi,2025-06-15 02:41:21
drg Hani Rahmawati,Dokter Gigi,halodoc,"Setiabudi, Jakarta Selatan",,dokter-gigi,2025-06-15 02:41:21
drg. Hanie Siti Ramadhanie Sp. Perio,Dokter Gigi,D'Dentis Dental Care,"Jatinegara, Jakarta Timur",,dokter-gigi,2025-06-15 02:41:21
Drg. Hanifah Fauziyyah,Dokter Gigi,halodoc,"Setiabudi, Jakarta Selatan",,dokter-gigi,2025-06-15 02:41:21
drg. Hanisah Fitri,Dokter Gigi,Praktek Pribadi drg. Hanisah Fitri,"Gading Cempaka, Kota Bengkulu",,dokter-gigi,2025-06-15 02:41:23
drg. Hanna G. Gunawan,Dokter Gigi,Bio Medika,"Kebon Jeruk, Jakarta Barat",,dokter-gigi,2025-06-15 02:41:23
drg Hansen Ch. Wala M.Kes,Dokter Gigi,El Dental Esthetic,"Tuminiting, Kota Manado",,dokter-gigi,2025-06-15 02:41:23
drg. Hansen Ch. Wala M.Kes,Dokter Gigi,El Dental Esthetic,"Tuminiting, Kota Manado",,dokter-gigi,2025-06-15 02:41:23
drg. Hanum Lutfianti,Dokter Gigi,Praktek Dokter drg. Rahmat Risnandar & drg. Hanum Lutfianti,"Karawang Timur, Kabupaten Karawang",,dokter-gigi,2025-06-15 02:41:23
drg. Hapsari Dyah Paramita,Dokter Gigi,KLINIK PRATAMA AZKA MITRA MEDIKA,"Batujaya, Kabupaten Karawang",,dokter-gigi,2025-06-15 02:41:23
drg. Hapsari Dyah Paramita,Dokter Gigi,Klinik Pratama Azka Mitra Medika (Aesthetic Dental Clinic),"Karawang Barat, Kabupaten Karawang",,dokter-gigi,2025-06-15 02:41:23
drg. Hapsari Dyah Paramita,Dokter Gigi,KLINIK PRATAMA AZKA MITRA MEDIKA,"Batujaya, Kabupaten Karawang",,dokter-gigi,2025-06-15 02:41:23
Drg. Hardiati Nur Wahyuni,Dokter Gigi,halodoc,"Setiabudi, Jakarta Selatan",,dokter-gigi,2025-06-15 02:41:23
drg. Harijono E.,Dokter Gigi,APOTIK JAYA SENTOSA,"Bojongsoang, Kabupaten Bandung",,dokter-gigi,2025-06-15 02:41:23
drg Harlina Murbayani,Dokter Gigi,Familia Dental,"Cempaka Putih, Jakarta Pusat",,dokter-gigi,2025-06-15 02:41:26
drg. Harmadji Kurniadi,Dokter Gigi,Siloam Hospitals Banjarmasin,"Banjarmasin Tengah, Kota Banjarmasin",https://d1ojs48v3n42tp.cloudfront.net/personnels/93657_23-12-2022_15-42-55.png,dokter-gigi,2025-06-15 02:41:26
drg. Harry H,Dokter Gigi,drg. Harry H,"Cicendo, Kota Bandung",,dokter-gigi,2025-06-15 02:41:26
"drg. Harumi Putri, Sp. KGA",Dokter Gigi,halodoc,"Setiabudi, Jakarta Selatan",,dokter-gigi,2025-06-15 02:41:26
dr. Haruniyanti,Dokter Gigi,Klinik Kimia Farma Zamrud,"Mustika Jaya, Bekasi",,dokter-gigi,2025-06-15 02:41:26
Drg. Haspeni,Dokter Gigi,halodoc,"Setiabudi, Jakarta Selatan",,dokter-gigi,2025-06-15 02:41:26
drg. Hassa Luthfiyah Khairunnisa,Dokter Gigi,Dentist House,"Pondok Aren, Tangerang Selatan",,dokter-gigi,2025-06-15 02:41:26
drg. Hefy Andini,Dokter Gigi,halodoc,"Setiabudi, Jakarta Selatan",,dokter-gigi,2025-06-15 02:41:26
drg. Hefy Andini,Dokter Gigi,Apotek Surya Farma,"Cempaka Putih, Jakarta Pusat",,dokter-gigi,2025-06-15 02:41:26
Drg. Heidy Maria Rooroh,Dokter Gigi,halodoc,"Setiabudi, Jakarta Selatan",,dokter-gigi,2025-06-15 02:41:26
drg. Hendra Dwi Suryaatmadja,Dokter Gigi,drg. Hendra Dwi Suryaatmadja,"Dukuh Pakis, Kota Surabaya",,dokter-gigi,2025-06-15 02:41:28
drg. Hendra Lazuardi,Dokter Gigi,Dental Care Tropodo,"Waru, Kabupaten Sidoarjo",,dokter-gigi,2025-06-15 02:41:28
drg. Hendrik Hendra,Dokter Gigi,Praktek Dokter Gigi..,"Gambir, Jakarta Pusat",,dokter-gigi,2025-06-15 02:41:28
drg. Hendrik Irawan,Dokter Gigi,drg. Hendrik Irawan,"Serpong, Tangerang Selatan",,dokter-gigi,2025-06-15 02:41:28
drg Hengky Ganda,Dokter Gigi,"Hengky & Nanny Ganda, Drg","Tegalwaru, Kabupaten Karawang",,dokter-gigi,2025-06-15 02:41:28
Drg. Hengky Ganda,Dokter Gigi,dr HENGKI CHANDRA,"Bogor Barat, Bogor",,dokter-gigi,2025-06-15 02:41:28
Drg. Hengky Ganda,Dokter Gigi,Apotek dan Klinik Kimia Farma Kosambi,"Klari, Kabupaten Karawang",,dokter-gigi,2025-06-15 02:41:28
Drg. Henny,Dokter Gigi,halodoc,"Setiabudi, Jakarta Selatan",,dokter-gigi,2025-06-15 02:41:28
drg. Henny Novianti,Dokter Gigi,drg. Henny Novianti,"Waru, Kabupaten Sidoarjo",,dokter-gigi,2025-06-15 02:41:28
drg. Henry Puji Astuti,Dokter Gigi,Drg HENY PUJI ASTUTI,"Babelan, Kabupaten Bekasi",,dokter-gigi,2025-06-15 02:41:28
drg. Heny Puji Astuti,Dokter Gigi,Drg HENY PUJI ASTUTI,"Babelan, Kabupaten Bekasi",,dokter-gigi,2025-06-15 02:41:31
drg. Heny Puji Astuti,Dokter Gigi,Klinik Dr Sunandang,"Tarumajaya, Kabupaten Bekasi",,dokter-gigi,2025-06-15 02:41:31
drg. Heny Puji Astuti,Dokter Gigi,Drg HENY PUJI ASTUTI,"Babelan, Kabupaten Bekasi",,dokter-gigi,2025-06-15 02:41:31
drg. Heny Puji Astuti,Dokter Gigi,Drg HENY PUJI ASTUTI,"Babelan, Kabupaten Bekasi",,dokter-gigi,2025-06-15 02:41:31
drg. Herawati Kusuma Sp. KGA,Dokter Gigi,Kidz Dental Care and Orthodontic Clinic,"Kembangan, Jakarta Barat",,dokter-gigi,2025-06-15 02:41:31
drg. Herawati Kusuma Sp.KGA,Dokter Gigi,Kidz Dental Care and Orthodontic Clinic,"Kembangan, Jakarta Barat",,dokter-gigi,2025-06-15 02:41:31
Drg. Herdi Galih Sumardi,Dokter Gigi,Sembuh Dental Center,"Telukjambe Timur, Kabupaten Karawang",,dokter-gigi,2025-06-15 02:41:31
Drg. Herdina Saraswati R. P.,Dokter Gigi,halodoc,"Setiabudi, Jakarta Selatan",,dokter-gigi,2025-06-15 02:41:31
dr. Heri Prabowo Trianto,Dokter Gigi,Praktek drg. Heru Fajar Trianto,"Setiabudi, Jakarta Selatan",,dokter-gigi,2025-06-15 02:41:31
Drg. Heri Tri Budi Santoso,Dokter Gigi,Praktek Dokter Gigi..,"Gambir, Jakarta Pusat",,dokter-gigi,2025-06-15 02:41:31
Drg. Herizlah Nurulfauzi,Dokter Gigi,halodoc,"Setiabudi, Jakarta Selatan",,dokter-gigi,2025-06-15 02:41:33
Drg. Herlina,Dokter Gigi,halodoc,"Setiabudi, Jakarta Selatan",,dokter-gigi,2025-06-15 02:41:33
drg. Herman Setiawan,Dokter Gigi,halodoc,"Setiabudi, Jakarta Selatan",,dokter-gigi,2025-06-15 02:41:33
drg. Herman Setiawan,Dokter Gigi,halodoc,"Setiabudi, Jakarta Selatan",,dokter-gigi,2025-06-15 02:41:33
drg. Herman Setiawan,Dokter Gigi,halodoc,"Setiabudi, Jakarta Selatan",,dokter-gigi,2025-06-15 02:41:33
drg Hermita Agus,Dokter Gigi,RSUD Koja,"Koja, Jakarta Utara",,dokter-gigi,2025-06-15 02:41:33
drg. Herrina Firmantini,Dokter Gigi,RSGM IIK BHAKTI WIYATA,"Mojoroto, Kota Kediri",,dokter-gigi,2025-06-15 02:41:33
drg. Hery Puji Astuti,Dokter Gigi,Drg HENY PUJI ASTUTI,"Babelan, Kabupaten Bekasi",,dokter-gigi,2025-06-15 02:41:33
drg. Hery Puji Astuti,Dokter Gigi,Drg HENY PUJI ASTUTI,"Babelan, Kabupaten Bekasi",,dokter-gigi,2025-06-15 02:41:33
drg Hestien Meilinda Putri,Dokter Gigi,Moana Dental Care,"Ciawi, Kabupaten Tasikmalaya",,dokter-gigi,2025-06-15 02:41:33
drg. Hidayatullah,Dokter Gigi,halodoc,"Setiabudi, Jakarta Selatan",,dokter-gigi,2025-06-15 02:41:36
drg. Hilmy Asri Sofiah Sp.Perio,Dokter Gigi,Beauty Smile Dental Clinic,"Bojongloa Kidul, Kota Bandung",,dokter-gigi,2025-06-15 02:41:36
drg. Hj. Annida Nihayati,Dokter Gigi,Dokter Gigi drg. Hj. Annida Nihayati,"Tebet, Jakarta Selatan",,dokter-gigi,2025-06-15 02:41:36
Drg. Hj. FRICILLA CECILLIA D.,Dokter Gigi,KLINIK PRATAMA MITRA KELUARGA,"Lima Puluh, Kota Pekanbaru",,dokter-gigi,2025-06-15 02:41:36
drg Hj. Nurhayati,Dokter Gigi,drg.Nurhayati,"Tanjung Priok, Jakarta Utara",,dokter-gigi,2025-06-15 02:41:36
Drg. Hj. Sri Malsarah B,Dokter Gigi,drg St Maisarah B MARS,"Bontoala, Kota Makassar",,dokter-gigi,2025-06-15 02:41:36
Drg. Huanny Satriyani,Dokter Gigi,halodoc,"Setiabudi, Jakarta Selatan",,dokter-gigi,2025-06-15 02:41:36
drg Hui Cen Sp.Ort,Dokter Gigi,Drg. Hui Cen Sp.Ort,"Margahayu, Kabupaten Bandung",,dokter-gigi,2025-06-15 02:41:36
drg. Hui Cen Sp.Ort,Dokter Gigi,Drg. Hui Cen Sp.Ort,"Margahayu, Kabupaten Bandung",,dokter-gigi,2025-06-15 02:41:36
drg. Husni Adam,Dokter Gigi,Sozo Dental Semarang,"Banyumanik, Kota Semarang",,dokter-gigi,2025-06-15 02:41:36
drg. I A Kade Rizki Adumiani,Dokter Gigi,Bright Dental Bali,"Denpasar Barat, Kota Denpasar",,dokter-gigi,2025-06-15 02:41:38
drg. I Gede Andy Kumbara Putra,Dokter Gigi,Klinik Pratama Medika -,"Pademangan, Jakarta Utara",,dokter-gigi,2025-06-15 02:41:38
drg. I Gusti Ngurah Fendy Kusuma Adnyana,Dokter Gigi,0,"Bekasi Selatan, Bekasi",,dokter-gigi,2025-06-15 02:41:38
dr. I Kadek d. Subakti,Dokter Gigi,Praktek dokter.,"Bukit Raya, Kota Pekanbaru",,dokter-gigi,2025-06-15 02:41:38
drg. I Made Nova Dedy Mahendra,Dokter Gigi,KLINIK PUTU PARWATA,"Kuta Utara, Kabupaten Badung",,dokter-gigi,2025-06-15 02:41:38
Drg. I Nyoman Dhana Sudiartha,Dokter Gigi,halodoc,"Setiabudi, Jakarta Selatan",,dokter-gigi,2025-06-15 02:41:38
drg. I Nyoman Suarthanu,Dokter Gigi,Klinik Griya Kasih Indah,"Kelapa Gading, Jakarta Utara",,dokter-gigi,2025-06-15 02:41:38
drg. I Putu Toya Prastana Anggara,Dokter Gigi,halodoc,"Setiabudi, Jakarta Selatan",,dokter-gigi,2025-06-15 02:41:38
drg. I. A. Kade Rizki Adumiani,Dokter Gigi,drg. I A Kade Rizki A,"Denpasar Barat, Kota Denpasar",,dokter-gigi,2025-06-15 02:41:38
drg. IENA SHOFI AININ,Dokter Gigi,AININ DENTAL CARE KARAWANG,"Klari, Kabupaten Karawang",,dokter-gigi,2025-06-15 02:41:38
drg. IMELDA AMELIA,Dokter Gigi,Paramita Laboratorium Medis dan Klinik,"Kramat Jati, Jakarta Timur",,dokter-gigi,2025-06-15 02:41:41
Drg. INDRAWATI S.,Dokter Gigi,Dr. Indrawati S.,"Cempaka Putih, Jakarta Pusat",,dokter-gigi,2025-06-15 02:41:41
Drg. ISMA SHOFIAINN,Dokter Gigi,AININ DENTAL CARE KARAWANG,"Klari, Kabupaten Karawang",,dokter-gigi,2025-06-15 02:41:41
Drg. ISNA SHOEMAIN,Dokter Gigi,AININ DENTAL CARE KARAWANG,"Klari, Kabupaten Karawang",,dokter-gigi,2025-06-15 02:41:41
drg. ISNA SHOFI AININ,Dokter Gigi,Ainin Dental Care,"Jatisari, Kabupaten Karawang",,dokter-gigi,2025-06-15 02:41:41
drg. ISNA SHOFLAINI,Dokter Gigi,Ainin Dental Care,"Jatisari, Kabupaten Karawang",,dokter-gigi,2025-06-15 02:41:41
Drg. ISNA SOFI AININ,Dokter Gigi,AININ DENTAL CARE KARAWANG,"Klari, Kabupaten Karawang",,dokter-gigi,2025-06-15 02:41:41
drg. IVHATRY RIZKY OPS,Dokter Gigi,Klinik Utama dr. Nur3,"Cimahi Selatan, Kota Cimahi",,dokter-gigi,2025-06-15 02:41:41
drg. Ian Fleming Tungka Sp. Ort,Dokter Gigi,Smile Art Dental Aesthetic,"Kebayoran Baru, Jakarta Selatan",,dokter-gigi,2025-06-15 02:41:41
drg. Ian Fleming Tungka,Dokter Gigi,Smile Art Dental Aesthetic,"Kebayoran Baru, Jakarta Selatan",,dokter-gigi,2025-06-15 02:41:41
dr Ian Malkinson,Dokter Gigi,Dental on Clarendon,"Setiabudi, Jakarta Selatan",,dokter-gigi,2025-06-15 02:41:43
Ida Ketut Ariwyasa,Dokter Gigi,FDC Rawamangun,"Jatinegara, Jakarta Timur",,dokter-gigi,2025-06-15 02:41:43
Drg. Idayu Nafila,Dokter Gigi,halodoc,"Setiabudi, Jakarta Selatan",,dokter-gigi,2025-06-15 02:41:43
drg. Idris Ibnu Sholeh,Dokter Gigi,drg Idris Ibnu Sholeh,"Klojen, Kota Malang",,dokter-gigi,2025-06-15 02:41:43
drg. Idris Ibnu Sholeh,Dokter Gigi,drg Idris Ibnu Sholeh,"Klojen, Kota Malang",,dokter-gigi,2025-06-15 02:41:43
drg. Idris Ibnu Sholeh,Dokter Gigi,drg Idris Ibnu Sholeh,"Klojen, Kota Malang",,dokter-gigi,2025-06-15 02:41:43
drg. Ikha C.M. Yunita MARS,Dokter Gigi,drg. Ikha C. M Yunita MARS,"Bekasi Barat, Bekasi",,dokter-gigi,2025-06-15 02:41:43
drg. Ikha C.M. Yunita MARS,Dokter Gigi,halodoc,"Setiabudi, Jakarta Selatan",,dokter-gigi,2025-06-15 02:41:43
Drg. Iklima Widjaja,Dokter Gigi,halodoc,"Setiabudi, Jakarta Selatan",,dokter-gigi,2025-06-15 02:41:43
drg. Ilena Octora,Dokter Gigi,DoctorDee Dental Care,"Ciputat, Tangerang Selatan",,dokter-gigi,2025-06-15 02:41:43
Drg. Ilham Nur Iman Baihaqi,Dokter Gigi,halodoc,"Setiabudi, Jakarta Selatan",,dokter-gigi,2025-06-15 02:41:45
Drg. Ille Marleqah,Dokter Gigi,Dentist-ku,"Serpong Utara, Tangerang Selatan",,dokter-gigi,2025-06-15 02:41:45
drg. Ilmiah Kosasih,Dokter Gigi,Drg Ilmiah Kosasih,"Medan Tembung, Kota Medan",,dokter-gigi,2025-06-15 02:41:45
drg. Ilona Amalia D,Dokter Gigi,teeth Care Gresik,"Kebomas, Kabupaten Gresik",,dokter-gigi,2025-06-15 02:41:45
drg. Ima Anita Y.,Dokter Gigi,KLINIK ILLA MEDIKA 2,"Kerjo, Kabupaten Karanganyar",,dokter-gigi,2025-06-15 02:41:45
drg. Ima Rahmawati,Dokter Gigi,Praktek drg. Ima Rahmawati,"Babelan, Kabupaten Bekasi",,dokter-gigi,2025-06-15 02:41:45
Drg. Ima Rahmawati,Dokter Gigi,Praktek drg. Ima Rahmawati,"Babelan, Kabupaten Bekasi",,dokter-gigi,2025-06-15 02:41:45
drg. Iman F. Azwar Sp.BM,Dokter Gigi,halodoc,"Setiabudi, Jakarta Selatan",,dokter-gigi,2025-06-15 02:41:45
drg. Imas Kusumawati Hardiono,Dokter Gigi,FANS Dental Studio,"Sidoarjo, Kabupaten Sidoarjo",,dokter-gigi,2025-06-15 02:41:45
Drg. Imelda Kasmin,Dokter Gigi,Drg Ilmiah Kosasih,"Medan Tembung, Kota Medan",,dokter-gigi,2025-06-15 02:41:45
drg. Imelda M.W,Dokter Gigi,Gading Kirana,"Kelapa Gading, Jakarta Utara",,dokter-gigi,2025-06-15 02:41:48
drg. Indah,Dokter Gigi,D'GIGI DENTAL CLINIC,"Cangkuang, Kabupaten Bandung",,dokter-gigi,2025-06-15 02:41:48
drg. Indah Kanti,Dokter Gigi,Peri Gigi Kids and Aesthetic Dental Clinic,"Pondok Aren, Tangerang Selatan",,dokter-gigi,2025-06-15 02:41:48
drg. Indah Kanti (Amira),Dokter Gigi,Bio Medika,"Kebon Jeruk, Jakarta Barat",,dokter-gigi,2025-06-15 02:41:48
drg. Indah Lestari Vidyahayati,Dokter Gigi,Praktek Dokter Gigi..,"Gambir, Jakarta Pusat",,dokter-gigi,2025-06-15 02:41:48
drg. Indah Purwati Tjan,Dokter Gigi,Indah Dental Care,"Tegalsari, Kota Surabaya",,dokter-gigi,2025-06-15 02:41:48
drg. Indah Puspitasari,Dokter Gigi,D-Gigi Dental Clinic Sumur Bandung,"Sumurbandung, Kota Bandung",,dokter-gigi,2025-06-15 02:41:48
Drg. Indira Andenia Wibowo,Dokter Gigi,halodoc,"Setiabudi, Jakarta Selatan",,dokter-gigi,2025-06-15 02:41:48
Drg. Indira Larasati Dewi,Dokter Gigi,halodoc,"Setiabudi, Jakarta Selatan",,dokter-gigi,2025-06-15 02:41:48
drg. Indra Gunawan,Dokter Gigi,Klinik Hosiana,"Karawang Barat, Kabupaten Karawang",,dokter-gigi,2025-06-15 02:41:48
drg. Indra Setiabudi Sp. Pros,Dokter Gigi,Klinik drg Indra Setiabudi,"Setiabudi, Jakarta Selatan",,dokter-gigi,2025-06-15 02:41:50
drg. Indrawati Suherman,Dokter Gigi,Dr. Indrawati S.,"Cempaka Putih, Jakarta Pusat",,dokter-gigi,2025-06-15 02:41:50
"drg. Indy Labaron, Sp.Pros",Dokter Gigi,ASM DENTAL,"Menteng, Jakarta Pusat",,dokter-gigi,2025-06-15 02:41:50
drg. Indy Labaronk Sp. Pros,Dokter Gigi,ASM DENTAL,"Menteng, Jakarta Pusat",,dokter-gigi,2025-06-15 02:41:50
drg. Insan Kamil,Dokter Gigi,Halat Dental Care drg Insan Kamil,"Medan Area, Kota Medan",,dokter-gigi,2025-06-15 02:41:50
drg. Intan Kumala Sari,Dokter Gigi,Intan Dental Care,"Pebayuran, Kabupaten Bekasi",,dokter-gigi,2025-06-15 02:41:50
"drg. Intan Puspita Phd, Sp.Pros(K)",Dokter Gigi,Praktek Pribadi drg Intan Puspita Phd Sp.Pros(K),"Setiabudi, Jakarta Selatan",,dokter-gigi,2025-06-15 02:41:50
drg. Intan Raehani Sakina,Dokter Gigi,Klinik Gigi OMDC Dental Margonda,"Beji, Depok",,dokter-gigi,2025-06-15 02:41:50
drg. Intan Rianita,Dokter Gigi,halodoc,"Setiabudi, Jakarta Selatan",,dokter-gigi,2025-06-15 02:41:50
drg Intan Winari,Dokter Gigi,halodoc,"Setiabudi, Jakarta Selatan",,dokter-gigi,2025-06-15 02:41:50
drg. Intan Winari,Dokter Gigi,halodoc,"Setiabudi, Jakarta Selatan",,dokter-gigi,2025-06-15 02:41:53
drg Intan Winari,Dokter Gigi,halodoc,"Setiabudi, Jakarta Selatan",,dokter-gigi,2025-06-15 02:41:53
drg. Iou Devina Anggraini,Dokter Gigi,EverSmile,"Bojongsoang, Kabupaten Bandung",,dokter-gigi,2025-06-15 02:41:53
drg. Irani D.,Dokter Gigi,drg. Iriani D,"Menteng, Jakarta Pusat",,dokter-gigi,2025-06-15 02:41:53
drg. Irani D.,Dokter Gigi,drg. Iriani D,"Menteng, Jakarta Pusat",,dokter-gigi,2025-06-15 02:41:53
drg. Irene S. Djawa Tagi,Dokter Gigi,halodoc,"Setiabudi, Jakarta Selatan",,dokter-gigi,2025-06-15 02:41:53
drg. Irene Siahaan,Dokter Gigi,Kimia Farma Beringin,"Jambi Selatan, Kota Jambi",,dokter-gigi,2025-06-15 02:41:53
drg. Iriani Deltiartini,Dokter Gigi,halodoc,"Setiabudi, Jakarta Selatan",,dokter-gigi,2025-06-15 02:41:53
Drg. Irind Octaviani Amansyah,Dokter Gigi,halodoc,"Setiabudi, Jakarta Selatan",,dokter-gigi,2025-06-15 02:41:53
drg. Irine Virginia,Dokter Gigi,KLINIK ADHIGRAHA,"Rancaekek, Kabupaten Bandung",,dokter-gigi,2025-06-15 02:41:53
drg. Irma Fitera Sari,Dokter Gigi,RS. Mitra Plumbon Patrol,"Setiabudi, Jakarta Selatan",,dokter-gigi,2025-06-15 02:41:55
drg. Irma Fitriasari,Dokter Gigi,halodoc,"Setiabudi, Jakarta Selatan",,dokter-gigi,2025-06-15 02:41:55
drg. Irma Fitriasari,Dokter Gigi,Praktek Dokter Gigi..,"Gambir, Jakarta Pusat",,dokter-gigi,2025-06-15 02:41:55
drg. Irma Handayani Pratiwi,Dokter Gigi,KLINIK MRBJ,"Mampang Prapatan, Jakarta Selatan",,dokter-gigi,2025-06-15 02:41:55
drg. Irma Handayani Pratiwi,Dokter Gigi,Beauteeth Dental Clinic,"Pondok Aren, Tangerang Selatan",,dokter-gigi,2025-06-15 02:41:55
Drg. Irma Nangngareng,Dokter Gigi,halodoc,"Setiabudi, Jakarta Selatan",,dokter-gigi,2025-06-15 02:41:55
drg. Irma Rasyid,Dokter Gigi,halodoc,"Setiabudi, Jakarta Selatan",,dokter-gigi,2025-06-15 02:41:55
Drg. Irma Wiyanti,Dokter Gigi,drg. irma wijayanti,"Bogor Selatan, Bogor",,dokter-gigi,2025-06-15 02:41:55
Drg. Irma Wiyanti,Dokter Gigi,Drg. Irma Wiyanti,"Bogor Tengah, Bogor",,dokter-gigi,2025-06-15 02:41:55
"drg. Irman F Azwar, Sp.BM",Dokter Gigi,halodoc,"Setiabudi, Jakarta Selatan",,dokter-gigi,2025-06-15 02:41:55
Drg. Irmawati Tangka,Dokter Gigi,halodoc,"Setiabudi, Jakarta Selatan",,dokter-gigi,2025-06-15 02:41:58
drg. Irna Noviantria,Dokter Gigi,halodoc,"Setiabudi, Jakarta Selatan",,dokter-gigi,2025-06-15 02:41:58
drg. Irsalina Mardhiya,Dokter Gigi,SOZO DENTAL,"Batuceper, Tangerang",,dokter-gigi,2025-06-15 02:41:58
"Irwan Setiono, drg., Sp.KG",Dokter Gigi,"Irwan Setiono, drg., Sp.KG","Cempaka Putih, Jakarta Pusat",,dokter-gigi,2025-06-15 02:41:58
"Irwan Setiono, drg., Sp.KG",Dokter Gigi,"Irwan Setiono, drg., Sp.KG","Cempaka Putih, Jakarta Pusat",,dokter-gigi,2025-06-15 02:41:58
Drg. Isfayanty Arta Mutiara Hutabarat,Dokter Gigi,halodoc,"Setiabudi, Jakarta Selatan",,dokter-gigi,2025-06-15 02:41:58
"drg. Ismail Huri, MM",Dokter Gigi,Siloam Hospitals Balikpapan,"Balikpapan Selatan, Kota Balikpapan",https://d1ojs48v3n42tp.cloudfront.net/personnels/368998_11-9-2020_11-48-33.png,dokter-gigi,2025-06-15 02:41:58
"Drg. Ismail Hutasoit CH., CPS",Dokter Gigi,halodoc,"Setiabudi, Jakarta Selatan",,dokter-gigi,2025-06-15 02:41:58
Dr. Ismi Zahra,Dokter Gigi,Anara Dental care,"Bekasi Barat, Bekasi",,dokter-gigi,2025-06-15 02:41:58
Drg. Ismidah,Dokter Gigi,halodoc,"Setiabudi, Jakarta Selatan",,dokter-gigi,2025-06-15 02:41:58
drg. Isna Shofi Aini,Dokter Gigi,halodoc,"Setiabudi, Jakarta Selatan",,dokter-gigi,2025-06-15 02:42:00
drg. Isna Shofi Ainin,Dokter Gigi,AININ DENTAL CARE KARAWANG,"Klari, Kabupaten Karawang",,dokter-gigi,2025-06-15 02:42:00
drg. Isna Shofi Ainin,Dokter Gigi,Ainin Dental Care,"Jatisari, Kabupaten Karawang",,dokter-gigi,2025-06-15 02:42:00
Dr. Isna Shofi Ainin,Dokter Gigi,AININ DENTAL CARE KARAWANG,"Klari, Kabupaten Karawang",,dokter-gigi,2025-06-15 02:42:00
drg. IsnaShopi Ainin,Dokter Gigi,AININ DENTAL CARE KARAWANG,"Klari, Kabupaten Karawang",,dokter-gigi,2025-06-15 02:42:00
drg. Isnah Hanum,Dokter Gigi,halodoc,"Setiabudi, Jakarta Selatan",,dokter-gigi,2025-06-15 02:42:00
drg. Ista Damayanti Sp. BM,Dokter Gigi,Apotek Lentera,"Duren Sawit, Jakarta Timur",,dokter-gigi,2025-06-15 02:42:00
drg. Isti Daristivija Jangnga,Dokter Gigi,Dokter Gigi Medan,"Medan Deli, Kota Medan",,dokter-gigi,2025-06-15 02:42:00
drg. Isti Endah Kurniawati,Dokter Gigi,d DENTISTe,"Pekalongan Timur, Kota Pekalongan",,dokter-gigi,2025-06-15 02:42:00
Drg. Ita Nur Rochmah,Dokter Gigi,halodoc,"Setiabudi, Jakarta Selatan",,dokter-gigi,2025-06-15 02:42:00
drg. Itrimaita,Dokter Gigi,RSUD AL IHSAN,"Baleendah, Kabupaten Bandung",,dokter-gigi,2025-06-15 02:42:02
drg. Ivan Susia,Dokter Gigi,Klinik Audy Dental,"Setiabudi, Jakarta Selatan",,dokter-gigi,2025-06-15 02:42:02
Drg. Ivy Vania Ariany MM,Dokter Gigi,halodoc,"Setiabudi, Jakarta Selatan",,dokter-gigi,2025-06-15 02:42:02
drg. Iwan Setiadi,Dokter Gigi,Green Dental Care,"Cibodas, Tangerang",,dokter-gigi,2025-06-15 02:42:02
drg. J. Rudy Sutanto,Dokter Gigi,Klinik Gigi Dharma Mulia,"Matraman, Jakarta Timur",,dokter-gigi,2025-06-15 02:42:02
drg. Jamila Hasyim,Dokter Gigi,Klinik Medikids by MHDC Dago Bandung | Klinik Gigi Anak & Keluarga Dago Bandung | Klinik Vaksinasi Dago Bandung,"Bandung Wetan, Kota Bandung",,dokter-gigi,2025-06-15 02:42:02
"drg. Jane Mariana, MM",Dokter Gigi,"drg. JANE MARIANA, MM","Cempaka Putih, Jakarta Pusat",,dokter-gigi,2025-06-15 02:42:02
drg. Janiari Asstuti,Dokter Gigi,halodoc,"Setiabudi, Jakarta Selatan",,dokter-gigi,2025-06-15 02:42:02
drg. Jannette Lazia,Dokter Gigi,SOZO DENTAL,"Batuceper, Tangerang",,dokter-gigi,2025-06-15 02:42:02
drg. Jeahani Trisya O,Dokter Gigi,Klinik Shalom,"Tangerang, Tangerang",,dokter-gigi,2025-06-15 02:42:02
Drg. Jeffry Kurniawan MKM,Dokter Gigi,halodoc,"Setiabudi, Jakarta Selatan",,dokter-gigi,2025-06-15 02:42:05
drg. Jeni,Dokter Gigi,"Jefanya Dental Care by Drg Hetty July Simorangkir, SpBM","Cileungsi, Kabupaten Bogor",,dokter-gigi,2025-06-15 02:42:05
drg. Jennifer Widjaja,Dokter Gigi,drg. Jennifer Widjaja,"Tenggilis Mejoyo, Kota Surabaya",,dokter-gigi,2025-06-15 02:42:05
Drg. Jenny M. Hadikrisno,Dokter Gigi,halodoc,"Setiabudi, Jakarta Selatan",,dokter-gigi,2025-06-15 02:42:05
Drg. Jenny M. Hadikriso,Dokter Gigi,drg. Jenny M. Hadikrisno,"Pesanggrahan, Jakarta Selatan",,dokter-gigi,2025-06-15 02:42:05
drg. Jenny Pradono Cheng,Dokter Gigi,Klinik Pratama Hidup Baru,"Koja, Jakarta Utara",,dokter-gigi,2025-06-15 02:42:05
drg Jenny Sutanto,Dokter Gigi,Klinik Gigi Dharma Mulia,"Matraman, Jakarta Timur",,dokter-gigi,2025-06-15 02:42:05
drg. Jesica Uli Giovani,Dokter Gigi,Damessa Family Dental Care Bintaro,"Pondok Aren, Tangerang Selatan",,dokter-gigi,2025-06-15 02:42:05
Drg. Jessica Amanda,Dokter Gigi,dr. Smile,"Kembangan, Jakarta Barat",,dokter-gigi,2025-06-15 02:42:05
Drg. Jihan Fitri Amalia,Dokter Gigi,halodoc,"Setiabudi, Jakarta Selatan",,dokter-gigi,2025-06-15 02:42:05
drg. Jihan Shoffieny Yusuf,Dokter Gigi,FDC Depok,"Pancoran Mas, Depok",,dokter-gigi,2025-06-15 02:42:07
drg. Jihan Shofienny Yusuf,Dokter Gigi,Klink FDC,"Tambun Selatan, Kabupaten Bekasi",,dokter-gigi,2025-06-15 02:42:07
drg. Jihan Shofieny Yusuf,Dokter Gigi,Apotek K-24 Citayam Depok,"Bojongsari, Depok",,dokter-gigi,2025-06-15 02:42:07
drg. Johan Aditya,Dokter Gigi,Klinik Audy Dental,"Setiabudi, Jakarta Selatan",,dokter-gigi,2025-06-15 02:42:07
drg. Johan Adiya,Dokter Gigi,Klinik Audy Dental,"Setiabudi, Jakarta Selatan",,dokter-gigi,2025-06-15 02:42:07
Drg. Johan Al Falah,Dokter Gigi,halodoc,"Setiabudi, Jakarta Selatan",,dokter-gigi,2025-06-15 02:42:07
Drg. Johannes Daniel,Dokter Gigi,Klinik Utama Jaya Abadi,"Lengkong, Kota Bandung",,dokter-gigi,2025-06-15 02:42:07
Drg. Johnny Hanafi,Dokter Gigi,Dr. Johnny Hanafi,"Buahbatu, Kota Bandung",,dokter-gigi,2025-06-15 02:42:07
drg. Joice Noviani,Dokter Gigi,Praktek drg. Joice Noviani,"Karangtengah, Tangerang",,dokter-gigi,2025-06-15 02:42:07
drg. Jojor Sinta Marito,Dokter Gigi,halodoc,"Setiabudi, Jakarta Selatan",,dokter-gigi,2025-06-15 02:42:07
drg. Joseph Gunawan,Dokter Gigi,Asia Afrika Dental Clinic,"Sumurbandung, Kota Bandung",,dokter-gigi,2025-06-15 02:42:10
Drg. Joseph Gunawan,Dokter Gigi,AVA Dental Aesthetic,"Lengkong, Kota Bandung",,dokter-gigi,2025-06-15 02:42:10
drg. Joseph Gunawan,Dokter Gigi,Asia Afrika Dental Clinic,"Sumurbandung, Kota Bandung",,dokter-gigi,2025-06-15 02:42:10
drg. Joshua,Dokter Gigi,SDC Dental Clinic - Sunter,"Tanjung Priok, Jakarta Utara",,dokter-gigi,2025-06-15 02:42:10
drg. Joshua Calvin Sp.KGA,Dokter Gigi,Kiddie Care Center,"Tanjung Priok, Jakarta Utara",,dokter-gigi,2025-06-15 02:42:10
drg. Joshua Sutanto,Dokter Gigi,Aesthetics Dental care,"Serpong, Tangerang Selatan",,dokter-gigi,2025-06-15 02:42:10
drg. Julia Usmita Fazriah,Dokter Gigi,FDC Pondok Aren,"Pondok Aren, Tangerang Selatan",,dokter-gigi,2025-06-15 02:42:10
drg. Juliatika Arief,Dokter Gigi,Care Dental Clinic,"Karangtengah, Tangerang",,dokter-gigi,2025-06-15 02:42:10
Drg. Juwita Elnovianti,Dokter Gigi,halodoc,"Setiabudi, Jakarta Selatan",,dokter-gigi,2025-06-15 02:42:10
drg. Juwita Saula M.M,Dokter Gigi,PRAKTEK DOKTER UMUM DAN DOKTER GIGI,"Tarumajaya, Kabupaten Bekasi",,dokter-gigi,2025-06-15 02:42:10
drg. KEUKEUN,Dokter Gigi,KLINIK SITI AZARIA,"Karawang Timur, Kabupaten Karawang",,dokter-gigi,2025-06-15 02:42:12
drg. Kaleb Adiguna Young,Dokter Gigi,New Life Dental Clinic,"Simokerto, Kota Surabaya",,dokter-gigi,2025-06-15 02:42:12
drg. Kalvin Jurniawan Kristanto,Dokter Gigi,KAMPOENG GIGI,"Pontianak Kota, Kota Pontianak",,dokter-gigi,2025-06-15 02:42:12
drg. Kalvin Pangestu Sp.Pros,Dokter Gigi,Santo Dental,"Cempaka Putih, Jakarta Pusat",,dokter-gigi,2025-06-15 02:42:12
drg. Kamila Febrian,Dokter Gigi,halodoc,"Setiabudi, Jakarta Selatan",,dokter-gigi,2025-06-15 02:42:12
drg. Kamilah Winda Batubara,Dokter Gigi,Klinik Amanda Medika - Bekasi,"Pondok Melati, Bekasi",,dokter-gigi,2025-06-15 02:42:12
Drg. Karimah Saad,Dokter Gigi,Ainin Dental Care,"Jatisari, Kabupaten Karawang",,dokter-gigi,2025-06-15 02:42:12
Drg. Karina Andriani,Dokter Gigi,halodoc,"Setiabudi, Jakarta Selatan",,dokter-gigi,2025-06-15 02:42:12
drg. Karina Damayanti,Dokter Gigi,halodoc,"Setiabudi, Jakarta Selatan",,dokter-gigi,2025-06-15 02:42:12
drg Karina Damayanti,Dokter Gigi,halodoc,"Setiabudi, Jakarta Selatan",,dokter-gigi,2025-06-15 02:42:12
Drg. Karina Damayanti,Dokter Gigi,halodoc,"Setiabudi, Jakarta Selatan",,dokter-gigi,2025-06-15 02:42:15
drg. Karla Monica Wijaya,Dokter Gigi,Arora Woman and Children Care,"Cikole, Kota Sukabumi",,dokter-gigi,2025-06-15 02:42:15
drg. Karmaty,Dokter Gigi,halodoc,"Setiabudi, Jakarta Selatan",,dokter-gigi,2025-06-15 02:42:15
drg. Kartika Dhipta Lestari Sp.Perio,Dokter Gigi,halodoc,"Setiabudi, Jakarta Selatan",,dokter-gigi,2025-06-15 02:42:15
drg. Katherine Helen,Dokter Gigi,drg. Katherine Helen,"Bekasi Barat, Bekasi",,dokter-gigi,2025-06-15 02:42:15
Drg. Kemas Irsan S,Dokter Gigi,halodoc,"Setiabudi, Jakarta Selatan",,dokter-gigi,2025-06-15 02:42:15
drg. Keni Wastuti Siregar,Dokter Gigi,ZEN Dental Care,"Kebayoran Baru, Jakarta Selatan",,dokter-gigi,2025-06-15 02:42:15
drg. Kenyar Nindita,Dokter Gigi,drg. Kenyar Nindita,"Sukasari, Kota Bandung",,dokter-gigi,2025-06-15 02:42:15
drg. Keukeuh Bening Sherliani,Dokter Gigi,KLINIK SITI AZARIA,"Karawang Timur, Kabupaten Karawang",,dokter-gigi,2025-06-15 02:42:15
drg. Kevin Pratama Susilo Sp.KGA,Dokter Gigi,Kiddie Care Center,"Tanjung Priok, Jakarta Utara",,dokter-gigi,2025-06-15 02:42:15
Drg. Khairi Lufti Sinaga,Dokter Gigi,halodoc,"Setiabudi, Jakarta Selatan",,dokter-gigi,2025-06-15 02:42:17
drg. Khairunnisa Nibras Ramadhanti,Dokter Gigi,RS ISLAM AYSHA,"Cibinong, Kabupaten Bogor",,dokter-gigi,2025-06-15 02:42:17
Drg. Khalisha Hannah Wajong,Dokter Gigi,halodoc,"Setiabudi, Jakarta Selatan",,dokter-gigi,2025-06-15 02:42:17
drg. Khomsah Suciati,Dokter Gigi,halodoc,"Setiabudi, Jakarta Selatan",,dokter-gigi,2025-06-15 02:42:17
drg. Khonita Rofiasni,Dokter Gigi,0,"Bekasi Selatan, Bekasi",,dokter-gigi,2025-06-15 02:42:17
drg. Khonita Rofiasni,Dokter Gigi,Praktek Dokter Gigi .,"Jagakarsa, Jakarta Selatan",,dokter-gigi,2025-06-15 02:42:17
drg. KhuzaiMa Adyasti,Dokter Gigi,halodoc,"Setiabudi, Jakarta Selatan",,dokter-gigi,2025-06-15 02:42:17
drg. Kiki Adrianto,Dokter Gigi,drg.Kiki Adrianto,"Samarinda Ulu, Kota Samarinda",,dokter-gigi,2025-06-15 02:42:17
drg. Kiki Ittifakiyah,Dokter Gigi,halodoc,"Setiabudi, Jakarta Selatan",,dokter-gigi,2025-06-15 02:42:17
drg. Kiki Qurrotul A'yuni,Dokter Gigi,Damessa Family Dental Care - BSD,"Tangerang, Tangerang",,dokter-gigi,2025-06-15 02:42:17
drg. Kiki Setiawati Sp.KG,Dokter Gigi,halodoc,"Setiabudi, Jakarta Selatan",,dokter-gigi,2025-06-15 02:42:19
drg. Kiki Setiawati Sp.KG .MARS,Dokter Gigi,halodoc,"Setiabudi, Jakarta Selatan",,dokter-gigi,2025-06-15 02:42:19
"drg. Kiki Setiawati, Sp.KG",Dokter Gigi,halodoc,"Setiabudi, Jakarta Selatan",,dokter-gigi,2025-06-15 02:42:19
drg. Kiky Viviani Waluyo,Dokter Gigi,Klinik Prima Medistra,"Kota Kudus, Kabupaten Kudus",,dokter-gigi,2025-06-15 02:42:19
Drg. Kimmy Rizky Septiani N.,Dokter Gigi,halodoc,"Setiabudi, Jakarta Selatan",,dokter-gigi,2025-06-15 02:42:19
drg. Kintani Arrifa Putri,Dokter Gigi,Klinik Maroon Dental House,"Bojongsari, Depok",,dokter-gigi,2025-06-15 02:42:19
drg. Kintani Arrifah Putri,Dokter Gigi,Klinik Maroon Dental House,"Bojongsari, Depok",,dokter-gigi,2025-06-15 02:42:19
drg. Kiraina Nur Syifa,Dokter Gigi,Infinite Dental Care,"Sumurbandung, Kota Bandung",,dokter-gigi,2025-06-15 02:42:19
drg. Kirana Oktavia P,Dokter Gigi,0,"Bekasi Selatan, Bekasi",,dokter-gigi,2025-06-15 02:42:19
drg. Komang Desyandana Puteri Omega,Dokter Gigi,Apotek dan Klinik Kimia Farma Kosambi,"Klari, Kabupaten Karawang",,dokter-gigi,2025-06-15 02:42:19
drg. Kristini Turma Siburian,Dokter Gigi,Klinik Medika Lestari Cempaka Putih,"Cempaka Putih, Jakarta Pusat",,dokter-gigi,2025-06-15 02:42:22
drg. Kurnia Inda Saputri,Dokter Gigi,HERBADENT,"Bogor Utara, Bogor",,dokter-gigi,2025-06-15 02:42:22
drg. Kurnia Nur Aini,Dokter Gigi,halodoc,"Setiabudi, Jakarta Selatan",,dokter-gigi,2025-06-15 02:42:22
drg. Kurnia Nur Aini,Dokter Gigi,halodoc,"Setiabudi, Jakarta Selatan",,dokter-gigi,2025-06-15 02:42:22
Drg. Kurnia Nur Aini,Dokter Gigi,Praktek drg. Kurnia Nur Aini,"Jagakarsa, Jakarta Selatan",,dokter-gigi,2025-06-15 02:42:22
drg. LAKSTIARA RIZKA ISLAMI,Dokter Gigi,Klinik Gigi OMDC Dental Margonda,"Beji, Depok",,dokter-gigi,2025-06-15 02:42:22
drg. LELY PUSPITA ANDRI,Dokter Gigi,KLINIK MEDIKA ASYIFA,"Bantar Gebang, Bekasi",,dokter-gigi,2025-06-15 02:42:22
drg. LILY SUNARYO,Dokter Gigi,Drg.Lily Sunaryo,"Bekasi Selatan, Bekasi",,dokter-gigi,2025-06-15 02:42:22
drg. Laila Fakhriyah,Dokter Gigi,SENYUM DENTAL,"Gunung Putri, Kabupaten Bogor",,dokter-gigi,2025-06-15 02:42:22
drg. Laili Teja,Dokter Gigi,ODAC FAMILY,"Serpong Utara, Tangerang Selatan",,dokter-gigi,2025-06-15 02:42:22
drg. Laily Kaadaryati,Dokter Gigi,"drg. Laily Kaadaryati, Sp.KGA","Pontianak Tenggara, Kota Pontianak",,dokter-gigi,2025-06-15 02:42:24
"drg. Laksmi Handayani, MDSc. Sp. Perio.",Dokter Gigi,Upscale,"Kebayoran Baru, Jakarta Selatan",,dokter-gigi,2025-06-15 02:42:24
drg. Laksmita Dewi,Dokter Gigi,Klinik Mardhani,"Telukjambe Timur, Kabupaten Karawang",,dokter-gigi,2025-06-15 02:42:24
drg. Lanny Marjati,Dokter Gigi,Klinik drg. Lanny Marjati,"Cengkareng, Jakarta Barat",,dokter-gigi,2025-06-15 02:42:24
Drg. Lanny Melani,Dokter Gigi,SDC (Salsabila Dental Care) Bulak Kapal,"Bekasi Timur, Bekasi",,dokter-gigi,2025-06-15 02:42:24
drg. Lany Mita Sari,Dokter Gigi,halodoc,"Setiabudi, Jakarta Selatan",,dokter-gigi,2025-06-15 02:42:24
drg. Lany Mita Sari,Dokter Gigi,LANY DENTAL CARE,"Bekasi Timur, Bekasi",,dokter-gigi,2025-06-15 02:42:24
drg. Lany Mita Sari,Dokter Gigi,LANY DENTAL CARE,"Bekasi Timur, Bekasi",,dokter-gigi,2025-06-15 02:42:24
drg. Lany Mita Sari,Dokter Gigi,LANY DENTAL CARE,"Bekasi Timur, Bekasi",,dokter-gigi,2025-06-15 02:42:24
drg. Lany Mita Sari,Dokter Gigi,LANY DENTAL CARE,"Bekasi Timur, Bekasi",,dokter-gigi,2025-06-15 02:42:24
drg Larissa Kurnia Kinanti,Dokter Gigi,Paramita Laboratorium Medis dan Klinik,"Kramat Jati, Jakarta Timur",,dokter-gigi,2025-06-15 02:42:27
drg. Lastry Ruth Maya T.M. Padang,Dokter Gigi,Pramita Laboratorium,"Setiabudi, Jakarta Selatan",,dokter-gigi,2025-06-15 02:42:27
drg. Lathifa Khaerani,Dokter Gigi,Klinik Muslimedika,"Tebet, Jakarta Selatan",,dokter-gigi,2025-06-15 02:42:27
Drg Latifah,Dokter Gigi,HappyTooth Dental Care Kalimalang,"Cakung, Jakarta Timur",,dokter-gigi,2025-06-15 02:42:27
Drg. Laura Arman,Dokter Gigi,Praktek dokter.,"Bukit Raya, Kota Pekanbaru",,dokter-gigi,2025-06-15 02:42:27
drg. Laura Sumbayak,Dokter Gigi,LauraSum Dental Care,"Kelapa Gading, Jakarta Utara",,dokter-gigi,2025-06-15 02:42:27
drg. Laurensia Ericka H,Dokter Gigi,JAGO DENTAL,"Panongan, Kabupaten Tangerang",,dokter-gigi,2025-06-15 02:42:27
drg. Lazaro Nehemia Benedict Dilens,Dokter Gigi,Satu Dental Cipayung Bina Marga,"Cipayung, Jakarta Timur",,dokter-gigi,2025-06-15 02:42:27
drg. Lely Puspitasari,Dokter Gigi,Klinik Mahakam 24 jam,"Limo, Depok",,dokter-gigi,2025-06-15 02:42:27
drg. Lely Puspitasari,Dokter Gigi,halodoc,"Setiabudi, Jakarta Selatan",,dokter-gigi,2025-06-15 02:42:27
drg. Leni Khairani Irawan,Dokter Gigi,halodoc,"Setiabudi, Jakarta Selatan",,dokter-gigi,2025-06-15 02:42:29
Drg. Leni Paramita,Dokter Gigi,AMANAH DENTAL SMILE,"Ciawi, Kabupaten Tasikmalaya",,dokter-gigi,2025-06-15 02:42:29
drg. Leny Agityya Sp. Ort,Dokter Gigi,MAE DENTAL,"Cempaka Putih, Jakarta Pusat",,dokter-gigi,2025-06-15 02:42:29
drg. Leny Listyani,Dokter Gigi,Praktek Mandiri Dokter,"Gambir, Jakarta Pusat",,dokter-gigi,2025-06-15 02:42:29
drg. Leny Listyani,Dokter Gigi,Praktek Mandiri Dokter,"Gambir, Jakarta Pusat",,dokter-gigi,2025-06-15 02:42:29
drg. Leny Listyani,Dokter Gigi,PrakterDdokter Gigi,"Kramat Jati, Jakarta Timur",,dokter-gigi,2025-06-15 02:42:29
drg. Leny Listyani,Dokter Gigi,"drg, Leny Listyani","Setiabudi, Jakarta Selatan",,dokter-gigi,2025-06-15 02:42:29
drg. Leticia,Dokter Gigi,Klinik Rata,"Kelapa Gading, Jakarta Utara",,dokter-gigi,2025-06-15 02:42:29
Drg. Leyla Marlina,Dokter Gigi,halodoc,"Setiabudi, Jakarta Selatan",,dokter-gigi,2025-06-15 02:42:29
drg. Lia Irawati,Dokter Gigi,Klinik Gigi Drg. Lia Irawati,"Sukun, Kota Malang",,dokter-gigi,2025-06-15 02:42:29
Drg. Lia Sofianita,Dokter Gigi,KLINIK GIGI Drg. Widya Irsyad Sp. Ort,"Batununggal, Kota Bandung",,dokter-gigi,2025-06-15 02:42:32
Drg. Lia Sofianita,Dokter Gigi,Praktek Dokter Gigi..,"Gambir, Jakarta Pusat",,dokter-gigi,2025-06-15 02:42:32
"Drg. Liasta, K. Ginting",Dokter Gigi,Praktek Dokter Gigi - drg. Liasta Ginting,"Pulo Gadung, Jakarta Timur",,dokter-gigi,2025-06-15 02:42:32
drg. Lidya Sihombing,Dokter Gigi,K.Smile Dental Care,"Pondok Aren, Tangerang Selatan",,dokter-gigi,2025-06-15 02:42:32
drg. Lidya Sihombing,Dokter Gigi,KSmile Dental Care,"Serpong Utara, Tangerang Selatan",,dokter-gigi,2025-06-15 02:42:32
drg. Lieke Halim Subrata,Dokter Gigi,Centra Dental Ploso,"Tambaksari, Kota Surabaya",,dokter-gigi,2025-06-15 02:42:32
drg. Ligia Galantyasa,Dokter Gigi,Klinik Audy Dental,"Setiabudi, Jakarta Selatan",,dokter-gigi,2025-06-15 02:42:32
drg. Lily Sunaryo,Dokter Gigi,Drg.Lily Sunaryo,"Bekasi Selatan, Bekasi",,dokter-gigi,2025-06-15 02:42:32
Drg. Linarshi,Dokter Gigi,Drg Linarsih,"Telukjambe Timur, Kabupaten Karawang",,dokter-gigi,2025-06-15 02:42:32
Drg. Linda,Dokter Gigi,Klinik Gigi Valencia,"Kalideres, Jakarta Barat",,dokter-gigi,2025-06-15 02:42:32
Drg Linda K,Dokter Gigi,Klinik Kimia Farma Zamrud,"Mustika Jaya, Bekasi",,dokter-gigi,2025-06-15 02:42:34
drg. Linda Kisman,Dokter Gigi,drg. Linda kisman,"Kepulauan Seribu Utara, Kepulauan Seribu",,dokter-gigi,2025-06-15 02:42:34
drg. Linda Sutjipto,Dokter Gigi,halodoc,"Setiabudi, Jakarta Selatan",,dokter-gigi,2025-06-15 02:42:34
drg. Linda Sutjipto,Dokter Gigi,YES DENTAL CARE (Praktek Dokter Gigi) dan TOKO OBAT,"Tambun Utara, Kabupaten Bekasi",,dokter-gigi,2025-06-15 02:42:34
drg. Linda. M.M,Dokter Gigi,WISATA DENTAL CARE,"Kotabaru, Kabupaten Karawang",,dokter-gigi,2025-06-15 02:42:34
drg. Lintang Pramesti,Dokter Gigi,KLINIK OCEAN DENTAL,"Cilodong, Depok",,dokter-gigi,2025-06-15 02:42:34
drg. Liony Siswanto,Dokter Gigi,Perfect Smile Dental Care,"Penjaringan, Jakarta Utara",,dokter-gigi,2025-06-15 02:42:34
drg. Liony Siswanto,Dokter Gigi,Perfect Smile Dental Care,"Penjaringan, Jakarta Utara",,dokter-gigi,2025-06-15 02:42:34
Drg. Lirasati Sadikaningtya,Dokter Gigi,halodoc,"Setiabudi, Jakarta Selatan",,dokter-gigi,2025-06-15 02:42:34
drg. Lisa Desriani,Dokter Gigi,Smile Pro Dental Care,"Setiabudi, Jakarta Selatan",,dokter-gigi,2025-06-15 02:42:34
"drg. Lisiana Hastuty, M.Kes. Sp.KG",Dokter Gigi,"Praktik mandiri drg. Lisiana Hastuty M.Kes, SpKG","Kembangan, Jakarta Barat",,dokter-gigi,2025-06-15 02:42:37
Drg. Lisna Marisa,Dokter Gigi,halodoc,"Setiabudi, Jakarta Selatan",,dokter-gigi,2025-06-15 02:42:37
drg Listyaningtyas Maha Dewi,Dokter Gigi,Klinik Audy Dental,"Setiabudi, Jakarta Selatan",,dokter-gigi,2025-06-15 02:42:37
drg. Lita Pratiwi,Dokter Gigi,RSUD Jati Padang,"Pasar Minggu, Jakarta Selatan",,dokter-gigi,2025-06-15 02:42:37
drg. Livia Ignatia,Dokter Gigi,halodoc,"Setiabudi, Jakarta Selatan",,dokter-gigi,2025-06-15 02:42:37
Drg. Ludfia Ulfa M.Kes,Dokter Gigi,halodoc,"Setiabudi, Jakarta Selatan",,dokter-gigi,2025-06-15 02:42:37
drg. Luhry Afrina,Dokter Gigi,Mutiara Pratiwi Dental Clinic,"Medan Area, Kota Medan",,dokter-gigi,2025-06-15 02:42:37
Drg. Lukiroka Pangestu,Dokter Gigi,halodoc,"Setiabudi, Jakarta Selatan",,dokter-gigi,2025-06-15 02:42:37
drg. Lusiana,Dokter Gigi,drg. Lusiana,"Cengkareng, Jakarta Barat",,dokter-gigi,2025-06-15 02:42:37
drg. Lusiana,Dokter Gigi,drg. Lusiana,"Cengkareng, Jakarta Barat",,dokter-gigi,2025-06-15 02:42:37
drg. Lusiana,Dokter Gigi,drg. Lusiana,"Cengkareng, Jakarta Barat",,dokter-gigi,2025-06-15 02:42:40
drg. Lusni,Dokter Gigi,Wins Dental Care,"Metro Pusat, Kota Metro",,dokter-gigi,2025-06-15 02:42:40
drg. Lusy Octavia,Dokter Gigi,Klinik Khusus Kebidanan & Apotek Bunda Alya,"Tarogong Kidul, Kabupaten Garut",,dokter-gigi,2025-06-15 02:42:40
Drg. Lutfia Siti Hanifatunnisa MHPM,Dokter Gigi,halodoc,"Setiabudi, Jakarta Selatan",,dokter-gigi,2025-06-15 02:42:40
drg. Luther Thewakan,Dokter Gigi,Dr Gigi. Luther Thewakan,"Cengkareng, Jakarta Barat",,dokter-gigi,2025-06-15 02:42:40
drg. Lya Bachtiar,Dokter Gigi,Lya Dental Care,"Cipayung, Kota Depok",,dokter-gigi,2025-06-15 02:42:40
drg Lyvia Juliana,Dokter Gigi,Klinik Audy Dental,"Setiabudi, Jakarta Selatan",,dokter-gigi,2025-06-15 02:42:40
drg. M Arifin,Dokter Gigi,halodoc,"Setiabudi, Jakarta Selatan",,dokter-gigi,2025-06-15 02:42:40
drg. M Arifin,Dokter Gigi,COBRA DENTAL 19 TREATMENT,"Bekasi Selatan, Bekasi",,dokter-gigi,2025-06-15 02:42:40
drg. M Arifin Sp.Ort,Dokter Gigi,halodoc,"Setiabudi, Jakarta Selatan",,dokter-gigi,2025-06-15 02:42:40
drg. M Ilham Akbar,Dokter Gigi,Klinik Gigigo Colomadu,"Colomadu, Kabupaten Karanganyar",,dokter-gigi,2025-06-15 02:42:43
drg. M. Ardisuryawan Rahman,Dokter Gigi,Klinik Gigi PDGI,"Cempaka Putih, Jakarta Pusat",,dokter-gigi,2025-06-15 02:42:43
drg. M. Elfa Zulfian P,Dokter Gigi,El Dental Esthetic,"Tuminiting, Kota Manado",,dokter-gigi,2025-06-15 02:42:43
"drg. M. FURQAN, Sp KG",Dokter Gigi,Tangerang Dental Clinic,"Batuceper, Tangerang",,dokter-gigi,2025-06-15 02:42:43
dr. M. Faizar Rahman Sp.Perio,Dokter Gigi,Giggle Dental Clinic,"Serpong, Tangerang Selatan",,dokter-gigi,2025-06-15 02:42:43
drg. M. Faizar Rahman,Dokter Gigi,Bio Medika,"Kebon Jeruk, Jakarta Barat",,dokter-gigi,2025-06-15 02:42:43
drg. M. Furqan Sp KG,Dokter Gigi,halodoc,"Setiabudi, Jakarta Selatan",,dokter-gigi,2025-06-15 02:42:43
drg. M. Ilham Akbar,Dokter Gigi,Klinik Gigigo Colomadu,"Colomadu, Kabupaten Karanganyar",,dokter-gigi,2025-06-15 02:42:43
drg. M. Silitonga,Dokter Gigi,RSUD TJ Priok,"Tanjung Priok, Jakarta Utara",,dokter-gigi,2025-06-15 02:42:43
drg. M.Nasich Aminudin,Dokter Gigi,DENTALINN,"Ulee Kareng, Kota Banda Aceh",,dokter-gigi,2025-06-15 02:42:43
drg. MARYATI,Dokter Gigi,Klinik Elon Abdulgani.,"Tangerang, Tangerang",,dokter-gigi,2025-06-15 02:42:46
drg. MENA SOLIHARNI Sp.KG,Dokter Gigi,MS Dental,"Bukit Raya, Kota Pekanbaru",,dokter-gigi,2025-06-15 02:42:46
drg MIRZA,Dokter Gigi,RS AMC MUHAMMADIYAH,"Wirobrajan, Kota Yogyakarta",,dokter-gigi,2025-06-15 02:42:46
drg. MITRA RISWANDA HUTABARAT,Dokter Gigi,Apotek AA,"Tambora, Jakarta Barat",,dokter-gigi,2025-06-15 02:42:46
drg. MOHAMMAD HAMZAH CARLO ORTEGA,Dokter Gigi,Tooth Club dental clinic,"Senen, Jakarta Pusat",,dokter-gigi,2025-06-15 02:42:46
drg. Maemunah Yulia O.,Dokter Gigi,MG Dental Clinic,"Tapos, Depok",,dokter-gigi,2025-06-15 02:42:46
drg Maeshella Firman,Dokter Gigi,halodoc,"Setiabudi, Jakarta Selatan",,dokter-gigi,2025-06-15 02:42:46
drg. Magfiro Rangga Andalas,Dokter Gigi,Happy Dental Clinic Summarecon Mall Bandung,"Bandung Kidul, Kota Bandung",,dokter-gigi,2025-06-15 02:42:46
Drg. Maghfira Amina,Dokter Gigi,halodoc,"Setiabudi, Jakarta Selatan",,dokter-gigi,2025-06-15 02:42:46
drg. Mahar Rosa Erwidawan,Dokter Gigi,Mili Dental Care,"Kota Kudus, Kabupaten Kudus",,dokter-gigi,2025-06-15 02:42:46
drg. Maharani Setyowati Putri,Dokter Gigi,Satu Dental Tanjung Duren,"Grogol Petamburan, Jakarta Barat",,dokter-gigi,2025-06-15 02:42:48
drg. Mahda Riyana,Dokter Gigi,Klinik Dokter Gigi drg. Mayang Sari,"Pasar Rebo, Jakarta Timur",,dokter-gigi,2025-06-15 02:42:48
drg. Maisy Aprionasista,Dokter Gigi,Dental Tone Pekanbaru,"Pekanbaru Kota, Kota Pekanbaru",,dokter-gigi,2025-06-15 02:42:48
drg. Maja,Dokter Gigi,Gigiku Dental Clinic,"Kramat Jati, Jakarta Timur",,dokter-gigi,2025-06-15 02:42:48
drg. Marantika,Dokter Gigi,halodoc,"Setiabudi, Jakarta Selatan",,dokter-gigi,2025-06-15 02:42:48
drg. Marceline Olivia S.K.G,Dokter Gigi,Sistem Klinik Assist.id,"Pekanbaru Kota, Kota Pekanbaru",,dokter-gigi,2025-06-15 02:42:48
Drg. Marceline Tam Sp.KG,Dokter Gigi,Klinik Gigi Noto Puri Indah.,"Kembangan, Jakarta Barat",,dokter-gigi,2025-06-15 02:42:48
drg. Marchella hendrayanti widjaja,Dokter Gigi,Lampung Dental Care,"Bumi Waras, Kota Bandar Lampung",,dokter-gigi,2025-06-15 02:42:48
drg. Margaret Magdalena,Dokter Gigi,halodoc,"Setiabudi, Jakarta Selatan",,dokter-gigi,2025-06-15 02:42:48
drg. Margaretha Claresta Borris,Dokter Gigi,halodoc,"Setiabudi, Jakarta Selatan",,dokter-gigi,2025-06-15 02:42:48
drg. Margaretha Lauwito,Dokter Gigi,ORTO CENTRE,"Medan Satria, Bekasi",,dokter-gigi,2025-06-15 02:42:52
drg. Margo Noorindah,Dokter Gigi,Dokter Gigi Margo Noorindah,"Kalideres, Jakarta Barat",,dokter-gigi,2025-06-15 02:42:52
drg Maria,Dokter Gigi,Klinik Axel Dental,"Sukatani, Kabupaten Bekasi",,dokter-gigi,2025-06-15 02:42:52
drg. Maria Alvita Vanessa,Dokter Gigi,halodoc,"Setiabudi, Jakarta Selatan",,dokter-gigi,2025-06-15 02:42:52
Drg. Maria Christianti,Dokter Gigi,halodoc,"Setiabudi, Jakarta Selatan",,dokter-gigi,2025-06-15 02:42:52
drg. Maria Lita Anggraeni,Dokter Gigi,Praktek dokter.,"Bukit Raya, Kota Pekanbaru",,dokter-gigi,2025-06-15 02:42:52
drg. Maria Priscilla Sp.KG,Dokter Gigi,RS St. Carolus Salemba,"Senen, Jakarta Pusat",,dokter-gigi,2025-06-15 02:42:52
"drg. Maria Priscilla, Sp.KG",Dokter Gigi,RS St. Carolus Salemba,"Senen, Jakarta Pusat",,dokter-gigi,2025-06-15 02:42:52
Drg. Maria Stefanie Hendrijanto,Dokter Gigi,halodoc,"Setiabudi, Jakarta Selatan",,dokter-gigi,2025-06-15 02:42:52
drg. Marice Herlina,Dokter Gigi,Praktek Dokter drg. Marice Herlina,"Tebet, Jakarta Selatan",,dokter-gigi,2025-06-15 02:42:52
drg. Marlene Vinca Debora,Dokter Gigi,RS St. Carolus Salemba,"Senen, Jakarta Pusat",https://d1ojs48v3n42tp.cloudfront.net/personnels/820349_20-6-2023_12-43-32.png,dokter-gigi,2025-06-15 02:42:55
Drg. Marlina,Dokter Gigi,Klinik Keluarga,"Kedamaian, Kota Bandar Lampung",,dokter-gigi,2025-06-15 02:42:55
drg. Marlisa,Dokter Gigi,halodoc,"Setiabudi, Jakarta Selatan",https://d1ojs48v3n42tp.cloudfront.net/personnels/356044_5-7-2022_9-33-17.jpeg,dokter-gigi,2025-06-15 02:42:55
Drg. Marsha Anjani Sebastian,Dokter Gigi,halodoc,"Setiabudi, Jakarta Selatan",,dokter-gigi,2025-06-15 02:42:55
drg. Martin Andrian T,Dokter Gigi,Dokter Gigi MARTIN ANDRIAN TANIEL,"Cengkareng, Jakarta Barat",,dokter-gigi,2025-06-15 02:42:55
Drg. Martining Shoffa Puspitaningrum,Dokter Gigi,halodoc,"Setiabudi, Jakarta Selatan",,dokter-gigi,2025-06-15 02:42:55
Drg. Marvrits Kanter,Dokter Gigi,halodoc,"Setiabudi, Jakarta Selatan",,dokter-gigi,2025-06-15 02:42:55
drg. Marwan Bulain,Dokter Gigi,Praktek dokter.,"Bukit Raya, Kota Pekanbaru",,dokter-gigi,2025-06-15 02:42:55
drg. Mathia Isratnasari,Dokter Gigi,Alesha Dental Care,"Bekasi Timur, Bekasi",,dokter-gigi,2025-06-15 02:42:55
drg. Maureen Antolis,Dokter Gigi,Sistem Klinik Assist.id,"Pekanbaru Kota, Kota Pekanbaru",,dokter-gigi,2025-06-15 02:42:55
drg. Mauren Dani Patricia,Dokter Gigi,halodoc,"Setiabudi, Jakarta Selatan",,dokter-gigi,2025-06-15 02:42:58
Drg. Maya Reza C,Dokter Gigi,Klinik Pratama Smile Aesthetic & Family Medical,"Kebayoran Baru, Jakarta Selatan",,dokter-gigi,2025-06-15 02:42:58
drg. Maya Sagita,Dokter Gigi,DENTES DENTAL CLINIC,"Jatiasih, Bekasi",,dokter-gigi,2025-06-15 02:42:58
drg. Mayang Purnakassari,Dokter Gigi,Klinik Kimia Farma Plant Bandung,"Cicendo, Kota Bandung",,dokter-gigi,2025-06-15 02:42:58
drg. Mefina Kuntjoro,Dokter Gigi,drg. Mefina Kuntjoro,"Tegalsari, Kota Surabaya",,dokter-gigi,2025-06-15 02:42:58
drg. Mega,Dokter Gigi,Klinik Anggrek,"Serang, Kota Serang",,dokter-gigi,2025-06-15 02:42:58
drg. Mega Wulandari,Dokter Gigi,Dokter Gigi Mayang Medika,"Kota Baru, Kota Jambi",,dokter-gigi,2025-06-15 02:42:58
drg. Meidyanto,Dokter Gigi,Praktek drg. Meidyanto,"Koto Tangah, Kota Padang",,dokter-gigi,2025-06-15 02:42:58
drg. Meilany Kustanty,Dokter Gigi,Family Dental Care,"Bogor Barat, Bogor",,dokter-gigi,2025-06-15 02:42:58
Drg. Meilisa Latifiani,Dokter Gigi,halodoc,"Setiabudi, Jakarta Selatan",,dokter-gigi,2025-06-15 02:42:58
Drg. Meiryndra Syaira Putri,Dokter Gigi,halodoc,"Setiabudi, Jakarta Selatan",,dokter-gigi,2025-06-15 02:43:00
drg. Meity,Dokter Gigi,Praktek Dokter Gigi..,"Gambir, Jakarta Pusat",,dokter-gigi,2025-06-15 02:43:00
Drg. Melania Utami Nirwan M.Sc,Dokter Gigi,halodoc,"Setiabudi, Jakarta Selatan",,dokter-gigi,2025-06-15 02:43:00
Drg. Melania Utami Nirwan,Dokter Gigi,halodoc,"Setiabudi, Jakarta Selatan",,dokter-gigi,2025-06-15 02:43:00
Drg. Melfi Ade Putrianti Zendrato,Dokter Gigi,halodoc,"Setiabudi, Jakarta Selatan",,dokter-gigi,2025-06-15 02:43:00
drg. Melina Haosana,Dokter Gigi,Parahita Diagnostic Center,"Setiabudi, Jakarta Selatan",,dokter-gigi,2025-06-15 02:43:00
drg. Melina Haosana,Dokter Gigi,drg. Melina Haosana,"Biringkanaya, Kota Makassar",,dokter-gigi,2025-06-15 02:43:00
drg. Melina Haosana,Dokter Gigi,drg. Melina Haosana,"Biringkanaya, Kota Makassar",,dokter-gigi,2025-06-15 02:43:00
drg Melissa Evalina Cahaya,Dokter Gigi,Drg. Melissa Evalina Cahaya,"Penjaringan, Jakarta Utara",,dokter-gigi,2025-06-15 02:43:00
drg. Melissa Patricia Si,Dokter Gigi,Klinik Audy Dental,"Setiabudi, Jakarta Selatan",,dokter-gigi,2025-06-15 02:43:00
drg. Melita Adenia,Dokter Gigi,Klinik Audy Dental,"Setiabudi, Jakarta Selatan",,dokter-gigi,2025-06-15 02:43:02
drg. Melvin Susanto,Dokter Gigi,Drg. Melvin Susanto,"Matraman, Jakarta Timur",,dokter-gigi,2025-06-15 02:43:02
drg. Mereza Pramudyasari,Dokter Gigi,halodoc,"Setiabudi, Jakarta Selatan",,dokter-gigi,2025-06-15 02:43:02
Drg. Merry Elisa,Dokter Gigi,Dental Now Puri,"Kembangan, Jakarta Barat",,dokter-gigi,2025-06-15 02:43:02
drg. Merry Merlinda,Dokter Gigi,Akila Dental,"Penjaringan, Jakarta Utara",,dokter-gigi,2025-06-15 02:43:02
drg. Merry Yo,Dokter Gigi,Klinik drg. Merry Yo,"Makassar, Kota Makassar",,dokter-gigi,2025-06-15 02:43:02
drg. Mesakh Alvin Sp. Perio,Dokter Gigi,MARS Dental Care,"Serpong, Tangerang Selatan",,dokter-gigi,2025-06-15 02:43:02
drg. Meutia Adenia Sp. KG,Dokter Gigi,Klinik Audy Dental,"Setiabudi, Jakarta Selatan",,dokter-gigi,2025-06-15 02:43:02
drg. Meutia Adenia Sp.K,Dokter Gigi,Klinik Audy Dental,"Setiabudi, Jakarta Selatan",,dokter-gigi,2025-06-15 02:43:02
drg. Meutia Adenia Sp.KG,Dokter Gigi,Klinik Audy Dental,"Setiabudi, Jakarta Selatan",,dokter-gigi,2025-06-15 02:43:02
drg. Meutia Alifa Darma,Dokter Gigi,Rumah Sakit Medika Sangatta,"Sangatta Utara, Kabupaten Kutai Timur",,dokter-gigi,2025-06-15 02:43:05
Drg. Mia Giri Astri MM,Dokter Gigi,halodoc,"Setiabudi, Jakarta Selatan",,dokter-gigi,2025-06-15 02:43:05
drg. Michael C. Sumolang,Dokter Gigi,drg Michael C Sumolang,"Setiabudi, Jakarta Selatan",,dokter-gigi,2025-06-15 02:43:05
drg. Michelle Wibianto,Dokter Gigi,Praktek Dokter Gigi..,"Gambir, Jakarta Pusat",,dokter-gigi,2025-06-15 02:43:05
drg. Michelle Wibiianto,Dokter Gigi,Praktek Dokter Gigi..,"Gambir, Jakarta Pusat",,dokter-gigi,2025-06-15 02:43:05
drg. Micke Ariani Pratiwi,Dokter Gigi,Drg. Micke Ariani,"Rawalumbu, Bekasi",,dokter-gigi,2025-06-15 02:43:05
drg. Mieke Kumala,Dokter Gigi,drg.Mieke kumala,"Cengkareng, Jakarta Barat",,dokter-gigi,2025-06-15 02:43:05
drg. Mieke Rizky Anggraini,Dokter Gigi,AKATARA CLINIC,"Cilandak, Jakarta Selatan",,dokter-gigi,2025-06-15 02:43:05
drg Miftahul Hairunnisa,Dokter Gigi,PRAKTEK DOKTER PRIBADI,"Bekasi Barat, Bekasi",,dokter-gigi,2025-06-15 02:43:05
drg. Mila,Dokter Gigi,NDC Esthetic Dental Clinic Sawojajar,"Kedungkandang, Kota Malang",,dokter-gigi,2025-06-15 02:43:05
Drg. Miladatus Syafiyah,Dokter Gigi,halodoc,"Setiabudi, Jakarta Selatan",,dokter-gigi,2025-06-15 02:43:09
drg. Minda Putri Pratiwi,Dokter Gigi,Kayaka Dental Care,"Cikarang Barat, Kabupaten Bekasi",,dokter-gigi,2025-06-15 02:43:09
"drg. Mira Leonita Widjaja, Sp.KG",Dokter Gigi,SIMA LAB,"Gurah, Kabupaten Kediri",,dokter-gigi,2025-06-15 02:43:09
drg. Miranti Hakim,Dokter Gigi,Klinik Miranti,"Tanah Abang, Jakarta Pusat",,dokter-gigi,2025-06-15 02:43:09
drg. Miranti Kusuma Wardhani,Dokter Gigi,Apotek K-24 Taman Galaxy Bekasi,"Bekasi Selatan, Bekasi",,dokter-gigi,2025-06-15 02:43:09
drg Mirna M Irawan,Dokter Gigi,D' DENTAL CLINIC,"Jonggol, Kabupaten Bogor",,dokter-gigi,2025-06-15 02:43:09
drg. Mirza Wahyu Arisiani,Dokter Gigi,Dentisthetic,"Ngamprah, Kabupaten Bandung Barat",,dokter-gigi,2025-06-15 02:43:09
drg. Moch. Bahrul Ulum,Dokter Gigi,AHMAD DENTAL CLINIC Jakarta,"Duren Sawit, Jakarta Timur",,dokter-gigi,2025-06-15 02:43:09
drg. Moch. Bahrul Ulum,Dokter Gigi,AHMAD DENTAL CLINIC Jakarta,"Duren Sawit, Jakarta Timur",,dokter-gigi,2025-06-15 02:43:09
drg. Moch. Bahrul Ulum,Dokter Gigi,halodoc,"Setiabudi, Jakarta Selatan",,dokter-gigi,2025-06-15 02:43:09
drg Mochamad Zain,Dokter Gigi,Biomedika,"Kelapa Gading, Jakarta Utara",,dokter-gigi,2025-06-15 02:43:13
drg. Mohamad Arief Lukman Sp.Pros,Dokter Gigi,halodoc,"Setiabudi, Jakarta Selatan",,dokter-gigi,2025-06-15 02:43:13
drg. Monica,Dokter Gigi,Klinik Pratama Yasmin,"Setiabudi, Jakarta Selatan",,dokter-gigi,2025-06-15 02:43:13
drg. Monica Aprillia,Dokter Gigi,halodoc,"Setiabudi, Jakarta Selatan",,dokter-gigi,2025-06-15 02:43:13
Drg. Monica Irene Lumenta,Dokter Gigi,halodoc,"Setiabudi, Jakarta Selatan",,dokter-gigi,2025-06-15 02:43:13
Drg. Monica Regina,Dokter Gigi,halodoc,"Setiabudi, Jakarta Selatan",,dokter-gigi,2025-06-15 02:43:13
drg. Monica Regina M,Dokter Gigi,halodoc,"Setiabudi, Jakarta Selatan",,dokter-gigi,2025-06-15 02:43:13
drg. Monica Regina M,Dokter Gigi,halodoc,"Setiabudi, Jakarta Selatan",,dokter-gigi,2025-06-15 02:43:13
drg. Monica Regina Mamarimbing,Dokter Gigi,halodoc,"Setiabudi, Jakarta Selatan",,dokter-gigi,2025-06-15 02:43:13
Morina Leony Himra,Dokter Gigi,0,"Bekasi Selatan, Bekasi",,dokter-gigi,2025-06-15 02:43:13
Drg. Muhamad Arif,Dokter Gigi,halodoc,"Setiabudi, Jakarta Selatan",,dokter-gigi,2025-06-15 02:43:17
drg. Muhamad Raiza,Dokter Gigi,AHMAD DENTAL CLINIC Jakarta,"Duren Sawit, Jakarta Timur",,dokter-gigi,2025-06-15 02:43:17
drg. Muhammad Akbar,Dokter Gigi,halodoc,"Setiabudi, Jakarta Selatan",,dokter-gigi,2025-06-15 02:43:17
drg. Muhammad Anas Ashfiyan,Dokter Gigi,ARINI Dental Care,"Karawang Timur, Kabupaten Karawang",,dokter-gigi,2025-06-15 02:43:17
drg. Muhammad Anas Ashfiyan,Dokter Gigi,ARINI Dental Care,"Karawang Timur, Kabupaten Karawang",,dokter-gigi,2025-06-15 02:43:17
drg. Muhammad Anas Ashifian,Dokter Gigi,ARINI Dental Care,"Karawang Timur, Kabupaten Karawang",,dokter-gigi,2025-06-15 02:43:17
Drg. Muhammad Annastyo Hanitio A W,Dokter Gigi,Casadienta Wastukencana,"Banjaran, Kabupaten Bandung",,dokter-gigi,2025-06-15 02:43:17
Drg. Muhammad Annastyo Hanitio AW,Dokter Gigi,Casadienta Wastukencana,"Banjaran, Kabupaten Bandung",,dokter-gigi,2025-06-15 02:43:17
Drg. Muhammad Ari Kafin,Dokter Gigi,halodoc,"Setiabudi, Jakarta Selatan",,dokter-gigi,2025-06-15 02:43:17
Muhammad Arie Hidayat,Dokter Gigi,FDC Jatiwaringin,"Pondok Gede, Bekasi",,dokter-gigi,2025-06-15 02:43:17
Dr. Muhammad Arief Hidayat,Dokter Gigi,FDC KELAPA GADING.,"Kelapa Gading, Jakarta Utara",,dokter-gigi,2025-06-15 02:43:20
drg. Muhammad Destyatosa Irfani,Dokter Gigi,Klinik Gigi NADIRA Sukun,"Candisari, Kota Semarang",,dokter-gigi,2025-06-15 02:43:20
Drg. Muhammad Hernandi Yusuf,Dokter Gigi,halodoc,"Setiabudi, Jakarta Selatan",,dokter-gigi,2025-06-15 02:43:20
Drg. Muhammad Sandy Irianto,Dokter Gigi,halodoc,"Setiabudi, Jakarta Selatan",,dokter-gigi,2025-06-15 02:43:20
Drg. Muhammad Tsany Saadi,Dokter Gigi,halodoc,"Setiabudi, Jakarta Selatan",,dokter-gigi,2025-06-15 02:43:20
Drg. Mukhlas Ardyansyah,Dokter Gigi,halodoc,"Setiabudi, Jakarta Selatan",,dokter-gigi,2025-06-15 02:43:20
Drg. Mulia,Dokter Gigi,Upg Dental Care,"Rappocini, Kota Makassar",,dokter-gigi,2025-06-15 02:43:20
drg. Mulia Ayu Hanifa,Dokter Gigi,halodoc,"Setiabudi, Jakarta Selatan",,dokter-gigi,2025-06-15 02:43:20
drg. Mulijani,Dokter Gigi,Indah Dental Clinic,"Tegalsari, Kota Surabaya",,dokter-gigi,2025-06-15 02:43:20
drg. Munawar Chalid Sp KGA,Dokter Gigi,Klinik Audy Dental,"Setiabudi, Jakarta Selatan",,dokter-gigi,2025-06-15 02:43:20
drg. Murthi Rachmi,Dokter Gigi,Grin Dental (Klinik Dokter Gigi & Aesthetic Dental Care),"Kembangan, Jakarta Barat",,dokter-gigi,2025-06-15 02:43:23
Drg. Muthi Mahira,Dokter Gigi,halodoc,"Setiabudi, Jakarta Selatan",,dokter-gigi,2025-06-15 02:43:23
drg Muthia Belladina Silmi,Dokter Gigi,AS Dental Clinic,"Jatiasih, Bekasi",,dokter-gigi,2025-06-15 02:43:23
Drg. Muthia Belladina Silmi,Dokter Gigi,AS Dental Clinic,"Jatiasih, Bekasi",,dokter-gigi,2025-06-15 02:43:23
drg. Muthia Isratnasari,Dokter Gigi,Alesha Dental Care,"Bekasi Timur, Bekasi",,dokter-gigi,2025-06-15 02:43:23
drg. Muthia hatarendro,Dokter Gigi,"drg. Multi.J. Bhataraendro, MPPM","Pontianak Barat, Kota Pontianak",,dokter-gigi,2025-06-15 02:43:23
Drg. Mutia,Dokter Gigi,Upg Dental Care,"Rappocini, Kota Makassar",,dokter-gigi,2025-06-15 02:43:23
Drg. Mutia Ukhra,Dokter Gigi,halodoc,"Setiabudi, Jakarta Selatan",,dokter-gigi,2025-06-15 02:43:23
drg. Mutiara Putri Rhamdani,Dokter Gigi,Satu Dental Tanjung Duren,"Grogol Petamburan, Jakarta Barat",,dokter-gigi,2025-06-15 02:43:23
drg Mutiara Turfa,Dokter Gigi,Tami Dental Care,"Cempaka Putih, Jakarta Pusat",,dokter-gigi,2025-06-15 02:43:23
drg. N Laila,Dokter Gigi,halodoc,"Setiabudi, Jakarta Selatan",,dokter-gigi,2025-06-15 02:43:26
drg. NADIA IZZATI,Dokter Gigi,Mozza Dental Clinic,"Sako, Kota Palembang",,dokter-gigi,2025-06-15 02:43:26
drg. NAWIRA Sp.KG,Dokter Gigi,halodoc,"Setiabudi, Jakarta Selatan",,dokter-gigi,2025-06-15 02:43:26
drg. NAWIRA Sp.KG,Dokter Gigi,halodoc,"Setiabudi, Jakarta Selatan",,dokter-gigi,2025-06-15 02:43:26
drg. NAWIRA S.O. KG,Dokter Gigi,halodoc,"Setiabudi, Jakarta Selatan",,dokter-gigi,2025-06-15 02:43:26
DRG. NOVA ELVARANI,Dokter Gigi,The Smile Centre,"Tebet, Jakarta Selatan",,dokter-gigi,2025-06-15 02:43:26
DRG. NOVA ELVARANI SP.KGA,Dokter Gigi,The Smile Centre,"Tebet, Jakarta Selatan",,dokter-gigi,2025-06-15 02:43:26
DRG. NOVA ELVARANI SP.KGA,Dokter Gigi,The Smile Centre,"Tebet, Jakarta Selatan",,dokter-gigi,2025-06-15 02:43:26
Drg. NOVA JATIMAN,Dokter Gigi,Klinik Cahaya Sehat,"Pulo Gadung, Jakarta Timur",,dokter-gigi,2025-06-15 02:43:26
drg. NURUL IKHSAN S.K.G,Dokter Gigi,"drg. NURUL IKHSAN, S.K.G","Bumi Waras, Kota Bandar Lampung",,dokter-gigi,2025-06-15 02:43:26
drg. NURY INDRIATY,Dokter Gigi,Syarifah Dental Clinic,"Ciputat, Tangerang Selatan",,dokter-gigi,2025-06-15 02:43:29
Drg. Nabila Farchani,Dokter Gigi,halodoc,"Setiabudi, Jakarta Selatan",,dokter-gigi,2025-06-15 02:43:29
Drg. Nabila Prandita,Dokter Gigi,halodoc,"Setiabudi, Jakarta Selatan",,dokter-gigi,2025-06-15 02:43:29
drg. Nabila Puspita Dewi,Dokter Gigi,halodoc,"Setiabudi, Jakarta Selatan",,dokter-gigi,2025-06-15 02:43:29
drg Nabila Ulfa Santosa,Dokter Gigi,FDC KRAWANG,"Cilamaya Wetan, Kabupaten Karawang",,dokter-gigi,2025-06-15 02:43:29
drg. Nabila Ulfa Santoso,Dokter Gigi,halodoc,"Setiabudi, Jakarta Selatan",,dokter-gigi,2025-06-15 02:43:29
drg. Nada Suci R.A,Dokter Gigi,Klinik Dokter Gigi drg. Mayang Sari,"Pasar Rebo, Jakarta Timur",,dokter-gigi,2025-06-15 02:43:29
drg. Nadhira Haifa,Dokter Gigi,Tunas Health Care,"Bantar Gebang, Bekasi",,dokter-gigi,2025-06-15 02:43:29
drg. Nadia Sujadi,Dokter Gigi,KLINIK GIGI NITI,"Tangerang, Tangerang",,dokter-gigi,2025-06-15 02:43:29
Drg. Nadila Ayu Naningtyas,Dokter Gigi,halodoc,"Setiabudi, Jakarta Selatan",,dokter-gigi,2025-06-15 02:43:29
drg. Nadiya Bunga Annisa,Dokter Gigi,halodoc,"Setiabudi, Jakarta Selatan",,dokter-gigi,2025-06-15 02:43:31
dr. Nadya Cita Bella,Dokter Gigi,halodoc,"Setiabudi, Jakarta Selatan",,dokter-gigi,2025-06-15 02:43:31
drg. Nadya Fithriana,Dokter Gigi,sefana klinik,"Senen, Jakarta Pusat",,dokter-gigi,2025-06-15 02:43:31
drg. Nadya Paramitha,Dokter Gigi,halodoc,"Setiabudi, Jakarta Selatan",,dokter-gigi,2025-06-15 02:43:31
drg. Nadya Paramitha,Dokter Gigi,Praktek Pribadi drg. Nadya Paramitha,"Setiabudi, Jakarta Selatan",,dokter-gigi,2025-06-15 02:43:31
drg. Nadya Rafika Amelia,Dokter Gigi,halodoc,"Setiabudi, Jakarta Selatan",,dokter-gigi,2025-06-15 02:43:31
Drg. Nan Marselinus. SB,Dokter Gigi,Praktek Dokter Gigi..,"Gambir, Jakarta Pusat",,dokter-gigi,2025-06-15 02:43:31
drg. Nanda Atmita,Dokter Gigi,Klinik Casadienta,"Setiabudi, Jakarta Selatan",,dokter-gigi,2025-06-15 02:43:31
drg. Nanda Lailussurayya Marta,Dokter Gigi,Praktek Dokter Gigi..,"Gambir, Jakarta Pusat",,dokter-gigi,2025-06-15 02:43:31
Drg. Nanda Wirawan,Dokter Gigi,SAFURA DENTAL CARE,"Gayamsari, Kota Semarang",,dokter-gigi,2025-06-15 02:43:31
drg. Nandia Ayu Pradipta,Dokter Gigi,drg. Nandia Ayu Pradipta,"Bandung Kulon, Kota Bandung",,dokter-gigi,2025-06-15 02:43:34
drg. Nandia Ayu Pradipta,Dokter Gigi,drg. Nandia Ayu Pradipta,"Bandung Kulon, Kota Bandung",,dokter-gigi,2025-06-15 02:43:34
Drg. Nani Sesqui M.Kes,Dokter Gigi,Danta Dental Studio,"Kebayoran Baru, Jakarta Selatan",,dokter-gigi,2025-06-15 02:43:34
Drg. Nani Sesqui,Dokter Gigi,Danta Dental Studio,"Kebayoran Baru, Jakarta Selatan",,dokter-gigi,2025-06-15 02:43:34
Dr. Nanny Ganda,Dokter Gigi,"Hengky & Nanny Ganda, Drg","Tegalwaru, Kabupaten Karawang",,dokter-gigi,2025-06-15 02:43:34
drg. Narando Fitria Grandis,Dokter Gigi,Klinik Pratama Azka Mitra Medika (Aesthetic Dental Clinic),"Karawang Barat, Kabupaten Karawang",,dokter-gigi,2025-06-15 02:43:34
drg. Naryndra Nastiti,Dokter Gigi,halodoc,"Setiabudi, Jakarta Selatan",,dokter-gigi,2025-06-15 02:43:34
drg. Natalia Prisca,Dokter Gigi,Klinik Medicasa,"Semarang Barat, Kota Semarang",,dokter-gigi,2025-06-15 02:43:34
drg. Natalis Martha C,Dokter Gigi,drg Natalis Martha,"Pebayuran, Kabupaten Bekasi",,dokter-gigi,2025-06-15 02:43:34
drg. Natalis Martha C,Dokter Gigi,drg Natalis Martha,"Pebayuran, Kabupaten Bekasi",,dokter-gigi,2025-06-15 02:43:34
drg. Natalya Indayani,Dokter Gigi,halodoc,"Setiabudi, Jakarta Selatan",,dokter-gigi,2025-06-15 02:43:36
Drg. Nathania,Dokter Gigi,halodoc,"Setiabudi, Jakarta Selatan",,dokter-gigi,2025-06-15 02:43:36
Drg. Nawira Sp.Kg,Dokter Gigi,OMDC HEALTHCARE,"Pancoran, Jakarta Selatan",,dokter-gigi,2025-06-15 02:43:36
Nellis Sa'adah Amalia,Dokter Gigi,DENTALOOK Praktek Dokter Gigi,"Purworejo, Kabupaten Purworejo",,dokter-gigi,2025-06-15 02:43:36
drg. Nenda Sriwidasari,Dokter Gigi,drg. Nenda Sriwidasari,"Kejaksan, Kota Cirebon",,dokter-gigi,2025-06-15 02:43:36
drg. Neneng Leny D.H,Dokter Gigi,KLINIK DRG.NENENG LENY,"Bekasi Utara, Bekasi",,dokter-gigi,2025-06-15 02:43:36
drg. Nerissa Loreta,Dokter Gigi,halodoc,"Setiabudi, Jakarta Selatan",,dokter-gigi,2025-06-15 02:43:36
Drg. Nessia Rahma Belinda,Dokter Gigi,halodoc,"Setiabudi, Jakarta Selatan",,dokter-gigi,2025-06-15 02:43:36
drg. Nevada Vijayanti S.,Dokter Gigi,halodoc,"Setiabudi, Jakarta Selatan",,dokter-gigi,2025-06-15 02:43:36
Drg. Ni Kadek Yulia Dwiana Putri,Dokter Gigi,halodoc,"Setiabudi, Jakarta Selatan",,dokter-gigi,2025-06-15 02:43:36
drg. Ni Wayan Ayu Sasmitha,Dokter Gigi,halodoc,"Setiabudi, Jakarta Selatan",,dokter-gigi,2025-06-15 02:43:39
drg. Nia F. Sudjana,Dokter Gigi,Drg. Nia F. Sudjana,"Tanjung Priok, Jakarta Utara",,dokter-gigi,2025-06-15 02:43:39
drg. Nia F. Sudjana,Dokter Gigi,Drg. Nia F. Sudjana,"Tanjung Priok, Jakarta Utara",,dokter-gigi,2025-06-15 02:43:39
Drg. Nia Mayfani Astrid,Dokter Gigi,halodoc,"Setiabudi, Jakarta Selatan",,dokter-gigi,2025-06-15 02:43:39
drg. Nia zulmi MKM,Dokter Gigi,BRIMA DENTAL CARE,"Medan Sunggal, Kota Medan",,dokter-gigi,2025-06-15 02:43:39
drg. Niawati Rusli,Dokter Gigi,Nila Dental Clinic,"Medan Area, Kota Medan",,dokter-gigi,2025-06-15 02:43:39
Drg. Nicholas Limanda,Dokter Gigi,halodoc,"Setiabudi, Jakarta Selatan",,dokter-gigi,2025-06-15 02:43:39
drg. Nicolas Dosy,Dokter Gigi,Bio Medika,"Kebon Jeruk, Jakarta Barat",,dokter-gigi,2025-06-15 02:43:39
dr Niken Laksmitarani Sp. BM,Dokter Gigi,halodoc,"Setiabudi, Jakarta Selatan",,dokter-gigi,2025-06-15 02:43:39
drg. Nikita Syahrussalami Firdaus,Dokter Gigi,MEDIKIDS JGC,"Cikarang Selatan, Kabupaten Bekasi",,dokter-gigi,2025-06-15 02:43:39
drg. Nikita Syahrussami Firdaus,Dokter Gigi,halodoc,"Setiabudi, Jakarta Selatan",,dokter-gigi,2025-06-15 02:43:42
drg. Nikita Syahrussimai Firdaus,Dokter Gigi,halodoc,"Setiabudi, Jakarta Selatan",,dokter-gigi,2025-06-15 02:43:42
Drg. Nikken Dwi Arnila,Dokter Gigi,halodoc,"Setiabudi, Jakarta Selatan",,dokter-gigi,2025-06-15 02:43:42
Drg. Nila Permata Sari,Dokter Gigi,halodoc,"Setiabudi, Jakarta Selatan",,dokter-gigi,2025-06-15 02:43:42
drg. Nilawati Rusli,Dokter Gigi,Nila Dental Clinic,"Medan Area, Kota Medan",,dokter-gigi,2025-06-15 02:43:42
drg. Nina Asmita,Dokter Gigi,Praktek Pribadi dr. Nina Asmita,"Seberang Ulu II, Kota Palembang",,dokter-gigi,2025-06-15 02:43:42
Drg. Nindhita Tiarsa Pramesthi,Dokter Gigi,halodoc,"Setiabudi, Jakarta Selatan",,dokter-gigi,2025-06-15 02:43:42
drg. Nindya,Dokter Gigi,halodoc,"Setiabudi, Jakarta Selatan",,dokter-gigi,2025-06-15 02:43:42
drg. Nindya Nursani,Dokter Gigi,Praktek dokter.,"Bukit Raya, Kota Pekanbaru",,dokter-gigi,2025-06-15 02:43:42
drg. Nisaa Alein Jaatsiyah,Dokter Gigi,KLINIK OCEAN DENTAL,"Cilodong, Depok",,dokter-gigi,2025-06-15 02:43:42
Drg. Niyan Nidyawati,Dokter Gigi,halodoc,"Setiabudi, Jakarta Selatan",,dokter-gigi,2025-06-15 02:43:44
Drg. Nofriadi,Dokter Gigi,halodoc,"Setiabudi, Jakarta Selatan",,dokter-gigi,2025-06-15 02:43:44
drg. Nory Indriaty,Dokter Gigi,Syarifah Dental Clinic,"Ciputat, Tangerang Selatan",,dokter-gigi,2025-06-15 02:43:44
drg. Nory Indriaty,Dokter Gigi,Syarifah Dental Clinic,"Ciputat, Tangerang Selatan",,dokter-gigi,2025-06-15 02:43:44
Drg. Nova Delima M,Dokter Gigi,Klinik Gigi Cendrawasih,"Cilincing, Jakarta Utara",,dokter-gigi,2025-06-15 02:43:44
drg. Novelia Ayu Puspitasani,Dokter Gigi,"Praktek Dokter Gigi, Drg. Novelia Ayu Puspitasani","Rawalumbu, Bekasi",,dokter-gigi,2025-06-15 02:43:44
drg. Novelia Ayu Puspitasani,Dokter Gigi,"Praktek Dokter Gigi, Drg. Novelia Ayu Puspitasani","Rawalumbu, Bekasi",,dokter-gigi,2025-06-15 02:43:44
drg. Novelia Ayu Puspitasani,Dokter Gigi,"Praktek Dokter Gigi, Drg. Novelia Ayu Puspitasani","Rawalumbu, Bekasi",,dokter-gigi,2025-06-15 02:43:44
drg. Novelia Ayu Puspitasani,Dokter Gigi,"Praktek Dokter Gigi, Drg. Novelia Ayu Puspitasani","Rawalumbu, Bekasi",,dokter-gigi,2025-06-15 02:43:44
Drg. Novi Andayani,Dokter Gigi,halodoc,"Setiabudi, Jakarta Selatan",,dokter-gigi,2025-06-15 02:43:44
drg. Novia Wiranti,Dokter Gigi,Praktek Dokter Gigi .,"Jagakarsa, Jakarta Selatan",,dokter-gigi,2025-06-15 02:43:46
drg. Noviana Andita,Dokter Gigi,Klinik Utama Doctor Dentist Palmerah,"Palmerah, Jakarta Barat",,dokter-gigi,2025-06-15 02:43:46
drg. Noviana Kurniawan,Dokter Gigi,halodoc,"Setiabudi, Jakarta Selatan",,dokter-gigi,2025-06-15 02:43:46
drg. Novianty Jatiman,Dokter Gigi,Klinik Cahaya Sehat,"Pulo Gadung, Jakarta Timur",,dokter-gigi,2025-06-15 02:43:46
drg Noviany Jatiman,Dokter Gigi,halodoc,"Setiabudi, Jakarta Selatan",,dokter-gigi,2025-06-15 02:43:46
drg. Noviany Sp. Ort,Dokter Gigi,ORTO CENTRE,"Medan Satria, Bekasi",,dokter-gigi,2025-06-15 02:43:46
drg. Novita Harera Paramadina,Dokter Gigi,Klinik Joy Dental,"Magelang Selatan, Kota Magelang",,dokter-gigi,2025-06-15 02:43:46
Drg. Novita Islamiati,Dokter Gigi,Praktek Dokter Gigi..,"Gambir, Jakarta Pusat",,dokter-gigi,2025-06-15 02:43:46
drg. Nuniek Damayanti,Dokter Gigi,drg Nuniek Damayanti,"Kebayoran Baru, Jakarta Selatan",,dokter-gigi,2025-06-15 02:43:46
drg. Nunik Widayati,Dokter Gigi,drg. Nunik Widayati,"Kramat Jati, Jakarta Timur",,dokter-gigi,2025-06-15 02:43:46
drg Nur Azizah,Dokter Gigi,halodoc,"Setiabudi, Jakarta Selatan",,dokter-gigi,2025-06-15 02:43:49
drg. Nur Febriani,Dokter Gigi,Praktek Drg. Nur Febriani,"Babelan, Kabupaten Bekasi",,dokter-gigi,2025-06-15 02:43:49
Drg. Nur Ismah Gitasari,Dokter Gigi,halodoc,"Setiabudi, Jakarta Selatan",,dokter-gigi,2025-06-15 02:43:49
drg. Nur Rachmawati,Dokter Gigi,Swa Dental Care,"Pasar Kliwon, Kota Surakarta",,dokter-gigi,2025-06-15 02:43:49
drg. Nur Rachmawati,Dokter Gigi,Swa Dental Care,"Pasar Kliwon, Kota Surakarta",,dokter-gigi,2025-06-15 02:43:49
Drg. Nur Rahmania,Dokter Gigi,halodoc,"Setiabudi, Jakarta Selatan",,dokter-gigi,2025-06-15 02:43:49
Dr. Nur Rahmania,Dokter Gigi,halodoc,"Setiabudi, Jakarta Selatan",,dokter-gigi,2025-06-15 02:43:49
Drg. Nura Hasanah,Dokter Gigi,halodoc,"Setiabudi, Jakarta Selatan",,dokter-gigi,2025-06-15 02:43:49
Drg. Nurcahyani E.P,Dokter Gigi,halodoc,"Setiabudi, Jakarta Selatan",,dokter-gigi,2025-06-15 02:43:49
Drg. Nurcahyani E.P,Dokter Gigi,Prakter drg. Dian Nurcahahyani,"Bekasi Barat, Bekasi",,dokter-gigi,2025-06-15 02:43:49
Drg. Nurcahyani E.P,Dokter Gigi,Drg. Nurcahyani E.P,"Bekasi Barat, Bekasi",,dokter-gigi,2025-06-15 02:43:51
Drg. Nurhalimah SKG,Dokter Gigi,halodoc,"Setiabudi, Jakarta Selatan",,dokter-gigi,2025-06-15 02:43:51
drg. Nurina Habsah,Dokter Gigi,halodoc,"Setiabudi, Jakarta Selatan",,dokter-gigi,2025-06-15 02:43:51
drg. Nurliana,Dokter Gigi,WHITE DENTAL CARE,"Martapura, Kabupaten Banjar",,dokter-gigi,2025-06-15 02:43:51
drg. Nurlitha Rahmadina S.KG,Dokter Gigi,Tabbytooth Dental Care,"Kebayoran Baru, Jakarta Selatan",,dokter-gigi,2025-06-15 02:43:51
drg. Nurmeisari,Dokter Gigi,halodoc,"Setiabudi, Jakarta Selatan",,dokter-gigi,2025-06-15 02:43:51
Drg. Nursafina Calista W,Dokter Gigi,ARBEL Dental Care,"Beji, Depok",,dokter-gigi,2025-06-15 02:43:51
Drg. Nursafina Callista W,Dokter Gigi,ARBEL Dental Care,"Beji, Depok",,dokter-gigi,2025-06-15 02:43:51
drg. Nurul Annisa Fitri,Dokter Gigi,praktek drg Nurul Annisa Fitri,"Medan Helvetia, Kota Medan",,dokter-gigi,2025-06-15 02:43:51
"drg. Nurul Annisah, S.Kg",Dokter Gigi,KLINIK KIRANI,"Tallo, Kota Makassar",,dokter-gigi,2025-06-15 02:43:51
drg. Nurul Fakhhirah Irham,Dokter Gigi,DAF Dental Praktik Dokter Gigi,"Rawalumbu, Bekasi",,dokter-gigi,2025-06-15 02:43:54
drg. Nurul Fakhriah Irham,Dokter Gigi,DAF Dental Praktik Dokter Gigi,"Rawalumbu, Bekasi",,dokter-gigi,2025-06-15 02:43:54
drg. Nurul Hasan,Dokter Gigi,halodoc,"Setiabudi, Jakarta Selatan",,dokter-gigi,2025-06-15 02:43:54
dr. Nurul Hikmah R,Dokter Gigi,drg. Nurul Hikmah R,"Peureulak, Kabupaten Aceh Timur",,dokter-gigi,2025-06-15 02:43:54
drg. Nurul Ramadiani Sp.KG,Dokter Gigi,Audy Dental Kelapa Gading Boulevard,"Kelapa Gading, Jakarta Utara",,dokter-gigi,2025-06-15 02:43:54
drg. Nuzuly Novi,Dokter Gigi,Dental Care Drg Nuzuly Novi,"Kemayoran, Jakarta Pusat",,dokter-gigi,2025-06-15 02:43:54
drg. Ny. Arnefi R. Sp. Pros,Dokter Gigi,drg ny arnefi R sp.pros,"Bekasi Utara, Bekasi",,dokter-gigi,2025-06-15 02:43:54
drg. Ny. Arnefi R. Sp. Pros,Dokter Gigi,drg ny arnefi R sp.pros,"Bekasi Utara, Bekasi",,dokter-gigi,2025-06-15 02:43:54
drg. Ny. Arnefi R. Sp. Pros,Dokter Gigi,drg ny arnefi R sp.pros,"Bekasi Utara, Bekasi",,dokter-gigi,2025-06-15 02:43:54
drg. Ny. Elly Sitanaya,Dokter Gigi,Praktek drg Elly Sitanaya,"Tuminiting, Kota Manado",,dokter-gigi,2025-06-15 02:43:54
Drg. Nydia Hanan Sp.KGA,Dokter Gigi,"Praktik Mandiri Drg. Nydia Hanan, SpKGA","Samarinda Kota, Kota Samarinda",,dokter-gigi,2025-06-15 02:43:56
drg. Nysa Caesar,Dokter Gigi,Bali Fine Dental,"Denpasar Barat, Kota Denpasar",,dokter-gigi,2025-06-15 02:43:56
drg. Oktavianur Gebilia Rosa,Dokter Gigi,Nafas Dental,"Pancoran Mas, Depok",,dokter-gigi,2025-06-15 02:43:56
Drg. Olda Priskilla Naomi Sianipar,Dokter Gigi,halodoc,"Setiabudi, Jakarta Selatan",,dokter-gigi,2025-06-15 02:43:56
drg. Olintia S,Dokter Gigi,RUANG DENTAL,"Tambun Selatan, Kabupaten Bekasi",,dokter-gigi,2025-06-15 02:43:56
Drg. Olivia Paramitha Sogata,Dokter Gigi,halodoc,"Setiabudi, Jakarta Selatan",,dokter-gigi,2025-06-15 02:43:56
drg. Olivia Paramitha Sogata,Dokter Gigi,Siloam Hospitals Balikpapan,"Balikpapan Selatan, Kota Balikpapan",https://d1ojs48v3n42tp.cloudfront.net/personnels/835469_29-11-2022_15-17-8.png,dokter-gigi,2025-06-15 02:43:56
drg. Ong Jonathan,Dokter Gigi,Klinik Pratama Derla Semarang,"Semarang Tengah, Kota Semarang",,dokter-gigi,2025-06-15 02:43:56
Drg. Onny Surya,Dokter Gigi,Drg. Onny Surya,"Tanjung Priok, Jakarta Utara",,dokter-gigi,2025-06-15 02:43:56
drg. Orintia Dewi Astuti,Dokter Gigi,RUANG DENTAL,"Tambun Selatan, Kabupaten Bekasi",,dokter-gigi,2025-06-15 02:43:56
drg. Orintin Dewi Astuti,Dokter Gigi,RUANG DENTAL,"Tambun Selatan, Kabupaten Bekasi",,dokter-gigi,2025-06-15 02:43:59
drg. Orliando,Dokter Gigi,ORLI'S DENTAL CLINIC,"Cilandak, Jakarta Selatan",,dokter-gigi,2025-06-15 02:43:59
Drg. Oryza Shafira Aldi,Dokter Gigi,KLINIK PRATAMA GIGI GUFRINALDI,"Jambi Selatan, Kota Jambi",,dokter-gigi,2025-06-15 02:43:59
drg. Oscar Sahelangi Sp.KG,Dokter Gigi,halodoc,"Setiabudi, Jakarta Selatan",,dokter-gigi,2025-06-15 02:43:59
drg. PUJI RAHAYU,Dokter Gigi,praktek drg. Puji Rahayu,"Purwakarta, Kabupaten Purwakarta",,dokter-gigi,2025-06-15 02:43:59
Drg. Pandu Azhar,Dokter Gigi,halodoc,"Setiabudi, Jakarta Selatan",,dokter-gigi,2025-06-15 02:43:59
drg. Pardamean I Andreas Sitorus,Dokter Gigi,Klinik Audy Dental,"Setiabudi, Jakarta Selatan",,dokter-gigi,2025-06-15 02:43:59
drg. Patar Jackson Manupak,Dokter Gigi,Siloam Hospitals Balikpapan,"Balikpapan Selatan, Kota Balikpapan",https://d1ojs48v3n42tp.cloudfront.net/personnels/183607_14-12-2022_16-26-23.png,dokter-gigi,2025-06-15 02:43:59
drg. Patricia Rachel,Dokter Gigi,Klinik Smile Line,"Kebayoran Lama, Jakarta Selatan",,dokter-gigi,2025-06-15 02:43:59
drg. Patricia Rachel,Dokter Gigi,halodoc,"Setiabudi, Jakarta Selatan",,dokter-gigi,2025-06-15 02:43:59
drg. Patricia Revana,Dokter Gigi,dr. Smile,"Kembangan, Jakarta Barat",,dokter-gigi,2025-06-15 02:44:01
Drg. Pebby Amanda,Dokter Gigi,Klinik Utama Syaify Dental,"Gamping, Kabupaten Sleman",,dokter-gigi,2025-06-15 02:44:01
Drg. Peni Sumarini,Dokter Gigi,halodoc,"Setiabudi, Jakarta Selatan",,dokter-gigi,2025-06-15 02:44:01
drg. Penny Exel,Dokter Gigi,Dental Icon,"Serpong, Tangerang Selatan",,dokter-gigi,2025-06-15 02:44:01
drg. Petra Kezhia H,Dokter Gigi,Klinik Gigi ODAC Family Wonosobo,"Wonosobo, Kabupaten Wonosobo",,dokter-gigi,2025-06-15 02:44:01
Drg. Philip Karman,Dokter Gigi,Praktek drg Philip Karman,"Cengkareng, Jakarta Barat",,dokter-gigi,2025-06-15 02:44:01
drg. Pincus,Dokter Gigi,Apotek Berkat Koja,"Koja, Jakarta Utara",,dokter-gigi,2025-06-15 02:44:01
Drg. Pingkan,Dokter Gigi,Klinik Drg.Pingkan (PWDC),"Serpong, Tangerang Selatan",,dokter-gigi,2025-06-15 02:44:01
Drg. Pipit Pratita A,Dokter Gigi,Klinik Pdgi Karawang,"Karawang Barat, Kabupaten Karawang",,dokter-gigi,2025-06-15 02:44:01
Drg. Plasida Ade Ad,Dokter Gigi,Sentra Dental Care,"Pondok Aren, Tangerang Selatan",,dokter-gigi,2025-06-15 02:44:01
Drg. Plasida Adi Wardani,Dokter Gigi,Sentra Dental Care,"Pondok Aren, Tangerang Selatan",,dokter-gigi,2025-06-15 02:44:04
drg. Poppy Puspitarani,Dokter Gigi,Dentalogue Dental Clinic,"Jagakarsa, Jakarta Selatan",,dokter-gigi,2025-06-15 02:44:04
drg. Poppy Puspitarani,Dokter Gigi,Dentalogue Dental Clinic,"Jagakarsa, Jakarta Selatan",,dokter-gigi,2025-06-15 02:44:04
drg. Pramita P Pertiwi,Dokter Gigi,Ortic Dental Care,"Cakung, Jakarta Timur",,dokter-gigi,2025-06-15 02:44:04
drg. Pramodanti Jiwanokusuma,Dokter Gigi,halodoc,"Setiabudi, Jakarta Selatan",,dokter-gigi,2025-06-15 02:44:04
drg. Pratama Adi Prasetya,Dokter Gigi,DHDC (Dari Hati Dental Clinic),"Setiabudi, Jakarta Selatan",,dokter-gigi,2025-06-15 02:44:04
Drg. Pratama Rizkiriandri Hanivo,Dokter Gigi,halodoc,"Setiabudi, Jakarta Selatan",,dokter-gigi,2025-06-15 02:44:04
dr Prima Aliifah,Dokter Gigi,halodoc,"Setiabudi, Jakarta Selatan",,dokter-gigi,2025-06-15 02:44:04
Drg Prima Dianiwati Sp KG,Dokter Gigi,0,"Bekasi Selatan, Bekasi",,dokter-gigi,2025-06-15 02:44:04
drg Primarinda Dwita Hapsari,Dokter Gigi,EF Dental,"Pesantren, Kota Kediri",,dokter-gigi,2025-06-15 02:44:04
drg. Primiastuti,Dokter Gigi,Praktek Dokter Gigi..,"Gambir, Jakarta Pusat",,dokter-gigi,2025-06-15 02:44:06
drg. Primiastuti,Dokter Gigi,halodoc,"Setiabudi, Jakarta Selatan",,dokter-gigi,2025-06-15 02:44:06
"drg. Priscadonna, MM",Dokter Gigi,Klinik Nurmala Medika.,"Cakung, Jakarta Timur",,dokter-gigi,2025-06-15 02:44:06
drg. Priscila Widwanti,Dokter Gigi,Praktek drg. Prisila Widuanti,"Margoyoso, Kabupaten Pati",,dokter-gigi,2025-06-15 02:44:06
drg. Puti Oclanesyaria Syahdan,Dokter Gigi,Gemilang Dental Care,"Klapanunggal, Kabupaten Bogor",,dokter-gigi,2025-06-15 02:44:06
drg. Puti Octavia Syahdan,Dokter Gigi,Gemilang Dental Care,"Klapanunggal, Kabupaten Bogor",,dokter-gigi,2025-06-15 02:44:06
Drg. Puti Ramadhanti,Dokter Gigi,drg. Puti Ramadhanti,"Bekasi Barat, Bekasi",,dokter-gigi,2025-06-15 02:44:06
drg Putie Ambun Suri,Dokter Gigi,Klinik Audy Dental,"Setiabudi, Jakarta Selatan",,dokter-gigi,2025-06-15 02:44:06
drg. Putri Anggraini,Dokter Gigi,Praktek dokter gigi mandiri drg. Putri Anggraini,"Anak Ratu Aji, Kabupaten Lampung Tengah",,dokter-gigi,2025-06-15 02:44:06
drg. Putri Armadhani ...,Dokter Gigi,Dental Solutions Medan,"Medan Deli, Kota Medan",,dokter-gigi,2025-06-15 02:44:06
drg. Putri Dwi Anggraini,Dokter Gigi,Klinik Bhakti Utama Medika,"Ciracas, Jakarta Timur",,dokter-gigi,2025-06-15 02:44:09
drg. Putri Ganesha,Dokter Gigi,Klinik Audy Dental,"Setiabudi, Jakarta Selatan",,dokter-gigi,2025-06-15 02:44:09
drg. Putri Puji Lestari,Dokter Gigi,Primera Dental,"Duren Sawit, Jakarta Timur",,dokter-gigi,2025-06-15 02:44:09
drg. Putri Puji Lestari,Dokter Gigi,Primera Dental,"Duren Sawit, Jakarta Timur",,dokter-gigi,2025-06-15 02:44:09
drg. Putri Puji Lestari,Dokter Gigi,Primera Dental,"Duren Sawit, Jakarta Timur",,dokter-gigi,2025-06-15 02:44:09
drg. Putri Risma,Dokter Gigi,De Luna Dental Care,"Telukjambe Barat, Kabupaten Karawang",,dokter-gigi,2025-06-15 02:44:09
Dr. Putri Risma,Dokter Gigi,De Luna Dental Care,"Telukjambe Barat, Kabupaten Karawang",,dokter-gigi,2025-06-15 02:44:09
drg. Putri Risma,Dokter Gigi,De Luna Dental Care,"Telukjambe Barat, Kabupaten Karawang",,dokter-gigi,2025-06-15 02:44:09
drg. Putri Risma Dewi,Dokter Gigi,ARINI Dental Care,"Karawang Timur, Kabupaten Karawang",,dokter-gigi,2025-06-15 02:44:09
drg. Putri Risma Dewi,Dokter Gigi,De Luna Dental Care,"Telukjambe Barat, Kabupaten Karawang",,dokter-gigi,2025-06-15 02:44:09
drg. Putri Risma Dewi,Dokter Gigi,De Luna Dental Care,"Telukjambe Barat, Kabupaten Karawang",,dokter-gigi,2025-06-15 02:44:11
drg. Putri Risma Dewi,Dokter Gigi,ARINI Dental Care,"Karawang Timur, Kabupaten Karawang",,dokter-gigi,2025-06-15 02:44:11
drg. Putri Risma Dewi,Dokter Gigi,ARINI Dental Care,"Karawang Timur, Kabupaten Karawang",,dokter-gigi,2025-06-15 02:44:11
drg. Putri Risma Dewi,Dokter Gigi,De Luna Dental Care,"Telukjambe Barat, Kabupaten Karawang",,dokter-gigi,2025-06-15 02:44:11
drg. Putri Yulandari Sp. KG,Dokter Gigi,halodoc,"Setiabudi, Jakarta Selatan",,dokter-gigi,2025-06-15 02:44:11
drg. Putri Yuniarsih,Dokter Gigi,Klinik Gigi 2000 tiga HAS,"Bekasi Timur, Bekasi",,dokter-gigi,2025-06-15 02:44:11
"drg. Putry Mahendra, Sp.KGA",Dokter Gigi,halodoc,"Setiabudi, Jakarta Selatan",,dokter-gigi,2025-06-15 02:44:11
"drg. Putry Mahendra, Sp.KGA",Dokter Gigi,Kidz Dental Depok,"Sukmajaya, Depok",,dokter-gigi,2025-06-15 02:44:11
Drg. Putu Krishna,Dokter Gigi,halodoc,"Setiabudi, Jakarta Selatan",,dokter-gigi,2025-06-15 02:44:11
Drg Qatrunnada Fath,Dokter Gigi,AHMAD DENTAL CLINIC Jakarta,"Duren Sawit, Jakarta Timur",,dokter-gigi,2025-06-15 02:44:11
drg. Qelszara Puspadewi,Dokter Gigi,APOTEK Farmajasa,"Jagakarsa, Jakarta Selatan",,dokter-gigi,2025-06-15 02:44:14
drg. Qiptiawati,Dokter Gigi,Praktek Drg.Qiptiawati,"Cinere, Depok",,dokter-gigi,2025-06-15 02:44:14
drg. Qisty Sharfina Sudrajat M.MRS,Dokter Gigi,SHARFINA DENTAL CARE,"Mandalajati, Kota Bandung",,dokter-gigi,2025-06-15 02:44:14
drg. Qisya Sharfina Sularsari,Dokter Gigi,KMC - Klinik Mutiara Cikutra,"Cibeunying Kaler, Kota Bandung",,dokter-gigi,2025-06-15 02:44:14
drg. Qonita Amalia,Dokter Gigi,halodoc,"Setiabudi, Jakarta Selatan",,dokter-gigi,2025-06-15 02:44:14
drg. Qonita Amalia,Dokter Gigi,Dentalia,"Cempaka Putih, Jakarta Pusat",,dokter-gigi,2025-06-15 02:44:14
drg. Qonita Amalia,Dokter Gigi,Dentalia,"Cempaka Putih, Jakarta Pusat",,dokter-gigi,2025-06-15 02:44:14
drg. Qonita Amalia,Dokter Gigi,Dentalia,"Cempaka Putih, Jakarta Pusat",,dokter-gigi,2025-06-15 02:44:14
drg. Qonita Amalia,Dokter Gigi,Praktik Dokter Gigi drg Qonita Amalia,"Setiabudi, Jakarta Selatan",,dokter-gigi,2025-06-15 02:44:14
drg. Qonita Amalia,Dokter Gigi,Dentalia,"Cempaka Putih, Jakarta Pusat",,dokter-gigi,2025-06-15 02:44:14
drg. Qonita Amalia,Dokter Gigi,Dentalia,"Cempaka Putih, Jakarta Pusat",,dokter-gigi,2025-06-15 02:44:16
drg. Qonita Azahrah Darudi,Dokter Gigi,ARINI Dental Care,"Karawang Timur, Kabupaten Karawang",,dokter-gigi,2025-06-15 02:44:16
drg. Qonitra Azahrah Darudi,Dokter Gigi,ARINI Dental Care,"Karawang Timur, Kabupaten Karawang",,dokter-gigi,2025-06-15 02:44:16
drg. Qorrie Furqan Al Annuri,Dokter Gigi,Ohana Dental,"Grogol Petamburan, Jakarta Barat",,dokter-gigi,2025-06-15 02:44:16
drg Qotrunnada Fath,Dokter Gigi,Klinik Pratama Azka Mitra Medika (Aesthetic Dental Clinic),"Karawang Barat, Kabupaten Karawang",,dokter-gigi,2025-06-15 02:44:16
drg. Qurba Ilmuwan Firdaus,Dokter Gigi,Lumi Dental,"Driyorejo, Kabupaten Gresik",,dokter-gigi,2025-06-15 02:44:16
drg. R. Nisayu Putri Ariandini,Dokter Gigi,halodoc,"Setiabudi, Jakarta Selatan",,dokter-gigi,2025-06-15 02:44:16
"drg. R. Wulansari N. K, Sp.KG",Dokter Gigi,Avenue 8 Dental Care-Bintaro,"Pondok Aren, Tangerang Selatan",,dokter-gigi,2025-06-15 02:44:16
drg. R.ALintang Johar,Dokter Gigi,Hadi Medika Center,"Babelan, Kabupaten Bekasi",,dokter-gigi,2025-06-15 02:44:16
DRG. RESTITA GANDAYUWANA,Dokter Gigi,BJ MEDICAL CENTER,"Kembangan, Jakarta Barat",,dokter-gigi,2025-06-15 02:44:16
drg. RINA HESTUTI PRIJADI,Dokter Gigi,Klinik Plaza de Lumina,"Cengkareng, Jakarta Barat",,dokter-gigi,2025-06-15 02:44:19
drg. Rachmadini Fidyar Aroemi,Dokter Gigi,Klinik Devina Medika,"Jatiasih, Bekasi",,dokter-gigi,2025-06-15 02:44:19
drg. Raden Regita Azizah,Dokter Gigi,halodoc,"Setiabudi, Jakarta Selatan",,dokter-gigi,2025-06-15 02:44:19
drg. Rafael Hendarto,Dokter Gigi,Royal Smile Dental Art Boutique,"Mampang Prapatan, Jakarta Selatan",,dokter-gigi,2025-06-15 02:44:19
Drg. Rafi Ihya Insani Tahir,Dokter Gigi,halodoc,"Setiabudi, Jakarta Selatan",,dokter-gigi,2025-06-15 02:44:19
drg. Rahma Defi,Dokter Gigi,drg. Rahma Defi,"Banyumanik, Kota Semarang",,dokter-gigi,2025-06-15 02:44:19
Drg. Rahmania,Dokter Gigi,Praktek Dokter Gigi drg. Villy Rahmania,"Cimanggis, Depok",,dokter-gigi,2025-06-15 02:44:19
drg Rahmat Ibrahim Sp. KG,Dokter Gigi,Klinik Audy Dental,"Setiabudi, Jakarta Selatan",,dokter-gigi,2025-06-15 02:44:19
drg. Rahmat Risnandar,Dokter Gigi,Praktek Dokter drg. Rahmat Risnandar & drg. Hanum Lutfianti,"Karawang Timur, Kabupaten Karawang",,dokter-gigi,2025-06-15 02:44:19
drg. Rahmawati SP M.Med.Ed,Dokter Gigi,halodoc,"Setiabudi, Jakarta Selatan",,dokter-gigi,2025-06-15 02:44:19
drg. Rai Swastini,Dokter Gigi,halodoc,"Setiabudi, Jakarta Selatan",,dokter-gigi,2025-06-15 02:44:21
drg. Rai Swastini,Dokter Gigi,Drg rai swastini,"Pondok Gede, Bekasi",,dokter-gigi,2025-06-15 02:44:21
drg Raissa Ardelia Ahimsa,Dokter Gigi,0,"Bekasi Selatan, Bekasi",,dokter-gigi,2025-06-15 02:44:21
Drg. Raissa Natalie Tirta,Dokter Gigi,halodoc,"Setiabudi, Jakarta Selatan",,dokter-gigi,2025-06-15 02:44:21
Drg. Raka Bagaskara,Dokter Gigi,halodoc,"Setiabudi, Jakarta Selatan",,dokter-gigi,2025-06-15 02:44:21
Drg. Rakenzon Adhi Sakti Santosa,Dokter Gigi,Klinik Gigi Noto Sunter - Spesialis Invisalign & Dental Implant,"Tanjung Priok, Jakarta Utara",,dokter-gigi,2025-06-15 02:44:21
drg. Rani Ayuning N,Dokter Gigi,Klinik Duta Medika Pratama (DMP),"Bogor Selatan, Bogor",,dokter-gigi,2025-06-15 02:44:21
drg. Rani Wulan Sari,Dokter Gigi,halodoc,"Setiabudi, Jakarta Selatan",,dokter-gigi,2025-06-15 02:44:21
Drg. Ranny F. Medendehe,Dokter Gigi,halodoc,"Setiabudi, Jakarta Selatan",,dokter-gigi,2025-06-15 02:44:21
drg. Rara Mauliana Arifi,Dokter Gigi,Klinik gigi ARZA DENTAL OFFICE -,"Cengkareng, Jakarta Barat",,dokter-gigi,2025-06-15 02:44:21
drg. Rasmiyati,Dokter Gigi,Praktek Pribadi drg. Rasmiyati,"Setiabudi, Jakarta Selatan",,dokter-gigi,2025-06-15 02:44:24
Drg. Rasyid Abdulazis,Dokter Gigi,Apotek Kimia Farma Courtyard Galuh Mas,"Telukjambe Timur, Kabupaten Karawang",,dokter-gigi,2025-06-15 02:44:24
drg Ratia Senggini,Dokter Gigi,Tami Dental Care,"Cempaka Putih, Jakarta Pusat",,dokter-gigi,2025-06-15 02:44:24
drg. Ratif Naufi W.H.,Dokter Gigi,Saphire Medika,"Ponorogo, Kabupaten Ponorogo",,dokter-gigi,2025-06-15 02:44:24
Drg Ratih Permata,Dokter Gigi,Tunas Health Care,"Bantar Gebang, Bekasi",,dokter-gigi,2025-06-15 02:44:24
"drg. Ratih Prasetyowati, Sp.Pros",Dokter Gigi,"drg. Ratih Prasetyowati, Sp.Pros","Wiyung, Kota Surabaya",,dokter-gigi,2025-06-15 02:44:24
drg. Ratna Denita,Dokter Gigi,0,"Bekasi Selatan, Bekasi",,dokter-gigi,2025-06-15 02:44:24
drg. Ratna Irawati,Dokter Gigi,drg.Ratna Irawati,"Purwokerto Timur, Kabupaten Banyumas",,dokter-gigi,2025-06-15 02:44:24
"drg. Ratna Permatasari,Sp.KGA",Dokter Gigi,halodoc,"Setiabudi, Jakarta Selatan",,dokter-gigi,2025-06-15 02:44:24
drg. Ratu Alam Maharanthi,Dokter Gigi,halodoc,"Setiabudi, Jakarta Selatan",,dokter-gigi,2025-06-15 02:44:24
drg. Ratu Alam Maharanti,Dokter Gigi,halodoc,"Setiabudi, Jakarta Selatan",,dokter-gigi,2025-06-15 02:44:26
Drg. Raudatul Agva Zahira,Dokter Gigi,halodoc,"Setiabudi, Jakarta Selatan",,dokter-gigi,2025-06-15 02:44:26
Drg. Rebekka Friska Parsaulian,Dokter Gigi,halodoc,"Setiabudi, Jakarta Selatan",,dokter-gigi,2025-06-15 02:44:26
Drg. Redhita Milati Rusdy,Dokter Gigi,halodoc,"Setiabudi, Jakarta Selatan",,dokter-gigi,2025-06-15 02:44:26
drg. Refi Lidya,Dokter Gigi,Tugu Medical Center,"Cimanggis, Depok",,dokter-gigi,2025-06-15 02:44:26
Drg. Regina Andika,Dokter Gigi,halodoc,"Setiabudi, Jakarta Selatan",,dokter-gigi,2025-06-15 02:44:26
Drg. Regina Faranitha,Dokter Gigi,halodoc,"Setiabudi, Jakarta Selatan",,dokter-gigi,2025-06-15 02:44:26
drg. Reinaldo Edwin,Dokter Gigi,Praktek Dokter Gigi Reinaldo Edwin,"Jetis, Kota Yogyakarta",,dokter-gigi,2025-06-15 02:44:26
drg. Rendhy Popyandra,Dokter Gigi,halodoc,"Setiabudi, Jakarta Selatan",,dokter-gigi,2025-06-15 02:44:26
drg. Rendhy Popyandra,Dokter Gigi,halodoc,"Setiabudi, Jakarta Selatan",,dokter-gigi,2025-06-15 02:44:26
drg. Rendhy Popyandra,Dokter Gigi,halodoc,"Setiabudi, Jakarta Selatan",,dokter-gigi,2025-06-15 02:44:29
drg. Reni Rahmadhani,Dokter Gigi,MANDIRI FARMA,"Tanjung Redeb, Kabupaten Berau",,dokter-gigi,2025-06-15 02:44:29
drg. Reni Sasmito,Dokter Gigi,Klinik Pratama Azka Mitra Medika (Aesthetic Dental Clinic),"Karawang Barat, Kabupaten Karawang",,dokter-gigi,2025-06-15 02:44:29
drg. Reni Setyorini,Dokter Gigi,Klinik Mitrasana,"Cempaka Putih, Jakarta Pusat",,dokter-gigi,2025-06-15 02:44:29
drg. Renny Trianty,Dokter Gigi,halodoc,"Setiabudi, Jakarta Selatan",,dokter-gigi,2025-06-15 02:44:29
drg. Renta Frianty Sp.Ort,Dokter Gigi,drg. Renta Frianty Sp.Ort,"Duren Sawit, Jakarta Timur",,dokter-gigi,2025-06-15 02:44:29
"drg. Renta Frianty, Sp.Ort",Dokter Gigi,drg. Renta Frianty Sp.Ort,"Duren Sawit, Jakarta Timur",,dokter-gigi,2025-06-15 02:44:29
Drg. Reny Mawardini,Dokter Gigi,halodoc,"Setiabudi, Jakarta Selatan",,dokter-gigi,2025-06-15 02:44:29
drg. Resita O,Dokter Gigi,Shan Dental Care Condet,"Kramat Jati, Jakarta Timur",,dokter-gigi,2025-06-15 02:44:29
drg. Resti Pratita,Dokter Gigi,RS Pakuwon,"Sumedang Selatan, Kabupaten Sumedang",,dokter-gigi,2025-06-15 02:44:29
drg. Restu Permata Hati,Dokter Gigi,"Apotek, Laboratorium Medis, dan Klinik Kimia Farma 07 Juanda Bogor","Bogor Tengah, Bogor",,dokter-gigi,2025-06-15 02:44:32
drg. Reti Septiani,Dokter Gigi,halodoc,"Setiabudi, Jakarta Selatan",,dokter-gigi,2025-06-15 02:44:32
drg. Retno Asih,Dokter Gigi,Klinik Cendana,"Setu, Kabupaten Bekasi",,dokter-gigi,2025-06-15 02:44:32
drg. Reza Maulana Arif,Dokter Gigi,Klinik gigi ARZA DENTAL OFFICE -,"Cengkareng, Jakarta Barat",,dokter-gigi,2025-06-15 02:44:32
drg. Rezki Nurfauzi,Dokter Gigi,halodoc,"Setiabudi, Jakarta Selatan",,dokter-gigi,2025-06-15 02:44:32
Drg. Rezza Marietha Zulmi,Dokter Gigi,FDC Rawamangun,"Jatinegara, Jakarta Timur",,dokter-gigi,2025-06-15 02:44:32
drg. Rhonna Chlissma Putra,Dokter Gigi,Biru Dental Care,"Arjasari, Kabupaten Bandung",,dokter-gigi,2025-06-15 02:44:32
dr. Ria Pratiwi,Dokter Gigi,Health Care Clinic,"Tambun Utara, Kabupaten Bekasi",,dokter-gigi,2025-06-15 02:44:32
drg. Ria Vivi Widyaningrum,Dokter Gigi,Praktek Dokter Gigi..,"Gambir, Jakarta Pusat",,dokter-gigi,2025-06-15 02:44:32
drg. Richard Adisasmita,Dokter Gigi,Drg richard adisasmita,"Tambun Selatan, Kabupaten Bekasi",,dokter-gigi,2025-06-15 02:44:32
drg. Richard Adisasmita,Dokter Gigi,Drg richard adisasmita,"Tambun Selatan, Kabupaten Bekasi",,dokter-gigi,2025-06-15 02:44:34
drg. Richard Alvin,Dokter Gigi,Praktek dokter mandiri,"Cileunyi, Kabupaten Bandung",,dokter-gigi,2025-06-15 02:44:34
drg Ricka Agustina,Dokter Gigi,Prakter drg. Ricka Agustina,"Babelan, Kabupaten Bekasi",,dokter-gigi,2025-06-15 02:44:34
drg. Rickard Adisasmita,Dokter Gigi,Drg richard adisasmita,"Tambun Selatan, Kabupaten Bekasi",,dokter-gigi,2025-06-15 02:44:34
drg. Ricky Foniman,Dokter Gigi,drg. Ricky Foniman,"Biringkanaya, Kota Makassar",,dokter-gigi,2025-06-15 02:44:34
drg. Ricky Foniman,Dokter Gigi,halodoc,"Setiabudi, Jakarta Selatan",,dokter-gigi,2025-06-15 02:44:34
Drg. Ricky Rianto Butar-Butar,Dokter Gigi,halodoc,"Setiabudi, Jakarta Selatan",,dokter-gigi,2025-06-15 02:44:34
drg. Rico,Dokter Gigi,Ortholicious Dental Care,"Cimahi Tengah, Kota Cimahi",,dokter-gigi,2025-06-15 02:44:34
Drg. Ridha Zahrina,Dokter Gigi,halodoc,"Setiabudi, Jakarta Selatan",,dokter-gigi,2025-06-15 02:44:34
drg. Riesqi Ardhi,Dokter Gigi,Dokter Gigi drg. R. Riesqi Ardhi,"Jatirejo, Kabupaten Mojokerto",,dokter-gigi,2025-06-15 02:44:34
drg. Riezky Ramadhani,Dokter Gigi,Praktek drg.Riezky,"Kemayoran, Jakarta Pusat",,dokter-gigi,2025-06-15 02:44:37
drg. Rifka Annisa,Dokter Gigi,Dental Theory Clinic JGC.,"Cakung, Jakarta Timur",,dokter-gigi,2025-06-15 02:44:37
drg. Rike,Dokter Gigi,Klinik Drg RAMA JS - RIKE,"Kelapa Dua, Kabupaten Tangerang",,dokter-gigi,2025-06-15 02:44:37
"drg. Rikiko Hudyono, Sp. Perio",Dokter Gigi,Klinik Prima Medistra,"Kota Kudus, Kabupaten Kudus",,dokter-gigi,2025-06-15 02:44:37
drg Rima Ardhani Iswara,Dokter Gigi,Pramita Lab Summarecon Bekasi,"Bekasi Utara, Bekasi",,dokter-gigi,2025-06-15 02:44:37
drg. Rina Cornisye,Dokter Gigi,klinik utama tomang,"Kalideres, Jakarta Barat",,dokter-gigi,2025-06-15 02:44:37
Drg. Rina Mariana P,Dokter Gigi,Rina Dental Clinic,"Banyusari, Kabupaten Karawang",,dokter-gigi,2025-06-15 02:44:37
Drg. Rina Mariana P,Dokter Gigi,Rina Dental Clinic,"Banyusari, Kabupaten Karawang",,dokter-gigi,2025-06-15 02:44:37
drg. Rina Mariana Puspitasari,Dokter Gigi,ARINI Dental Care,"Karawang Timur, Kabupaten Karawang",,dokter-gigi,2025-06-15 02:44:37
Drg. Rina Mariana Puspitasari,Dokter Gigi,drg Rina Mariana,"Bogor Barat, Bogor",,dokter-gigi,2025-06-15 02:44:37
Drg. Rina Mariana Puspitasari,Dokter Gigi,Praktek Dokter Gigi..,"Gambir, Jakarta Pusat",,dokter-gigi,2025-06-15 02:44:39
Drg. Rina Mariana Puspitasari,Dokter Gigi,drg Rina Mariana,"Bogor Barat, Bogor",,dokter-gigi,2025-06-15 02:44:39
Drg. Rina Mariana Puspitasari,Dokter Gigi,drg Rina Mariana,"Bogor Barat, Bogor",,dokter-gigi,2025-06-15 02:44:39
Drg. Rina Mariana Puspitasari,Dokter Gigi,drg Rina Mariana,"Bogor Barat, Bogor",,dokter-gigi,2025-06-15 02:44:39
drg. Rina Mariana Puspitasari,Dokter Gigi,Karina Dental Clinic,"Pancoran Mas, Depok",,dokter-gigi,2025-06-15 02:44:39
Drg. Rina Mariana Puspitasari,Dokter Gigi,drg Rina Mariana,"Bogor Barat, Bogor",,dokter-gigi,2025-06-15 02:44:39
drg. Rina Mariana Puspitasari,Dokter Gigi,ARINI Dental Care,"Karawang Timur, Kabupaten Karawang",,dokter-gigi,2025-06-15 02:44:39
drg. Rina Mariana Puspitasari,Dokter Gigi,ARINI Dental Care,"Karawang Timur, Kabupaten Karawang",,dokter-gigi,2025-06-15 02:44:39
drg. Rina Mariana Puspitasari,Dokter Gigi,ARINI Dental Care,"Karawang Timur, Kabupaten Karawang",,dokter-gigi,2025-06-15 02:44:39
Drg. Rina Mariana Puspitasari,Dokter Gigi,drg Rina Mariana,"Bogor Barat, Bogor",,dokter-gigi,2025-06-15 02:44:39
Drg. Rina Mariana Puspitasari,Dokter Gigi,drg Rina Mariana,"Bogor Barat, Bogor",,dokter-gigi,2025-06-15 02:44:42
Drg. Rina Mariana Puspitasari,Dokter Gigi,drg Rina Mariana,"Bogor Barat, Bogor",,dokter-gigi,2025-06-15 02:44:42
drg. Rina Mariana Puspitasari,Dokter Gigi,ARINI Dental Care,"Karawang Timur, Kabupaten Karawang",,dokter-gigi,2025-06-15 02:44:42
drg. Rina Mariana Puspitasari,Dokter Gigi,ARINI Dental Care,"Karawang Timur, Kabupaten Karawang",,dokter-gigi,2025-06-15 02:44:42
Drg. Rina Mariana Puspitasari,Dokter Gigi,drg Rina Mariana,"Bogor Barat, Bogor",,dokter-gigi,2025-06-15 02:44:42
drg Rina Octaviani,Dokter Gigi,0,"Bekasi Selatan, Bekasi",,dokter-gigi,2025-06-15 02:44:42
drg. Rina Permata Sari,Dokter Gigi,KLINIK GIGIKU SEHAT (BOGOR),"Bogor Utara, Bogor",,dokter-gigi,2025-06-15 02:44:42
drg. Rina Rahmatun,Dokter Gigi,Dokter Gigi Rina Rahmatun,"Cibodas, Tangerang",,dokter-gigi,2025-06-15 02:44:42
drg. Rina Rospita,Dokter Gigi,halodoc,"Setiabudi, Jakarta Selatan",,dokter-gigi,2025-06-15 02:44:42
drg Rina Widyastuti,Dokter Gigi,Klinik Drg. Rina Widyastuti,"Samarinda Ulu, Kota Samarinda",,dokter-gigi,2025-06-15 02:44:42
drg. Rini Eluhur Kurniati,Dokter Gigi,RS Tingkat II 03.06.02 Salak - Bogor,"Bogor Utara, Bogor",,dokter-gigi,2025-06-15 02:44:44
drg. Rini Indriasuty,Dokter Gigi,Lynn dental Care,"Kebon Jeruk, Jakarta Barat",,dokter-gigi,2025-06-15 02:44:44
Drg. Rini Lesmanawati,Dokter Gigi,Dental Clinic (Drg.Abel Tasman Yuza),"Lengkong, Kota Bandung",,dokter-gigi,2025-06-15 02:44:44
drg. Rini Puspa Dewi,Dokter Gigi,KLINIK OCEAN DENTAL,"Cilodong, Depok",,dokter-gigi,2025-06-15 02:44:44
Drg. Rini Sudaryati,Dokter Gigi,DRG. RINI SUDARYATI,"Duren Sawit, Jakarta Timur",,dokter-gigi,2025-06-15 02:44:44
Drg. Rini Sudaryati,Dokter Gigi,DRG. RINI SUDARYATI,"Duren Sawit, Jakarta Timur",,dokter-gigi,2025-06-15 02:44:44
drg. Rintan Faristya Sari,Dokter Gigi,drg. Rintan Faristya Sari,"Sukoharjo, Kab Sukoharjo",,dokter-gigi,2025-06-15 02:44:44
"drg. Rinto Abimanyu, MARS Sp.KG",Dokter Gigi,Praktek dokter gigi Drg. Rinto Abimanyu,"Pesanggrahan, Jakarta Selatan",,dokter-gigi,2025-06-15 02:44:44
Drg. Riqky Makhpela Sitepu,Dokter Gigi,halodoc,"Setiabudi, Jakarta Selatan",,dokter-gigi,2025-06-15 02:44:44
drg. Risely,Dokter Gigi,Bio Medika,"Kebon Jeruk, Jakarta Barat",,dokter-gigi,2025-06-15 02:44:44
drg. Risha Deya Khodijah Nisa,Dokter Gigi,ConfiDental,"Setiabudi, Jakarta Selatan",,dokter-gigi,2025-06-15 02:44:47
drg. Riska Nurladilah,Dokter Gigi,drg. Riska Nurfadilah,"Ayah, Kabupaten Kebumen",,dokter-gigi,2025-06-15 02:44:47
Drg. Riska Nurraladey,Dokter Gigi,Grandis Dental Care,"Klari, Kabupaten Karawang",,dokter-gigi,2025-06-15 02:44:47
Drg Riski Agustin,Dokter Gigi,halodoc,"Setiabudi, Jakarta Selatan",,dokter-gigi,2025-06-15 02:44:47
Drg. Riski Agustin,Dokter Gigi,halodoc,"Setiabudi, Jakarta Selatan",,dokter-gigi,2025-06-15 02:44:47
Drg. Risky Hanugrahani,Dokter Gigi,halodoc,"Setiabudi, Jakarta Selatan",,dokter-gigi,2025-06-15 02:44:47
Drg. Risky Ridayana,Dokter Gigi,halodoc,"Setiabudi, Jakarta Selatan",,dokter-gigi,2025-06-15 02:44:47
drg. Risti Novita Pangarso,Dokter Gigi,drg Risti N P,"Bekasi Timur, Bekasi",,dokter-gigi,2025-06-15 02:44:47
drg. Risti Novrita Pangarso,Dokter Gigi,drg Risti N P,"Bekasi Timur, Bekasi",,dokter-gigi,2025-06-15 02:44:47
drg. Risti Novrita Pangarso,Dokter Gigi,drg Risti N P,"Bekasi Timur, Bekasi",,dokter-gigi,2025-06-15 02:44:47
drg. Risti Novrita Pangarso,Dokter Gigi,drg Risti N P,"Bekasi Timur, Bekasi",,dokter-gigi,2025-06-15 02:44:49
drg. Risti Novrita Pangarso,Dokter Gigi,Praktek drg. Risti Novrita Pangarso,"Pulo Gadung, Jakarta Timur",,dokter-gigi,2025-06-15 02:44:49
drg. Risti Novrita Pangarso,Dokter Gigi,Kimia Farma Bandung,"Andir, Kota Bandung",,dokter-gigi,2025-06-15 02:44:49
drg. Risti Novrita Pangarso,Dokter Gigi,Praktek drg. Risti Novrita Pangarso,"Pulo Gadung, Jakarta Timur",,dokter-gigi,2025-06-15 02:44:49
drg. Risti Novrita Pangarso,Dokter Gigi,Praktek drg. Risti Novrita Pangarso,"Pulo Gadung, Jakarta Timur",,dokter-gigi,2025-06-15 02:44:49
drg. Risti Novrita Pangarso,Dokter Gigi,Praktek drg. Risti Novrita Pangarso,"Pulo Gadung, Jakarta Timur",,dokter-gigi,2025-06-15 02:44:49
drg. Risti Novrita Pangarso,Dokter Gigi,Praktek drg. Risti Novrita Pangarso,"Pulo Gadung, Jakarta Timur",,dokter-gigi,2025-06-15 02:44:49
drg. Risti Novrita Pangarso,Dokter Gigi,halodoc,"Setiabudi, Jakarta Selatan",,dokter-gigi,2025-06-15 02:44:49
drg. Risti Novrita Pangarso,Dokter Gigi,Praktek drg. Risti Novrita Pangarso,"Pulo Gadung, Jakarta Timur",,dokter-gigi,2025-06-15 02:44:49
drg. Risti Novrita Pangarso,Dokter Gigi,drg Risti N P,"Bekasi Timur, Bekasi",,dokter-gigi,2025-06-15 02:44:49
drg. Ristriani,Dokter Gigi,Praktek Dokter Gigi..,"Gambir, Jakarta Pusat",,dokter-gigi,2025-06-15 02:44:52
drg. Ristriani,Dokter Gigi,Praktek Dokter Gigi..,"Gambir, Jakarta Pusat",,dokter-gigi,2025-06-15 02:44:52
drg. Rita Mandala Sari,Dokter Gigi,drg.Rita Mandala Sari,"Pulo Gadung, Jakarta Timur",,dokter-gigi,2025-06-15 02:44:52
drg. Rita Megasari Pardede,Dokter Gigi,Praktek Dokter Gigi Rita Megasari Pardosi,"Balige, Kabupaten Toba Samosir",,dokter-gigi,2025-06-15 02:44:52
drg. Rita Megasari Pardosi,Dokter Gigi,Praktek Dokter Gigi Rita Megasari Pardosi,"Balige, Kabupaten Toba Samosir",,dokter-gigi,2025-06-15 02:44:52
Drg. Rita Sariwati,Dokter Gigi,drg. Rita Sariwah,"Tebet, Jakarta Selatan",,dokter-gigi,2025-06-15 02:44:52
drg. Rivandy Holil,Dokter Gigi,halodoc,"Setiabudi, Jakarta Selatan",,dokter-gigi,2025-06-15 02:44:52
Drg. Riza Rosyida,Dokter Gigi,Praktek Dokter Gigi..,"Gambir, Jakarta Pusat",,dokter-gigi,2025-06-15 02:44:52
drg. Riza Yanuar R M.H,Dokter Gigi,drg. Riska Nurfadilah,"Ayah, Kabupaten Kebumen",,dokter-gigi,2025-06-15 02:44:52
drg. Rizka Adyansyah Setyawan,Dokter Gigi,KLINIK JASMINE,"Serang, Kota Serang",,dokter-gigi,2025-06-15 02:44:52
drg. Rizki Amalia Nasution,Dokter Gigi,drg. Rizki Amalia Nasution,"Cilodong, Depok",,dokter-gigi,2025-06-15 02:44:54
Drg. Rizki Amelia,Dokter Gigi,halodoc,"Setiabudi, Jakarta Selatan",,dokter-gigi,2025-06-15 02:44:54
drg. Rizki Dwi Nugraheni Masyawati,Dokter Gigi,halodoc,"Setiabudi, Jakarta Selatan",,dokter-gigi,2025-06-15 02:44:54
"drg. Rizki Fany Aviandono, Sp.KG",Dokter Gigi,DENTAL MORPHOSA,"Gresik, Kabupaten Gresik",,dokter-gigi,2025-06-15 02:44:54
drg. Rizky Kurniawan S,Dokter Gigi,Cendana dental House,"Medan Tuntungan, Kota Medan",,dokter-gigi,2025-06-15 02:44:54
drg. Rizky Kurniawan S,Dokter Gigi,Cendana dental House,"Medan Tuntungan, Kota Medan",,dokter-gigi,2025-06-15 02:44:54
drg. Rizky Putri Arfianti,Dokter Gigi,HORIZON DENTAL CARE,"Sawangan, Depok",,dokter-gigi,2025-06-15 02:44:54
drg. Rizky Putri Pratiwi MKM,Dokter Gigi,Biru Dental Care,"Arjasari, Kabupaten Bandung",,dokter-gigi,2025-06-15 02:44:54
Drg. Rizky Radliya,Dokter Gigi,halodoc,"Setiabudi, Jakarta Selatan",,dokter-gigi,2025-06-15 02:44:54
Robbi Yulfitriadi,Dokter Gigi,Praktek Dokter Gigi Robbi Yulfitriadi,"Kelapa Gading, Jakarta Utara",,dokter-gigi,2025-06-15 02:44:54
Dr. Robert Muliawan,Dokter Gigi,Sembuh Dental Center,"Telukjambe Timur, Kabupaten Karawang",,dokter-gigi,2025-06-15 02:44:57
drg. Rolland Nur Windiarsi,Dokter Gigi,Sailor Dental Care,"Bekasi Utara, Bekasi",,dokter-gigi,2025-06-15 02:44:57
drg. Rona Maycittah,Dokter Gigi,Klinik drg. Rona Maycittah,"Sukmajaya, Depok",,dokter-gigi,2025-06-15 02:44:57
drg Roosanti Nurwinda Purisari Sp KGA,Dokter Gigi,0,"Bekasi Selatan, Bekasi",,dokter-gigi,2025-06-15 02:44:57
drg. Rori Samsita,Dokter Gigi,Klinik Pratama Azka Mitra Medika (Aesthetic Dental Clinic),"Karawang Barat, Kabupaten Karawang",,dokter-gigi,2025-06-15 02:44:57
drg. Ros Liany,Dokter Gigi,Praktek Mandiri Drg Ros Liany,"Penjaringan, Jakarta Utara",,dokter-gigi,2025-06-15 02:44:57
drg. Rosa Ria,Dokter Gigi,Drg. Rosa Ria,"Bekasi Timur, Bekasi",,dokter-gigi,2025-06-15 02:44:57
drg. Rosalina P.,Dokter Gigi,Drg. Rosalina P,"Bekasi Barat, Bekasi",,dokter-gigi,2025-06-15 02:44:57
drg. Roseita Dewi,Dokter Gigi,Damessa Family Dental Care,"Tangerang, Tangerang",,dokter-gigi,2025-06-15 02:44:57
drg. Rossa Novetty Hutagalung,Dokter Gigi,drg. Rosa Dental CLinic,"Medan Kota, Kota Medan",,dokter-gigi,2025-06-15 02:44:57
Drg. Rossy Sylvia Basman,Dokter Gigi,Sehati Klinik,"Cibitung, Kabupaten Bekasi",,dokter-gigi,2025-06-15 02:44:59
Drg. Rosyidatul Fauziah,Dokter Gigi,halodoc,"Setiabudi, Jakarta Selatan",,dokter-gigi,2025-06-15 02:44:59
drg. Rozky Wirandika,Dokter Gigi,Praktek Dokter Gigi..,"Gambir, Jakarta Pusat",,dokter-gigi,2025-06-15 02:44:59
drg. Rtu Alam Maharanthi,Dokter Gigi,halodoc,"Setiabudi, Jakarta Selatan",,dokter-gigi,2025-06-15 02:44:59
"drg. Rudy Kuniawan, Sp.KGA",Dokter Gigi,Kiddie Care Center,"Tanjung Priok, Jakarta Utara",,dokter-gigi,2025-06-15 02:44:59
dr. Rudy Kurniawan Sp.KGA,Dokter Gigi,Kiddie Care Center,"Tanjung Priok, Jakarta Utara",,dokter-gigi,2025-06-15 02:44:59
"drg. Rudy, Sp.KG FISQua",Dokter Gigi,Siloam Hospitals Makassar -,"Ujung Pandang, Kota Makassar",,dokter-gigi,2025-06-15 02:44:59
drg. Ruskandy Lasmana,Dokter Gigi,Dental Medical Centre,"Menteng, Jakarta Pusat",,dokter-gigi,2025-06-15 02:44:59
dr. Ruskandy Lasmana,Dokter Gigi,Dental Medical Centre,"Menteng, Jakarta Pusat",,dokter-gigi,2025-06-15 02:44:59
Drg. Rusmiati,Dokter Gigi,Drg. Rusmiati,"Bogor Barat, Bogor",,dokter-gigi,2025-06-15 02:44:59
drg. Rusniliawati,Dokter Gigi,halodoc,"Setiabudi, Jakarta Selatan",,dokter-gigi,2025-06-15 02:45:02
drg. Rusniliawati,Dokter Gigi,halodoc,"Setiabudi, Jakarta Selatan",,dokter-gigi,2025-06-15 02:45:02
Drg. Rusnita,Dokter Gigi,Klinik Pratama Bhakti Insani,"Medan Satria, Bekasi",,dokter-gigi,2025-06-15 02:45:02
"drg. Ruthy Y. Susanto, Sp.KGA",Dokter Gigi,halodoc,"Setiabudi, Jakarta Selatan",,dokter-gigi,2025-06-15 02:45:02
"drg. Ryma Lussia, Sp.KGA",Dokter Gigi,Medismile,"Cempaka Putih, Jakarta Pusat",,dokter-gigi,2025-06-15 02:45:02
drg. S. Rini Yuliastuti,Dokter Gigi,Praktek Dokter Gigi..,"Gambir, Jakarta Pusat",,dokter-gigi,2025-06-15 02:45:02
drg. SADIYAH,Dokter Gigi,RSUD Kota Serang,"Serang, Kota Serang",,dokter-gigi,2025-06-15 02:45:02
drg. SANNY PHE G.H.,Dokter Gigi,"drg. SANNY. PHE, G.H.","Cengkareng, Jakarta Barat",,dokter-gigi,2025-06-15 02:45:02
drg. SANNY. PHE G.H.,Dokter Gigi,"drg. SANNY. PHE, G.H.","Cengkareng, Jakarta Barat",,dokter-gigi,2025-06-15 02:45:02
drg. SARIWIWIT INTAN PERMATA ASTI,Dokter Gigi,halodoc,"Setiabudi, Jakarta Selatan",,dokter-gigi,2025-06-15 02:45:02
DRG. SHOIMAH ALFA MAKMUR,Dokter Gigi,Klinik Joy Dental,"Magelang Selatan, Kota Magelang",,dokter-gigi,2025-06-15 02:45:05
drg. SINTIA SAPUTRA,Dokter Gigi,KLINIK NUR ANNISA,"Karawang Timur, Kabupaten Karawang",,dokter-gigi,2025-06-15 02:45:05
drg. STACYA AMANDA. P.,Dokter Gigi,Praktek dokter.,"Bukit Raya, Kota Pekanbaru",,dokter-gigi,2025-06-15 02:45:05
DRG. SUHARNO,Dokter Gigi,DRG. SUHARNO,"Grogol Petamburan, Jakarta Barat",,dokter-gigi,2025-06-15 02:45:05
DRG. SUHERMAN PURAWINATA,Dokter Gigi,DRG SUHERMAN PURAWINATA,"Cempaka Putih, Jakarta Pusat",,dokter-gigi,2025-06-15 02:45:05
drg. SULY RUDYANTI,Dokter Gigi,klinik pratama sejahtera,"Pondok Gede, Bekasi",,dokter-gigi,2025-06-15 02:45:05
drg. Sabai Asmaraghya,Dokter Gigi,Identalcare,"Mampang Prapatan, Jakarta Selatan",,dokter-gigi,2025-06-15 02:45:05
drg. Sabai Asmarahrya,Dokter Gigi,Identalcare,"Mampang Prapatan, Jakarta Selatan",,dokter-gigi,2025-06-15 02:45:05
drg. Sabiq Abrori,Dokter Gigi,drg. Sabiq Abrori,"Blahbatuh, Kabupaten Gianyar",,dokter-gigi,2025-06-15 02:45:05
drg. Safira,Dokter Gigi,halodoc,"Setiabudi, Jakarta Selatan",,dokter-gigi,2025-06-15 02:45:05
drg. Safira Zahra Marari,Dokter Gigi,AHMAD DENTAL CLINIC Jakarta,"Duren Sawit, Jakarta Timur",,dokter-gigi,2025-06-15 02:45:08
Drg. Safirah Rio,Dokter Gigi,halodoc,"Setiabudi, Jakarta Selatan",,dokter-gigi,2025-06-15 02:45:08
drg. Sahidda Haq,Dokter Gigi,Zavirs Dental Care,"Karawang Barat, Kabupaten Karawang",,dokter-gigi,2025-06-15 02:45:08
drg. Sahidha Haq,Dokter Gigi,ARINI Dental Care,"Karawang Timur, Kabupaten Karawang",,dokter-gigi,2025-06-15 02:45:08
Drg. Salsabila Damayanti,Dokter Gigi,halodoc,"Setiabudi, Jakarta Selatan",,dokter-gigi,2025-06-15 02:45:08
drg. Salsabila Ghina Andiani,Dokter Gigi,halodoc,"Setiabudi, Jakarta Selatan",,dokter-gigi,2025-06-15 02:45:08
drg. Salsabila Ghina Andiani,Dokter Gigi,halodoc,"Setiabudi, Jakarta Selatan",,dokter-gigi,2025-06-15 02:45:08
drg. Salsabila Hasbullah,Dokter Gigi,Bandung Smile Studio,"Lengkong, Kota Bandung",,dokter-gigi,2025-06-15 02:45:08
drg Salwa Dwini Kariza,Dokter Gigi,FDC KRAWANG,"Cilamaya Wetan, Kabupaten Karawang",,dokter-gigi,2025-06-15 02:45:08
drg. Salwa Dwini Kariza,Dokter Gigi,halodoc,"Setiabudi, Jakarta Selatan",,dokter-gigi,2025-06-15 02:45:08
drg. Sandra Veronica,Dokter Gigi,halodoc,"Setiabudi, Jakarta Selatan",,dokter-gigi,2025-06-15 02:45:11
drg. Sani Suryadarma,Dokter Gigi,halodoc,"Setiabudi, Jakarta Selatan",,dokter-gigi,2025-06-15 02:45:11
Drg. Sania Aurelia,Dokter Gigi,Sozo Dental PIK,"Penjaringan, Jakarta Utara",,dokter-gigi,2025-06-15 02:45:11
drg. Sannia,Dokter Gigi,drg. Sannia,"Grogol Petamburan, Jakarta Barat",,dokter-gigi,2025-06-15 02:45:11
drg. Santi Tri R,Dokter Gigi,COBRA DENTAL 19 TREATMENT,"Bekasi Selatan, Bekasi",,dokter-gigi,2025-06-15 02:45:11
Drg. Santi Yolandari,Dokter Gigi,halodoc,"Setiabudi, Jakarta Selatan",,dokter-gigi,2025-06-15 02:45:11
Drg. Saqila Salsabila,Dokter Gigi,Kim Dental and Implant Center,"Sukarame, Kota Palembang",,dokter-gigi,2025-06-15 02:45:11
Drg. Sarah Aldila C MPH,Dokter Gigi,halodoc,"Setiabudi, Jakarta Selatan",,dokter-gigi,2025-06-15 02:45:11
drg Sarah Cinthia Richy,Dokter Gigi,halodoc,"Setiabudi, Jakarta Selatan",,dokter-gigi,2025-06-15 02:45:11
Drg. Sarah Yuristha,Dokter Gigi,halodoc,"Setiabudi, Jakarta Selatan",,dokter-gigi,2025-06-15 02:45:11
drg. Sari Rizky R K,Dokter Gigi,Poernama Dental,"Pondok Melati, Bekasi",,dokter-gigi,2025-06-15 02:45:14
drg. Sari Wulandari,Dokter Gigi,drg Sari Wulandari,"Klari, Kabupaten Karawang",,dokter-gigi,2025-06-15 02:45:14
Drg. Sari Wulandari,Dokter Gigi,drg Sari Wulandari,"Klari, Kabupaten Karawang",,dokter-gigi,2025-06-15 02:45:14
drg. Sari Wulandari,Dokter Gigi,drg Sari Wulandari,"Klari, Kabupaten Karawang",,dokter-gigi,2025-06-15 02:45:14
drg. Sariwiwit Intan Permata Asti,Dokter Gigi,halodoc,"Setiabudi, Jakarta Selatan",,dokter-gigi,2025-06-15 02:45:14
Drg. Sartika Sandra,Dokter Gigi,halodoc,"Setiabudi, Jakarta Selatan",,dokter-gigi,2025-06-15 02:45:14
drg. Satriana,Dokter Gigi,klinik dent smile jakarta utara,"Kelapa Gading, Jakarta Utara",,dokter-gigi,2025-06-15 02:45:14
drg. Savannah Yasmin Azzahra,Dokter Gigi,ARINI Dental Care,"Karawang Timur, Kabupaten Karawang",,dokter-gigi,2025-06-15 02:45:14
drg. Savannah Yasmin Azzahra,Dokter Gigi,ARINI Dental Care,"Karawang Timur, Kabupaten Karawang",,dokter-gigi,2025-06-15 02:45:14
drg. Savannah Yasmin Azzahra,Dokter Gigi,ARINI Dental Care,"Karawang Timur, Kabupaten Karawang",,dokter-gigi,2025-06-15 02:45:14
drg. Scecy Malika Demetria,Dokter Gigi,Sankara Dental Clinic,"Bekasi Timur, Bekasi",,dokter-gigi,2025-06-15 02:45:16
drg. Seftria Devita Sary,Dokter Gigi,AKARA Dental,"Gading Cempaka, Kota Bengkulu",,dokter-gigi,2025-06-15 02:45:16
drg. Seivani,Dokter Gigi,ALA Dental Studio.,"Telukjambe Timur, Kabupaten Karawang",,dokter-gigi,2025-06-15 02:45:16
drg. Selly,Dokter Gigi,"drg. Selly Patawulandari, Sp.KGA","Plumbon, Kabupaten Cirebon",,dokter-gigi,2025-06-15 02:45:16
drg. Selvyra Rachmawati Sp. KGA,Dokter Gigi,Klinik Audy Dental,"Setiabudi, Jakarta Selatan",,dokter-gigi,2025-06-15 02:45:16
drg. Septi Handayani,Dokter Gigi,Praktek Dokter Gigi Septi Handayani,"Tegalwaru, Kabupaten Karawang",,dokter-gigi,2025-06-15 02:45:16
drg. Septien Dwitanti Kusuma,Dokter Gigi,Aysa Dental Care,"Pondok Gede, Bekasi",,dokter-gigi,2025-06-15 02:45:16
drg. Septika Cahyani Suryani,Dokter Gigi,drg. Septika Cahyani Sumitra,"Pangkalan Kerinci, Kabupaten Pelalawan",,dokter-gigi,2025-06-15 02:45:16
Drg. Septika Cahyani Suwitri,Dokter Gigi,halodoc,"Setiabudi, Jakarta Selatan",,dokter-gigi,2025-06-15 02:45:16
drg. Septika Cahyaningsih,Dokter Gigi,Praktek Dokter Gigi..,"Gambir, Jakarta Pusat",,dokter-gigi,2025-06-15 02:45:16
Drg. Sere Yulia M. Simatupang,Dokter Gigi,halodoc,"Setiabudi, Jakarta Selatan",,dokter-gigi,2025-06-15 02:45:19
drg. Serliana Gunawan,Dokter Gigi,drg. Serliana Gunawan,"Serpong, Tangerang Selatan",,dokter-gigi,2025-06-15 02:45:19
drg. Shabrina Heriyanti,Dokter Gigi,ARINI Dental Care,"Karawang Timur, Kabupaten Karawang",,dokter-gigi,2025-06-15 02:45:19
drg. Shabrina Heriyanti,Dokter Gigi,Apotek Melly Farma & Klinik Masanto,"Karawang Timur, Kabupaten Karawang",,dokter-gigi,2025-06-15 02:45:19
drg. Shabrina Herlyanti,Dokter Gigi,ARINI Dental Care,"Karawang Timur, Kabupaten Karawang",,dokter-gigi,2025-06-15 02:45:19
drg. Sharfina,Dokter Gigi,SHARFINA DENTAL CARE,"Mandalajati, Kota Bandung",,dokter-gigi,2025-06-15 02:45:19
drg. Sharon Marlissa,Dokter Gigi,Praktek drg. Sharon Marlissa,"Denpasar Barat, Kota Denpasar",,dokter-gigi,2025-06-15 02:45:19
drg. Sheilla Rachmadani,Dokter Gigi,halodoc,"Setiabudi, Jakarta Selatan",,dokter-gigi,2025-06-15 02:45:19
drg. Sheilladelia Shavira,Dokter Gigi,drg. Sheilladelia Dental House,"Pinang, Tangerang",,dokter-gigi,2025-06-15 02:45:19
drg. Sherly Firsta Rahmi,Dokter Gigi,Praktik Pribadi drg. Sherly Darmali,"Cipondoh, Tangerang",,dokter-gigi,2025-06-15 02:45:19
drg. Sherly Frista Rahmi,Dokter Gigi,Praktek dokter.,"Bukit Raya, Kota Pekanbaru",,dokter-gigi,2025-06-15 02:45:21
Drg. Sheynna Azka Afifah,Dokter Gigi,halodoc,"Setiabudi, Jakarta Selatan",,dokter-gigi,2025-06-15 02:45:21
Drg. Shindy Mashita,Dokter Gigi,halodoc,"Setiabudi, Jakarta Selatan",,dokter-gigi,2025-06-15 02:45:21
Drg. Shinta Anggraini M.Kes,Dokter Gigi,halodoc,"Setiabudi, Jakarta Selatan",,dokter-gigi,2025-06-15 02:45:21
Drg. Sienny,Dokter Gigi,Praktek drg Sienny,"Arjasari, Kabupaten Bandung",,dokter-gigi,2025-06-15 02:45:21
Drg. Sigit Siswanto,Dokter Gigi,Praktek dokter mandiri,"Cileunyi, Kabupaten Bandung",,dokter-gigi,2025-06-15 02:45:21
Drg. Sigit Suwanto,Dokter Gigi,drg. Sigit Siswanta,"Sukoharjo, Kab Sukoharjo",,dokter-gigi,2025-06-15 02:45:21
drg. Silvani Dorothea,Dokter Gigi,Smile+ Dental Studio,"Kebon Jeruk, Jakarta Barat",,dokter-gigi,2025-06-15 02:45:21
Drg. Silvani Dorothea,Dokter Gigi,Smile Dental Studio,"Setiabudi, Jakarta Selatan",,dokter-gigi,2025-06-15 02:45:21
drg. Silvester Glenn,Dokter Gigi,Danta Dental Studio,"Kebayoran Baru, Jakarta Selatan",,dokter-gigi,2025-06-15 02:45:21
drg. Silvi Olivia,Dokter Gigi,Klinik Utama Martadinata,"Kuningan, Kabupaten Kuningan",,dokter-gigi,2025-06-15 02:45:24
Drg. Silvia Dona Tuwaidan,Dokter Gigi,Praktek Dokter Gigi Silvia Dona Tuwaidan,"Maospati, Kabupaten Magetan",,dokter-gigi,2025-06-15 02:45:24
Drg. Silvia Dona Tuwaidan,Dokter Gigi,Praktek Dokter Gigi Silvia Dona Tuwaidan,"Maospati, Kabupaten Magetan",,dokter-gigi,2025-06-15 02:45:24
drg. Sin Muljati,Dokter Gigi,drg.Sin Mulyati,"Bekasi Selatan, Bekasi",,dokter-gigi,2025-06-15 02:45:24
drg. Singgih Harseno Sp.KG,Dokter Gigi,Jasmine Dental Office Mojokerto,"Puri, Kabupaten Mojokerto",,dokter-gigi,2025-06-15 02:45:24
drg. Singgih Harseno Sp. KG,Dokter Gigi,Jasmine Dental Office Mojokerto,"Puri, Kabupaten Mojokerto",,dokter-gigi,2025-06-15 02:45:24
drg. Sinta Saputra,Dokter Gigi,KLINIK NUR ANNISA,"Karawang Timur, Kabupaten Karawang",,dokter-gigi,2025-06-15 02:45:24
drg. Sintya Kusuma W,Dokter Gigi,My Dental Care,"Bulak, Kota Surabaya",,dokter-gigi,2025-06-15 02:45:24
drg. Sintya Kusuma Wardani,Dokter Gigi,My Dental Care,"Bulak, Kota Surabaya",,dokter-gigi,2025-06-15 02:45:24
Dr. Siola Maishitta,Dokter Gigi,Apotek mey pharma,"Tebet, Jakarta Selatan",,dokter-gigi,2025-06-15 02:45:24
drg. Sita Aulia Agustin,Dokter Gigi,ARINI Dental Care,"Karawang Timur, Kabupaten Karawang",,dokter-gigi,2025-06-15 02:45:26
drg. Sita Aulia Agustina,Dokter Gigi,halodoc,"Setiabudi, Jakarta Selatan",,dokter-gigi,2025-06-15 02:45:26
drg. Sita Rose Nandiasa M.Si,Dokter Gigi,halodoc,"Setiabudi, Jakarta Selatan",,dokter-gigi,2025-06-15 02:45:26
drg. Siti Fikriyati,Dokter Gigi,drg. Suci Ridhayani,"Pangkalan Kerinci, Kabupaten Pelalawan",,dokter-gigi,2025-06-15 02:45:26
Drg. Siti Hajar Leni S M.Kes,Dokter Gigi,halodoc,"Setiabudi, Jakarta Selatan",,dokter-gigi,2025-06-15 02:45:26
drg. Siti Julaiha Pinem,Dokter Gigi,Klinik Harapan Baru Puri Kosambi -,"Klari, Kabupaten Karawang",,dokter-gigi,2025-06-15 02:45:26
drg. Siti Masitoh,Dokter Gigi,halodoc,"Setiabudi, Jakarta Selatan",,dokter-gigi,2025-06-15 02:45:26
drg. Siti Nur Tjahyaningrum,Dokter Gigi,Apotek Irenk Medika,"Beji, Depok",,dokter-gigi,2025-06-15 02:45:26
drg. Siti Nur Tjahyaningrum,Dokter Gigi,Apotek Irenk Medika,"Beji, Depok",,dokter-gigi,2025-06-15 02:45:26
Drg. Siti Nurhasanah,Dokter Gigi,Klinik Gigi Drg. Siti Nurhasanah,"Koja, Jakarta Utara",,dokter-gigi,2025-06-15 02:45:26
Drg. Siti Nurhasanah,Dokter Gigi,Klinik Gigi Drg. Siti Nurhasanah,"Koja, Jakarta Utara",,dokter-gigi,2025-06-15 02:45:29
Drg. Siti Risa Maqdisa,Dokter Gigi,halodoc,"Setiabudi, Jakarta Selatan",,dokter-gigi,2025-06-15 02:45:29
drg Siti Sintia Nur Rizani Mala,Dokter Gigi,0,"Bekasi Selatan, Bekasi",,dokter-gigi,2025-06-15 02:45:29
drg. Skolastika Piscasari,Dokter Gigi,AININ DENTAL CARE KARAWANG,"Klari, Kabupaten Karawang",,dokter-gigi,2025-06-15 02:45:29
drg. Skolastika Piscasari,Dokter Gigi,ARINI Dental Care,"Karawang Timur, Kabupaten Karawang",,dokter-gigi,2025-06-15 02:45:29
Dr. Soeharsono,Dokter Gigi,praktek drg. Soeharsono,"Samarinda Kota, Kota Samarinda",,dokter-gigi,2025-06-15 02:45:29
drg. Sofiah,Dokter Gigi,Dentes Godean,"Godean, Kabupaten Sleman",,dokter-gigi,2025-06-15 02:45:29
drg. Sofie Bosoma Syamra,Dokter Gigi,SOZO DENTAL,"Batuceper, Tangerang",,dokter-gigi,2025-06-15 02:45:29
drg. Sofya Erwandi,Dokter Gigi,WHITE DENTAL CARE,"Martapura, Kabupaten Banjar",,dokter-gigi,2025-06-15 02:45:29
drg. Sonny Setijono,Dokter Gigi,drg. Sonny Setijono,"Gambir, Jakarta Pusat",,dokter-gigi,2025-06-15 02:45:29
drg. Soraya,Dokter Gigi,KLINIK ASTUTI MEDIKA PRATAMA,"Grogol Petamburan, Jakarta Barat",,dokter-gigi,2025-06-15 02:45:31
drg. Soraya Andiny,Dokter Gigi,Klinik Sahara Medika,"Rawalumbu, Bekasi",,dokter-gigi,2025-06-15 02:45:31
drg. Srg Sarwendah,Dokter Gigi,Klinik Utama dr. Nur 3,"Cimahi Utara, Kota Cimahi",,dokter-gigi,2025-06-15 02:45:31
drg. Sri Damayanti Sp.KG,Dokter Gigi,halodoc,"Setiabudi, Jakarta Selatan",,dokter-gigi,2025-06-15 02:45:31
drg. Sri Devianti,Dokter Gigi,Klinik Medika Farma,"Plumbon, Kabupaten Cirebon",,dokter-gigi,2025-06-15 02:45:31
Drg. Sri Pandu Utami,Dokter Gigi,halodoc,"Setiabudi, Jakarta Selatan",,dokter-gigi,2025-06-15 02:45:31
Drg. Sri Sarwendah,Dokter Gigi,Klinik Utama dr. Nur 3,"Cimahi Utara, Kota Cimahi",,dokter-gigi,2025-06-15 02:45:31
drg. Sri Sarwendah,Dokter Gigi,Klinik dr. Nur.,"Cimahi Utara, Kota Cimahi",,dokter-gigi,2025-06-15 02:45:31
drg. Sri Tjahjati,Dokter Gigi,Praktek dokter mandiri,"Cileunyi, Kabupaten Bandung",,dokter-gigi,2025-06-15 02:45:31
drg. Sri Utami,Dokter Gigi,Praktek Dokter Gigi Sri Utami,"Pondok Gede, Bekasi",,dokter-gigi,2025-06-15 02:45:31
Drg. Sri Yuliani Widiastuti,Dokter Gigi,drg. Sri Yuliani Widiastuti,"Bogor Timur, Bogor",,dokter-gigi,2025-06-15 02:45:33
drg. Stefani Hutagalung,Dokter Gigi,Gals dental clinic,"Medan Amplas, Kota Medan",,dokter-gigi,2025-06-15 02:45:33
drg. Stefani Nikita S,Dokter Gigi,Praktik Dokter Gigi Stefani Nikita,"Cempaka Putih, Jakarta Pusat",,dokter-gigi,2025-06-15 02:45:33
Drg. Stefanus Tanzil,Dokter Gigi,Drg. Stefanus Tanzil,"Cengkareng, Jakarta Barat",,dokter-gigi,2025-06-15 02:45:33
Drg. Stefanus Tanzil,Dokter Gigi,Drg. Stefanus Tanzil,"Cengkareng, Jakarta Barat",,dokter-gigi,2025-06-15 02:45:33
drg. Stefanus Tanzil,Dokter Gigi,halodoc,"Setiabudi, Jakarta Selatan",,dokter-gigi,2025-06-15 02:45:33
drg. Stephan T,Dokter Gigi,Drg. Stephan T,"Ella Hilir, Kabupaten Melawi",,dokter-gigi,2025-06-15 02:45:33
Drg. Stephan T.,Dokter Gigi,Drg. Stephan T,"Ella Hilir, Kabupaten Melawi",,dokter-gigi,2025-06-15 02:45:33
drg. Stephan T.,Dokter Gigi,Drg. Stephan T,"Ella Hilir, Kabupaten Melawi",,dokter-gigi,2025-06-15 02:45:33
drg. Stephani Sumadi,Dokter Gigi,Klinik Audy Dental,"Setiabudi, Jakarta Selatan",,dokter-gigi,2025-06-15 02:45:33
drg. Stephanie Aipassa M.M.,Dokter Gigi,SAWANGAN DENTAL,"Sawangan, Depok",,dokter-gigi,2025-06-15 02:45:36
drg. Stephanie Sp. KGA,Dokter Gigi,CH Dental Care,"Medan Barat, Kota Medan",,dokter-gigi,2025-06-15 02:45:36
drg. Stephen Ferdinand MM.,Dokter Gigi,Dental KING,"Cengkareng, Jakarta Barat",,dokter-gigi,2025-06-15 02:45:36
drg. Stieven Rey,Dokter Gigi,drg. Stieven R.M,"Pademangan, Jakarta Utara",,dokter-gigi,2025-06-15 02:45:36
drg. Suci Fikriyati,Dokter Gigi,Klinik Gigi 101 Dental,"Ngaglik, Kabupaten Sleman",,dokter-gigi,2025-06-15 02:45:36
Drg. Suci Hijri,Dokter Gigi,halodoc,"Setiabudi, Jakarta Selatan",,dokter-gigi,2025-06-15 02:45:36
drg. Suci Ridhayani,Dokter Gigi,drg. Suci Ridhayani,"Pangkalan Kerinci, Kabupaten Pelalawan",,dokter-gigi,2025-06-15 02:45:36
drg. Sudarsil Syamsoe,Dokter Gigi,Family Dental Clinic,"Pondok Gede, Bekasi",,dokter-gigi,2025-06-15 02:45:36
dr. Suharno,Dokter Gigi,DRG. SUHARNO,"Grogol Petamburan, Jakarta Barat",,dokter-gigi,2025-06-15 02:45:36
Drg. Suhartono,Dokter Gigi,Klinik Gigi PDGI,"Cempaka Putih, Jakarta Pusat",,dokter-gigi,2025-06-15 02:45:36
drg. Suhartono,Dokter Gigi,Klinik Gigi PDGI,"Cempaka Putih, Jakarta Pusat",,dokter-gigi,2025-06-15 02:45:38
drg. Suhendri,Dokter Gigi,DENTALOOK Praktek Dokter Gigi,"Purworejo, Kabupaten Purworejo",,dokter-gigi,2025-06-15 02:45:38
Drg. Sukandar skd,Dokter Gigi,Sentral Kesehatan Gigi Borneo,"Balikpapan Kota, Kota Balikpapan",,dokter-gigi,2025-06-15 02:45:38
drg. Sukarman,Dokter Gigi,drg. Sukarman,"Ilir Timur I, Kota Palembang",,dokter-gigi,2025-06-15 02:45:38
drg. Sulvi Anggraini,Dokter Gigi,halodoc,"Setiabudi, Jakarta Selatan",,dokter-gigi,2025-06-15 02:45:38
Drg Sumayyah Syahidah,Dokter Gigi,KLINIK PRATAMA TERA MEDIKA,"Bogor Barat, Bogor",,dokter-gigi,2025-06-15 02:45:38
drg. Sunta Saputra,Dokter Gigi,ARINI Dental Care,"Karawang Timur, Kabupaten Karawang",,dokter-gigi,2025-06-15 02:45:38
drg. Surjaning Busdiastuti,Dokter Gigi,drg Surjaning Busdiastuti,"Palmerah, Jakarta Barat",,dokter-gigi,2025-06-15 02:45:38
drg. Suryanto,Dokter Gigi,APOTEK CEMPAKA FARMA,"Banda Raya, Kota Banda Aceh",,dokter-gigi,2025-06-15 02:45:38
drg. Susana,Dokter Gigi,Jakarta Dental Aesthetic,"Tebet, Jakarta Selatan",,dokter-gigi,2025-06-15 02:45:38
drg. Susanti Theresia,Dokter Gigi,Klinik Gigi 2000 Tiga,"Senen, Jakarta Pusat",,dokter-gigi,2025-06-15 02:45:42
drg. Susi Nora,Dokter Gigi,Praktek dokter mandiri,"Cileunyi, Kabupaten Bandung",,dokter-gigi,2025-06-15 02:45:42
drg. Susi Nuraini Sp. KGA,Dokter Gigi,halodoc,"Setiabudi, Jakarta Selatan",,dokter-gigi,2025-06-15 02:45:42
drg. Susi Sulistyawati,Dokter Gigi,Praktek Dokter Gigi..,"Gambir, Jakarta Pusat",,dokter-gigi,2025-06-15 02:45:42
Drg. Suspina Husula,Dokter Gigi,halodoc,"Setiabudi, Jakarta Selatan",,dokter-gigi,2025-06-15 02:45:42
drg. Susy marifatil laily,Dokter Gigi,Klinik dan Apotek Aniya Farma,"Lowokwaru, Kota Malang",,dokter-gigi,2025-06-15 02:45:42
Drg. Sutta,Dokter Gigi,halodoc,"Setiabudi, Jakarta Selatan",,dokter-gigi,2025-06-15 02:45:42
drg. Suwi Afiani,Dokter Gigi,Praktek Dokter Gigi Siwi Afiani,"Babelan, Kabupaten Bekasi",,dokter-gigi,2025-06-15 02:45:42
drg. Suyono,Dokter Gigi,drg. Suyono,"Margaasih, Kabupaten Bandung",,dokter-gigi,2025-06-15 02:45:42
drg. Suyono,Dokter Gigi,Apotek Jaya Santosa,"Sukasari, Kota Bandung",,dokter-gigi,2025-06-15 02:45:42
drg. Swanty Koswara,Dokter Gigi,Dokter Gigi Swanty Koswara,"Lengkong, Kota Bandung",,dokter-gigi,2025-06-15 02:45:45
drg. Swastika Suci Suryarini,Dokter Gigi,Praktek drg.Swastika,"Kramat Jati, Jakarta Timur",,dokter-gigi,2025-06-15 02:45:45
Drg. Syahoctovienna B.,Dokter Gigi,Shafira Dental Care,"Bekasi Utara, Bekasi",,dokter-gigi,2025-06-15 02:45:45
Drg. Syifa Ayu Lestari,Dokter Gigi,halodoc,"Setiabudi, Jakarta Selatan",,dokter-gigi,2025-06-15 02:45:45
drg. Syifa Qurratuain,Dokter Gigi,halodoc,"Setiabudi, Jakarta Selatan",,dokter-gigi,2025-06-15 02:45:45
drg Sylvia Susanti Sp. Ort,Dokter Gigi,Smiling Dental Clinic,"Kelapa Dua, Kabupaten Tangerang",,dokter-gigi,2025-06-15 02:45:45
drg. Sylvia Yuanita,Dokter Gigi,Drg. Sylvia Yuanita,"Banjarmasin Tengah, Kota Banjarmasin",,dokter-gigi,2025-06-15 02:45:45
drg. Talitha Ayulia Salsabila,Dokter Gigi,halodoc,"Setiabudi, Jakarta Selatan",,dokter-gigi,2025-06-15 02:45:45
Drg. Tamara Dewi Herdani,Dokter Gigi,halodoc,"Setiabudi, Jakarta Selatan",,dokter-gigi,2025-06-15 02:45:45
Drg. Tania Pramesti Salsabilla,Dokter Gigi,halodoc,"Setiabudi, Jakarta Selatan",,dokter-gigi,2025-06-15 02:45:45
drg. Tanti Apriani,Dokter Gigi,SKY Dental Care,"Tebet, Jakarta Selatan",,dokter-gigi,2025-06-15 02:45:47
drg. Tatyana A.,Dokter Gigi,drg. Tatyana,"Pasar Minggu, Jakarta Selatan",,dokter-gigi,2025-06-15 02:45:47
Drg. Taufik Azhari S,Dokter Gigi,halodoc,"Setiabudi, Jakarta Selatan",,dokter-gigi,2025-06-15 02:45:47
"drg. Taufiqi Hidayatullah, SpKGA",Dokter Gigi,Klinik Dentist3 Dental Specialist Care,"Setiabudi, Jakarta Selatan",,dokter-gigi,2025-06-15 02:45:47
drg. Teddi J. Sutardjo,Dokter Gigi,halodoc,"Setiabudi, Jakarta Selatan",,dokter-gigi,2025-06-15 02:45:47
drg. Teddy,Dokter Gigi,RS St. Carolus Salemba,"Senen, Jakarta Pusat",https://d1ojs48v3n42tp.cloudfront.net/personnels/457467_20-6-2023_12-43-12.png,dokter-gigi,2025-06-15 02:45:47
drg. Teguh Perestya H.P. Sp. KGA,Dokter Gigi,"drg. Teguh Persetya H.P.,Sp.KGA","Semarang Timur, Kota Semarang",,dokter-gigi,2025-06-15 02:45:47
Drg. Tellia Silalahi,Dokter Gigi,halodoc,"Setiabudi, Jakarta Selatan",,dokter-gigi,2025-06-15 02:45:47
drg. Tertia Yudya Aldyth MARS,Dokter Gigi,Eazy Dental Clinic,"Jatiasih, Bekasi",,dokter-gigi,2025-06-15 02:45:47
drg. Tetriada Listya W.,Dokter Gigi,Kayaka Dental Care,"Cikarang Barat, Kabupaten Bekasi",,dokter-gigi,2025-06-15 02:45:47
drg. Tetriana Listya W,Dokter Gigi,Kayaka Dental Care,"Cikarang Barat, Kabupaten Bekasi",,dokter-gigi,2025-06-15 02:45:50
drg. Tetriana Listya W,Dokter Gigi,Kayaka Dental Care,"Cikarang Barat, Kabupaten Bekasi",,dokter-gigi,2025-06-15 02:45:50
drg. Tetriana Listya W,Dokter Gigi,Kayaka Dental Care,"Cikarang Barat, Kabupaten Bekasi",,dokter-gigi,2025-06-15 02:45:50
drg. Tetriana Lystia W,Dokter Gigi,Kayaka Dental Care,"Cikarang Barat, Kabupaten Bekasi",,dokter-gigi,2025-06-15 02:45:50
drg. Tetty,Dokter Gigi,Drg. Tetty,"Medan Kota, Kota Medan",,dokter-gigi,2025-06-15 02:45:50
drg. Teuku Zulfahmi Rizi,Dokter Gigi,Audy Dental Kelapa Gading Boulevard,"Kelapa Gading, Jakarta Utara",,dokter-gigi,2025-06-15 02:45:50
drg. Thabbita Nurul,Dokter Gigi,SOZO DENTAL,"Batuceper, Tangerang",,dokter-gigi,2025-06-15 02:45:50
Drg. Theresia Nuryta Sari,Dokter Gigi,T&T Dental Care,"Cakung, Jakarta Timur",,dokter-gigi,2025-06-15 02:45:50
"drg. Tia Aditia, SP.KG",Dokter Gigi,Damessa Family Dental Care,"Tangerang, Tangerang",,dokter-gigi,2025-06-15 02:45:50
Drg. Tiara Nurdyanti Ratna,Dokter Gigi,halodoc,"Setiabudi, Jakarta Selatan",,dokter-gigi,2025-06-15 02:45:50
drg. Tiara Sahayani,Dokter Gigi,drg. Tiara Sahayani,"Kelapa Gading, Jakarta Utara",,dokter-gigi,2025-06-15 02:45:52
drg. Tila Chistiala,Dokter Gigi,Klinik Pratama Yasmin Medika 2,"Tampan, Kota Pekanbaru",,dokter-gigi,2025-06-15 02:45:52
drg. Tila Chris,Dokter Gigi,Klinik Pratama Putri Yasmin Medika,"Bekasi Timur, Bekasi",,dokter-gigi,2025-06-15 02:45:52
drg. Tio Allanda,Dokter Gigi,Kiyamas Dental care,"Cakung, Jakarta Timur",,dokter-gigi,2025-06-15 02:45:52
Drg. Tjang Riyanto Cahya,Dokter Gigi,Tjang Dental Care,"Bogor Selatan, Bogor",,dokter-gigi,2025-06-15 02:45:52
drg. Tonny Wino,Dokter Gigi,drg. Tonny Wino,"Pontianak Kota, Kota Pontianak",,dokter-gigi,2025-06-15 02:45:52
drg. Toto Susilo S.KG,Dokter Gigi,Praktek Dokter Gigi Toto Susilo,"Biringkanaya, Kota Makassar",,dokter-gigi,2025-06-15 02:45:52
drg. Tri Retnaning Tyas,Dokter Gigi,RS Bethesda Yogya,"Kraton, Kota Yogyakarta",,dokter-gigi,2025-06-15 02:45:52
drg. Tri Sesari Apriani,Dokter Gigi,KLINIK SITI AZARIA,"Karawang Timur, Kabupaten Karawang",,dokter-gigi,2025-06-15 02:45:52
drg. Tri Wahyu Wulandari,Dokter Gigi,Praktek dokter.,"Bukit Raya, Kota Pekanbaru",,dokter-gigi,2025-06-15 02:45:52
drg. Triana Zuraida,Dokter Gigi,SANAFA DENTAL CLINIC,"Bekasi Barat, Bekasi",,dokter-gigi,2025-06-15 02:45:55
drg. Trisna Kusherni,Dokter Gigi,Gigiku Dental Clinic,"Kramat Jati, Jakarta Timur",,dokter-gigi,2025-06-15 02:45:55
Drg. Triyan,Dokter Gigi,neo dental,"Bogor Barat, Bogor",,dokter-gigi,2025-06-15 02:45:55
drg. Try Deliawati,Dokter Gigi,drg Try Deliawati,"Setiabudi, Jakarta Selatan",,dokter-gigi,2025-06-15 02:45:55
drg. Try Deliawati,Dokter Gigi,drg Try Deliawati,"Setiabudi, Jakarta Selatan",,dokter-gigi,2025-06-15 02:45:55
drg. Tsuji Kindai,Dokter Gigi,Klinik Gigi Iruma no Kai Ikoi & Kodomo Kyousei Shika,"Setiabudi, Jakarta Selatan",,dokter-gigi,2025-06-15 02:45:55
drg. Ulfa Rachmawati,Dokter Gigi,SOZO DENTAL,"Batuceper, Tangerang",,dokter-gigi,2025-06-15 02:45:55
Drg. Ulfah Rosida Munawar,Dokter Gigi,halodoc,"Setiabudi, Jakarta Selatan",,dokter-gigi,2025-06-15 02:45:55
drg. Uswatun Hasanah,Dokter Gigi,Klinik Menara Gading,"Wangon, Kabupaten Banyumas",,dokter-gigi,2025-06-15 02:45:55
drg. Utari Intan Pertiwi,Dokter Gigi,FDC CIBUBUR,"Ciracas, Jakarta Timur",,dokter-gigi,2025-06-15 02:45:55
drg V Jemmy Sutanto,Dokter Gigi,Klinik Gigi Dharma Mulia,"Matraman, Jakarta Timur",,dokter-gigi,2025-06-15 02:45:57
drg. V. Jatmiko Utanto,Dokter Gigi,Klinik Gigi Dharma Mulia,"Matraman, Jakarta Timur",,dokter-gigi,2025-06-15 02:45:57
V. Jatmiko Utanto,Dokter Gigi,Klinik Gigi Dharma Mulia,"Matraman, Jakarta Timur",,dokter-gigi,2025-06-15 02:45:57
V. Jemy Sutanto,Dokter Gigi,Klinik Gigi Dharma Mulia,"Matraman, Jakarta Timur",,dokter-gigi,2025-06-15 02:45:57
drg. VIENNA,Dokter Gigi,Pramita Lab Summarecon Bekasi,"Bekasi Utara, Bekasi",,dokter-gigi,2025-06-15 02:45:57
drg. Valdy Hartono Sp Perio,Dokter Gigi,halodoc,"Setiabudi, Jakarta Selatan",,dokter-gigi,2025-06-15 02:45:57
Drg. Valerie Mitziani,Dokter Gigi,halodoc,"Setiabudi, Jakarta Selatan",,dokter-gigi,2025-06-15 02:45:57
drg. Valvoline Tong,Dokter Gigi,Satu Dental Tanjung Duren,"Grogol Petamburan, Jakarta Barat",,dokter-gigi,2025-06-15 02:45:57
drg. Vanesa Handawi,Dokter Gigi,Aesthetics Dental care,"Serpong, Tangerang Selatan",,dokter-gigi,2025-06-15 02:45:57
Drg. Vanesha Jane Kurniawan,Dokter Gigi,OMDC HEALTHCARE,"Pancoran, Jakarta Selatan",,dokter-gigi,2025-06-15 02:45:57
drg. Vania Anindita Sp.KG,Dokter Gigi,Klinik Audy Dental,"Setiabudi, Jakarta Selatan",,dokter-gigi,2025-06-15 02:45:59
Drg. Vania Jesslyn,Dokter Gigi,halodoc,"Setiabudi, Jakarta Selatan",,dokter-gigi,2025-06-15 02:45:59
drg. Vanya Aurellian,Dokter Gigi,Medikids Cibubur,"Bogor Selatan, Bogor",,dokter-gigi,2025-06-15 02:45:59
Drg. Varen Nadya,Dokter Gigi,halodoc,"Setiabudi, Jakarta Selatan",,dokter-gigi,2025-06-15 02:45:59
Drg. Vega Djayanti Setiady MM,Dokter Gigi,halodoc,"Setiabudi, Jakarta Selatan",,dokter-gigi,2025-06-15 02:45:59
Drg. Veni Emiriya,Dokter Gigi,Klinik GIGI Karawang,"Karawang Barat, Kabupaten Karawang",,dokter-gigi,2025-06-15 02:45:59
Drg. Veny Ayu Gustina,Dokter Gigi,halodoc,"Setiabudi, Jakarta Selatan",,dokter-gigi,2025-06-15 02:45:59
drg. Vera Melliza R.,Dokter Gigi,Klinik MR Ceger,"Pondok Aren, Tangerang Selatan",,dokter-gigi,2025-06-15 02:45:59
drg. Veronica Vera,Dokter Gigi,d'Dentist Dental Clinic,"Beji, Depok",,dokter-gigi,2025-06-15 02:45:59
drg. Vevian Navelyn Ramadhany,Dokter Gigi,halodoc,"Setiabudi, Jakarta Selatan",,dokter-gigi,2025-06-15 02:45:59
drg. Vicca Veronica Magdalena,Dokter Gigi,halodoc,"Setiabudi, Jakarta Selatan",,dokter-gigi,2025-06-15 02:46:02
drg. Vici Kartika Sari,Dokter Gigi,Kami Gigi by drg. Vici Kartika Sari,"Kebumen, Kabupaten Kebumen",,dokter-gigi,2025-06-15 02:46:02
drg. Vicka Laifa Aprilya,Dokter Gigi,Praktek drg Vicky Kartika Sari,"Tegalsari, Kota Surabaya",,dokter-gigi,2025-06-15 02:46:02
Dr. Victor Tengar Famolango Sp. BM,Dokter Gigi,Praktek Dokter Gigi..,"Gambir, Jakarta Pusat",,dokter-gigi,2025-06-15 02:46:02
drg. Vidya Carolyna T. Sp.KGA,Dokter Gigi,Kiddie Smile Center,"Gambir, Jakarta Pusat",,dokter-gigi,2025-06-15 02:46:02
drg. Vika Destarina,Dokter Gigi,SOZO DENTAL,"Batuceper, Tangerang",,dokter-gigi,2025-06-15 02:46:02
drg Vika Hapsari Pratiwi Sp.Kg,Dokter Gigi,RS PMI,"Bogor Selatan, Bogor",,dokter-gigi,2025-06-15 02:46:02
drg. Vila Oktaviani,Dokter Gigi,Cendrawasih Dental Care,"Pasar Rebo, Jakarta Timur",,dokter-gigi,2025-06-15 02:46:02
Drg. Vila Oktaviani,Dokter Gigi,KLINIK UTAMA CENDRAWASIH,"Pasarkemis, Kabupaten Tangerang",,dokter-gigi,2025-06-15 02:46:02
drg. Villy Rahmania,Dokter Gigi,Praktek Dokter Gigi drg. Villy Rahmania,"Cimanggis, Depok",,dokter-gigi,2025-06-15 02:46:02
drg Vina,Dokter Gigi,halodoc,"Setiabudi, Jakarta Selatan",,dokter-gigi,2025-06-15 02:46:05
drg. Vina Oktarina,Dokter Gigi,Dentme Aesthetic Dental Care,"Tegalsari, Kota Surabaya",,dokter-gigi,2025-06-15 02:46:05
drg. Viola Stevi Setiyana,Dokter Gigi,Blitz Smile Dental by drg. Syarifah,"Bergas, Kabupaten Semarang",,dokter-gigi,2025-06-15 02:46:05
dr Virginia Beatrix Cindy Tessyano,Dokter Gigi,halodoc,"Setiabudi, Jakarta Selatan",,dokter-gigi,2025-06-15 02:46:05
drg Vista Maqnalia Mentary Angeltya,Dokter Gigi,halodoc,"Setiabudi, Jakarta Selatan",,dokter-gigi,2025-06-15 02:46:05
drg. Vivi Ho,Dokter Gigi,Siloam Hospitals Makassar -,"Ujung Pandang, Kota Makassar",,dokter-gigi,2025-06-15 02:46:05
Drg. Vivi Karina Effendhi,Dokter Gigi,halodoc,"Setiabudi, Jakarta Selatan",,dokter-gigi,2025-06-15 02:46:05
Drg. Vivi Lia Defera,Dokter Gigi,halodoc,"Setiabudi, Jakarta Selatan",,dokter-gigi,2025-06-15 02:46:05
drg. Vivi Liana,Dokter Gigi,Gracia medika,"Cempaka Putih, Jakarta Pusat",,dokter-gigi,2025-06-15 02:46:05
drg. Vivie Indahwati,Dokter Gigi,KLINIK DOKTER GIGI DELIYANA DENTAL CARE,"Kota Tengah, Kota Gorontalo",,dokter-gigi,2025-06-15 02:46:05
drg. Vivie Indahwati,Dokter Gigi,KLINIK DOKTER GIGI DELIYANA DENTAL CARE,"Kota Tengah, Kota Gorontalo",,dokter-gigi,2025-06-15 02:46:07
drg. Vonny Rosia Yudha,Dokter Gigi,drg. Vonny Rosia Yudha,"Grogol Petamburan, Jakarta Barat",,dokter-gigi,2025-06-15 02:46:07
drg. WILLIAM,Dokter Gigi,DHARMA DENTAL CLINIC 2,"Klari, Kabupaten Karawang",,dokter-gigi,2025-06-15 02:46:07
DRG. WINDA SASMITA ARIFUDDIN,Dokter Gigi,halodoc,"Setiabudi, Jakarta Selatan",,dokter-gigi,2025-06-15 02:46:07
drg. WURYANI WIHARDJO,Dokter Gigi,Apotek IRCO,"Grogol Petamburan, Jakarta Barat",,dokter-gigi,2025-06-15 02:46:07
drg. Wahyu Retno. S MARS,Dokter Gigi,Jatiwaringin Medical Center,"Pondok Gede, Bekasi",,dokter-gigi,2025-06-15 02:46:07
drg. Wahyudi,Dokter Gigi,Praktek Drg Wahyudi,"Pulo Gadung, Jakarta Timur",,dokter-gigi,2025-06-15 02:46:07
drg. Wahyudi,Dokter Gigi,Praktek Drg Wahyudi,"Pulo Gadung, Jakarta Timur",,dokter-gigi,2025-06-15 02:46:07
Drg. Wan Desti Kurniaty Aurora,Dokter Gigi,Myjio Dental Home,"Tarumajaya, Kabupaten Bekasi",,dokter-gigi,2025-06-15 02:46:07
drg. Wanda Prima Krishna MMRS,Dokter Gigi,"drg. Wanda P. Krishna, MMRS","Bandung Kulon, Kota Bandung",,dokter-gigi,2025-06-15 02:46:07
Drg. Wanda S. Wungkana,Dokter Gigi,halodoc,"Setiabudi, Jakarta Selatan",,dokter-gigi,2025-06-15 02:46:10
drg. Weni Susanti,Dokter Gigi,Praktek Dokter Gigi..,"Gambir, Jakarta Pusat",,dokter-gigi,2025-06-15 02:46:10
drg. Wenny P. Alianto,Dokter Gigi,halodoc,"Setiabudi, Jakarta Selatan",,dokter-gigi,2025-06-15 02:46:10
drg. Wenny Puspitasari Alianto,Dokter Gigi,drg. Wenny Puspitasari Alianto,"Mulyorejo, Kota Surabaya",,dokter-gigi,2025-06-15 02:46:10
drg. Whenny Dyani Kitri,Dokter Gigi,Praktek drg. Whenny,"Bantar Gebang, Bekasi",,dokter-gigi,2025-06-15 02:46:10
drg. WidhaZWARi Yuzmal Pratiwi,Dokter Gigi,Klinik Pratama Mitrasehat Kita Bersama,"Tanjung Priok, Jakarta Utara",,dokter-gigi,2025-06-15 02:46:10
drg. Widojati,Dokter Gigi,Lily Clinic,"Cengkareng, Jakarta Barat",,dokter-gigi,2025-06-15 02:46:10
drg. Widy Seto Utomo,Dokter Gigi,Praktek Dokter Gigi Widy Seto Utomo,"Tarogong Kidul, Kabupaten Garut",,dokter-gigi,2025-06-15 02:46:10
drg. Widya Lestari,Dokter Gigi,halodoc,"Setiabudi, Jakarta Selatan",,dokter-gigi,2025-06-15 02:46:10
"drg. Willem Santana, Sp.Ort",Dokter Gigi,"Drg. Willem Santana, Sp.Ort","Grogol Petamburan, Jakarta Barat",,dokter-gigi,2025-06-15 02:46:10
Drg. Wilys Yuniarti MM,Dokter Gigi,Prakter drg. Wilys Yuniarti,"Pasar Rebo, Jakarta Timur",,dokter-gigi,2025-06-15 02:46:13
Drg. Winda Fatika Sari M.K.M,Dokter Gigi,halodoc,"Setiabudi, Jakarta Selatan",,dokter-gigi,2025-06-15 02:46:13
Drg. Winda Febrion Nesda,Dokter Gigi,Apotek Kimia Farma Kebon Bawang,"Tanjung Priok, Jakarta Utara",,dokter-gigi,2025-06-15 02:46:13
drg. Windarti,Dokter Gigi,drg. Windarti,"Tembalang, Kota Semarang",,dokter-gigi,2025-06-15 02:46:13
drg. Winfield MARS Sp.Perio,Dokter Gigi,"Drg. Winfield, MARS., Sp.Perio","Tangerang, Tangerang",,dokter-gigi,2025-06-15 02:46:13
Drg. Winna Quratul Ainin,Dokter Gigi,halodoc,"Setiabudi, Jakarta Selatan",,dokter-gigi,2025-06-15 02:46:13
drg. Wisnu Rachmanto,Dokter Gigi,Hai Gigi Banyumanik,"Banyumanik, Kota Semarang",,dokter-gigi,2025-06-15 02:46:13
Drg. Wisynu Mulliawan,Dokter Gigi,halodoc,"Setiabudi, Jakarta Selatan",,dokter-gigi,2025-06-15 02:46:13
drg. Witarmin Tanoyo,Dokter Gigi,Klinik Utama Gigi Sehat,"Tambaksari, Kota Surabaya",,dokter-gigi,2025-06-15 02:46:13
Drg. Wiwied H. Widayanti,Dokter Gigi,drg. Wiwied H. Widayanti,"Cempaka Putih, Jakarta Pusat",,dokter-gigi,2025-06-15 02:46:13
drg. Yandi Kusmulyandi,Dokter Gigi,AININ DENTAL CARE KARAWANG,"Klari, Kabupaten Karawang",,dokter-gigi,2025-06-15 02:46:18
Drg. Yandi Kusmulyandi,Dokter Gigi,AININ DENTAL CARE KARAWANG,"Klari, Kabupaten Karawang",,dokter-gigi,2025-06-15 02:46:18
Drg. Yandi Kusmulyandi,Dokter Gigi,halodoc,"Setiabudi, Jakarta Selatan",,dokter-gigi,2025-06-15 02:46:18
drg. Yanti Desiyani,Dokter Gigi,star dental,"Tatanga, Kota Palu",,dokter-gigi,2025-06-15 02:46:18
drg. Yanti Desiyanti,Dokter Gigi,star dental,"Tatanga, Kota Palu",,dokter-gigi,2025-06-15 02:46:18
drg. Yanti Hartati,Dokter Gigi,Drg. Yanti Hartati,"Bandung Kidul, Kota Bandung",,dokter-gigi,2025-06-15 02:46:18
drg. Yanti Kurniayandi,Dokter Gigi,ARINI Dental Care,"Karawang Timur, Kabupaten Karawang",,dokter-gigi,2025-06-15 02:46:18
drg. Yanti Tresna Arifiani,Dokter Gigi,BIO DENTAL CLINIC,"Serang, Kota Serang",,dokter-gigi,2025-06-15 02:46:18
drg. Yayan Adrian SpBM,Dokter Gigi,D'Dentis Dental Care,"Jatinegara, Jakarta Timur",,dokter-gigi,2025-06-15 02:46:18
drg. Yayan Andrian,Dokter Gigi,D'Dentis Dental Care,"Jatinegara, Jakarta Timur",,dokter-gigi,2025-06-15 02:46:18
drg. Yayu Rahayu Pertiwi,Dokter Gigi,Praktik Dokter Gigi Mandiri drg. Yayu Rahayu Pertiwi,"Cakung, Jakarta Timur",,dokter-gigi,2025-06-15 02:46:20
drg. Yayu Rahayu Pertiwi,Dokter Gigi,Praktik Dokter Gigi Mandiri drg. Yayu Rahayu Pertiwi,"Cakung, Jakarta Timur",,dokter-gigi,2025-06-15 02:46:20
drg. Yayu Rahayu Pertiwi,Dokter Gigi,Praktik Dokter Gigi Mandiri drg. Yayu Rahayu Pertiwi,"Cakung, Jakarta Timur",,dokter-gigi,2025-06-15 02:46:20
drg. Yayu Rahayu Pertiwi,Dokter Gigi,Praktik Dokter Gigi Mandiri drg. Yayu Rahayu Pertiwi,"Cakung, Jakarta Timur",,dokter-gigi,2025-06-15 02:46:20
drg. Yayu Rahayu Pertiwi,Dokter Gigi,Praktik Dokter Gigi Mandiri drg. Yayu Rahayu Pertiwi,"Cakung, Jakarta Timur",,dokter-gigi,2025-06-15 02:46:20
drg. Yayu Rahayu Pratiwi,Dokter Gigi,Paramita Laboratorium Medis dan Klinik,"Kramat Jati, Jakarta Timur",,dokter-gigi,2025-06-15 02:46:20
drg. Yayuk Rahayu Permini,Dokter Gigi,Praktik Dokter Gigi Mandiri drg. Yayu Rahayu Pertiwi,"Cakung, Jakarta Timur",,dokter-gigi,2025-06-15 02:46:20
drg. Yayuk Rahayu Pertiwi,Dokter Gigi,Praktik Dokter Gigi Mandiri drg. Yayu Rahayu Pertiwi,"Cakung, Jakarta Timur",,dokter-gigi,2025-06-15 02:46:20
drg. Yayuk Rahayu Pertiwi,Dokter Gigi,Praktik Dokter Gigi Mandiri drg. Yayu Rahayu Pertiwi,"Cakung, Jakarta Timur",,dokter-gigi,2025-06-15 02:46:20
Drg. Yely Okta Mariza,Dokter Gigi,halodoc,"Setiabudi, Jakarta Selatan",,dokter-gigi,2025-06-15 02:46:20
Drg. Yenni Amalia Bahar,Dokter Gigi,halodoc,"Setiabudi, Jakarta Selatan",,dokter-gigi,2025-06-15 02:46:23
drg. Yenni Halim,Dokter Gigi,Indodentist,"Kembangan, Jakarta Barat",,dokter-gigi,2025-06-15 02:46:23
drg. Yenny Sitepu,Dokter Gigi,Praktek dokter.,"Bukit Raya, Kota Pekanbaru",,dokter-gigi,2025-06-15 02:46:23
Drg. Yerika Samosir,Dokter Gigi,Praktek drg Yerika Samosir,"Cipayung, Jakarta Timur",,dokter-gigi,2025-06-15 02:46:23
Drg. Yerika Samosir,Dokter Gigi,Praktek drg Yerika Samosir,"Cipayung, Jakarta Timur",,dokter-gigi,2025-06-15 02:46:23
Drg. Yerika Samosir,Dokter Gigi,Praktek drg Yerika Samosir,"Cipayung, Jakarta Timur",,dokter-gigi,2025-06-15 02:46:23
drg Yessica Nainggolan,Dokter Gigi,"Praktek Dokter Gigi Yessica Nainggolan, drg","Tegalsari, Kota Surabaya",,dokter-gigi,2025-06-15 02:46:23
drg. Yessica Nainggolan,Dokter Gigi,halodoc,"Setiabudi, Jakarta Selatan",,dokter-gigi,2025-06-15 02:46:23
drg. Yessica Nainggolan,Dokter Gigi,halodoc,"Setiabudi, Jakarta Selatan",,dokter-gigi,2025-06-15 02:46:23
drg. Yetty Honest Sp.KG,Dokter Gigi,"Dokter Gigi Yetty Honest, SpKG","Mulyorejo, Kota Surabaya",,dokter-gigi,2025-06-15 02:46:23
drg. Yetty Honest Sp.KG,Dokter Gigi,"Dokter Gigi Yetty Honest, SpKG","Mulyorejo, Kota Surabaya",,dokter-gigi,2025-06-15 02:46:26
"drg. Yetty Honest, Sp.KG",Dokter Gigi,"Dokter Gigi Yetty Honest, SpKG","Mulyorejo, Kota Surabaya",,dokter-gigi,2025-06-15 02:46:26
drg. Yohana Natalia C,Dokter Gigi,Klinik Prima Medistra,"Kota Kudus, Kabupaten Kudus",,dokter-gigi,2025-06-15 02:46:26
drg. Yohanes Singgih K.,Dokter Gigi,Dokter Gigi Drg. Yohanes Singgih K,"Tambaksari, Kota Surabaya",,dokter-gigi,2025-06-15 02:46:26
drg. Yolanda Aulia Hapsari,Dokter Gigi,halodoc,"Setiabudi, Jakarta Selatan",,dokter-gigi,2025-06-15 02:46:26
drg. Yon Triono,Dokter Gigi,Amanah Dental Care,"Banjarnegara, Kabupaten Banjarnegara",,dokter-gigi,2025-06-15 02:46:26
dr. Yon Triyono,Dokter Gigi,drg. Yon Triyono,"Banjarmasin Tengah, Kota Banjarmasin",,dokter-gigi,2025-06-15 02:46:26
Drg. Yora Duva,Dokter Gigi,halodoc,"Setiabudi, Jakarta Selatan",,dokter-gigi,2025-06-15 02:46:26
drg. Yoses Rivano Bakara,Dokter Gigi,halodoc,"Setiabudi, Jakarta Selatan",,dokter-gigi,2025-06-15 02:46:26
drg. Yoshio M. Manuhutu,Dokter Gigi,halodoc,"Setiabudi, Jakarta Selatan",,dokter-gigi,2025-06-15 02:46:26
"drg. Yosua Randa, Mkes M.Kes",Dokter Gigi,YOS DENTAL CARE,"Balikpapan Kota, Kota Balikpapan",,dokter-gigi,2025-06-15 02:46:28
drg. Yovi Febriyati,Dokter Gigi,IKADENTAL CARE,"Cibinong, Kabupaten Bogor",,dokter-gigi,2025-06-15 02:46:28
drg. Yovita,Dokter Gigi,One Dental Clinic,"Serang, Kota Serang",,dokter-gigi,2025-06-15 02:46:28
Drg. Yuan Anthony,Dokter Gigi,Klinik Casadienta,"Setiabudi, Jakarta Selatan",,dokter-gigi,2025-06-15 02:46:28
Drg. Yuana Dianis Eka Putri MMRS,Dokter Gigi,Uptodent Family Dental Care,"Siantar Utara, Kota Pematang Siantar",,dokter-gigi,2025-06-15 02:46:28
drg. Yuana Siswanto,Dokter Gigi,drg. Yuana Siswanto,"Tegalsari, Kota Surabaya",,dokter-gigi,2025-06-15 02:46:28
drg. Yudha Agriawan,Dokter Gigi,Klinik Utama Damaralesh,"Lima Puluh, Kota Pekanbaru",,dokter-gigi,2025-06-15 02:46:28
drg. Yulfa Shinta Dewi,Dokter Gigi,DENTALOOK Praktek Dokter Gigi,"Purworejo, Kabupaten Purworejo",,dokter-gigi,2025-06-15 02:46:28
Drg. Yulfahriaty Rimadona,Dokter Gigi,FDC KLENDERR,"Sawah Besar, Jakarta Pusat",,dokter-gigi,2025-06-15 02:46:28
drg Yuli Abiyati,Dokter Gigi,RSUD Dr. SOEDIRMAN,"Kuwarasan, Kabupaten Kebumen",,dokter-gigi,2025-06-15 02:46:28
drg. Yuli Abiyati,Dokter Gigi,drg Yuli Abiyati,"Menteng, Jakarta Pusat",,dokter-gigi,2025-06-15 02:46:30
drg. Yuli Indrawati Sp.BM,Dokter Gigi,halodoc,"Setiabudi, Jakarta Selatan",,dokter-gigi,2025-06-15 02:46:30
drg. Yuli Natarina SP. KGA,Dokter Gigi,OMNI DENTAL CLINIC,"Ilir Timur I, Kota Palembang",,dokter-gigi,2025-06-15 02:46:30
deg. Yuli Puspaningrum,Dokter Gigi,halodoc,"Setiabudi, Jakarta Selatan",,dokter-gigi,2025-06-15 02:46:30
drg. Yuli Suryaningsih,Dokter Gigi,halodoc,"Setiabudi, Jakarta Selatan",,dokter-gigi,2025-06-15 02:46:30
drg. Yuli Wahyu Dewi Putri,Dokter Gigi,SENYUM DENTAL,"Gunung Putri, Kabupaten Bogor",,dokter-gigi,2025-06-15 02:46:30
Drg. Yulia Prapti,Dokter Gigi,Praktek dokter.,"Bukit Raya, Kota Pekanbaru",,dokter-gigi,2025-06-15 02:46:30
Drg. Yulia Surya Lestari,Dokter Gigi,halodoc,"Setiabudi, Jakarta Selatan",,dokter-gigi,2025-06-15 02:46:30
drg. Yuliana Helena,Dokter Gigi,RS St. Carolus Salemba,"Senen, Jakarta Pusat",https://d1ojs48v3n42tp.cloudfront.net/personnels/149636_20-6-2023_12-43-24.png,dokter-gigi,2025-06-15 02:46:30
Drg. Yuliana Helena MARS,Dokter Gigi,halodoc,"Setiabudi, Jakarta Selatan",,dokter-gigi,2025-06-15 02:46:30
drg. Yuliana Kadir,Dokter Gigi,Praktik drg. Yuliana Kadir,"Balikpapan Kota, Kota Balikpapan",,dokter-gigi,2025-06-15 02:46:33
drg. Yuliana Rahma Sari,Dokter Gigi,KLINIK OCEAN DENTAL,"Cilodong, Depok",,dokter-gigi,2025-06-15 02:46:33
drg. Yuliani,Dokter Gigi,Praktek Dokter Drg. Yuliani,"Cikole, Kota Sukabumi",,dokter-gigi,2025-06-15 02:46:33
drg. Yulianti Kartini Sunur Sp. KG,Dokter Gigi,Dentaland Clinic,"Dukuh Pakis, Kota Surabaya",,dokter-gigi,2025-06-15 02:46:33
Drg. Yuliany Husni,Dokter Gigi,K.SMILE DENTAL CARE.,"Serpong Utara, Tangerang Selatan",,dokter-gigi,2025-06-15 02:46:33
Drg. Yulindia Pitri,Dokter Gigi,halodoc,"Setiabudi, Jakarta Selatan",,dokter-gigi,2025-06-15 02:46:33
drg. Yulisa Amalia Affandi,Dokter Gigi,KLINIK GIGI drg. Yulisa Amalia Affandi,"Ciledug, Tangerang",,dokter-gigi,2025-06-15 02:46:33
Drg. Yulyananda Firasty,Dokter Gigi,halodoc,"Setiabudi, Jakarta Selatan",,dokter-gigi,2025-06-15 02:46:33
Drg. Yunan Anthony,Dokter Gigi,Casadienta Wastukencana,"Banjaran, Kabupaten Bandung",,dokter-gigi,2025-06-15 02:46:33
drg. Yuni Melayati,Dokter Gigi,drg. Yuni Melawati,"Ciawi, Kabupaten Tasikmalaya",,dokter-gigi,2025-06-15 02:46:33
drg. Yuni Shintowati,Dokter Gigi,Ranu Dental Care (RDC),"Terbanggi Besar, Kabupaten Lampung Tengah",,dokter-gigi,2025-06-15 02:46:35
Drg. Yunita Ambarwati,Dokter Gigi,YES DENTAL CARE (Praktek Dokter Gigi) dan TOKO OBAT,"Tambun Utara, Kabupaten Bekasi",,dokter-gigi,2025-06-15 02:46:35
Drg. Yunita Ambarwati,Dokter Gigi,YES DENTAL CARE (Praktek Dokter Gigi) dan TOKO OBAT,"Tambun Utara, Kabupaten Bekasi",,dokter-gigi,2025-06-15 02:46:35
Drg. Yunita Ambarwati,Dokter Gigi,halodoc,"Setiabudi, Jakarta Selatan",,dokter-gigi,2025-06-15 02:46:35
drg. Yureka,Dokter Gigi,halodoc,"Setiabudi, Jakarta Selatan",,dokter-gigi,2025-06-15 02:46:35
drg. Yurike Hadi Soesanto,Dokter Gigi,Dental Room,"Wiyung, Kota Surabaya",,dokter-gigi,2025-06-15 02:46:35
drg. Yurina Alhayu Sp.PM,Dokter Gigi,Yurina Alhayu Dental Care,"Tapos, Depok",,dokter-gigi,2025-06-15 02:46:35
drg Yusel Anilza,Dokter Gigi,Studio Dental Bekasi,"Bekasi Barat, Bekasi",,dokter-gigi,2025-06-15 02:46:35
drg. Yusel Anilza,Dokter Gigi,Studio Dental Bekasi,"Bekasi Barat, Bekasi",,dokter-gigi,2025-06-15 02:46:35
drg. Yusel Anzila,Dokter Gigi,Studio Dental Bekasi,"Bekasi Barat, Bekasi",,dokter-gigi,2025-06-15 02:46:35
drg. Yustika Chrysandra Sp.KG,Dokter Gigi,YES Dental,"Gayungan, Kota Surabaya",,dokter-gigi,2025-06-15 02:46:38
"drg. Yustika Chrysandra, Sp.KG",Dokter Gigi,YES Dental,"Gayungan, Kota Surabaya",,dokter-gigi,2025-06-15 02:46:38
drg. Yuyu Latifah Purnama,Dokter Gigi,Apotek Tania,"Duren Sawit, Jakarta Timur",,dokter-gigi,2025-06-15 02:46:38
drg. Zahra Hanum Jatsiyah,Dokter Gigi,Eazy Dental Clinic,"Jatiasih, Bekasi",,dokter-gigi,2025-06-15 02:46:38
drg. Zahra Hanum Jatsiyah,Dokter Gigi,Eazy Dental Clinic,"Jatiasih, Bekasi",,dokter-gigi,2025-06-15 02:46:38
drg. Zahra Milatania,Dokter Gigi,Talkdent Dental Clinic Indramayu,"Jatibarang, Kabupaten Indramayu",,dokter-gigi,2025-06-15 02:46:38
drg. Zainal Efendi Sp. BM,Dokter Gigi,Dentalia,"Cempaka Putih, Jakarta Pusat",,dokter-gigi,2025-06-15 02:46:38
drg. Zela Puteri Nurbani,Dokter Gigi,Klinik Gigi Kota Wisata Cibubur - Damessa Family Dental Care,"Gunung Putri, Kabupaten Bogor",,dokter-gigi,2025-06-15 02:46:38
Drg. Zemi Puspitasari,Dokter Gigi,halodoc,"Setiabudi, Jakarta Selatan",,dokter-gigi,2025-06-15 02:46:38
Drg. Zemi Puspitasari,Dokter Gigi,drg.Zemi Puspitasari,"Bogor Barat, Bogor",,dokter-gigi,2025-06-15 02:46:38
Drg. Zendikia Fahma Gp,Dokter Gigi,halodoc,"Setiabudi, Jakarta Selatan",,dokter-gigi,2025-06-15 02:46:40
drg. Zsa Zsa Antika,Dokter Gigi,Praktik dokter gigi - Taman Wisma Asri,"Bekasi Utara, Bekasi",,dokter-gigi,2025-06-15 02:46:40
dr Indra Kurnia Sp.BM,Dokter Gigi,halodoc,"Setiabudi, Jakarta Selatan",,dokter-gigi,2025-06-15 02:46:40
dr. S Palupi sp.KGA,Dokter Gigi,halodoc,"Setiabudi, Jakarta Selatan",,dokter-gigi,2025-06-15 02:46:40
dr. Sekar Palupi Sp.KGA,Dokter Gigi,halodoc,"Setiabudi, Jakarta Selatan",,dokter-gigi,2025-06-15 02:46:40
drg ADE GHANDRA,Dokter Gigi,Praktek Dokter Gigi..,"Gambir, Jakarta Pusat",,dokter-gigi,2025-06-15 02:46:40
drg AGUNG CAPAWANTI SPO,Dokter Gigi,RSUD Ir.SOEKARNO KABUPATEN SUKOHARJO,"Sukoharjo, Kab Sukoharjo",,dokter-gigi,2025-06-15 02:46:40
"drg ASWAR SANUSI, MSC DIC",Dokter Gigi,Kadoya Dental Clinic,"Tanjung Priok, Jakarta Utara",,dokter-gigi,2025-06-15 02:46:40
drg Albert Lasmana M.Kes,Dokter Gigi,KLINIK UTAMA  ROYAL MEDIKA,"Pulo Gadung, Jakarta Timur",,dokter-gigi,2025-06-15 02:46:40
drg ArisMunandar Sp.BM,Dokter Gigi,halodoc,"Setiabudi, Jakarta Selatan",,dokter-gigi,2025-06-15 02:46:40
drg Asih Minarti,Dokter Gigi,Klinik Devina Medika,"Jatiasih, Bekasi",,dokter-gigi,2025-06-15 02:46:43
drg Aulia Putri,Dokter Gigi,halodoc,"Setiabudi, Jakarta Selatan",,dokter-gigi,2025-06-15 02:46:43
drg Chika Rimira Milen,Dokter Gigi,halodoc,"Setiabudi, Jakarta Selatan",,dokter-gigi,2025-06-15 02:46:43
drg Christa Patricia,Dokter Gigi,halodoc,"Setiabudi, Jakarta Selatan",,dokter-gigi,2025-06-15 02:46:43
drg Deasy,Dokter Gigi,Apotek Dharma Medika Utan Kayu,"Matraman, Jakarta Timur",,dokter-gigi,2025-06-15 02:46:43
drg Deni Ramdhani,Dokter Gigi,Drg. Deni Ramdhani,"Medan Satria, Bekasi",,dokter-gigi,2025-06-15 02:46:43
drg Dentista Art S.,Dokter Gigi,Praktek Dokter Gigi..,"Gambir, Jakarta Pusat",,dokter-gigi,2025-06-15 02:46:43
drg Dewi Anggraini,Dokter Gigi,AHMAD DENTAL CLINIC Jakarta,"Duren Sawit, Jakarta Timur",,dokter-gigi,2025-06-15 02:46:43
drg Dewi putri Utami,Dokter Gigi,Klinik Pratama Rafibra,"Deli Tua, Kabupaten Deli Serdang",,dokter-gigi,2025-06-15 02:46:43
drg Dhafa Arbhitya A,Dokter Gigi,halodoc,"Setiabudi, Jakarta Selatan",,dokter-gigi,2025-06-15 02:46:43
drg Elyasani Irwanti,Dokter Gigi,Laboratorium Bio Medika,"Tangerang, Tangerang",,dokter-gigi,2025-06-15 02:46:46
drg Ervin Rizal M.Kes,Dokter Gigi,Dokter Gigi Keluarga,"Curug, Kabupaten Tangerang",,dokter-gigi,2025-06-15 02:46:46
drg Eunike Sianturi,Dokter Gigi,halodoc,"Setiabudi, Jakarta Selatan",,dokter-gigi,2025-06-15 02:46:46
drg FERMONTAR,Dokter Gigi,DHARMA DENTAL CLINIC 2,"Klari, Kabupaten Karawang",,dokter-gigi,2025-06-15 02:46:46
drg Fanny Framitha Sp.Ort,Dokter Gigi,halodoc,"Setiabudi, Jakarta Selatan",,dokter-gigi,2025-06-15 02:46:46
drg Felycia Evangeli,Dokter Gigi,halodoc,"Setiabudi, Jakarta Selatan",,dokter-gigi,2025-06-15 02:46:46
drg Ginanjar Hidayatullah,Dokter Gigi,Praktek Dokter Gigi Ahmad Dental Care,"Pancoran, Jakarta Selatan",,dokter-gigi,2025-06-15 02:46:46
drg Ginanjar Hidayatullah,Dokter Gigi,AHMAD DENTAL CLINIC Jakarta,"Duren Sawit, Jakarta Timur",,dokter-gigi,2025-06-15 02:46:46
drg Ginanjar Hidayatullah,Dokter Gigi,AHMAD DENTAL CLINIC Jakarta,"Duren Sawit, Jakarta Timur",,dokter-gigi,2025-06-15 02:46:46
drg Ginanjar Hidayatullah,Dokter Gigi,AHMAD DENTAL CLINIC Jakarta,"Duren Sawit, Jakarta Timur",,dokter-gigi,2025-06-15 02:46:46
drg Hapsari Dyah Paramita,Dokter Gigi,KLINIK PRATAMA AZKA MITRA MEDIKA,"Batujaya, Kabupaten Karawang",,dokter-gigi,2025-06-15 02:46:48
drg Heru Octa Pratama,Dokter Gigi,AHMAD DENTAL CLINIC Jakarta,"Duren Sawit, Jakarta Timur",,dokter-gigi,2025-06-15 02:46:48
drg Indah Vidyanti,Dokter Gigi,halodoc,"Setiabudi, Jakarta Selatan",,dokter-gigi,2025-06-15 02:46:48
drg Indah Vidyanti,Dokter Gigi,halodoc,"Setiabudi, Jakarta Selatan",,dokter-gigi,2025-06-15 02:46:48
drg Indriani Oktaria Sp.Pros,Dokter Gigi,halodoc,"Setiabudi, Jakarta Selatan",,dokter-gigi,2025-06-15 02:46:48
drg Irma Rasyid,Dokter Gigi,halodoc,"Setiabudi, Jakarta Selatan",,dokter-gigi,2025-06-15 02:46:48
drg Kamila Febrian,Dokter Gigi,halodoc,"Setiabudi, Jakarta Selatan",,dokter-gigi,2025-06-15 02:46:48
drg Karina Widya Aisya,Dokter Gigi,halodoc,"Setiabudi, Jakarta Selatan",,dokter-gigi,2025-06-15 02:46:48
drg Kiky Viviani Waluyo,Dokter Gigi,APOTEK PRIMA MEDISENTRA,"Kebayoran Lama, Jakarta Selatan",,dokter-gigi,2025-06-15 02:46:48
drg Margaretha Limuelto,Dokter Gigi,ORTO CENTRE,"Medan Satria, Bekasi",,dokter-gigi,2025-06-15 02:46:48
drg Margaretha Limuelto,Dokter Gigi,ORTO CENTRE,"Medan Satria, Bekasi",,dokter-gigi,2025-06-15 02:46:53
drg Maria Magdalena Yuniati,Dokter Gigi,halodoc,"Setiabudi, Jakarta Selatan",,dokter-gigi,2025-06-15 02:46:53
drg Ni Putu Sawitri Mega Wulan Sp.KG,Dokter Gigi,halodoc,"Setiabudi, Jakarta Selatan",,dokter-gigi,2025-06-15 02:46:53
drg Putri Mahendra Sp.KGA,Dokter Gigi,halodoc,"Setiabudi, Jakarta Selatan",,dokter-gigi,2025-06-15 02:46:53
drg Putri Risma,Dokter Gigi,De Luna Dental Care,"Telukjambe Barat, Kabupaten Karawang",,dokter-gigi,2025-06-15 02:46:53
drg Ratih Kumala Dewi,Dokter Gigi,Klinik Pratama PMI Sokaraja,"Sokaraja, Kabupaten Banyumas",,dokter-gigi,2025-06-15 02:46:53
drg Ratna Y,Dokter Gigi,Klinik Metro Kuningan,"Selajambe, Kabupaten Kuningan",,dokter-gigi,2025-06-15 02:46:53
drg Regina Vaniabella,Dokter Gigi,halodoc,"Setiabudi, Jakarta Selatan",,dokter-gigi,2025-06-15 02:46:53
drg Rieska Rachmasari Sp.Perio,Dokter Gigi,halodoc,"Setiabudi, Jakarta Selatan",,dokter-gigi,2025-06-15 02:46:53
drg Roslan Benjamin,Dokter Gigi,DRG ROSLAN BENJAMIN,"Cempaka Putih, Jakarta Pusat",,dokter-gigi,2025-06-15 02:46:53
drg. Alexander Yunior,Dokter Gigi,halodoc,"Setiabudi, Jakarta Selatan",,dokter-gigi,2025-06-15 02:46:56
drg. Amelia Alfiani,Dokter Gigi,halodoc,"Setiabudi, Jakarta Selatan",,dokter-gigi,2025-06-15 02:46:56
drg. Andzar Firdaus,Dokter Gigi,Klinik Casadienta,"Setiabudi, Jakarta Selatan",,dokter-gigi,2025-06-15 02:46:56
drg. Annisa Permata Siwi,Dokter Gigi,halodoc,"Setiabudi, Jakarta Selatan",,dokter-gigi,2025-06-15 02:46:56
drg. Arief Adityo,Dokter Gigi,halodoc,"Setiabudi, Jakarta Selatan",,dokter-gigi,2025-06-15 02:46:56
"drg. Arrang Sesioria, Sp.KGA",Dokter Gigi,halodoc,"Setiabudi, Jakarta Selatan",,dokter-gigi,2025-06-15 02:46:56
drg. Ary Kasrini,Dokter Gigi,halodoc,"Setiabudi, Jakarta Selatan",,dokter-gigi,2025-06-15 02:46:56
drg. Astri Irawati,Dokter Gigi,halodoc,"Setiabudi, Jakarta Selatan",,dokter-gigi,2025-06-15 02:46:56
drg. Atik Purtika,Dokter Gigi,DREAM DENTAL CARE,"Sukamulya, Kabupaten Tangerang",,dokter-gigi,2025-06-15 02:46:56
drg. Atika R. Sp Pros,Dokter Gigi,0,"Bekasi Selatan, Bekasi",,dokter-gigi,2025-06-15 02:46:56
drg. Atikah Nur Ramadhana,Dokter Gigi,halodoc,"Setiabudi, Jakarta Selatan",,dokter-gigi,2025-06-15 02:46:58
drg. Aulia Rahman,Dokter Gigi,halodoc,"Setiabudi, Jakarta Selatan",,dokter-gigi,2025-06-15 02:46:58
drg. Aya Sophia Sp.KGA,Dokter Gigi,halodoc,"Setiabudi, Jakarta Selatan",,dokter-gigi,2025-06-15 02:46:58
drg. Ayi Gana Sp.BM,Dokter Gigi,halodoc,"Setiabudi, Jakarta Selatan",,dokter-gigi,2025-06-15 02:46:58
"drg. Barkah Setijoadi, Sp.KG FISID,FICD",Dokter Gigi,halodoc,"Setiabudi, Jakarta Selatan",,dokter-gigi,2025-06-15 02:46:58
drg. drg. Berthauli Ester Nurmaida Sp.KGA,Dokter Gigi,Klinik Audy Dental,"Setiabudi, Jakarta Selatan",,dokter-gigi,2025-06-15 02:46:58
"drg. Bima Baskara, SpBM",Dokter Gigi,halodoc,"Setiabudi, Jakarta Selatan",,dokter-gigi,2025-06-15 02:46:58
drg. Bintang Abyudana,Dokter Gigi,drg. Bintang Abyudana,"Samarinda Seberang, Kota Samarinda",,dokter-gigi,2025-06-15 02:46:58
drg. C. Heri Purnama Sakti,Dokter Gigi,Praktek Dokter Gigi..,"Gambir, Jakarta Pusat",,dokter-gigi,2025-06-15 02:46:58
drg. Carissa Permatasari Anggari,Dokter Gigi,halodoc,"Setiabudi, Jakarta Selatan",,dokter-gigi,2025-06-15 02:46:58
drg. Carissa Theadora Widjaja,Dokter Gigi,halodoc,"Setiabudi, Jakarta Selatan",,dokter-gigi,2025-06-15 02:47:00
drg. Cindy Annisa Melati,Dokter Gigi,halodoc,"Setiabudi, Jakarta Selatan",,dokter-gigi,2025-06-15 02:47:00
drg. Citra Dewi Skripsiani,Dokter Gigi,Queen Dental Care,"Bekasi Timur, Bekasi",,dokter-gigi,2025-06-15 02:47:00
drg. Claudia Ang,Dokter Gigi,halodoc,"Setiabudi, Jakarta Selatan",,dokter-gigi,2025-06-15 02:47:00
drg. Claudia Ang,Dokter Gigi,halodoc,"Setiabudi, Jakarta Selatan",,dokter-gigi,2025-06-15 02:47:00
drg. Darinda,Dokter Gigi,0,"Bekasi Selatan, Bekasi",,dokter-gigi,2025-06-15 02:47:00
drg. Dessy Amanda,Dokter Gigi,halodoc,"Setiabudi, Jakarta Selatan",,dokter-gigi,2025-06-15 02:47:00
"drg. Deta Putri Futuhat, Sp.KGA",Dokter Gigi,halodoc,"Setiabudi, Jakarta Selatan",,dokter-gigi,2025-06-15 02:47:00
drg. Dizalosafasyi,Dokter Gigi,halodoc,"Setiabudi, Jakarta Selatan",,dokter-gigi,2025-06-15 02:47:00
drg. Doddy Risdiyanto,Dokter Gigi,APOTEK FARDIKA,"Metro Timur, Kota Metro",,dokter-gigi,2025-06-15 02:47:00
drg. Donata Kharisma,Dokter Gigi,halodoc,"Setiabudi, Jakarta Selatan",,dokter-gigi,2025-06-15 02:47:03
drg. Dwiyana Teny,Dokter Gigi,halodoc,"Setiabudi, Jakarta Selatan",,dokter-gigi,2025-06-15 02:47:03
drg. Dyadmiko Astjarjo HD,Dokter Gigi,drg. Dyadmiko Astjarjo HD,"Tegalsari, Kota Surabaya",,dokter-gigi,2025-06-15 02:47:03
drg. Dyah Gustinar Savitri,Dokter Gigi,halodoc,"Setiabudi, Jakarta Selatan",,dokter-gigi,2025-06-15 02:47:03
drg. Eka Chintia,Dokter Gigi,Klinik Utama SMC,"Denpasar Timur, Kota Denpasar",,dokter-gigi,2025-06-15 02:47:03
drg. Elisabeth Irenawati,Dokter Gigi,halodoc,"Setiabudi, Jakarta Selatan",,dokter-gigi,2025-06-15 02:47:03
drg. Elva Anjani Novita,Dokter Gigi,Siloam Hospitals Balikpapan,"Balikpapan Selatan, Kota Balikpapan",,dokter-gigi,2025-06-15 02:47:03
drg. Elya Indriati,Dokter Gigi,halodoc,"Setiabudi, Jakarta Selatan",,dokter-gigi,2025-06-15 02:47:03
drg. Emy Purnamawati,Dokter Gigi,drg. Emy Purnamawati,"Alang-Alang Lebar, Kota Palembang",,dokter-gigi,2025-06-15 02:47:03
drg. Endang Narni,Dokter Gigi,halodoc,"Setiabudi, Jakarta Selatan",,dokter-gigi,2025-06-15 02:47:03
"drg. Eravita W. Samil, MHSM",Dokter Gigi,"drg. Eravita W. Samil, MHSM","Enggal, Kota Bandar Lampung",,dokter-gigi,2025-06-15 02:47:06
drg. Erma Gusmayanti,Dokter Gigi,halodoc,"Setiabudi, Jakarta Selatan",,dokter-gigi,2025-06-15 02:47:06
drg. Erni,Dokter Gigi,drg. Erni,"Kebon Jeruk, Jakarta Barat",,dokter-gigi,2025-06-15 02:47:06
drg. Erry Haryati,Dokter Gigi,halodoc,"Setiabudi, Jakarta Selatan",,dokter-gigi,2025-06-15 02:47:06
"drg. Esmond Siagian, Sp. Perio",Dokter Gigi,halodoc,"Setiabudi, Jakarta Selatan",,dokter-gigi,2025-06-15 02:47:06
Dr. drg. Eva Fauziah,Dokter Gigi,Cendrawasih Dental Care,"Pasar Rebo, Jakarta Timur",,dokter-gigi,2025-06-15 02:47:06
"drg. Eva Fauziah,SpKGA(K)",Dokter Gigi,KIDDOZZ FAMILY DENTAL CARE,"Tebet, Jakarta Selatan",,dokter-gigi,2025-06-15 02:47:06
"drg. Eva Jeanne Tj, Sp. Pros",Dokter Gigi,Apotek Kondang Waras,"Pasar Kliwon, Kota Surakarta",,dokter-gigi,2025-06-15 02:47:06
drg. Fahmi Firmansyah,Dokter Gigi,drg. Fahmi Firmansyah,"Ciamis, Kabupaten Ciamis",,dokter-gigi,2025-06-15 02:47:06
drg. Faradilla Ayu Putriana,Dokter Gigi,halodoc,"Setiabudi, Jakarta Selatan",,dokter-gigi,2025-06-15 02:47:06
drg. Farah Kholidah,Dokter Gigi,halodoc,"Setiabudi, Jakarta Selatan",,dokter-gigi,2025-06-15 02:47:08
drg. Fathia Agzarine deandra Sp.Perio,Dokter Gigi,halodoc,"Setiabudi, Jakarta Selatan",,dokter-gigi,2025-06-15 02:47:08
drg. Fransiska U A Panjaitan Sp. Perio,Dokter Gigi,drg. Fransiska U A Panjaitan Sp. Perio,"Banjarmasin Selatan, Kota Banjarmasin",,dokter-gigi,2025-06-15 02:47:08
drg. Gisca Lukita Wardhani,Dokter Gigi,FIRGIZ AESTHETIC DENTAL CARE,"Cibinong, Kabupaten Bogor",,dokter-gigi,2025-06-15 02:47:08
"drg. Gostry Aldica Dohude, SpBM",Dokter Gigi,halodoc,"Setiabudi, Jakarta Selatan",,dokter-gigi,2025-06-15 02:47:08
"drg. Hafib Adifaizal, SpKG",Dokter Gigi,halodoc,"Setiabudi, Jakarta Selatan",,dokter-gigi,2025-06-15 02:47:08
"drg. Handy Wiratama Hartono, Sp.KGA",Dokter Gigi,"drg. Handy Wiratama Hartono, Sp.KGA","Cempaka Putih, Jakarta Pusat",,dokter-gigi,2025-06-15 02:47:08
drg. Hani Rahmawati,Dokter Gigi,halodoc,"Setiabudi, Jakarta Selatan",,dokter-gigi,2025-06-15 02:47:08
drg. Hani Rahmawati,Dokter Gigi,halodoc,"Setiabudi, Jakarta Selatan",,dokter-gigi,2025-06-15 02:47:08
drg. Hanora Clista,Dokter Gigi,halodoc,"Setiabudi, Jakarta Selatan",,dokter-gigi,2025-06-15 02:47:08
drg. Haura Alya Rachmah,Dokter Gigi,0,"Bekasi Selatan, Bekasi",,dokter-gigi,2025-06-15 02:47:11
drg. Hazriani,Dokter Gigi,halodoc,"Setiabudi, Jakarta Selatan",,dokter-gigi,2025-06-15 02:47:11
drg. Henny Novianti,Dokter Gigi,drg. Henny Novianti,"Waru, Kabupaten Sidoarjo",,dokter-gigi,2025-06-15 02:47:11
"drg. I Gusti Ayu Ratih Utari Mayun, Sp.Pros",Dokter Gigi,halodoc,"Setiabudi, Jakarta Selatan",,dokter-gigi,2025-06-15 02:47:11
drg. I Putu Visnu,Dokter Gigi,halodoc,"Setiabudi, Jakarta Selatan",,dokter-gigi,2025-06-15 02:47:11
drg. Imelda M.W,Dokter Gigi,halodoc,"Setiabudi, Jakarta Selatan",,dokter-gigi,2025-06-15 02:47:11
drg. Indhi Chintya Amartha,Dokter Gigi,halodoc,"Setiabudi, Jakarta Selatan",,dokter-gigi,2025-06-15 02:47:11
drg. Intan Triatmaja Kusumawati,Dokter Gigi,drg. Intan Triatmaja Kusumawati,"Cempaka Putih, Jakarta Pusat",,dokter-gigi,2025-06-15 02:47:11
drg. Intan Winari (R)KGA,Dokter Gigi,halodoc,"Setiabudi, Jakarta Selatan",,dokter-gigi,2025-06-15 02:47:11
drg. Ismar Laila,Dokter Gigi,0,"Bekasi Selatan, Bekasi",,dokter-gigi,2025-06-15 02:47:11
drg. Kamila Febrian,Dokter Gigi,halodoc,"Setiabudi, Jakarta Selatan",,dokter-gigi,2025-06-15 02:47:13
drg. Kamila Febrian,Dokter Gigi,halodoc,"Setiabudi, Jakarta Selatan",,dokter-gigi,2025-06-15 02:47:13
drg. Lila Fairuz,Dokter Gigi,0,"Bekasi Selatan, Bekasi",,dokter-gigi,2025-06-15 02:47:13
drg. Mahira Aviandiva,Dokter Gigi,halodoc,"Setiabudi, Jakarta Selatan",,dokter-gigi,2025-06-15 02:47:13
drg. Manindya Ajeng Prameswari,Dokter Gigi,halodoc,"Setiabudi, Jakarta Selatan",,dokter-gigi,2025-06-15 02:47:13
drg. Marcella Giovanni Gunawan,Dokter Gigi,halodoc,"Setiabudi, Jakarta Selatan",,dokter-gigi,2025-06-15 02:47:13
"drg. Maria Priscilla, SP.KG",Dokter Gigi,0,"Bekasi Selatan, Bekasi",,dokter-gigi,2025-06-15 02:47:13
drg. Meil Yusra,Dokter Gigi,halodoc,"Setiabudi, Jakarta Selatan",,dokter-gigi,2025-06-15 02:47:13
drg. Mirah Purwanti,Dokter Gigi,halodoc,"Setiabudi, Jakarta Selatan",,dokter-gigi,2025-06-15 02:47:13
"drg. Muliater Sinaga, MM",Dokter Gigi,"drg. Muliater Sinaga, MM","Cempaka Putih, Jakarta Pusat",,dokter-gigi,2025-06-15 02:47:13
"drg. Multi.J. Bhataraendro, MPPM",Dokter Gigi,"drg. Multi.J. Bhataraendro, MPPM","Pontianak Barat, Kota Pontianak",,dokter-gigi,2025-06-15 02:47:16
drg. Nadia Fitri Syarifa,Dokter Gigi,halodoc,"Setiabudi, Jakarta Selatan",,dokter-gigi,2025-06-15 02:47:16
drg. Nadya Alifah Syahra,Dokter Gigi,halodoc,"Setiabudi, Jakarta Selatan",,dokter-gigi,2025-06-15 02:47:16
drg. Nanik Ismawati,Dokter Gigi,Praktik Mandiri drg. Nanik Ismawati,"Banguntapan, Kabupaten Bantul",,dokter-gigi,2025-06-15 02:47:16
"drg. Nike Puspawidjaja, Sp.KG",Dokter Gigi,halodoc,"Setiabudi, Jakarta Selatan",,dokter-gigi,2025-06-15 02:47:16
drg. Niki Putri Irianti,Dokter Gigi,0,"Bekasi Selatan, Bekasi",,dokter-gigi,2025-06-15 02:47:16
drg. Nur Azizah,Dokter Gigi,halodoc,"Setiabudi, Jakarta Selatan",,dokter-gigi,2025-06-15 02:47:16
drg. Nursyamsiah,Dokter Gigi,halodoc,"Setiabudi, Jakarta Selatan",,dokter-gigi,2025-06-15 02:47:16
drg. Puja Dies Farikhah,Dokter Gigi,halodoc,"Setiabudi, Jakarta Selatan",,dokter-gigi,2025-06-15 02:47:16
drg. Qurrotul Aini,Dokter Gigi,halodoc,"Setiabudi, Jakarta Selatan",,dokter-gigi,2025-06-15 02:47:16
drg. R. Nisayu Putri Ariandini,Dokter Gigi,halodoc,"Setiabudi, Jakarta Selatan",,dokter-gigi,2025-06-15 02:47:18
drg. Rachmawati Ismail,Dokter Gigi,halodoc,"Setiabudi, Jakarta Selatan",,dokter-gigi,2025-06-15 02:47:18
drg. Rachmawati Ismail,Dokter Gigi,halodoc,"Setiabudi, Jakarta Selatan",,dokter-gigi,2025-06-15 02:47:18
drg. Ranty Aprisla,Dokter Gigi,halodoc,"Setiabudi, Jakarta Selatan",,dokter-gigi,2025-06-15 02:47:18
drg. Renta Frianty Sp.Ort,Dokter Gigi,drg. Renta Frianty Sp.Ort,"Duren Sawit, Jakarta Timur",,dokter-gigi,2025-06-15 02:47:18
drg. Resky MustafaM KEs Sp.RKG,Dokter Gigi,halodoc,"Setiabudi, Jakarta Selatan",,dokter-gigi,2025-06-15 02:47:18
drg. Ria Aryani Hayuningtyas,Dokter Gigi,halodoc,"Setiabudi, Jakarta Selatan",,dokter-gigi,2025-06-15 02:47:18
drg. Rina Rospita,Dokter Gigi,Praktek drg. Rina Rospita,"Nanggalo, Kota Padang",,dokter-gigi,2025-06-15 02:47:18
drg. Risma Rivayani,Dokter Gigi,halodoc,"Setiabudi, Jakarta Selatan",,dokter-gigi,2025-06-15 02:47:18
drg. Ristuti,Dokter Gigi,halodoc,"Setiabudi, Jakarta Selatan",,dokter-gigi,2025-06-15 02:47:18
drg. Rizka Indah Permata,Dokter Gigi,Klinik Limo Medicare,"Pancoran Mas, Depok",,dokter-gigi,2025-06-15 02:47:21
drg. drg. Rizki Amalia Nasution,Dokter Gigi,drg. Rizki Amalia Nasution,"Cilodong, Depok",,dokter-gigi,2025-06-15 02:47:21
drg. Ronal Sp.BM,Dokter Gigi,halodoc,"Setiabudi, Jakarta Selatan",,dokter-gigi,2025-06-15 02:47:21
drg. Rosa Novetty Hutagalung,Dokter Gigi,drg. Rosa Dental CLinic,"Medan Kota, Kota Medan",,dokter-gigi,2025-06-15 02:47:21
drg. Ruth Marina,Dokter Gigi,Klinik Utama Aji Waras.,"Cilandak, Jakarta Selatan",,dokter-gigi,2025-06-15 02:47:21
drg. Safira Faris,Dokter Gigi,halodoc,"Setiabudi, Jakarta Selatan",,dokter-gigi,2025-06-15 02:47:21
"drg. Sari Dewiyani, Sp KG",Dokter Gigi,0,"Bekasi Selatan, Bekasi",,dokter-gigi,2025-06-15 02:47:21
drg. Selli Reviona,Dokter Gigi,halodoc,"Setiabudi, Jakarta Selatan",,dokter-gigi,2025-06-15 02:47:21
drg. Selly Patawulandan,Dokter Gigi,"drg. Selly Patawulandari, Sp.KGA","Plumbon, Kabupaten Cirebon",,dokter-gigi,2025-06-15 02:47:21
"drg. Selly Patawulandari, Sp.KGA",Dokter Gigi,"drg. Selly Patawulandari, Sp.KGA","Plumbon, Kabupaten Cirebon",,dokter-gigi,2025-06-15 02:47:21
drg. Shalawati,Dokter Gigi,drg. Shalawati,"Kebayoran Baru, Jakarta Selatan",,dokter-gigi,2025-06-15 02:47:23
drg. Silviana Damayanti,Dokter Gigi,halodoc,"Setiabudi, Jakarta Selatan",,dokter-gigi,2025-06-15 02:47:23
drg. Siti Masitoh,Dokter Gigi,halodoc,"Setiabudi, Jakarta Selatan",,dokter-gigi,2025-06-15 02:47:23
drg. Sonia Suhartono,Dokter Gigi,halodoc,"Setiabudi, Jakarta Selatan",,dokter-gigi,2025-06-15 02:47:23
drg. Sri Handayanti,Dokter Gigi,halodoc,"Setiabudi, Jakarta Selatan",,dokter-gigi,2025-06-15 02:47:23
drg. Swanty Koswara,Dokter Gigi,Dokter Gigi Swanty Koswara,"Lengkong, Kota Bandung",,dokter-gigi,2025-06-15 02:47:23
Dr. drg. Sylvia Yuanita MM,Dokter Gigi,Drg. Sylvia Yuanita,"Banjarmasin Tengah, Kota Banjarmasin",,dokter-gigi,2025-06-15 02:47:23
drg. Talitha Tiffany,Dokter Gigi,halodoc,"Setiabudi, Jakarta Selatan",,dokter-gigi,2025-06-15 02:47:23
"drg. Thea Estetika, MM",Dokter Gigi,halodoc,"Setiabudi, Jakarta Selatan",,dokter-gigi,2025-06-15 02:47:23
drg. Timotius,Dokter Gigi,halodoc,"Setiabudi, Jakarta Selatan",,dokter-gigi,2025-06-15 02:47:23
drg. Vivin Ariestania Sp.PROS,Dokter Gigi,drg. Vivin Ariestania Sp.PROS,"Tegalsari, Kota Surabaya",,dokter-gigi,2025-06-15 02:47:26
drg. Weliam Wiharja,Dokter Gigi,halodoc,"Setiabudi, Jakarta Selatan",,dokter-gigi,2025-06-15 02:47:26
"drg. Yetty Honest, Sp.KG",Dokter Gigi,"drg. Yetty Honest, Sp.KG","Mulyorejo, Kota Surabaya",,dokter-gigi,2025-06-15 02:47:26
drg. Yulmia Fatihah,Dokter Gigi,halodoc,"Setiabudi, Jakarta Selatan",,dokter-gigi,2025-06-15 02:47:26
drg. Yusnita Tahir,Dokter Gigi,halodoc,"Setiabudi, Jakarta Selatan",,dokter-gigi,2025-06-15 02:47:26
dr. drg. Zakarias Roy kantohe,Dokter Gigi,drg. Zakarias Roy kantohe,"Kota Tengah, Kota Gorontalo",,dokter-gigi,2025-06-15 02:47:26
drg. moch ikhwanul Mirza,Dokter Gigi,Klinik Pratama Khadijah,"Arongan Lambalek, Kabupaten Aceh Barat",,dokter-gigi,2025-06-15 02:47:26
drg. prastiwi setyaningtias,Dokter Gigi,halodoc,"Setiabudi, Jakarta Selatan",,dokter-gigi,2025-06-15 02:47:26
drg. surya atmajaya,Dokter Gigi,Halodoc Teleconsultation,"Setiabudi, Jakarta Selatan",,dokter-gigi,2025-06-15 02:47:26
drg.Putri Yuniarsih Pauntu,Dokter Gigi,halodoc,"Setiabudi, Jakarta Selatan",,dokter-gigi,2025-06-15 02:47:26
drg.Winda Puspitasari Sp.KGA,Dokter Gigi,halodoc,"Setiabudi, Jakarta Selatan",,dokter-gigi,2025-06-15 02:47:28
drg.Zemi Puspitasari,Dokter Gigi,drg.Zemi Puspitasari,"Bogor Barat, Bogor",,dokter-gigi,2025-06-15 02:47:28
drrg Kintani Ariffa Putri,Dokter Gigi,RSUD Khidmat Sehat Afiat (KiSA) Kota Depok,"Sawangan, Depok",,dokter-gigi,2025-06-15 02:47:28
drs I Putu May Krishna P,Dokter Gigi,APOTIK AL MA'SOEM,"Tanah Abang, Jakarta Pusat",,dokter-gigi,2025-06-15 02:47:28
Drg. ester Jonatan J,Dokter Gigi,KLINIK PRATAMA ELIM,"Andir, Kota Bandung",,dokter-gigi,2025-06-15 02:47:28
drg. ester jonatan,Dokter Gigi,KLINIK PRATAMA ELIM,"Andir, Kota Bandung",,dokter-gigi,2025-06-15 02:47:28
drg firda kafillah,Dokter Gigi,Efka Dental Clinic,"Jatiasih, Bekasi",,dokter-gigi,2025-06-15 02:47:28
"drg. lva Permatasari, Sp.KGA",Dokter Gigi,halodoc,"Setiabudi, Jakarta Selatan",,dokter-gigi,2025-06-15 02:47:28
drg. lwan Ahmad Musnamirwan Sp.KGA,Dokter Gigi,halodoc,"Setiabudi, Jakarta Selatan",,dokter-gigi,2025-06-15 02:47:28
drg. richard adisasmita,Dokter Gigi,Drg richard adisasmita,"Tambun Selatan, Kabupaten Bekasi",,dokter-gigi,2025-06-15 02:47:28
