name,speciality,hospital,city,img,slug,timestamp
Dr. ANITA D ANWAR Sp OG,Sp. Kandungan & Kebidanan,RSIA Limijati,"Bandung Wetan, Kota Bandung",,obstetrics-and-gynecologist,2025-06-15 09:18:04
dr. Abdul Samad Sp.OG,Sp. Kandungan & Kebidanan,RSIA Vitalaya,"Pamulang, Tangerang Selatan",,obstetrics-and-gynecologist,2025-06-15 09:18:04
"dr. Adhitya Indrapala, SpOG M.Kes",Sp. Kandungan & Kebidanan,Siloam Hospitals Lippo Cikarang,"Cikarang Selatan, Kabupaten Bekasi",,obstetrics-and-gynecologist,2025-06-15 09:18:04
"dr. Adhitya Indrapraja, Sp.OG",Sp. Kandungan & Kebidanan,Siloam Hospitals Lippo Cikarang,"Cikarang Selatan, Kabupaten Bekasi",https://d1ojs48v3n42tp.cloudfront.net/personnels/290806_23-6-2022_15-46-56.jpeg,obstetrics-and-gynecologist,2025-06-15 09:18:04
dr. Adhitya Indraprja SpOG M.Kes,Sp. Kandungan & Kebidanan,Siloam Hospitals Lippo Cikarang,"Cikarang Selatan, Kabupaten Bekasi",,obstetrics-and-gynecologist,2025-06-15 09:18:04
"dr. Adnan Abadi, Sp.OG-KFER",Sp. Kandungan & Kebidanan,Siloam Hospitals Sriwijaya Palembang,"Ilir Barat I, Kota Palembang",https://d1ojs48v3n42tp.cloudfront.net/personnels/181599_26-8-2020_22-31-14.png,obstetrics-and-gynecologist,2025-06-15 09:18:04
"dr. Adrian Setiawan, Sp.OG",Sp. Kandungan & Kebidanan,Siloam Hospitals Kebon Jeruk,"Kebon Jeruk, Jakarta Barat",https://d1ojs48v3n42tp.cloudfront.net/personnels/773606_18-4-2022_10-54-56.png,obstetrics-and-gynecologist,2025-06-15 09:18:04
dr. Agebrina Satolom Sp. OG,Sp. Kandungan & Kebidanan,Siloam Hospitals Lippo Cikarang,"Cikarang Selatan, Kabupaten Bekasi",,obstetrics-and-gynecologist,2025-06-15 09:18:04
"dr. Agebrina Satolom, Sp.OG",Sp. Kandungan & Kebidanan,Siloam Hospitals Lippo Cikarang,"Cikarang Selatan, Kabupaten Bekasi",https://d1ojs48v3n42tp.cloudfront.net/personnels/692836_23-6-2022_15-38-44.jpeg,obstetrics-and-gynecologist,2025-06-15 09:18:04
Dr. Agnes Imelda,Sp. Kandungan & Kebidanan,RS Restu Ibu Balikpapan,"Balikpapan Tengah, Kota Balikpapan",,obstetrics-and-gynecologist,2025-06-15 09:18:04
Dr. Agriana Puspitasari Sp. O. G,Sp. Kandungan & Kebidanan,RS Pondok Indah - Bintaro Jaya,"Pondok Aren, Tangerang Selatan",,obstetrics-and-gynecologist,2025-06-15 09:18:07
"Agriana Puspitasari, dr. Sp.OG",Sp. Kandungan & Kebidanan,RS Pondok Indah - Bintaro Jaya,"Pondok Aren, Tangerang Selatan",,obstetrics-and-gynecologist,2025-06-15 09:18:07
dr Agung Sari Wijayanti Sp. OG,Sp. Kandungan & Kebidanan,RSU Islam Klaten,"Klaten Utara, Kab Klaten",,obstetrics-and-gynecologist,2025-06-15 09:18:07
dr. Agung Witjaksono Sp.OG,Sp. Kandungan & Kebidanan,Siloam Hospitals ASRI,"Pancoran, Jakarta Selatan",https://d1ojs48v3n42tp.cloudfront.net/personnels/511261_31-10-2022_14-28-31.png,obstetrics-and-gynecologist,2025-06-15 09:18:07
dr. Agus Heriyanto Sp.OG,Sp. Kandungan & Kebidanan,Promptus Women and Children Clinic,"Serpong, Tangerang Selatan",,obstetrics-and-gynecologist,2025-06-15 09:18:07
"dr. Agustinus Gatot Suwarna Hadiwijana, Sp.OG",Sp. Kandungan & Kebidanan,RS Mitra Keluarga Bekasi,"Bekasi Selatan, Bekasi",https://d1ojs48v3n42tp.cloudfront.net/personnels/202076_14-12-2022_18-2-47.jpeg,obstetrics-and-gynecologist,2025-06-15 09:18:07
dr. Agustinus Gusti Sp.OG,Sp. Kandungan & Kebidanan,Siloam Hospitals Labuan Bajo,"Komodo, Kabupaten Manggarai Barat",https://d1ojs48v3n42tp.cloudfront.net/personnels/613524_13-12-2022_15-19-40.png,obstetrics-and-gynecologist,2025-06-15 09:18:07
"dr. Aida Riyanti, Sp.OG, M.RepSc",Sp. Kandungan & Kebidanan,Siloam Hospitals TB Simatupang,"Cilandak, Jakarta Selatan",https://d1ojs48v3n42tp.cloudfront.net/personnels/229288_22-9-2020_13-9-41.png,obstetrics-and-gynecologist,2025-06-15 09:18:07
"dr. Albert Doloksaribu, Sp.OG",Sp. Kandungan & Kebidanan,RS Bina Husada,"Cibinong, Kabupaten Bogor",https://d1ojs48v3n42tp.cloudfront.net/personnels/826272_14-12-2022_16-48-3.png,obstetrics-and-gynecologist,2025-06-15 09:18:07
"dr. Alexandra Maria Darmaseputra Ridjab, Sp.OG",Sp. Kandungan & Kebidanan,Siloam Hospitals Kebon Jeruk,"Kebon Jeruk, Jakarta Barat",https://d1ojs48v3n42tp.cloudfront.net/personnels/77966_18-4-2022_10-55-45.png,obstetrics-and-gynecologist,2025-06-15 09:18:07
"dr. Alexy Oktoman Djohansjah, Sp. OG (K) Onk",Sp. Kandungan & Kebidanan,Siloam Hospitals Lippo Village,"Kelapa Dua, Kabupaten Tangerang",https://d1ojs48v3n42tp.cloudfront.net/personnels/870263_22-6-2022_20-56-32.jpeg,obstetrics-and-gynecologist,2025-06-15 09:18:10
"dr. Ali Mahmud, Sp.OG-KFER",Sp. Kandungan & Kebidanan,Siloam Hospitals Surabaya,"Gubeng, Kota Surabaya",https://d1ojs48v3n42tp.cloudfront.net/personnels/152148_29-11-2022_14-38-24.png,obstetrics-and-gynecologist,2025-06-15 09:18:10
"dr. Aliefatien Asmanuwati, Sp.OG",Sp. Kandungan & Kebidanan,RS Mitra Keluarga Pondok Tjandra,"Waru, Kabupaten Sidoarjo",https://d1ojs48v3n42tp.cloudfront.net/personnels/712191_14-12-2022_14-34-52.jpeg,obstetrics-and-gynecologist,2025-06-15 09:18:10
"dr. Amanda Rumondang, Sp.OG",Sp. Kandungan & Kebidanan,RS Mitra Keluarga Kalideres,"Kalideres, Jakarta Barat",https://d1ojs48v3n42tp.cloudfront.net/personnels/638588_3-2-2022_14-19-22.jpeg,obstetrics-and-gynecologist,2025-06-15 09:18:10
"dr. Amelia Abdullah, Sp.OG",Sp. Kandungan & Kebidanan,RSIA Paramount Makassar,"Rappocini, Kota Makassar",,obstetrics-and-gynecologist,2025-06-15 09:18:10
"dr. Anak Agung Bagus Indra Permadi, M.Biomed., Sp.OG",Sp. Kandungan & Kebidanan,BIMC Hospitals Nusa Dua,"Kuta Selatan, Kabupaten Badung",https://d1ojs48v3n42tp.cloudfront.net/personnels/711332_31-10-2022_11-6-10.png,obstetrics-and-gynecologist,2025-06-15 09:18:10
"dr. Anak Agung Gede Adi Parathama, Sp.OG",Sp. Kandungan & Kebidanan,BIMC Hospitals Nusa Dua,"Kuta Selatan, Kabupaten Badung",https://d1ojs48v3n42tp.cloudfront.net/personnels/436142_31-10-2022_11-54-48.png,obstetrics-and-gynecologist,2025-06-15 09:18:10
dr. Ananda Dewi Pratiwi Sp. OG,Sp. Kandungan & Kebidanan,RSIA Ananda Makassar,"Rappocini, Kota Makassar",,obstetrics-and-gynecologist,2025-06-15 09:18:10
"dr. Andre Viscountie Saputra, Sp.OG, FMAS",Sp. Kandungan & Kebidanan,Siloam Hospitals TB Simatupang,"Cilandak, Jakarta Selatan",https://d1ojs48v3n42tp.cloudfront.net/personnels/210502_24-6-2022_17-48-0.jpeg,obstetrics-and-gynecologist,2025-06-15 09:18:10
Dr. Andry Sp.OG,Sp. Kandungan & Kebidanan,RS Pondok Indah - Bintaro Jaya,"Pondok Aren, Tangerang Selatan",,obstetrics-and-gynecologist,2025-06-15 09:18:10
"dr. Anindia Vidya Desanti, SpOG SpOG",Sp. Kandungan & Kebidanan,RSIA Resti Mulya,"Cakung, Jakarta Timur",,obstetrics-and-gynecologist,2025-06-15 09:18:13
"dr. Anna Theresia Reyna R., Sp OG M.Kes",Sp. Kandungan & Kebidanan,RS Santo Borromeus,"Coblong, Kota Bandung",,obstetrics-and-gynecologist,2025-06-15 09:18:13
dr. Anna Widi Prianita Sp. OG,Sp. Kandungan & Kebidanan,Siloam Hospitals Semarang,"Semarang Selatan, Kota Semarang",,obstetrics-and-gynecologist,2025-06-15 09:18:13
dr. Anna Widi Prianta SpOG,Sp. Kandungan & Kebidanan,Siloam Hospitals Semarang,"Semarang Selatan, Kota Semarang",,obstetrics-and-gynecologist,2025-06-15 09:18:13
"dr. Annamaria Niken Ayu Saraswati, Sp.OG",Sp. Kandungan & Kebidanan,RS Mitra Keluarga Tegal,"Tegal Barat, Kota Tegal",https://d1ojs48v3n42tp.cloudfront.net/personnels/67859_19-12-2022_17-10-33.png,obstetrics-and-gynecologist,2025-06-15 09:18:13
"dr. Antonius Sri Widayanto, Sp.OG",Sp. Kandungan & Kebidanan,Siloam Hospitals Yogyakarta,"Gondokusuman, Kota Yogyakarta",https://d1ojs48v3n42tp.cloudfront.net/personnels/136450_22-12-2022_14-36-16.png,obstetrics-and-gynecologist,2025-06-15 09:18:13
"dr. Antony Atmadja, Sp.OG",Sp. Kandungan & Kebidanan,RS Mitra Keluarga Bekasi,"Bekasi Selatan, Bekasi",,obstetrics-and-gynecologist,2025-06-15 09:18:13
dr. Ardiansjah Dara Sjahruddin Sp OG,Sp. Kandungan & Kebidanan,MRCCC Siloam Hospitals Semanggi,"Setiabudi, Jakarta Selatan",,obstetrics-and-gynecologist,2025-06-15 09:18:13
"dr. Ardiansjah Dara Sjahruddin, Sp.OG, M.Kes, FICS, FESICOG",Sp. Kandungan & Kebidanan,MRCCC Siloam Hospitals Semanggi,"Setiabudi, Jakarta Selatan",,obstetrics-and-gynecologist,2025-06-15 09:18:13
"dr. Arie Andrianus Polim, MSc, DMAS., Sp.OG K-Fer",Sp. Kandungan & Kebidanan,RSKIA Eka Grand Family,"Penjaringan, Jakarta Utara",,obstetrics-and-gynecologist,2025-06-15 09:18:13
"dr. Arief Budiono, Sp.OG",Sp. Kandungan & Kebidanan,RS Immanuel,"Bojongloa Kidul, Kota Bandung",https://d1ojs48v3n42tp.cloudfront.net/personnels/558468_19-5-2021_17-2-23.jpeg,obstetrics-and-gynecologist,2025-06-15 09:18:15
dr. Arief Tunjung Seto Sp. OG,Sp. Kandungan & Kebidanan,RSIA Soerya,"Taman, Kabupaten Sidoarjo",,obstetrics-and-gynecologist,2025-06-15 09:18:15
"dr. Arif Tunjungseto, Sp.OG",Sp. Kandungan & Kebidanan,RS Mitra Keluarga Pondok Tjandra,"Waru, Kabupaten Sidoarjo",https://d1ojs48v3n42tp.cloudfront.net/personnels/121966_14-12-2022_17-17-49.png,obstetrics-and-gynecologist,2025-06-15 09:18:15
"dr. Arina Indriany, Sp.OG",Sp. Kandungan & Kebidanan,Mayapada Hospital Bogor,"Bogor Timur, Bogor",https://d1ojs48v3n42tp.cloudfront.net/personnels/549814_13-12-2022_14-16-45.png,obstetrics-and-gynecologist,2025-06-15 09:18:15
dr. Arini Andriati Sp. OG,Sp. Kandungan & Kebidanan,RSIA Melati Husada,"Klojen, Kota Malang",,obstetrics-and-gynecologist,2025-06-15 09:18:15
DR Ario Bimo Hanggono Sp. OG,Sp. Kandungan & Kebidanan,RS Muhammadiyah Taman Puring,"Kebayoran Baru, Jakarta Selatan",,obstetrics-and-gynecologist,2025-06-15 09:18:15
"dr. Arman Djajakusli, Sp.OG",Sp. Kandungan & Kebidanan,Siloam Hospitals Agora,"Cempaka Putih, Jakarta Pusat",https://d1ojs48v3n42tp.cloudfront.net/personnels/412817_22-12-2022_22-38-52.jpeg,obstetrics-and-gynecologist,2025-06-15 09:18:15
"Dr. dr. Aryani Aziz, Sp.OG-KFM, MARS",Sp. Kandungan & Kebidanan,Siloam Hospitals Sriwijaya Palembang,"Ilir Barat I, Kota Palembang",https://d1ojs48v3n42tp.cloudfront.net/personnels/689370_22-12-2022_17-42-8.jpeg,obstetrics-and-gynecologist,2025-06-15 09:18:15
"dr. Asdaria Tenriabeng Azis Taba, Sp.OG",Sp. Kandungan & Kebidanan,Siloam Hospitals Sriwijaya Palembang,"Ilir Barat I, Kota Palembang",https://d1ojs48v3n42tp.cloudfront.net/personnels/706623_4-5-2021_14-53-29.png,obstetrics-and-gynecologist,2025-06-15 09:18:15
dr. Aspari Novy A Sp.OG,Sp. Kandungan & Kebidanan,RS Restu Ibu Balikpapan,"Balikpapan Tengah, Kota Balikpapan",,obstetrics-and-gynecologist,2025-06-15 09:18:15
dr. Aspian Noor A Sp.OG.,Sp. Kandungan & Kebidanan,RS Restu Ibu Balikpapan,"Balikpapan Tengah, Kota Balikpapan",,obstetrics-and-gynecologist,2025-06-15 09:18:18
dr. Aspian Noor A. Sp.OG.,Sp. Kandungan & Kebidanan,RS Restu Ibu Balikpapan,"Balikpapan Tengah, Kota Balikpapan",,obstetrics-and-gynecologist,2025-06-15 09:18:18
dr. Asplan Noor A Sp.OG.,Sp. Kandungan & Kebidanan,RS Harum Sisma Medika,"Makasar, Jakarta Timur",,obstetrics-and-gynecologist,2025-06-15 09:18:18
"dr. Asril Moeis, Sp.OG",Sp. Kandungan & Kebidanan,Siloam Hospitals Kebon Jeruk,"Kebon Jeruk, Jakarta Barat",https://d1ojs48v3n42tp.cloudfront.net/personnels/474912_30-6-2022_14-14-13.jpeg,obstetrics-and-gynecologist,2025-06-15 09:18:18
"dr. Astri Diah Anandita, Sp.OG-KFM",Sp. Kandungan & Kebidanan,Siloam Hospitals TB Simatupang,"Cilandak, Jakarta Selatan",https://d1ojs48v3n42tp.cloudfront.net/personnels/705070_4-4-2022_14-31-56.png,obstetrics-and-gynecologist,2025-06-15 09:18:18
"dr. Astri Novianti, SpOG",Sp. Kandungan & Kebidanan,RS Permata Kuningan,"Kuningan, Kabupaten Kuningan",,obstetrics-and-gynecologist,2025-06-15 09:18:18
dr. Aswin W Sastrowardoyo Sp.OG,Sp. Kandungan & Kebidanan,RS Puri Cinere,"Cinere, Depok",,obstetrics-and-gynecologist,2025-06-15 09:18:18
Dr. Aswin Wisaksono Sastrowardoyo Sp OG,Sp. Kandungan & Kebidanan,RS Pondok Indah - Pondok Indah,"Kebayoran Lama, Jakarta Selatan",,obstetrics-and-gynecologist,2025-06-15 09:18:18
dr Aswin Wisaksono Sastrowardoyo Sp. OG,Sp. Kandungan & Kebidanan,RS Pondok Indah - Pondok Indah,"Kebayoran Lama, Jakarta Selatan",,obstetrics-and-gynecologist,2025-06-15 09:18:18
"dr. Atik Purwitaningrum , Sp.OG",Sp. Kandungan & Kebidanan,RS Mitra Keluarga Cikarang,"Cikarang Utara, Kabupaten Bekasi",https://d1ojs48v3n42tp.cloudfront.net/personnels/654961_23-4-2025_11-8-18.png,obstetrics-and-gynecologist,2025-06-15 09:18:18
"dr. Aulia Rahman Sp.OG, Msc",Sp. Kandungan & Kebidanan,Mayapada Hospital Surabaya,"Sawahan, Kota Surabaya",https://d1ojs48v3n42tp.cloudfront.net/personnels/626383_13-12-2022_14-57-24.jpeg,obstetrics-and-gynecologist,2025-06-15 09:18:21
dr. Ayu Wityasti W Sp. OG,Sp. Kandungan & Kebidanan,RSKIA Sadewa,"Kecamatan Depok, Kabupaten Sleman",,obstetrics-and-gynecologist,2025-06-15 09:18:21
dr. Bambang Binalawan Sp.OG,Sp. Kandungan & Kebidanan,RS Harapan Bunda Jakarta,"Ciracas, Jakarta Timur",,obstetrics-and-gynecologist,2025-06-15 09:18:21
"Dr. dr. Bambang Dwipoyono, Sp.OG",Sp. Kandungan & Kebidanan,MRCCC Siloam Hospitals Semanggi,"Setiabudi, Jakarta Selatan",https://d1ojs48v3n42tp.cloudfront.net/personnels/527118_23-6-2022_15-11-13.jpeg,obstetrics-and-gynecologist,2025-06-15 09:18:21
Dr. Bambang Priyambodo Sp. OG,Sp. Kandungan & Kebidanan,RS Ken Saras,"Bergas, Kabupaten Semarang",,obstetrics-and-gynecologist,2025-06-15 09:18:21
Bayu Indrayana Sp.OG,Sp. Kandungan & Kebidanan,RS Santo Yusup,"Cibeunying Kidul, Kota Bandung",,obstetrics-and-gynecologist,2025-06-15 09:18:21
"dr. Benediktus Arifin, Sp.OG (K), MD, MPH, FICS",Sp. Kandungan & Kebidanan,RS Mitra Keluarga Kenjeran,"Mulyorejo, Kota Surabaya",https://d1ojs48v3n42tp.cloudfront.net/personnels/269636_7-6-2022_15-41-21.jpeg,obstetrics-and-gynecologist,2025-06-15 09:18:21
dr. Benny Johan Marpaung Sp. OG,Sp. Kandungan & Kebidanan,Prime Care Clinic Panglima Polim,"Kebayoran Baru, Jakarta Selatan",,obstetrics-and-gynecologist,2025-06-15 09:18:21
dr. Benny Johan Marpaung Sp. OG,Sp. Kandungan & Kebidanan,Prime Care Clinic Panglima Polim,"Kebayoran Baru, Jakarta Selatan",,obstetrics-and-gynecologist,2025-06-15 09:18:21
"dr. Birama Robby Indraprasta, Sp.OG",Sp. Kandungan & Kebidanan,RS Mitra Keluarga Kenjeran,"Mulyorejo, Kota Surabaya",https://d1ojs48v3n42tp.cloudfront.net/personnels/229963_20-7-2022_16-37-54.png,obstetrics-and-gynecologist,2025-06-15 09:18:21
"dr. Bismarck Joel Laihad, Sp.OG (K)",Sp. Kandungan & Kebidanan,Siloam Hospitals Manado,"Wenang, Kota Manado",https://d1ojs48v3n42tp.cloudfront.net/personnels/583441_4-5-2021_16-22-13.png,obstetrics-and-gynecologist,2025-06-15 09:18:23
dr. Boy Abidin Sp.OG (K),Sp. Kandungan & Kebidanan,RS Mitra Keluarga Kelapa Gading,"Kelapa Gading, Jakarta Utara",,obstetrics-and-gynecologist,2025-06-15 09:18:23
"dr. Boy Abidin, Sp.OG (K)",Sp. Kandungan & Kebidanan,RS Mitra Keluarga Kelapa Gading,"Kelapa Gading, Jakarta Utara",https://d1ojs48v3n42tp.cloudfront.net/personnels/686675_11-4-2022_11-42-57.png,obstetrics-and-gynecologist,2025-06-15 09:18:23
Dr. Bramundito Sp OG,Sp. Kandungan & Kebidanan,RS Pondok Indah - Pondok Indah,"Kebayoran Lama, Jakarta Selatan",,obstetrics-and-gynecologist,2025-06-15 09:18:23
dr. Budi Mulyana Sp OG,Sp. Kandungan & Kebidanan,RSIA Budhi Mulia,"Marpoyan Damai, Kota Pekanbaru",,obstetrics-and-gynecologist,2025-06-15 09:18:23
dr. Budi Mulyana Sp OG,Sp. Kandungan & Kebidanan,RSIA Budhi Mulia,"Marpoyan Damai, Kota Pekanbaru",,obstetrics-and-gynecologist,2025-06-15 09:18:23
dr. Budi Nuryama Sp.OG,Sp. Kandungan & Kebidanan,RSIA Budhi Mulia,"Marpoyan Damai, Kota Pekanbaru",,obstetrics-and-gynecologist,2025-06-15 09:18:23
dr. Budi Sp.Og,Sp. Kandungan & Kebidanan,Klinik Telagasari,"Talagasari, Kabupaten Karawang",,obstetrics-and-gynecologist,2025-06-15 09:18:23
dr. Budiyanto Abdul R. Sp. OG,Sp. Kandungan & Kebidanan,RS Lira Medika,"Karawang Timur, Kabupaten Karawang",,obstetrics-and-gynecologist,2025-06-15 09:18:23
"dr. Budyantoro Dwi Atmono, Sp.OG (K)",Sp. Kandungan & Kebidanan,Siloam Hospitals Jember,"Kaliwates, Kabupaten Jember",https://d1ojs48v3n42tp.cloudfront.net/personnels/332562_28-3-2023_19-59-20.jpeg,obstetrics-and-gynecologist,2025-06-15 09:18:23
"dr. C. Herawati Sri Ratna Dewi, Sp.OG",Sp. Kandungan & Kebidanan,Siloam Hospitals Lippo Village,"Kelapa Dua, Kabupaten Tangerang",https://d1ojs48v3n42tp.cloudfront.net/personnels/447134_24-3-2022_16-3-22.png,obstetrics-and-gynecologist,2025-06-15 09:18:26
Dr. Carmellia Sp. OG,Sp. Kandungan & Kebidanan,RS PIK,"Penjaringan, Jakarta Utara",,obstetrics-and-gynecologist,2025-06-15 09:18:26
"dr. Chandra Mahyuddin, Sp.OG",Sp. Kandungan & Kebidanan,Siloam Hospitals Sriwijaya Palembang,"Ilir Barat I, Kota Palembang",https://d1ojs48v3n42tp.cloudfront.net/personnels/174238_23-12-2022_14-14-33.jpeg,obstetrics-and-gynecologist,2025-06-15 09:18:26
"dr. Choery Novitasari, Sp.OG",Sp. Kandungan & Kebidanan,Siloam Hospitals Lippo Cikarang,"Cikarang Selatan, Kabupaten Bekasi",https://d1ojs48v3n42tp.cloudfront.net/personnels/755691_23-6-2022_15-38-13.jpeg,obstetrics-and-gynecologist,2025-06-15 09:18:26
"dr. Chrisdiono Meinardhy Achadiat, Sp.OG",Sp. Kandungan & Kebidanan,RS Mitra Keluarga Bekasi Timur,"Bekasi Timur, Bekasi",https://d1ojs48v3n42tp.cloudfront.net/personnels/511258_14-12-2022_14-37-54.png,obstetrics-and-gynecologist,2025-06-15 09:18:26
"dr. Christian Sastra, Sp.OG",Sp. Kandungan & Kebidanan,RS Bina Husada,"Cibinong, Kabupaten Bogor",https://d1ojs48v3n42tp.cloudfront.net/personnels/437680_8-12-2022_10-40-12.png,obstetrics-and-gynecologist,2025-06-15 09:18:26
"dr. Christin Wigin Hia, Sp.OG., M.Kes",Sp. Kandungan & Kebidanan,RS Mitra Keluarga Gading Serpong,"Pagedangan, Kabupaten Tangerang",https://d1ojs48v3n42tp.cloudfront.net/personnels/404970_11-4-2022_10-55-58.jpeg,obstetrics-and-gynecologist,2025-06-15 09:18:26
"dr. Citra Dewi, Sp.OG",Sp. Kandungan & Kebidanan,Siloam Hospitals Agora,"Cempaka Putih, Jakarta Pusat",https://d1ojs48v3n42tp.cloudfront.net/personnels/53360_13-12-2022_15-32-11.png,obstetrics-and-gynecologist,2025-06-15 09:18:26
DR JAYANTHI KAREN A/P SOKALINGAM,Sp. Kandungan & Kebidanan,Island Hospital Penang,"Mampang Prapatan, Jakarta Selatan",,obstetrics-and-gynecologist,2025-06-15 09:18:26
"dr. Dachrial Daud, Sp.OG",Sp. Kandungan & Kebidanan,Siloam Hospitals Lippo Village,"Kelapa Dua, Kabupaten Tangerang",https://d1ojs48v3n42tp.cloudfront.net/personnels/806382_24-3-2022_16-4-17.png,obstetrics-and-gynecologist,2025-06-15 09:18:26
"dr. Dahlia, Sp.OG",Sp. Kandungan & Kebidanan,Siloam Hospitals Mataram,"Mataram, Kota Mataram",https://d1ojs48v3n42tp.cloudfront.net/personnels/156434_24-3-2023_13-17-39.jpeg,obstetrics-and-gynecologist,2025-06-15 09:18:28
"dr. Damayanti Eka Fransiska Malau, Sp.OG",Sp. Kandungan & Kebidanan,Siloam Hospitals Jambi,"Jambi Selatan, Kota Jambi",https://d1ojs48v3n42tp.cloudfront.net/personnels/784690_14-6-2022_17-19-22.jpeg,obstetrics-and-gynecologist,2025-06-15 09:18:28
dr. Danny Wiguna Sp.OG,Sp. Kandungan & Kebidanan,Siloam Hospitals Yogyakarta,"Gondokusuman, Kota Yogyakarta",https://d1ojs48v3n42tp.cloudfront.net/personnels/579463_8-12-2022_15-23-24.png,obstetrics-and-gynecologist,2025-06-15 09:18:28
"dr. Danu Lestariyanto, Sp.OG",Sp. Kandungan & Kebidanan,RSU Syubbanul Wathon,"Pakis, Kabupaten Magelang",https://d1ojs48v3n42tp.cloudfront.net/personnels/868175_26-12-2022_14-38-50.jpeg,obstetrics-and-gynecologist,2025-06-15 09:18:28
"dr. Data Angkasa, Sp.OG",Sp. Kandungan & Kebidanan,RS Mitra Keluarga Bekasi Timur,"Bekasi Timur, Bekasi",https://d1ojs48v3n42tp.cloudfront.net/personnels/204619_14-12-2022_14-36-28.jpeg,obstetrics-and-gynecologist,2025-06-15 09:18:28
"dr. Daud Kristianto, Sp.OG",Sp. Kandungan & Kebidanan,Mayapada Hospital Bogor,"Bogor Timur, Bogor",https://d1ojs48v3n42tp.cloudfront.net/personnels/681931_13-12-2022_10-39-10.jpeg,obstetrics-and-gynecologist,2025-06-15 09:18:28
dr. Desty Putri Kristianingesti Sp.OG,Sp. Kandungan & Kebidanan,RS Mitra Keluarga Kemayoran,"Kemayoran, Jakarta Pusat",https://d1ojs48v3n42tp.cloudfront.net/personnels/442497_1-11-2024_16-6-57.png,obstetrics-and-gynecologist,2025-06-15 09:18:28
dr. Devi Resnia Vistari Sp.og,Sp. Kandungan & Kebidanan,RSIA Selasih Medika,"Bekasi Barat, Bekasi",,obstetrics-and-gynecologist,2025-06-15 09:18:28
dr. Dewa Nyoman Nurharta SpOG,Sp. Kandungan & Kebidanan,RSU Dharma Kerti,"Tabanan, Kabupaten Tabanan",,obstetrics-and-gynecologist,2025-06-15 09:18:28
dr. Dewanto O.K Sp.OG,Sp. Kandungan & Kebidanan,RSIA Permata Hati Kudus,"Kota Kudus, Kabupaten Kudus",,obstetrics-and-gynecologist,2025-06-15 09:18:28
dr. Dewi Angg Rembulan Sp OG,Sp. Kandungan & Kebidanan,RS Mitra Keluarga Bekasi,"Bekasi Selatan, Bekasi",,obstetrics-and-gynecologist,2025-06-15 09:18:31
"dr. Dewi Hana Kesumawati, Sp.OG",Sp. Kandungan & Kebidanan,Mayapada Hospital Kuningan,"Setiabudi, Jakarta Selatan",https://d1ojs48v3n42tp.cloudfront.net/personnels/662176_13-12-2022_13-52-18.jpeg,obstetrics-and-gynecologist,2025-06-15 09:18:31
dr. Dewi Kooskuniawati Sp.OG,Sp. Kandungan & Kebidanan,RSU Hasanah Graha Afiah,"Sukmajaya, Depok",,obstetrics-and-gynecologist,2025-06-15 09:18:31
dr. Dewi Setyawati Sp.OG,Sp. Kandungan & Kebidanan,RS Indriati Boyolali,"Mojosongo, Kabupaten Boyolali",,obstetrics-and-gynecologist,2025-06-15 09:18:31
dr Dian Ambarwati Sp. OG,Sp. Kandungan & Kebidanan,RS Islam Bogor,"Tanah Sareal, Bogor",,obstetrics-and-gynecologist,2025-06-15 09:18:31
"dr. Dian Burhansah , Sp.OG",Sp. Kandungan & Kebidanan,RS Mitra Keluarga Bekasi Timur,"Bekasi Timur, Bekasi",https://d1ojs48v3n42tp.cloudfront.net/personnels/157534_30-4-2025_14-33-3.png,obstetrics-and-gynecologist,2025-06-15 09:18:31
"dr. Diana Mauria Ratna Asih, Sp.OG",Sp. Kandungan & Kebidanan,Mayapada Hospital Kuningan,"Setiabudi, Jakarta Selatan",https://d1ojs48v3n42tp.cloudfront.net/personnels/190678_4-4-2023_22-54-1.jpeg,obstetrics-and-gynecologist,2025-06-15 09:18:31
"dr. Diana Suyono, Sp.OG",Sp. Kandungan & Kebidanan,RS Mitra Keluarga Surabaya,"Sukomanunggal, Kota Surabaya",https://d1ojs48v3n42tp.cloudfront.net/personnels/166915_24-12-2022_10-49-56.png,obstetrics-and-gynecologist,2025-06-15 09:18:31
dr Dimas Radityo Yohakim Sp.OG,Sp. Kandungan & Kebidanan,RS Jakarta,"Setiabudi, Jakarta Selatan",,obstetrics-and-gynecologist,2025-06-15 09:18:31
dr. Dintardi Nuraeni Sp. OG,Sp. Kandungan & Kebidanan,Mitrasana Kelapa Gading,"Kelapa Gading, Jakarta Utara",,obstetrics-and-gynecologist,2025-06-15 09:18:31
dr. Djoko Moeljono Sp.OG,Sp. Kandungan & Kebidanan,RS dr. OEN Kandang Sapi Solo,"Jebres, Kota Surakarta",,obstetrics-and-gynecologist,2025-06-15 09:18:34
dr. Djoko Moeljono Sp.OG,Sp. Kandungan & Kebidanan,RS dr. OEN Kandang Sapi Solo,"Jebres, Kota Surakarta",,obstetrics-and-gynecologist,2025-06-15 09:18:34
"dr. Donny Gunawan, Sp.OG",Sp. Kandungan & Kebidanan,Siloam Hospitals Lippo Village,"Kelapa Dua, Kabupaten Tangerang",https://d1ojs48v3n42tp.cloudfront.net/personnels/340724_24-3-2022_16-6-46.jpeg,obstetrics-and-gynecologist,2025-06-15 09:18:34
"dr. Donny Gunawan, Sp.OG",Sp. Kandungan & Kebidanan,Siloam Hospitals Lippo Village,"Kelapa Dua, Kabupaten Tangerang",,obstetrics-and-gynecologist,2025-06-15 09:18:34
Dr Elise Sp.OG,Sp. Kandungan & Kebidanan,RS Santo Borromeus,"Coblong, Kota Bandung",,obstetrics-and-gynecologist,2025-06-15 09:18:34
Dr Paul Ng Hock Oon,Sp. Kandungan & Kebidanan,Pantai Hospital Kuala Lumpur,"Mampang Prapatan, Jakarta Selatan",,obstetrics-and-gynecologist,2025-06-15 09:18:34
"Dr. Angela Vitria, Sp.Og",Sp. Kandungan & Kebidanan,RSKIA Eka Grand Family,"Penjaringan, Jakarta Utara",,obstetrics-and-gynecologist,2025-06-15 09:18:34
"Dr. Chandra Thaytty, Sp.OG",Sp. Kandungan & Kebidanan,RS Katolik St. Vincentius a Paulo (RKZ),"Wonokromo, Kota Surabaya",,obstetrics-and-gynecologist,2025-06-15 09:18:34
Dr. Sim Seng Keat,Sp. Kandungan & Kebidanan,Island Hospital Penang,"Mampang Prapatan, Jakarta Selatan",,obstetrics-and-gynecologist,2025-06-15 09:18:34
"dr. Dwi Ajeng Rembulan, Sp.OG",Sp. Kandungan & Kebidanan,RS Mitra Keluarga Bekasi,"Bekasi Selatan, Bekasi",https://d1ojs48v3n42tp.cloudfront.net/personnels/67617_14-12-2022_15-44-46.jpeg,obstetrics-and-gynecologist,2025-06-15 09:18:34
"dr. Dwi Meinindah, Sp.OG",Sp. Kandungan & Kebidanan,RS Mitra Keluarga Surabaya,"Sukomanunggal, Kota Surabaya",https://d1ojs48v3n42tp.cloudfront.net/personnels/431951_13-12-2022_16-54-0.png,obstetrics-and-gynecologist,2025-06-15 09:18:37
"dr. Dwi Santi, Sp.OG",Sp. Kandungan & Kebidanan,RS Mitra Keluarga Bekasi,"Bekasi Selatan, Bekasi",https://d1ojs48v3n42tp.cloudfront.net/personnels/878229_14-12-2022_13-36-16.png,obstetrics-and-gynecologist,2025-06-15 09:18:37
"dr. Dwi Silvia Indrasari, Sp.OG (K)",Sp. Kandungan & Kebidanan,Siloam Hospitals Sriwijaya Palembang,"Ilir Barat I, Kota Palembang",https://d1ojs48v3n42tp.cloudfront.net/personnels/137828_14-12-2022_15-38-46.png,obstetrics-and-gynecologist,2025-06-15 09:18:37
"dr. Dwiarti Soebarkat, Sp.OG",Sp. Kandungan & Kebidanan,RS Budi Kemuliaan,"Gambir, Jakarta Pusat",,obstetrics-and-gynecologist,2025-06-15 09:18:37
"dr. Dyana Safitri Velies, Sp.OG (K), M.Kes",Sp. Kandungan & Kebidanan,Siloam Hospitals Kelapa Dua,"Kelapa Dua, Kabupaten Tangerang",https://d1ojs48v3n42tp.cloudfront.net/personnels/826607_22-12-2022_15-2-11.png,obstetrics-and-gynecologist,2025-06-15 09:18:37
dr. ERICH CHANDRA SINIAPAR Sp.OG,Sp. Kandungan & Kebidanan,Pramita Laboratory Clinic Toha,"Regol, Kota Bandung",,obstetrics-and-gynecologist,2025-06-15 09:18:37
dr. Eduardus Raditya Kusuma Putra Sp.OG,Sp. Kandungan & Kebidanan,Siloam Hospitals Yogyakarta,"Gondokusuman, Kota Yogyakarta",https://d1ojs48v3n42tp.cloudfront.net/personnels/396096_14-12-2022_13-48-59.png,obstetrics-and-gynecologist,2025-06-15 09:18:37
"dr. Edwin Budipramana, Sp.OG",Sp. Kandungan & Kebidanan,RS Mitra Keluarga Surabaya,"Sukomanunggal, Kota Surabaya",https://d1ojs48v3n42tp.cloudfront.net/personnels/623073_14-12-2022_16-48-25.png,obstetrics-and-gynecologist,2025-06-15 09:18:37
"dr. Elise Johana Knoch , SP OG",Sp. Kandungan & Kebidanan,RS Santo Borromeus,"Coblong, Kota Bandung",,obstetrics-and-gynecologist,2025-06-15 09:18:37
dr. Elise Johana Knoch Sp OG,Sp. Kandungan & Kebidanan,RS Santo Borromeus,"Coblong, Kota Bandung",,obstetrics-and-gynecologist,2025-06-15 09:18:37
dr. Elise Johana Knoch Sp OG,Sp. Kandungan & Kebidanan,RS Santo Borromeus,"Coblong, Kota Bandung",,obstetrics-and-gynecologist,2025-06-15 09:18:39
"dr. Elizabet Catherine Jusuf, Sp.OG, M.Kes",Sp. Kandungan & Kebidanan,Siloam Hospitals Makassar,"Ujung Pandang, Kota Makassar",https://d1ojs48v3n42tp.cloudfront.net/personnels/861191_15-6-2022_16-37-44.jpeg,obstetrics-and-gynecologist,2025-06-15 09:18:39
dr. Elsa Fury Sp.OG,Sp. Kandungan & Kebidanan,Alia Hospital Depok,"Pancoran Mas, Depok",,obstetrics-and-gynecologist,2025-06-15 09:18:39
dr Elsa Fury Sp. OG,Sp. Kandungan & Kebidanan,Alia Hospital Depok,"Pancoran Mas, Depok",,obstetrics-and-gynecologist,2025-06-15 09:18:39
"dr. Elsina Krisnawati Pietersz, Sp.OG",Sp. Kandungan & Kebidanan,Siloam Hospitals Bogor,"Bogor Tengah, Bogor",https://d1ojs48v3n42tp.cloudfront.net/personnels/743394_30-6-2022_16-58-8.jpeg,obstetrics-and-gynecologist,2025-06-15 09:18:39
dr. Erda Ayu Sp.OG,Sp. Kandungan & Kebidanan,RS Permata Keluarga Karawang,"Telukjambe Timur, Kabupaten Karawang",,obstetrics-and-gynecologist,2025-06-15 09:18:39
Dr. Erda Ayu Umami Sp. OG,Sp. Kandungan & Kebidanan,RS Permata Keluarga Karawang,"Telukjambe Timur, Kabupaten Karawang",,obstetrics-and-gynecologist,2025-06-15 09:18:39
Dr. Erda Ayu Umami Sp. OG,Sp. Kandungan & Kebidanan,RS Permata Keluarga Karawang,"Telukjambe Timur, Kabupaten Karawang",,obstetrics-and-gynecologist,2025-06-15 09:18:39
"dr Erda Ayu Umami, Sp.OG Dr",Sp. Kandungan & Kebidanan,RS Permata Keluarga Karawang,"Telukjambe Timur, Kabupaten Karawang",,obstetrics-and-gynecologist,2025-06-15 09:18:39
"dr. Erdiyan Astato, Sp.OG (K)FM",Sp. Kandungan & Kebidanan,RS Mitra Keluarga Bintaro,"Pondok Aren, Tangerang Selatan",,obstetrics-and-gynecologist,2025-06-15 09:18:39
"dr. Erik Dwikurnia Saiman, Sp.OG",Sp. Kandungan & Kebidanan,RS Immanuel,"Bojongloa Kidul, Kota Bandung",https://d1ojs48v3n42tp.cloudfront.net/personnels/663911_19-5-2021_21-9-55.jpeg,obstetrics-and-gynecologist,2025-06-15 09:18:43
"dr. Erik Dwikurnia Saiman, Sp.OG (Khusus Praktek Sore)",Sp. Kandungan & Kebidanan,RS Immanuel,"Bojongloa Kidul, Kota Bandung",https://d1ojs48v3n42tp.cloudfront.net/personnels/545346_6-12-2022_17-4-51.png,obstetrics-and-gynecologist,2025-06-15 09:18:43
"dr. Ernawati Widodo, Sp.OG",Sp. Kandungan & Kebidanan,Siloam Hospitals Surabaya,"Gubeng, Kota Surabaya",https://d1ojs48v3n42tp.cloudfront.net/personnels/737097_22-12-2022_17-43-37.png,obstetrics-and-gynecologist,2025-06-15 09:18:43
"dr. Erni, Sp.OG",Sp. Kandungan & Kebidanan,Siloam Hospitals Dhirga Surya Medan,"Medan Petisah, Kota Medan",https://d1ojs48v3n42tp.cloudfront.net/personnels/77463_23-5-2022_12-40-39.jpeg,obstetrics-and-gynecologist,2025-06-15 09:18:43
"Prof. Dr. dr. Erry Gumilar Dachlan, Sp.OG-KFM",Sp. Kandungan & Kebidanan,RS Mitra Keluarga Surabaya,"Sukomanunggal, Kota Surabaya",https://d1ojs48v3n42tp.cloudfront.net/personnels/898627_14-12-2022_17-9-57.png,obstetrics-and-gynecologist,2025-06-15 09:18:43
"dr. Eston Aryawan Hadibrata, Sp.OG",Sp. Kandungan & Kebidanan,RS Mitra Keluarga Surabaya,"Sukomanunggal, Kota Surabaya",https://d1ojs48v3n42tp.cloudfront.net/personnels/610876_20-7-2022_17-11-3.png,obstetrics-and-gynecologist,2025-06-15 09:18:43
dr. Estya Dewi Widyasari Sp.OG,Sp. Kandungan & Kebidanan,Siloam Hospitals Yogyakarta,"Gondokusuman, Kota Yogyakarta",https://d1ojs48v3n42tp.cloudfront.net/personnels/893746_5-5-2021_14-28-10.png,obstetrics-and-gynecologist,2025-06-15 09:18:43
"dr. Eunike Widiakasih Zega, Sp.OG., M. Ked",Sp. Kandungan & Kebidanan,RS Mitra Keluarga Delta Mas,"Cikarang Pusat, Kabupaten Bekasi",https://d1ojs48v3n42tp.cloudfront.net/personnels/351559_21-2-2023_19-21-52.jpeg,obstetrics-and-gynecologist,2025-06-15 09:18:43
dr. Evelyn Indradiaja Tunardy Sp.OG.,Sp. Kandungan & Kebidanan,RS Mitra Keluarga Cikarang,"Cikarang Utara, Kabupaten Bekasi",,obstetrics-and-gynecologist,2025-06-15 09:18:43
"dr. Evelyn Indradjaja Tunardy, Sp.OG",Sp. Kandungan & Kebidanan,RS Mitra Keluarga Cikarang,"Cikarang Utara, Kabupaten Bekasi",https://d1ojs48v3n42tp.cloudfront.net/personnels/1806_14-12-2022_13-25-9.jpeg,obstetrics-and-gynecologist,2025-06-15 09:18:43
"Dr. F. C. Christofani Ekapatria, Sp.OG-KFER",Sp. Kandungan & Kebidanan,Siloam Hospitals Lippo Village,"Kelapa Dua, Kabupaten Tangerang",https://d1ojs48v3n42tp.cloudfront.net/personnels/798181_24-3-2022_16-11-12.png,obstetrics-and-gynecologist,2025-06-15 09:18:46
"dr. Fabrien Hein Willem Lumentut, Sp.OG",Sp. Kandungan & Kebidanan,Siloam Hospitals Sentosa Bekasi,"Bekasi Timur, Bekasi",https://d1ojs48v3n42tp.cloudfront.net/personnels/311158_7-9-2022_17-40-46.jpeg,obstetrics-and-gynecologist,2025-06-15 09:18:46
"dr. Fadil Hidayat, Sp.OG",Sp. Kandungan & Kebidanan,Siloam Hospitals Mampang,"Pancoran, Jakarta Selatan",https://d1ojs48v3n42tp.cloudfront.net/personnels/879195_16-6-2022_13-31-7.jpeg,obstetrics-and-gynecologist,2025-06-15 09:18:46
dr. Fajar Fadilah Isbandi Sp.OG,Sp. Kandungan & Kebidanan,RS. Hamori,"Pagaden, Kabupaten Subang",,obstetrics-and-gynecologist,2025-06-15 09:18:46
"dr. Fara Vitantri, Sp.OG (K) Onk",Sp. Kandungan & Kebidanan,Siloam Hospitals TB Simatupang,"Cilandak, Jakarta Selatan",https://d1ojs48v3n42tp.cloudfront.net/personnels/809784_22-12-2022_17-0-33.jpeg,obstetrics-and-gynecologist,2025-06-15 09:18:46
"dr. Farchan Djoened, Sp.OG",Sp. Kandungan & Kebidanan,Mayapada Hospital Bogor,"Bogor Timur, Bogor",https://d1ojs48v3n42tp.cloudfront.net/personnels/297966_13-12-2022_13-44-43.png,obstetrics-and-gynecologist,2025-06-15 09:18:46
"dr. Febri Rahadian, Sp.OG., M.Kes",Sp. Kandungan & Kebidanan,RS Mitra Keluarga Pratama Jatiasih,"Jatiasih, Bekasi",https://d1ojs48v3n42tp.cloudfront.net/personnels/225920_14-12-2022_16-46-33.png,obstetrics-and-gynecologist,2025-06-15 09:18:46
"dr. Ferdhy Suryadi Suwandinata, Sp. OG",Sp. Kandungan & Kebidanan,Siloam Hospitals Kebon Jeruk,"Kebon Jeruk, Jakarta Barat",https://d1ojs48v3n42tp.cloudfront.net/personnels/225922_27-9-2020_15-36-7.png,obstetrics-and-gynecologist,2025-06-15 09:18:46
"dr. Fery Wijaya, Sp.OG-KFER",Sp. Kandungan & Kebidanan,Siloam Hospitals Makassar,"Ujung Pandang, Kota Makassar",https://d1ojs48v3n42tp.cloudfront.net/personnels/825848_15-6-2022_16-39-4.jpeg,obstetrics-and-gynecologist,2025-06-15 09:18:46
"dr. Fifiana Dewi P ., Sp.OG",Sp. Kandungan & Kebidanan,RS Mitra Keluarga Tegal,"Tegal Barat, Kota Tegal",https://d1ojs48v3n42tp.cloudfront.net/personnels/385532_26-7-2024_14-23-26.png,obstetrics-and-gynecologist,2025-06-15 09:18:46
dr. Firdaus Artoni Sp. OG,Sp. Kandungan & Kebidanan,RS Kenari Graha Medika,"Cileungsi, Kabupaten Bogor",,obstetrics-and-gynecologist,2025-06-15 09:18:49
"dr. Fitriarto Mahardika Wardhana, Sp.OG",Sp. Kandungan & Kebidanan,RS Mitra Keluarga Kenjeran,"Mulyorejo, Kota Surabaya",https://d1ojs48v3n42tp.cloudfront.net/personnels/204585_28-12-2022_12-54-54.png,obstetrics-and-gynecologist,2025-06-15 09:18:49
dr. Fredy Lisnan Sp.OG,Sp. Kandungan & Kebidanan,Mandaya Hospital Karawang,"Telukjambe Timur, Kabupaten Karawang",,obstetrics-and-gynecologist,2025-06-15 09:18:49
"dr. Fredy Yumingto, Sp.OG",Sp. Kandungan & Kebidanan,RSIA Lombok Dua Dua Jl. Flores,"Wonokromo, Kota Surabaya",,obstetrics-and-gynecologist,2025-06-15 09:18:49
"dr. GREGORIUS AGUNG H, Sp.OG, MH",Sp. Kandungan & Kebidanan,Pramita Laboratory Clinic Jemur Andayani,"Wonocolo, Kota Surabaya",,obstetrics-and-gynecologist,2025-06-15 09:18:49
"dr. GREGORIUS AGUNG H, Sp.OG, MH",Sp. Kandungan & Kebidanan,Pramita Laboratory Clinic Jemur Andayani,"Wonocolo, Kota Surabaya",,obstetrics-and-gynecologist,2025-06-15 09:18:49
dr. Gde Ananta Karna Sp. OG,Sp. Kandungan & Kebidanan,RS Anugerah Bunda Khatulistiwa,"Pontianak Tenggara, Kota Pontianak",,obstetrics-and-gynecologist,2025-06-15 09:18:49
dr. Gde Ananta Karna Sp.OG,Sp. Kandungan & Kebidanan,RS Mitra Medika Pontianak,"Pontianak Kota, Kota Pontianak",,obstetrics-and-gynecologist,2025-06-15 09:18:49
"dr. Gde Ananta Karna,SpOG",Sp. Kandungan & Kebidanan,RS Anugerah Bunda Khatulistiwa,"Pontianak Tenggara, Kota Pontianak",,obstetrics-and-gynecologist,2025-06-15 09:18:49
"dr. Gede Made Punarbawa, Sp.OG",Sp. Kandungan & Kebidanan,Siloam Hospitals Mataram,"Mataram, Kota Mataram",https://d1ojs48v3n42tp.cloudfront.net/personnels/846088_24-3-2023_13-19-13.jpeg,obstetrics-and-gynecologist,2025-06-15 09:18:49
"dr. Gharini Paramita, Sp.OG",Sp. Kandungan & Kebidanan,Siloam Hospitals Bogor,"Bogor Tengah, Bogor",https://d1ojs48v3n42tp.cloudfront.net/personnels/243961_9-12-2022_1-29-16.jpeg,obstetrics-and-gynecologist,2025-06-15 09:18:52
dr. Grace Kalpika T Sp. OG,Sp. Kandungan & Kebidanan,RSIA Permata Hati Kudus,"Kota Kudus, Kabupaten Kudus",,obstetrics-and-gynecologist,2025-06-15 09:18:52
"dr. Grace Valentine, Sp.OG",Sp. Kandungan & Kebidanan,RS Mitra Keluarga Kalideres,"Kalideres, Jakarta Barat",https://d1ojs48v3n42tp.cloudfront.net/personnels/752049_14-12-2022_12-53-21.jpeg,obstetrics-and-gynecologist,2025-06-15 09:18:52
dr. H. Alfathdry Sp.OG,Sp. Kandungan & Kebidanan,RSIA Bunda Suryatni,"Tanah Sareal, Bogor",,obstetrics-and-gynecologist,2025-06-15 09:18:52
"dr. H. Amir Fauzi, Sp.OG (K)",Sp. Kandungan & Kebidanan,Siloam Hospitals Sriwijaya Palembang,"Ilir Barat I, Kota Palembang",https://d1ojs48v3n42tp.cloudfront.net/personnels/355398_23-12-2022_16-8-58.jpeg,obstetrics-and-gynecologist,2025-06-15 09:18:52
Dr. H. Irvin Anderson Sp. OG,Sp. Kandungan & Kebidanan,RS Permata Keluarga Karawang,"Telukjambe Timur, Kabupaten Karawang",,obstetrics-and-gynecologist,2025-06-15 09:18:52
Dr. H. Juwita Ema Sp. OG,Sp. Kandungan & Kebidanan,RSU Islam Harapan Anda Tegal,"Tegal Selatan, Kota Tegal",,obstetrics-and-gynecologist,2025-06-15 09:18:52
"Dr. H. M. Budi Santoso, SpOG, Mars, MHKes CMFM",Sp. Kandungan & Kebidanan,RSU San Medical Center,"Cikampek, Kabupaten Karawang",,obstetrics-and-gynecologist,2025-06-15 09:18:52
dr. H. Mohammad Taufiq Sp.OG,Sp. Kandungan & Kebidanan,RSU Livasya,"Dawuan, Kabupaten Majalengka",,obstetrics-and-gynecologist,2025-06-15 09:18:52
dr. H. Muhamad Taufiq,Sp. Kandungan & Kebidanan,RSU Livasya,"Dawuan, Kabupaten Majalengka",,obstetrics-and-gynecologist,2025-06-15 09:18:52
dr. H. Muhamad Taufiq Sp. OG,Sp. Kandungan & Kebidanan,RSU Livasya,"Dawuan, Kabupaten Majalengka",,obstetrics-and-gynecologist,2025-06-15 09:18:54
dr. H. Saukani Halim Sp. OG,Sp. Kandungan & Kebidanan,RS Anugerah Bunda Khatulistiwa,"Pontianak Tenggara, Kota Pontianak",,obstetrics-and-gynecologist,2025-06-15 09:18:54
dr. H. Saukani Halim Sp. OG,Sp. Kandungan & Kebidanan,RS Anugerah Bunda Khatulistiwa,"Pontianak Tenggara, Kota Pontianak",,obstetrics-and-gynecologist,2025-06-15 09:18:54
dr. H. Saukani Halim Sp.OG,Sp. Kandungan & Kebidanan,RS Anugerah Bunda Khatulistiwa,"Pontianak Tenggara, Kota Pontianak",,obstetrics-and-gynecologist,2025-06-15 09:18:54
dr. H. Saukani Halim Sp. OG,Sp. Kandungan & Kebidanan,RS Anugerah Bunda Khatulistiwa,"Pontianak Tenggara, Kota Pontianak",,obstetrics-and-gynecologist,2025-06-15 09:18:54
"dr. H. Tatang Surachman, Sp.OG (K) Kes-Pro",Sp. Kandungan & Kebidanan,RS Immanuel,"Bojongloa Kidul, Kota Bandung",https://d1ojs48v3n42tp.cloudfront.net/personnels/756931_19-5-2021_21-6-48.jpeg,obstetrics-and-gynecologist,2025-06-15 09:18:54
dr. HENTY MULYATI AGUSTINA Sp. OG,Sp. Kandungan & Kebidanan,RSIA dr. Djoko Pramono,"Karawang Barat, Kabupaten Karawang",,obstetrics-and-gynecologist,2025-06-15 09:18:54
"dr. Hadi Susanto ,SpOG",Sp. Kandungan & Kebidanan,RS Mitra Keluarga Pondok Tjandra,"Waru, Kabupaten Sidoarjo",https://d1ojs48v3n42tp.cloudfront.net/personnels/395238_29-7-2024_14-6-33.jpeg,obstetrics-and-gynecologist,2025-06-15 09:18:54
"dr. Hanifa Erlin Dharmayanti, Sp.OG",Sp. Kandungan & Kebidanan,RS Mitra Keluarga Waru,"Waru, Kabupaten Sidoarjo",https://d1ojs48v3n42tp.cloudfront.net/personnels/776877_14-12-2022_12-49-54.png,obstetrics-and-gynecologist,2025-06-15 09:18:54
"dr. Hanny Aditanzi, Sp.OG",Sp. Kandungan & Kebidanan,RS Katolik St. Vincentius a Paulo (RKZ),"Wonokromo, Kota Surabaya",,obstetrics-and-gynecologist,2025-06-15 09:18:54
dr. Hardianto Setiawan Ong Sp. OG,Sp. Kandungan & Kebidanan,Siloam Hospitals Kebon Jeruk,"Kebon Jeruk, Jakarta Barat",,obstetrics-and-gynecologist,2025-06-15 09:18:57
"dr. Hari Nugroho , Sp. OG (K) Onk.",Sp. Kandungan & Kebidanan,RS Mitra Keluarga Kenjeran,"Mulyorejo, Kota Surabaya",https://d1ojs48v3n42tp.cloudfront.net/personnels/851944_14-4-2025_11-8-47.png,obstetrics-and-gynecologist,2025-06-15 09:18:57
"dr. Hari Santoso, Sp.OG",Sp. Kandungan & Kebidanan,RS Mitra Keluarga Kalideres,"Kalideres, Jakarta Barat",https://d1ojs48v3n42tp.cloudfront.net/personnels/440874_14-12-2022_12-40-54.jpeg,obstetrics-and-gynecologist,2025-06-15 09:18:57
"dr. Harijanto, Sp.OG MM",Sp. Kandungan & Kebidanan,RS Gading Pluit,"Kelapa Gading, Jakarta Utara",,obstetrics-and-gynecologist,2025-06-15 09:18:57
"dr. Harry Kurniawan Gondo, Sp.OG",Sp. Kandungan & Kebidanan,RS Mitra Keluarga Surabaya,"Sukomanunggal, Kota Surabaya",https://d1ojs48v3n42tp.cloudfront.net/personnels/816159_8-12-2022_15-57-57.png,obstetrics-and-gynecologist,2025-06-15 09:18:57
"dr. Helena Sunarja, Sp.OG",Sp. Kandungan & Kebidanan,RS Mitra Keluarga Grand Wisata,"Tambun Selatan, Kabupaten Bekasi",https://d1ojs48v3n42tp.cloudfront.net/personnels/490378_21-2-2023_18-54-49.jpeg,obstetrics-and-gynecologist,2025-06-15 09:18:57
dr. Hendera Henderi Sp OG,Sp. Kandungan & Kebidanan,National Hospital,"Wiyung, Kota Surabaya",,obstetrics-and-gynecologist,2025-06-15 09:18:57
"dr. Hendro Sudarpo, Sp.OG",Sp. Kandungan & Kebidanan,Siloam Hospitals Kelapa Dua,"Kelapa Dua, Kabupaten Tangerang",https://d1ojs48v3n42tp.cloudfront.net/personnels/283798_30-12-2022_9-42-26.png,obstetrics-and-gynecologist,2025-06-15 09:18:57
dr. Henny Meitri A RP Sp. OG,Sp. Kandungan & Kebidanan,RS Mitra Keluarga Kemayoran,"Kemayoran, Jakarta Pusat",,obstetrics-and-gynecologist,2025-06-15 09:18:57
"dr. Henny Meitri Andrie Rachmasari Putri, Sp.OG (K) Onk",Sp. Kandungan & Kebidanan,RS Mitra Keluarga Kemayoran,"Kemayoran, Jakarta Pusat",https://d1ojs48v3n42tp.cloudfront.net/personnels/321286_14-12-2022_14-0-52.jpeg,obstetrics-and-gynecologist,2025-06-15 09:18:57
"dr. Henry Andrey Sondakh, Sp.OG",Sp. Kandungan & Kebidanan,Mayapada Hospital Tangerang,"Tangerang, Tangerang",https://d1ojs48v3n42tp.cloudfront.net/personnels/424389_13-12-2022_15-23-51.jpeg,obstetrics-and-gynecologist,2025-06-15 09:19:00
dr Henty Mulyati Agustina Sp. OG,Sp. Kandungan & Kebidanan,RS Bayukarta,"Karawang Barat, Kabupaten Karawang",,obstetrics-and-gynecologist,2025-06-15 09:19:00
"dr Henty Mulyati Agustina, Sp.OG",Sp. Kandungan & Kebidanan,RS Bayukarta,"Karawang Barat, Kabupaten Karawang",,obstetrics-and-gynecologist,2025-06-15 09:19:00
"dr. Herman Trisdiantono, Sp.OG, MARS",Sp. Kandungan & Kebidanan,RS Mitra Keluarga Bekasi,"Bekasi Selatan, Bekasi",https://d1ojs48v3n42tp.cloudfront.net/personnels/801448_13-12-2022_16-52-15.jpeg,obstetrics-and-gynecologist,2025-06-15 09:19:00
"dr. Hermawan, Sp.OG",Sp. Kandungan & Kebidanan,Siloam Hospitals Putera Bahagia Cirebon,"Harjamukti, Kota Cirebon",https://d1ojs48v3n42tp.cloudfront.net/personnels/353492_20-9-2022_10-15-31.jpeg,obstetrics-and-gynecologist,2025-06-15 09:19:00
"dr. Herry Prabowo Krestiyanto Widjaja M.Kes, Sp. OG",Sp. Kandungan & Kebidanan,RS Mitra Keluarga Slawi,"Slawi, Tegal",https://d1ojs48v3n42tp.cloudfront.net/personnels/425761_21-8-2023_17-50-1.png,obstetrics-and-gynecologist,2025-06-15 09:19:00
"Prof. Dr. dr. Heru Pradjatmo, Sp.OG (K) Onk, M.Kes",Sp. Kandungan & Kebidanan,Siloam Hospitals Yogyakarta,"Gondokusuman, Kota Yogyakarta",https://d1ojs48v3n42tp.cloudfront.net/personnels/61510_29-11-2022_17-51-43.png,obstetrics-and-gynecologist,2025-06-15 09:19:00
"dr. Hervi Wiranti, Sp.OG",Sp. Kandungan & Kebidanan,MRCCC Siloam Hospitals Semanggi,"Setiabudi, Jakarta Selatan",https://d1ojs48v3n42tp.cloudfront.net/personnels/784445_23-6-2022_15-25-4.jpeg,obstetrics-and-gynecologist,2025-06-15 09:19:00
"dr. Hildegardis Yeni Siboe, Sp.OG",Sp. Kandungan & Kebidanan,RS Mitra Keluarga Bekasi Timur,"Bekasi Timur, Bekasi",https://d1ojs48v3n42tp.cloudfront.net/personnels/395480_14-12-2022_16-30-8.png,obstetrics-and-gynecologist,2025-06-15 09:19:00
"dr. Hilma Putri Lubie, M.Ked(OG), Sp.OG Subsp",Sp. Kandungan & Kebidanan,RSIA Stella Maris,"Medan Maimun, Kota Medan",,obstetrics-and-gynecologist,2025-06-15 09:19:00
dr. Hilma Putri Lubis Sp OG,Sp. Kandungan & Kebidanan,RSIA Stella Maris,"Medan Maimun, Kota Medan",,obstetrics-and-gynecologist,2025-06-15 09:19:03
"dr. Hilma Putri Lubis, M.Ked(OG), Sp.OG(K)",Sp. Kandungan & Kebidanan,RSIA Stella Maris,"Medan Maimun, Kota Medan",,obstetrics-and-gynecologist,2025-06-15 09:19:03
Dr. Hj. Juwita Elva Sp. OG,Sp. Kandungan & Kebidanan,RSU Islam Harapan Anda Tegal,"Tegal Selatan, Kota Tegal",,obstetrics-and-gynecologist,2025-06-15 09:19:03
"dr. Hj.D.Dian Indahwati, Sp.OG (Praktek Sore)",Sp. Kandungan & Kebidanan,RS Immanuel,"Bojongloa Kidul, Kota Bandung",https://d1ojs48v3n42tp.cloudfront.net/personnels/255992_15-8-2022_16-59-38.jpeg,obstetrics-and-gynecologist,2025-06-15 09:19:03
"dr. Hj.D.Dian Indahwati, Sp.OG",Sp. Kandungan & Kebidanan,RS Immanuel,"Bojongloa Kidul, Kota Bandung",https://d1ojs48v3n42tp.cloudfront.net/personnels/198944_15-8-2022_16-46-2.jpeg,obstetrics-and-gynecologist,2025-06-15 09:19:03
dr. I WAYAN KESUMADANA SP. OG,Sp. Kandungan & Kebidanan,Kasih Ibu Hospital Denpasar,"Denpasar Barat, Kota Denpasar",,obstetrics-and-gynecologist,2025-06-15 09:19:03
dr Ibnu Hasan Mustofa SpOG,Sp. Kandungan & Kebidanan,RS Priscilla Medical Center,"Sampang, Kabupaten Cilacap",,obstetrics-and-gynecologist,2025-06-15 09:19:03
dr. Ika Sri Purnamaningsih Sp.OG,Sp. Kandungan & Kebidanan,Siloam Hospitals ASRI,"Pancoran, Jakarta Selatan",https://d1ojs48v3n42tp.cloudfront.net/personnels/602092_20-10-2022_18-1-36.jpeg,obstetrics-and-gynecologist,2025-06-15 09:19:03
dr. Imawati Muhadji Sp. OG,Sp. Kandungan & Kebidanan,RS Cahya Kawaluyan,"Padalarang, Kabupaten Bandung Barat",,obstetrics-and-gynecologist,2025-06-15 09:19:03
dr. Ina Damayanti Dwiartiningsih Sp. OG,Sp. Kandungan & Kebidanan,RS Ananda Bekasi,"Medan Satria, Bekasi",,obstetrics-and-gynecologist,2025-06-15 09:19:03
dr. Indah Permata Noer Islami Sp. OG,Sp. Kandungan & Kebidanan,RSU San Medical Center,"Cikampek, Kabupaten Karawang",,obstetrics-and-gynecologist,2025-06-15 09:19:07
dr. Indah Permata Noer Islami SP.OG,Sp. Kandungan & Kebidanan,RSU San Medical Center,"Cikampek, Kabupaten Karawang",,obstetrics-and-gynecologist,2025-06-15 09:19:07
dr. Indah Permata Noer Islami Sp.OG,Sp. Kandungan & Kebidanan,RSU San Medical Center,"Cikampek, Kabupaten Karawang",,obstetrics-and-gynecologist,2025-06-15 09:19:07
dr. Indah Permata Noer Islami Sp. OG,Sp. Kandungan & Kebidanan,RSU San Medical Center,"Cikampek, Kabupaten Karawang",,obstetrics-and-gynecologist,2025-06-15 09:19:07
dr. Indah Permata Noor Islami Sp.OG,Sp. Kandungan & Kebidanan,RSU San Medical Center,"Cikampek, Kabupaten Karawang",,obstetrics-and-gynecologist,2025-06-15 09:19:07
dr. Indra Yulati,Sp. Kandungan & Kebidanan,RSIA Kendangsari Surabaya,"Tenggilis Mejoyo, Kota Surabaya",,obstetrics-and-gynecologist,2025-06-15 09:19:07
Dr. Inggrid Felicia Oscilia Wengkang Sp. OG,Sp. Kandungan & Kebidanan,RSIA Bina Medika,"Pondok Aren, Tangerang Selatan",,obstetrics-and-gynecologist,2025-06-15 09:19:07
dr. Intan Titiasari Sp.OG,Sp. Kandungan & Kebidanan,JIH Jogja,"Kecamatan Depok, Kabupaten Sleman",,obstetrics-and-gynecologist,2025-06-15 09:19:07
dr. Intan Titisari Sp.OG,Sp. Kandungan & Kebidanan,JIH Jogja,"Kecamatan Depok, Kabupaten Sleman",,obstetrics-and-gynecologist,2025-06-15 09:19:07
"dr. Ira Anggreyani Rasjad, Sp.OG",Sp. Kandungan & Kebidanan,Siloam Hospitals Surabaya,"Gubeng, Kota Surabaya",https://d1ojs48v3n42tp.cloudfront.net/personnels/72726_18-9-2020_11-3-6.png,obstetrics-and-gynecologist,2025-06-15 09:19:07
"dr. Ira Pramini Arti, Sp.OG",Sp. Kandungan & Kebidanan,RS Bina Husada,"Cibinong, Kabupaten Bogor",https://d1ojs48v3n42tp.cloudfront.net/personnels/838403_13-12-2022_16-59-11.png,obstetrics-and-gynecologist,2025-06-15 09:19:12
"dr. Irawan, Sp.OG",Sp. Kandungan & Kebidanan,Siloam Hospitals Putera Bahagia Cirebon,"Harjamukti, Kota Cirebon",https://d1ojs48v3n42tp.cloudfront.net/personnels/36745_14-12-2022_14-26-23.png,obstetrics-and-gynecologist,2025-06-15 09:19:12
"dr. Irman Christiono, Sp.OG",Sp. Kandungan & Kebidanan,Siloam Hospitals TB Simatupang,"Cilandak, Jakarta Selatan",https://d1ojs48v3n42tp.cloudfront.net/personnels/192419_24-6-2022_18-5-38.jpeg,obstetrics-and-gynecologist,2025-06-15 09:19:12
dr Irvin Anderson Sp.OG,Sp. Kandungan & Kebidanan,RS Permata Keluarga Karawang,"Telukjambe Timur, Kabupaten Karawang",,obstetrics-and-gynecologist,2025-06-15 09:19:12
"dr. Irwin Fitriansyah, Sp.OG",Sp. Kandungan & Kebidanan,Siloam Hospitals Bangka,"Pangkalan Baru,  Kabupaten Bangka Tengah",,obstetrics-and-gynecologist,2025-06-15 09:19:12
dr. Iskandar Sp. OG,Sp. Kandungan & Kebidanan,RS Sukmul Sisma Medika,"Koja, Jakarta Utara",,obstetrics-and-gynecologist,2025-06-15 09:19:12
"dr. Ismail Usman, Sp.OG., M.Ked",Sp. Kandungan & Kebidanan,Siloam Hospitals Jambi,"Jambi Selatan, Kota Jambi",https://d1ojs48v3n42tp.cloudfront.net/personnels/180161_14-6-2022_17-22-26.jpeg,obstetrics-and-gynecologist,2025-06-15 09:19:12
dr. Isnariani Sp. OG,Sp. Kandungan & Kebidanan,RS Sukmul Sisma Medika,"Koja, Jakarta Utara",,obstetrics-and-gynecologist,2025-06-15 09:19:12
"dr. Ivan Maurits Sondakh, Sp.OG",Sp. Kandungan & Kebidanan,Mayapada Hospital Tangerang,"Tangerang, Tangerang",https://d1ojs48v3n42tp.cloudfront.net/personnels/590745_13-12-2022_15-8-11.jpeg,obstetrics-and-gynecologist,2025-06-15 09:19:12
"dr. Iwan Kurnia Effendi, Sp.OG (K) Onk, M.Kes",Sp. Kandungan & Kebidanan,MRCCC Siloam Hospitals Semanggi,"Setiabudi, Jakarta Selatan",https://d1ojs48v3n42tp.cloudfront.net/personnels/185969_28-12-2022_15-6-36.jpeg,obstetrics-and-gynecologist,2025-06-15 09:19:12
"Dr. dr. Jacobus Jeno Wibisono, Sp.OG",Sp. Kandungan & Kebidanan,Siloam Hospitals Kelapa Dua,"Kelapa Dua, Kabupaten Tangerang",https://d1ojs48v3n42tp.cloudfront.net/personnels/432767_16-9-2022_9-4-15.jpeg,obstetrics-and-gynecologist,2025-06-15 09:19:15
"dr. Jasmine Iskandar, Sp.OG",Sp. Kandungan & Kebidanan,RS Mitra Keluarga Bintaro,"Pondok Aren, Tangerang Selatan",https://d1ojs48v3n42tp.cloudfront.net/personnels/325283_4-4-2022_14-39-8.png,obstetrics-and-gynecologist,2025-06-15 09:19:15
"dr. Jeffy Winarta Wahjudi, Sp.OG",Sp. Kandungan & Kebidanan,Siloam Hospitals Jember,"Kaliwates, Kabupaten Jember",https://d1ojs48v3n42tp.cloudfront.net/personnels/461398_28-3-2023_19-56-28.jpeg,obstetrics-and-gynecologist,2025-06-15 09:19:15
dr. Jessica Octaviani SpOG,Sp. Kandungan & Kebidanan,RS Mitra Keluarga Kalideres,"Kalideres, Jakarta Barat",https://d1ojs48v3n42tp.cloudfront.net/personnels/747816_24-7-2024_14-39-14.png,obstetrics-and-gynecologist,2025-06-15 09:19:15
"dr. Jimmy Panji Wirawan, Sp.OG",Sp. Kandungan & Kebidanan,RS Mitra Keluarga Gading Serpong,"Pagedangan, Kabupaten Tangerang",https://d1ojs48v3n42tp.cloudfront.net/personnels/560675_11-4-2022_11-4-54.jpeg,obstetrics-and-gynecologist,2025-06-15 09:19:15
"dr. Joan Meutia Sari, Sp.OG",Sp. Kandungan & Kebidanan,Siloam Hospitals Mampang,"Pancoran, Jakarta Selatan",https://d1ojs48v3n42tp.cloudfront.net/personnels/185148_16-6-2022_13-30-4.jpeg,obstetrics-and-gynecologist,2025-06-15 09:19:15
dr. Johanna Fransiska Wijaya Sp.OG,Sp. Kandungan & Kebidanan,RSIA Stella Maris,"Medan Maimun, Kota Medan",,obstetrics-and-gynecologist,2025-06-15 09:19:15
dr. Jolanda R. Labora,Sp. Kandungan & Kebidanan,RS Mitra Keluarga Depok,"Pancoran Mas, Depok",,obstetrics-and-gynecologist,2025-06-15 09:19:15
dr. Jolanda R. Labora Sp.OG,Sp. Kandungan & Kebidanan,RS Mitra Keluarga Depok,"Pancoran Mas, Depok",,obstetrics-and-gynecologist,2025-06-15 09:19:15
dr. Jolanda R. Labora Sp OG,Sp. Kandungan & Kebidanan,RS Mitra Keluarga Depok,"Pancoran Mas, Depok",,obstetrics-and-gynecologist,2025-06-15 09:19:15
"dr. Jolanda Refanya Labora, Sp.OG, M.Kes",Sp. Kandungan & Kebidanan,RS Mitra Keluarga Depok,"Pancoran Mas, Depok",https://d1ojs48v3n42tp.cloudfront.net/personnels/300462_11-4-2022_12-48-46.jpeg,obstetrics-and-gynecologist,2025-06-15 09:19:19
"dr. Julianto Witjaksono AS., Sp.OG-KFER",Sp. Kandungan & Kebidanan,Siloam Hospitals Kebon Jeruk,"Kebon Jeruk, Jakarta Barat",https://d1ojs48v3n42tp.cloudfront.net/personnels/444794_28-6-2023_17-0-5.jpeg,obstetrics-and-gynecologist,2025-06-15 09:19:19
"dr. Jumadi, Sp.OG M.Kes",Sp. Kandungan & Kebidanan,RS Grha Permata Ibu,"Beji, Depok",,obstetrics-and-gynecologist,2025-06-15 09:19:19
"dr. KMS Anhar, Sp.OG",Sp. Kandungan & Kebidanan,Siloam Hospitals Sriwijaya Palembang,"Ilir Barat I, Kota Palembang",https://d1ojs48v3n42tp.cloudfront.net/personnels/297323_6-5-2021_17-45-34.png,obstetrics-and-gynecologist,2025-06-15 09:19:19
"dr. KMS Hasyim, Sp.OG",Sp. Kandungan & Kebidanan,Siloam Hospitals Sentosa Bekasi,"Bekasi Timur, Bekasi",https://d1ojs48v3n42tp.cloudfront.net/personnels/817784_7-9-2022_17-41-55.jpeg,obstetrics-and-gynecologist,2025-06-15 09:19:19
dr. Kartika Indah Sp OG,Sp. Kandungan & Kebidanan,Alia Hospital Depok,"Pancoran Mas, Depok",,obstetrics-and-gynecologist,2025-06-15 09:19:19
dr. Kathleen J.G. Soenario SpOG,Sp. Kandungan & Kebidanan,Siloam Hospitals Kebon Jeruk,"Kebon Jeruk, Jakarta Barat",,obstetrics-and-gynecologist,2025-06-15 09:19:19
"dr. Kathleen Juanita Gunawan Soenario, Sp.OG",Sp. Kandungan & Kebidanan,Siloam Hospitals Kebon Jeruk,"Kebon Jeruk, Jakarta Barat",https://d1ojs48v3n42tp.cloudfront.net/personnels/781890_18-4-2022_10-56-13.png,obstetrics-and-gynecologist,2025-06-15 09:19:19
"dr. Kevin Dominique Tjandraprawira, Sp.OG",Sp. Kandungan & Kebidanan,RSIA Limijati,"Bandung Wetan, Kota Bandung",,obstetrics-and-gynecologist,2025-06-15 09:19:19
dr. Khairina Hasbifah Sp. OG,Sp. Kandungan & Kebidanan,RSU Queen Latifa Kulon Progo,"Sentolo  , Kabupaten Kulon Progo",,obstetrics-and-gynecologist,2025-06-15 09:19:19
"dr. Khoirunnisa Novitasari, Sp.OG,M.Ked",Sp. Kandungan & Kebidanan,RS Mitra Keluarga Pondok Tjandra,"Waru, Kabupaten Sidoarjo",https://d1ojs48v3n42tp.cloudfront.net/personnels/182604_4-1-2023_14-34-59.png,obstetrics-and-gynecologist,2025-06-15 09:19:23
"dr. Kiko Marpaung, Sp.OG",Sp. Kandungan & Kebidanan,Siloam Hospitals Mampang,"Pancoran, Jakarta Selatan",https://d1ojs48v3n42tp.cloudfront.net/personnels/384099_16-6-2022_13-31-49.jpeg,obstetrics-and-gynecologist,2025-06-15 09:19:23
"dr. Kusmaryati, Sp.OG",Sp. Kandungan & Kebidanan,RS Mitra Keluarga Bekasi Timur,"Bekasi Timur, Bekasi",https://d1ojs48v3n42tp.cloudfront.net/personnels/475936_14-12-2022_14-26-38.jpeg,obstetrics-and-gynecologist,2025-06-15 09:19:23
"Dr. Lafran Pancapurtranto, SpOG(K)",Sp. Kandungan & Kebidanan,RSU Budi Rahayu Pekalongan,"Pekalongan Utara, Kota Pekalongan",,obstetrics-and-gynecologist,2025-06-15 09:19:23
"dr. Laili Muninggar, Sp.OG",Sp. Kandungan & Kebidanan,RS Mitra Keluarga Pondok Tjandra,"Waru, Kabupaten Sidoarjo",https://d1ojs48v3n42tp.cloudfront.net/personnels/13252_4-1-2023_14-34-27.png,obstetrics-and-gynecologist,2025-06-15 09:19:23
"dr. Lenny Khosal, M.Kes, Sp.OG",Sp. Kandungan & Kebidanan,Siloam Hospitals Makassar,"Ujung Pandang, Kota Makassar",https://d1ojs48v3n42tp.cloudfront.net/personnels/6669_15-6-2022_16-38-17.jpeg,obstetrics-and-gynecologist,2025-06-15 09:19:23
"dr. Liliani Olivia Theresia Damanik, Sp.OG",Sp. Kandungan & Kebidanan,Siloam Hospitals Mataram,"Mataram, Kota Mataram",https://d1ojs48v3n42tp.cloudfront.net/personnels/7139_24-3-2023_13-48-45.jpeg,obstetrics-and-gynecologist,2025-06-15 09:19:23
"dr. Lim Sulina Halim, Sp.OG, M.Kes",Sp. Kandungan & Kebidanan,RS Mitra Keluarga Bekasi,"Bekasi Selatan, Bekasi",https://d1ojs48v3n42tp.cloudfront.net/personnels/849469_13-12-2022_16-46-55.jpeg,obstetrics-and-gynecologist,2025-06-15 09:19:23
"dr. Linda Margretha Mamengko, Sp.OG",Sp. Kandungan & Kebidanan,Siloam Hospitals Manado,"Wenang, Kota Manado",https://d1ojs48v3n42tp.cloudfront.net/personnels/541447_7-5-2021_10-23-5.png,obstetrics-and-gynecologist,2025-06-15 09:19:23
dr. Lisdayanti Sp.OG.,Sp. Kandungan & Kebidanan,RS Mitra Keluarga Pamulang,"Pamulang, Tangerang Selatan",,obstetrics-and-gynecologist,2025-06-15 09:19:23
"dr. Lisdayanti, Sp.OG",Sp. Kandungan & Kebidanan,RS Mitra Keluarga Gading Serpong,"Pagedangan, Kabupaten Tangerang",https://d1ojs48v3n42tp.cloudfront.net/personnels/216341_11-4-2022_11-5-13.jpeg,obstetrics-and-gynecologist,2025-06-15 09:19:26
"dr. Liva Wijaya, Sp.OG",Sp. Kandungan & Kebidanan,RS Mitra Keluarga Kemayoran,"Kemayoran, Jakarta Pusat",https://d1ojs48v3n42tp.cloudfront.net/personnels/376525_11-2-2020_16-23-10.jpg,obstetrics-and-gynecologist,2025-06-15 09:19:26
"dr. Lukman Biran Hudono, Sp.OG",Sp. Kandungan & Kebidanan,Siloam Hospitals Kebon Jeruk,"Kebon Jeruk, Jakarta Barat",https://d1ojs48v3n42tp.cloudfront.net/personnels/52766_18-4-2022_10-55-23.png,obstetrics-and-gynecologist,2025-06-15 09:19:26
Dr. M Charmaen Ibrahim Sp. O.G,Sp. Kandungan & Kebidanan,RS Pondok Indah - Bintaro Jaya,"Pondok Aren, Tangerang Selatan",,obstetrics-and-gynecologist,2025-06-15 09:19:26
dr. M. Ardan C. L. Sp.OG (K)-Obsginsos M.Kes,Sp. Kandungan & Kebidanan,RSIA Soerya,"Taman, Kabupaten Sidoarjo",,obstetrics-and-gynecologist,2025-06-15 09:19:26
"dr. M. Ardian C. L., Sp.OG (K)-Obsginosis M.Kes",Sp. Kandungan & Kebidanan,RSIA Soerya,"Taman, Kabupaten Sidoarjo",,obstetrics-and-gynecologist,2025-06-15 09:19:26
"dr. MGS. M. Amin Diyauddin, Sp.OG",Sp. Kandungan & Kebidanan,RS Bina Husada,"Cibinong, Kabupaten Bogor",https://d1ojs48v3n42tp.cloudfront.net/personnels/103172_21-12-2022_15-46-23.png,obstetrics-and-gynecologist,2025-06-15 09:19:26
dr. Made Indri Dwi S Sp. OG,Sp. Kandungan & Kebidanan,RS Awal Bros Batam,"Lubuk Baja, Kota Batam",,obstetrics-and-gynecologist,2025-06-15 09:19:26
"dr. Made Widyalaksana Mahayasa, Sp.OG (K) Onk",Sp. Kandungan & Kebidanan,Siloam Hospitals Mataram,"Mataram, Kota Mataram",https://d1ojs48v3n42tp.cloudfront.net/personnels/458936_24-3-2023_13-42-23.jpeg,obstetrics-and-gynecologist,2025-06-15 09:19:26
"dr. Maman Suratman, Sp.OG",Sp. Kandungan & Kebidanan,Siloam Hospitals Putera Bahagia Cirebon,"Harjamukti, Kota Cirebon",https://d1ojs48v3n42tp.cloudfront.net/personnels/444707_20-9-2022_10-17-7.jpeg,obstetrics-and-gynecologist,2025-06-15 09:19:26
"dr. Manggala Pasca Wardhana, Sp.OG",Sp. Kandungan & Kebidanan,Mayapada Hospital Surabaya,"Sawahan, Kota Surabaya",https://d1ojs48v3n42tp.cloudfront.net/personnels/704418_3-4-2023_1-40-8.jpeg,obstetrics-and-gynecologist,2025-06-15 09:19:29
dr. Marcela Renita Ilham Sp.OG,Sp. Kandungan & Kebidanan,RS Mitra Keluarga Cibubur,"Jatisampurna, Bekasi",,obstetrics-and-gynecologist,2025-06-15 09:19:29
dr. Mareti Pandan Sp. OG,Sp. Kandungan & Kebidanan,RS Handayani,"Kotabumi Selatan, Kabupaten Lampung Utara",,obstetrics-and-gynecologist,2025-06-15 09:19:29
"dr. Maria Ratna Andijani, Sp.OG",Sp. Kandungan & Kebidanan,Siloam Hospitals Kebon Jeruk,"Kebon Jeruk, Jakarta Barat",https://d1ojs48v3n42tp.cloudfront.net/personnels/273504_18-4-2022_10-55-33.png,obstetrics-and-gynecologist,2025-06-15 09:19:29
"Dr. dr. Maringan Diapari Lumban Tobing, Sp.OG (K) Onk, M.Kes",Sp. Kandungan & Kebidanan,Mayapada Hospital Bandung,"Bandung Kidul, Kota Bandung",https://d1ojs48v3n42tp.cloudfront.net/personnels/470055_28-7-2021_14-29-38.jpeg,obstetrics-and-gynecologist,2025-06-15 09:19:29
"dr. Marisa Anindya, Sp.OG",Sp. Kandungan & Kebidanan,RS Mitra Keluarga Depok,"Pancoran Mas, Depok",https://d1ojs48v3n42tp.cloudfront.net/personnels/666832_11-4-2022_12-51-1.jpeg,obstetrics-and-gynecologist,2025-06-15 09:19:29
dr. Martina Claudia Pintara L. Tobing Sp.OG,Sp. Kandungan & Kebidanan,Siloam Hospitals ASRI,"Pancoran, Jakarta Selatan",https://d1ojs48v3n42tp.cloudfront.net/personnels/68323_31-10-2022_14-14-33.jpeg,obstetrics-and-gynecologist,2025-06-15 09:19:29
"dr. Maurin Susana, Sp.OG",Sp. Kandungan & Kebidanan,Mayapada Hospital Surabaya,"Sawahan, Kota Surabaya",https://d1ojs48v3n42tp.cloudfront.net/personnels/354909_13-12-2022_13-35-26.png,obstetrics-and-gynecologist,2025-06-15 09:19:29
"dr. Maya Esther Mewengkang, Sp.OG",Sp. Kandungan & Kebidanan,Siloam Hospitals Manado,"Wenang, Kota Manado",,obstetrics-and-gynecologist,2025-06-15 09:19:29
dr. Maya Kurniawati Sp.OG,Sp. Kandungan & Kebidanan,RSIA Pondok Jati,"Sidoarjo, Kabupaten Sidoarjo",,obstetrics-and-gynecologist,2025-06-15 09:19:29
"dr. Maya Sri, SpOG",Sp. Kandungan & Kebidanan,RS Husada Utama,"Tambaksari, Kota Surabaya",,obstetrics-and-gynecologist,2025-06-15 09:19:31
"dr. Meily, Sp.OG",Sp. Kandungan & Kebidanan,Siloam Hospitals Agora,"Cempaka Putih, Jakarta Pusat",https://d1ojs48v3n42tp.cloudfront.net/personnels/670019_13-12-2022_15-28-18.png,obstetrics-and-gynecologist,2025-06-15 09:19:31
"dr. Melissa Edelweishia Sp,OG M. Biomed",Sp. Kandungan & Kebidanan,RSIA Stella Maris,"Medan Maimun, Kota Medan",,obstetrics-and-gynecologist,2025-06-15 09:19:31
dr Michelle Angelina SP. OG,Sp. Kandungan & Kebidanan,RS Kartika Kasih,"Warudoyong, Kota Sukabumi",,obstetrics-and-gynecologist,2025-06-15 09:19:31
"dr. Mikko Uriampas Ludjen, Sp.OG, M.Kes",Sp. Kandungan & Kebidanan,Siloam Hospitals Palangka Raya,"Pahandut, Kota Palangka Raya",https://d1ojs48v3n42tp.cloudfront.net/personnels/122483_30-6-2022_18-7-23.jpeg,obstetrics-and-gynecologist,2025-06-15 09:19:31
"dr. Misje Angsu, Sp.OG",Sp. Kandungan & Kebidanan,Siloam Hospitals Manado,"Wenang, Kota Manado",https://d1ojs48v3n42tp.cloudfront.net/personnels/790238_22-12-2022_17-54-37.png,obstetrics-and-gynecologist,2025-06-15 09:19:31
dr. Mita Prana Sp.OG,Sp. Kandungan & Kebidanan,JIH Jogja,"Kecamatan Depok, Kabupaten Sleman",,obstetrics-and-gynecologist,2025-06-15 09:19:31
dr. Mita Prana Sp. OG,Sp. Kandungan & Kebidanan,JIH Jogja,"Kecamatan Depok, Kabupaten Sleman",,obstetrics-and-gynecologist,2025-06-15 09:19:31
"dr. Mochamad Fahmy, Sp.OG",Sp. Kandungan & Kebidanan,Siloam Hospitals Semarang,"Semarang Selatan, Kota Semarang",https://d1ojs48v3n42tp.cloudfront.net/personnels/580831_7-5-2021_12-10-52.png,obstetrics-and-gynecologist,2025-06-15 09:19:31
"dr. Moh Airul Chakra Alibasya, Sp.OG-KFER",Sp. Kandungan & Kebidanan,Siloam Hospitals Sriwijaya Palembang,"Ilir Barat I, Kota Palembang",https://d1ojs48v3n42tp.cloudfront.net/personnels/766946_7-5-2021_12-18-1.png,obstetrics-and-gynecologist,2025-06-15 09:19:31
"dr. Monika, Sp.OG",Sp. Kandungan & Kebidanan,Siloam Hospitals Bekasi Sepanjang Jaya,"Rawalumbu, Bekasi",https://d1ojs48v3n42tp.cloudfront.net/personnels/459328_1-11-2022_12-27-10.jpeg,obstetrics-and-gynecologist,2025-06-15 09:19:34
"dr. Muhamad Reza Tiansah, Sp.OG",Sp. Kandungan & Kebidanan,Siloam Hospitals Mampang,"Pancoran, Jakarta Selatan",https://d1ojs48v3n42tp.cloudfront.net/personnels/800790_16-6-2022_13-50-29.jpeg,obstetrics-and-gynecologist,2025-06-15 09:19:34
dr Muhammad Fadli Sp. OG,Sp. Kandungan & Kebidanan,RSU Andhika,"Jagakarsa, Jakarta Selatan",,obstetrics-and-gynecologist,2025-06-15 09:19:34
"dr. Muhammad Yunus Haya, Sp.OG.,M.Kes",Sp. Kandungan & Kebidanan,Siloam Hospitals Bekasi Timur,"Bekasi Timur, Bekasi",https://d1ojs48v3n42tp.cloudfront.net/personnels/642037_15-11-2022_13-36-17.jpeg,obstetrics-and-gynecologist,2025-06-15 09:19:34
"dr. Muliati Wilamarta, Sp.OG",Sp. Kandungan & Kebidanan,RSIA Limijati,"Bandung Wetan, Kota Bandung",,obstetrics-and-gynecologist,2025-06-15 09:19:34
dr. Muzayyanah Sp.OG,Sp. Kandungan & Kebidanan,Santosa Hospital Bandung Central,"Andir, Kota Bandung",,obstetrics-and-gynecologist,2025-06-15 09:19:34
"dr. Nana Sanardi, Sp.OG",Sp. Kandungan & Kebidanan,Mayapada Hospital Bandung,"Bandung Kidul, Kota Bandung",,obstetrics-and-gynecologist,2025-06-15 09:19:34
"dr. Nancy Liona Agusdin, Sp.OG",Sp. Kandungan & Kebidanan,RS Mitra Keluarga Cikarang,"Cikarang Utara, Kabupaten Bekasi",https://d1ojs48v3n42tp.cloudfront.net/personnels/552419_14-12-2022_14-44-30.jpeg,obstetrics-and-gynecologist,2025-06-15 09:19:34
dr. Nenny Yoanitha Sp.OG,Sp. Kandungan & Kebidanan,Siloam Hospitals Palangka Raya,"Pahandut, Kota Palangka Raya",https://d1ojs48v3n42tp.cloudfront.net/personnels/555337_30-6-2022_18-7-43.jpeg,obstetrics-and-gynecologist,2025-06-15 09:19:34
dr. Netty Katrina Dameria Sp.OG,Sp. Kandungan & Kebidanan,RSIA Santo Yusuf,"Tanjung Priok, Jakarta Utara",,obstetrics-and-gynecologist,2025-06-15 09:19:34
dr. Ni Komang Yeni Dhana Sari Sp.OG,Sp. Kandungan & Kebidanan,RS Pondok Indah - Puri Indah,"Kembangan, Jakarta Barat",,obstetrics-and-gynecologist,2025-06-15 09:19:39
"dr. Ni Komang Yeni Dhana Sari, Sp.OG",Sp. Kandungan & Kebidanan,RS Pondok Indah - Puri Indah,"Kembangan, Jakarta Barat",,obstetrics-and-gynecologist,2025-06-15 09:19:39
dr. Ni Komang Yenni Dhanasari Sp.OG,Sp. Kandungan & Kebidanan,RS Pondok Indah - Puri Indah,"Kembangan, Jakarta Barat",,obstetrics-and-gynecologist,2025-06-15 09:19:39
"dr. Ni Putu Titien Sri Kusumayanti, Sp.OG",Sp. Kandungan & Kebidanan,RS Mitra Keluarga Cikarang,"Cikarang Utara, Kabupaten Bekasi",https://d1ojs48v3n42tp.cloudfront.net/personnels/132716_14-12-2022_17-10-58.png,obstetrics-and-gynecologist,2025-06-15 09:19:39
"dr. Niken Wening Surjanti, Sp.OG",Sp. Kandungan & Kebidanan,RS Mitra Keluarga Waru,"Waru, Kabupaten Sidoarjo",https://d1ojs48v3n42tp.cloudfront.net/personnels/453044_14-12-2022_17-13-21.jpeg,obstetrics-and-gynecologist,2025-06-15 09:19:39
"dr. Nina Martini Somad , Sp. OG",Sp. Kandungan & Kebidanan,RS Mitra Keluarga Grand Wisata,"Tambun Selatan, Kabupaten Bekasi",https://d1ojs48v3n42tp.cloudfront.net/personnels/205019_7-3-2025_13-54-46.png,obstetrics-and-gynecologist,2025-06-15 09:19:39
dr Ninik Maharani Sp. OG,Sp. Kandungan & Kebidanan,Klinik Ar-Rahman Medika,"Telukjambe Timur, Kabupaten Karawang",,obstetrics-and-gynecologist,2025-06-15 09:19:39
dr. Ninuk Dwi Ariningtyas Sp. OG,Sp. Kandungan & Kebidanan,RS Wiyung Sejahtera,"Wiyung, Kota Surabaya",,obstetrics-and-gynecologist,2025-06-15 09:19:39
dr. Nono Rasino Sp.OG (K) FER,Sp. Kandungan & Kebidanan,RS Islam Fatimah Cilacap,"Cilacap Utara, Kabupaten Cilacap",,obstetrics-and-gynecologist,2025-06-15 09:19:39
"dr. Nora Milasari Sp.OG, MKes",Sp. Kandungan & Kebidanan,Ciputra Hospital Citra Raya Tangerang,"Panongan, Kabupaten Tangerang",,obstetrics-and-gynecologist,2025-06-15 09:19:39
"dr. Nora Milasari, Sp.OG, M.Kes",Sp. Kandungan & Kebidanan,Mayapada Hospital Tangerang,"Tangerang, Tangerang",https://d1ojs48v3n42tp.cloudfront.net/personnels/184047_13-12-2022_11-21-7.jpeg,obstetrics-and-gynecologist,2025-06-15 09:19:44
"dr. Novi Gracia, Sp.OG",Sp. Kandungan & Kebidanan,RS Mitra Keluarga Cibubur,"Jatisampurna, Bekasi",https://d1ojs48v3n42tp.cloudfront.net/personnels/435859_4-4-2022_14-9-39.jpeg,obstetrics-and-gynecologist,2025-06-15 09:19:44
Dr. Noviana Dewi Sp OG,Sp. Kandungan & Kebidanan,RS Samaritan Palu,"Palu Selatan, Kota Palu",,obstetrics-and-gynecologist,2025-06-15 09:19:44
"dr. Noviana Dewi, Sp.OG",Sp. Kandungan & Kebidanan,RS Samaritan Palu,"Palu Selatan, Kota Palu",,obstetrics-and-gynecologist,2025-06-15 09:19:44
"dr. Novita Himawan, Sp.OG",Sp. Kandungan & Kebidanan,Siloam Hospitals Sriwijaya Palembang,"Ilir Barat I, Kota Palembang",https://d1ojs48v3n42tp.cloudfront.net/personnels/343997_8-12-2022_22-43-37.png,obstetrics-and-gynecologist,2025-06-15 09:19:44
"dr. Noviyanti, Sp.OG",Sp. Kandungan & Kebidanan,Mayapada Hospital Tangerang,"Tangerang, Tangerang",https://d1ojs48v3n42tp.cloudfront.net/personnels/367285_22-5-2023_13-14-34.jpeg,obstetrics-and-gynecologist,2025-06-15 09:19:44
"dr. Nunki Febriastuti, Sp.OG-KFM",Sp. Kandungan & Kebidanan,RS Mitra Keluarga Kelapa Gading,"Kelapa Gading, Jakarta Utara",,obstetrics-and-gynecologist,2025-06-15 09:19:44
dr. Nur Rachmaniyah Fauziah Sp.OG,Sp. Kandungan & Kebidanan,Eka Hospital Bekasi,"Tarumajaya, Kabupaten Bekasi",,obstetrics-and-gynecologist,2025-06-15 09:19:44
dr. Nur Rachmaniyah Fauziah Sp.OG,Sp. Kandungan & Kebidanan,Eka Hospital Bekasi,"Tarumajaya, Kabupaten Bekasi",,obstetrics-and-gynecologist,2025-06-15 09:19:44
dr. Nur Rachmaniyah Fauziah Sp. OG,Sp. Kandungan & Kebidanan,Eka Hospital Bekasi,"Tarumajaya, Kabupaten Bekasi",,obstetrics-and-gynecologist,2025-06-15 09:19:44
dr. Nur Rachmaniyah Fauziah Sp.OG,Sp. Kandungan & Kebidanan,Eka Hospital Bekasi,"Tarumajaya, Kabupaten Bekasi",,obstetrics-and-gynecologist,2025-06-15 09:19:48
"dr. Nurlaella Iswan Nusi, Sp.OG",Sp. Kandungan & Kebidanan,RS Mitra Keluarga Kenjeran,"Mulyorejo, Kota Surabaya",https://d1ojs48v3n42tp.cloudfront.net/personnels/283960_14-12-2022_17-21-48.png,obstetrics-and-gynecologist,2025-06-15 09:19:48
dr Nurlina Januar Sp. OG,Sp. Kandungan & Kebidanan,RS Citra Sari Husada,"Klari, Kabupaten Karawang",,obstetrics-and-gynecologist,2025-06-15 09:19:48
dr. Nurlina Junita Sp. OG,Sp. Kandungan & Kebidanan,RSU San Medical Center,"Cikampek, Kabupaten Karawang",,obstetrics-and-gynecologist,2025-06-15 09:19:48
dr. Oktoria Indraprasja Sp. OG,Sp. Kandungan & Kebidanan,RS Indriati Boyolali,"Mojosongo, Kabupaten Boyolali",,obstetrics-and-gynecologist,2025-06-15 09:19:48
dr Olivia Fransiska SpOG,Sp. Kandungan & Kebidanan,RSIA Bunda Semarang,"Semarang Timur, Kota Semarang",,obstetrics-and-gynecologist,2025-06-15 09:19:48
"dr. Oriza Zulkarnain, Sp.OG",Sp. Kandungan & Kebidanan,Siloam Hospitals Sriwijaya Palembang,"Ilir Barat I, Kota Palembang",https://d1ojs48v3n42tp.cloudfront.net/personnels/286881_7-5-2021_15-58-19.png,obstetrics-and-gynecologist,2025-06-15 09:19:48
dr. PUNGKI WAHYU WIDYANTO Sp.OG,Sp. Kandungan & Kebidanan,RS Citra Sari Husada,"Klari, Kabupaten Karawang",,obstetrics-and-gynecologist,2025-06-15 09:19:48
"dr. Paulina Febrianty, Sp.OG",Sp. Kandungan & Kebidanan,Siloam Hospitals Labuan Bajo,"Komodo, Kabupaten Manggarai Barat",https://d1ojs48v3n42tp.cloudfront.net/personnels/865214_22-12-2022_17-5-9.png,obstetrics-and-gynecologist,2025-06-15 09:19:48
"dr. Pojianto, Sp.OG",Sp. Kandungan & Kebidanan,Mayapada Hospital Tangerang,"Tangerang, Tangerang",https://d1ojs48v3n42tp.cloudfront.net/personnels/609245_13-12-2022_11-13-4.png,obstetrics-and-gynecologist,2025-06-15 09:19:48
dr. Pramana Pananja Putra Sp. OG,Sp. Kandungan & Kebidanan,RSU Duta Mulya,"Majenang, Kabupaten Cilacap",,obstetrics-and-gynecologist,2025-06-15 09:19:51
dr. Pramety Utami Sp. OG,Sp. Kandungan & Kebidanan,RS Mitra Keluarga Bintaro,"Pondok Aren, Tangerang Selatan",,obstetrics-and-gynecologist,2025-06-15 09:19:51
"dr. Pramety Utami, Sp.OG., FFAG",Sp. Kandungan & Kebidanan,RS Mitra Keluarga Bintaro,"Pondok Aren, Tangerang Selatan",https://d1ojs48v3n42tp.cloudfront.net/personnels/60985_4-4-2022_14-40-41.png,obstetrics-and-gynecologist,2025-06-15 09:19:51
"dr. Pramudyo DP., Sp.OG",Sp. Kandungan & Kebidanan,RS Mitra Keluarga Waru,"Waru, Kabupaten Sidoarjo",https://d1ojs48v3n42tp.cloudfront.net/personnels/854566_14-12-2022_17-20-7.png,obstetrics-and-gynecologist,2025-06-15 09:19:51
"dr. Prasti Sulandjari Hoetama, Sp.OG",Sp. Kandungan & Kebidanan,RS Mitra Keluarga Surabaya,"Sukomanunggal, Kota Surabaya",https://d1ojs48v3n42tp.cloudfront.net/personnels/861734_21-12-2022_15-39-57.jpeg,obstetrics-and-gynecologist,2025-06-15 09:19:51
"dr. Primandono Perbowo, Sp.OG (K) Onk",Sp. Kandungan & Kebidanan,RS Mitra Keluarga Surabaya,"Sukomanunggal, Kota Surabaya",https://d1ojs48v3n42tp.cloudfront.net/personnels/234032_29-12-2022_14-10-26.png,obstetrics-and-gynecologist,2025-06-15 09:19:51
Dr. Puspitasari Notohatmodjo Sp.OG,Sp. Kandungan & Kebidanan,RS Mardi Rahayu,"Jati, Kabupaten Kudus",,obstetrics-and-gynecologist,2025-06-15 09:19:51
Dr. R. Sujati Gartini Soedjai Sp.Og.,Sp. Kandungan & Kebidanan,Klinik Jasmine MQ Medika,"Coblong, Kota Bandung",,obstetrics-and-gynecologist,2025-06-15 09:19:51
"dr. R.A. Sita Daniswati Utari, Sp.OG",Sp. Kandungan & Kebidanan,Mayapada Hospital Kuningan,"Setiabudi, Jakarta Selatan",https://d1ojs48v3n42tp.cloudfront.net/personnels/398710_23-6-2022_15-40-39.jpeg,obstetrics-and-gynecologist,2025-06-15 09:19:51
dr. RADIASTOMO SAMEKTA BUDI SpOG,Sp. Kandungan & Kebidanan,RS Permata Keluarga Karawang,"Telukjambe Timur, Kabupaten Karawang",,obstetrics-and-gynecologist,2025-06-15 09:19:51
"dr RENIE WIDIYANTI, Dr Sp.OG",Sp. Kandungan & Kebidanan,Siloam Hospitals Surabaya,"Gubeng, Kota Surabaya",,obstetrics-and-gynecologist,2025-06-15 09:19:54
"dr RM Sonny Sasotya, SpOG (K) Uroginec",Sp. Kandungan & Kebidanan,RS Santo Borromeus,"Coblong, Kota Bandung",,obstetrics-and-gynecologist,2025-06-15 09:19:54
"dr. Rachmad Poedyo Armanto, Sp.OG",Sp. Kandungan & Kebidanan,RS Mitra Keluarga Waru,"Waru, Kabupaten Sidoarjo",https://d1ojs48v3n42tp.cloudfront.net/personnels/713286_14-12-2022_14-25-12.png,obstetrics-and-gynecologist,2025-06-15 09:19:54
"dr. Rachmat Mahendra , Sp.OG",Sp. Kandungan & Kebidanan,RS Mitra Keluarga Pondok Tjandra,"Waru, Kabupaten Sidoarjo",https://d1ojs48v3n42tp.cloudfront.net/personnels/549922_23-4-2025_13-17-24.jpeg,obstetrics-and-gynecologist,2025-06-15 09:19:54
"dr. Raden Kusumadewi, Sp.OG",Sp. Kandungan & Kebidanan,Siloam Hospitals Agora,"Cempaka Putih, Jakarta Pusat",https://d1ojs48v3n42tp.cloudfront.net/personnels/332383_26-10-2022_15-31-27.png,obstetrics-and-gynecologist,2025-06-15 09:19:54
Dr. Radistomo Samekta Budi Sp. OG,Sp. Kandungan & Kebidanan,RS Permata Keluarga Karawang,"Telukjambe Timur, Kabupaten Karawang",,obstetrics-and-gynecologist,2025-06-15 09:19:54
dr Radistomo Samekta Budi Sp. OG,Sp. Kandungan & Kebidanan,RS Permata Keluarga Karawang,"Telukjambe Timur, Kabupaten Karawang",,obstetrics-and-gynecologist,2025-06-15 09:19:54
"dr. Ramon Ulaan, Sp.OG",Sp. Kandungan & Kebidanan,Siloam Hospitals Bogor,"Bogor Tengah, Bogor",https://d1ojs48v3n42tp.cloudfront.net/personnels/317188_30-6-2022_16-59-13.jpeg,obstetrics-and-gynecologist,2025-06-15 09:19:54
dr. Ras Fides Umi Sp.OG,Sp. Kandungan & Kebidanan,RSI Siti Hajar Sidoarjo,"Sidoarjo, Kabupaten Sidoarjo",,obstetrics-and-gynecologist,2025-06-15 09:19:54
"dr Rasdiana, SpOG",Sp. Kandungan & Kebidanan,RS Pertamina Tarakan,"Tarakan Barat, Kota Tarakan",,obstetrics-and-gynecologist,2025-06-15 09:19:54
"dr. Rathi Manjari Fauziah, Sp.OG",Sp. Kandungan & Kebidanan,RSUP Dr. Sitanala Tangerang,"Neglasari, Tangerang",https://d1ojs48v3n42tp.cloudfront.net/personnels/60948_10-2-2023_14-27-19.png,obstetrics-and-gynecologist,2025-06-15 09:19:57
dr. Ratna Wijayanti Sp.PD,Sp. Kandungan & Kebidanan,RS Lira Medika,"Karawang Timur, Kabupaten Karawang",,obstetrics-and-gynecologist,2025-06-15 09:19:57
dr. Ratna Wijayanti Sp. OG,Sp. Kandungan & Kebidanan,RS Lira Medika,"Karawang Timur, Kabupaten Karawang",,obstetrics-and-gynecologist,2025-06-15 09:19:57
dr. Ratna Wiyarsih Sp.OG,Sp. Kandungan & Kebidanan,RS Lira Medika,"Karawang Timur, Kabupaten Karawang",,obstetrics-and-gynecologist,2025-06-15 09:19:57
dr. Regintha Yasmeen Burju Bachtum Sp.OG,Sp. Kandungan & Kebidanan,Siloam Hospitals ASRI,"Pancoran, Jakarta Selatan",https://d1ojs48v3n42tp.cloudfront.net/personnels/267429_20-10-2022_18-7-40.jpeg,obstetrics-and-gynecologist,2025-06-15 09:19:57
"dr. Renie Widiyanti, Sp.OG",Sp. Kandungan & Kebidanan,Siloam Hospitals Surabaya,"Gubeng, Kota Surabaya",https://d1ojs48v3n42tp.cloudfront.net/personnels/182435_10-5-2021_11-1-10.png,obstetrics-and-gynecologist,2025-06-15 09:19:57
dr. Renny Lestari Arviyani Sp. OG,Sp. Kandungan & Kebidanan,Eka Hospital Bekasi,"Tarumajaya, Kabupaten Bekasi",,obstetrics-and-gynecologist,2025-06-15 09:19:57
dr. Renny Lestari Avriyani Sp. OG,Sp. Kandungan & Kebidanan,Eka Hospital Bekasi,"Tarumajaya, Kabupaten Bekasi",,obstetrics-and-gynecologist,2025-06-15 09:19:57
"dr. Renny Pratiwi, Sp.OG",Sp. Kandungan & Kebidanan,Siloam Hospitals Bekasi Timur,"Bekasi Timur, Bekasi",https://d1ojs48v3n42tp.cloudfront.net/personnels/864958_14-12-2022_13-47-41.png,obstetrics-and-gynecologist,2025-06-15 09:19:57
"dr. Renny Surya Wardhani, Sp.OG",Sp. Kandungan & Kebidanan,Siloam Hospitals Sentosa Bekasi,"Bekasi Timur, Bekasi",https://d1ojs48v3n42tp.cloudfront.net/personnels/428405_7-9-2022_18-57-0.png,obstetrics-and-gynecologist,2025-06-15 09:19:57
"dr. Ribkhi Amalia Putri, Sp.OG",Sp. Kandungan & Kebidanan,RS Islam Jakarta Cempaka Putih,"Cempaka Putih, Jakarta Pusat",,obstetrics-and-gynecologist,2025-06-15 09:19:59
"dr. Richard Chandra, Sp.OG, M.Kes",Sp. Kandungan & Kebidanan,Siloam Hospitals Surabaya,"Gubeng, Kota Surabaya",https://d1ojs48v3n42tp.cloudfront.net/personnels/209741_8-12-2022_15-35-9.png,obstetrics-and-gynecologist,2025-06-15 09:19:59
"dr. Riene Agustine, Sp.OG",Sp. Kandungan & Kebidanan,RS Mitra Keluarga Pratama Jatiasih,"Jatiasih, Bekasi",https://d1ojs48v3n42tp.cloudfront.net/personnels/484091_13-6-2022_15-49-51.jpeg,obstetrics-and-gynecologist,2025-06-15 09:19:59
"dr. Rimonta Febby Gunanegara, Sp.OG",Sp. Kandungan & Kebidanan,RS Immanuel,"Bojongloa Kidul, Kota Bandung",https://d1ojs48v3n42tp.cloudfront.net/personnels/539600_8-4-2021_18-34-3.png,obstetrics-and-gynecologist,2025-06-15 09:19:59
"dr Rino Apin, Sp. OG",Sp. Kandungan & Kebidanan,RS Cinta Kasih Tzu Chi,"Cengkareng, Jakarta Barat",,obstetrics-and-gynecologist,2025-06-15 09:19:59
dr. Riyana Kadarsari Sp.OG,Sp. Kandungan & Kebidanan,RSIA Bina Medika,"Pondok Aren, Tangerang Selatan",,obstetrics-and-gynecologist,2025-06-15 09:19:59
dr. Riyana Kadarsari Sp OG,Sp. Kandungan & Kebidanan,RSIA Bina Medika,"Pondok Aren, Tangerang Selatan",,obstetrics-and-gynecologist,2025-06-15 09:19:59
"dr. Rizki Pranadyan, Sp.OG",Sp. Kandungan & Kebidanan,RS Mitra Keluarga Kenjeran,"Mulyorejo, Kota Surabaya",https://d1ojs48v3n42tp.cloudfront.net/personnels/47921_23-5-2022_17-14-43.jpeg,obstetrics-and-gynecologist,2025-06-15 09:19:59
"dr. Robby Budilarto, Sp.OG",Sp. Kandungan & Kebidanan,RS Mitra Keluarga Surabaya,"Sukomanunggal, Kota Surabaya",https://d1ojs48v3n42tp.cloudfront.net/personnels/638823_14-12-2022_14-6-26.jpeg,obstetrics-and-gynecologist,2025-06-15 09:19:59
dr Robert Hunan Purwaka Sp. OG,Sp. Kandungan & Kebidanan,Mayapada Hospital Surabaya,"Sawahan, Kota Surabaya",,obstetrics-and-gynecologist,2025-06-15 09:19:59
Dr. Robert J. Alief Sp OG,Sp. Kandungan & Kebidanan,RSIA JWCC Asih,"Kebayoran Baru, Jakarta Selatan",,obstetrics-and-gynecologist,2025-06-15 09:20:02
"dr. Robertus Purbonoto, Sp.OG",Sp. Kandungan & Kebidanan,RS Mitra Keluarga Cibubur,"Jatisampurna, Bekasi",https://d1ojs48v3n42tp.cloudfront.net/personnels/134480_4-4-2022_14-13-45.jpeg,obstetrics-and-gynecologist,2025-06-15 09:20:02
"dr. Robiyanto, Sp.OG",Sp. Kandungan & Kebidanan,RS Immanuel,"Bojongloa Kidul, Kota Bandung",https://d1ojs48v3n42tp.cloudfront.net/personnels/97878_19-5-2021_17-22-47.jpeg,obstetrics-and-gynecologist,2025-06-15 09:20:02
"Dr. dr. Roni Rowawi, Sp.OG-KFER",Sp. Kandungan & Kebidanan,RS Immanuel,"Bojongloa Kidul, Kota Bandung",https://d1ojs48v3n42tp.cloudfront.net/personnels/219627_14-9-2020_13-16-39.png,obstetrics-and-gynecologist,2025-06-15 09:20:02
dr. Rudy Harsono Sp.OG,Sp. Kandungan & Kebidanan,RSIA Lombok Dua Dua Jl. Flores,"Wonokromo, Kota Surabaya",,obstetrics-and-gynecologist,2025-06-15 09:20:02
Dr. Rusmariah Sp. OG,Sp. Kandungan & Kebidanan,RS Islam Jakarta Sukapura,"Cilincing, Jakarta Utara",,obstetrics-and-gynecologist,2025-06-15 09:20:02
dr Ruswantriari Sp.OG,Sp. Kandungan & Kebidanan,RS EMC Sentul,"Babakan Madang, Kabupaten Bogor",,obstetrics-and-gynecologist,2025-06-15 09:20:02
dr. Ryana Kadarsari Sp. OG,Sp. Kandungan & Kebidanan,RSIA Bina Medika,"Pondok Aren, Tangerang Selatan",,obstetrics-and-gynecologist,2025-06-15 09:20:02
SETIA BUDI DR. SP.OG,Sp. Kandungan & Kebidanan,RS Helsa Jatirahayu,"Pondok Melati, Bekasi",,obstetrics-and-gynecologist,2025-06-15 09:20:02
dr SOEHERSONO Sp.OG,Sp. Kandungan & Kebidanan,RSIA Lombok Dua Dua Lontar,"Sambikerep, Kota Surabaya",,obstetrics-and-gynecologist,2025-06-15 09:20:02
"dr. Sadly Salman, Sp.OG",Sp. Kandungan & Kebidanan,Siloam Hospitals Buton,"Wolio, Kota Bau-Bau",https://d1ojs48v3n42tp.cloudfront.net/personnels/225891_1-11-2022_16-38-39.jpeg,obstetrics-and-gynecologist,2025-06-15 09:20:04
dr. Sahat Siagian Msi. Med Sp. OG,Sp. Kandungan & Kebidanan,RS Telogorejo,"Semarang Tengah, Kota Semarang",,obstetrics-and-gynecologist,2025-06-15 09:20:04
"dr. Samsudin, Sp.OG",Sp. Kandungan & Kebidanan,Siloam Hospitals Putera Bahagia Cirebon,"Harjamukti, Kota Cirebon",https://d1ojs48v3n42tp.cloudfront.net/personnels/491475_20-9-2022_10-23-27.png,obstetrics-and-gynecologist,2025-06-15 09:20:04
Dr. Samuel Widiasmoko SP. OG,Sp. Kandungan & Kebidanan,RS Telogorejo,"Semarang Tengah, Kota Semarang",,obstetrics-and-gynecologist,2025-06-15 09:20:04
"dr. Sandy Irwanto, Sp.OG",Sp. Kandungan & Kebidanan,RS Mitra Keluarga Pondok Tjandra,"Waru, Kabupaten Sidoarjo",https://d1ojs48v3n42tp.cloudfront.net/personnels/63672_14-12-2022_12-41-30.png,obstetrics-and-gynecologist,2025-06-15 09:20:04
"dr. Sansan Barki, Sp.OG",Sp. Kandungan & Kebidanan,RSIA Limijati,"Bandung Wetan, Kota Bandung",,obstetrics-and-gynecologist,2025-06-15 09:20:04
"dr. Santa Maria, Sp.OG., MARS",Sp. Kandungan & Kebidanan,Siloam Hospitals Silampari (Lubuk Linggau),"Lubuk Linggau Timur I, Kota Lubuk Linggau",https://d1ojs48v3n42tp.cloudfront.net/personnels/494138_2-7-2022_19-31-29.jpeg,obstetrics-and-gynecologist,2025-06-15 09:20:04
"dr. Santi Maria Burhanuddin, Sp.OG",Sp. Kandungan & Kebidanan,Mayapada Hospital Bandung,"Bandung Kidul, Kota Bandung",,obstetrics-and-gynecologist,2025-06-15 09:20:04
"dr. Santoso Kusumowidagdo, Sp.OG",Sp. Kandungan & Kebidanan,Siloam Hospitals Surabaya,"Gubeng, Kota Surabaya",https://d1ojs48v3n42tp.cloudfront.net/personnels/697319_22-12-2022_3-19-9.png,obstetrics-and-gynecologist,2025-06-15 09:20:04
"dr. Sarah Alatas, Sp.Og, M.Kes",Sp. Kandungan & Kebidanan,Alia Hospital Jakarta Timur,"Duren Sawit, Jakarta Timur",,obstetrics-and-gynecologist,2025-06-15 09:20:04
"dr. Satrio Dwi Prasojo, Sp.OG",Sp. Kandungan & Kebidanan,Siloam Hospitals ASRI,"Pancoran, Jakarta Selatan",https://d1ojs48v3n42tp.cloudfront.net/personnels/821834_14-12-2022_13-41-11.png,obstetrics-and-gynecologist,2025-06-15 09:20:07
"DR Setya Dian Kartika, SpOG",Sp. Kandungan & Kebidanan,RSU Ananda Purwokerto,"Purwokerto Barat, Kabupaten Banyumas",,obstetrics-and-gynecologist,2025-06-15 09:20:07
"dr. Setyabudi Sasongko, Sp.OG",Sp. Kandungan & Kebidanan,Siloam Hospitals Lippo Village,"Kelapa Dua, Kabupaten Tangerang",https://d1ojs48v3n42tp.cloudfront.net/personnels/179029_25-3-2022_9-13-6.png,obstetrics-and-gynecologist,2025-06-15 09:20:07
dr. Shanty Lia Jasiwan Sp.OG,Sp. Kandungan & Kebidanan,RS Pondok Indah - Puri Indah,"Kembangan, Jakarta Barat",,obstetrics-and-gynecologist,2025-06-15 09:20:07
"dr. Sigit Soeryono, Sp.OG",Sp. Kandungan & Kebidanan,RS Mitra Keluarga Surabaya,"Sukomanunggal, Kota Surabaya",https://d1ojs48v3n42tp.cloudfront.net/personnels/171130_12-10-2020_10-38-14.png,obstetrics-and-gynecologist,2025-06-15 09:20:07
"dr. Simon Patimbul Saing, Sp.OG",Sp. Kandungan & Kebidanan,Siloam Hospitals Dhirga Surya Medan,"Medan Petisah, Kota Medan",https://d1ojs48v3n42tp.cloudfront.net/personnels/108237_23-3-2022_17-47-7.jpeg,obstetrics-and-gynecologist,2025-06-15 09:20:07
"dr. Sindhung Harjono, Sp.OG",Sp. Kandungan & Kebidanan,Siloam Hospitals Jambi,"Jambi Selatan, Kota Jambi",https://d1ojs48v3n42tp.cloudfront.net/personnels/725752_14-6-2022_17-22-51.jpeg,obstetrics-and-gynecologist,2025-06-15 09:20:07
dr. Sita Ayu Arumi Sp.OG,Sp. Kandungan & Kebidanan,RS Mitra Keluarga Kelapa Gading,"Kelapa Gading, Jakarta Utara",,obstetrics-and-gynecologist,2025-06-15 09:20:07
"dr. Siti Salima, SpOG",Sp. Kandungan & Kebidanan,RSIA Limijati,"Bandung Wetan, Kota Bandung",,obstetrics-and-gynecologist,2025-06-15 09:20:07
"dr. Sjafril Vika Permana, Sp.OG",Sp. Kandungan & Kebidanan,RS Muhammadiyah Ahmad Dahlan,"Mojoroto, Kota Kediri",,obstetrics-and-gynecologist,2025-06-15 09:20:07
"dr. Sofani Munzila, Sp.OG",Sp. Kandungan & Kebidanan,RS Mitra Keluarga Depok,"Pancoran Mas, Depok",https://d1ojs48v3n42tp.cloudfront.net/personnels/887553_11-4-2022_12-53-18.jpeg,obstetrics-and-gynecologist,2025-06-15 09:20:09
"dr. Stefani Marcia Wijaya, Sp.OG",Sp. Kandungan & Kebidanan,Siloam Hospitals Bogor,"Bogor Tengah, Bogor",https://d1ojs48v3n42tp.cloudfront.net/personnels/868501_29-11-2022_16-2-6.png,obstetrics-and-gynecologist,2025-06-15 09:20:09
"dr. Stefannus Wibisono, Sp.OG",Sp. Kandungan & Kebidanan,RS Kasih Bunda,"Cimahi Selatan, Kota Cimahi",,obstetrics-and-gynecologist,2025-06-15 09:20:09
dr. Stella Shirley Mansur Sp OG,Sp. Kandungan & Kebidanan,RS Mitra Keluarga Kelapa Gading,"Kelapa Gading, Jakarta Utara",,obstetrics-and-gynecologist,2025-06-15 09:20:09
"dr. Stella Shirley Mansur, Sp.OG",Sp. Kandungan & Kebidanan,RS Mitra Keluarga Kelapa Gading,"Kelapa Gading, Jakarta Utara",https://d1ojs48v3n42tp.cloudfront.net/personnels/644348_14-12-2022_13-39-50.png,obstetrics-and-gynecologist,2025-06-15 09:20:09
"dr. Stephen Vanny Mandang, Sp.OG",Sp. Kandungan & Kebidanan,Siloam Hospitals Lippo Village,"Kelapa Dua, Kabupaten Tangerang",https://d1ojs48v3n42tp.cloudfront.net/personnels/123538_25-3-2022_9-17-19.jpeg,obstetrics-and-gynecologist,2025-06-15 09:20:09
dr. Sulfakar Sp. OG,Sp. Kandungan & Kebidanan,RS Mutiara Hati Mojokerto,"Gedeg, Kabupaten Mojokerto",,obstetrics-and-gynecologist,2025-06-15 09:20:09
"dr. Sutesnadi Sp., OG & Onk",Sp. Kandungan & Kebidanan,RSIA Melati Husada,"Klojen, Kota Malang",,obstetrics-and-gynecologist,2025-06-15 09:20:09
dr. Suty Nasution Sp. OG,Sp. Kandungan & Kebidanan,RSU Bunda Thamrin Medan,"Medan Sunggal, Kota Medan",,obstetrics-and-gynecologist,2025-06-15 09:20:09
dr. Syah Rini Wisdayanti Sp. OG,Sp. Kandungan & Kebidanan,JIH Solo,"Laweyan, Kota Surakarta",,obstetrics-and-gynecologist,2025-06-15 09:20:09
dr. Tedy Teguh Satriadi Sp. OG,Sp. Kandungan & Kebidanan,RSIA Asih Balikpapan,"Balikpapan Selatan, Kota Balikpapan",,obstetrics-and-gynecologist,2025-06-15 09:20:12
dr. Theresia Avilla Ririel Kusumosih Sp.OG,Sp. Kandungan & Kebidanan,RS Bethesda Yogyakarta,"Gondokusuman, Kota Yogyakarta",,obstetrics-and-gynecologist,2025-06-15 09:20:12
"dr. Tia Indriana, Sp.OG",Sp. Kandungan & Kebidanan,Siloam Hospitals Purwakarta,"Bungursari, Kabupaten Purwakarta",https://d1ojs48v3n42tp.cloudfront.net/personnels/639537_22-12-2022_14-43-14.png,obstetrics-and-gynecologist,2025-06-15 09:20:12
"dr. Tiffany Pelealu, Sp.OG",Sp. Kandungan & Kebidanan,Siloam Hospitals Purwakarta,"Bungursari, Kabupaten Purwakarta",https://d1ojs48v3n42tp.cloudfront.net/personnels/412846_29-11-2022_16-40-0.png,obstetrics-and-gynecologist,2025-06-15 09:20:12
Dr. Tjien Ronny Sp.OG,Sp. Kandungan & Kebidanan,RS PIK,"Penjaringan, Jakarta Utara",,obstetrics-and-gynecologist,2025-06-15 09:20:12
"dr. Tommy Alamsyah, Sp.OG",Sp. Kandungan & Kebidanan,Siloam Hospitals Purwakarta,"Bungursari, Kabupaten Purwakarta",https://d1ojs48v3n42tp.cloudfront.net/personnels/671282_17-5-2021_11-50-45.png,obstetrics-and-gynecologist,2025-06-15 09:20:12
"dr. Tony Winata, Sp.OG, M.Kes",Sp. Kandungan & Kebidanan,Siloam Hospitals Bekasi Sepanjang Jaya,"Rawalumbu, Bekasi",https://d1ojs48v3n42tp.cloudfront.net/personnels/340225_1-11-2022_12-41-21.jpeg,obstetrics-and-gynecologist,2025-06-15 09:20:12
"dr. Tri Apriliawan Bendarto Rahardjo, Sp.OG (K) Onk",Sp. Kandungan & Kebidanan,RS Mitra Keluarga Bekasi Timur,"Bekasi Timur, Bekasi",https://d1ojs48v3n42tp.cloudfront.net/personnels/56837_18-10-2022_18-35-54.png,obstetrics-and-gynecologist,2025-06-15 09:20:12
dr Tri Pratiwi Suci Sp. OG,Sp. Kandungan & Kebidanan,RS Permata Cibubur,"Jatisampurna, Bekasi",,obstetrics-and-gynecologist,2025-06-15 09:20:12
dr. Trifina Sp.OG,Sp. Kandungan & Kebidanan,RSU Harapan Bersama Singkawang,"Singkawang Barat, Kota Singkawang",,obstetrics-and-gynecologist,2025-06-15 09:20:12
"dr. Unedo Hence Markus Sihombing, Sp.OG(K)Onk",Sp. Kandungan & Kebidanan,Mayapada Hospital Kuningan,"Setiabudi, Jakarta Selatan",https://d1ojs48v3n42tp.cloudfront.net/personnels/894656_4-4-2023_22-57-44.jpeg,obstetrics-and-gynecologist,2025-06-15 09:20:14
"dr. Uning Marlin MSHM, Sp.OG",Sp. Kandungan & Kebidanan,Mayapada Hospital Surabaya,"Sawahan, Kota Surabaya",https://d1ojs48v3n42tp.cloudfront.net/personnels/524609_13-12-2022_13-40-43.png,obstetrics-and-gynecologist,2025-06-15 09:20:14
dr. Vannya Dewi Puspitasari Sp. OG,Sp. Kandungan & Kebidanan,RS Telogorejo,"Semarang Tengah, Kota Semarang",,obstetrics-and-gynecologist,2025-06-15 09:20:14
dr. Vanya Vanesha Sp.OG,Sp. Kandungan & Kebidanan,RS Sumber Waras Cirebon,"Ciwaringin, Kabupaten Cirebon",,obstetrics-and-gynecologist,2025-06-15 09:20:14
"dr. Variantono Azwar, Sp.OG",Sp. Kandungan & Kebidanan,Siloam Hospitals Sriwijaya Palembang,"Ilir Barat I, Kota Palembang",https://d1ojs48v3n42tp.cloudfront.net/personnels/521754_22-12-2022_17-51-22.jpeg,obstetrics-and-gynecologist,2025-06-15 09:20:14
"dr. Vivi Sylvia Konstantine, M.Kes, Sp.OG",Sp. Kandungan & Kebidanan,Mayapada Hospital Bogor,"Bogor Timur, Bogor",https://d1ojs48v3n42tp.cloudfront.net/personnels/217267_13-12-2022_13-40-1.png,obstetrics-and-gynecologist,2025-06-15 09:20:14
dr Wahyudi Sp. OG,Sp. Kandungan & Kebidanan,RSIA Mutiara Aini Batam,"Batu Aji, Kota Batam",,obstetrics-and-gynecologist,2025-06-15 09:20:14
"dr. Wawan Hermawan, Sp.OG",Sp. Kandungan & Kebidanan,Siloam Hospitals Buton,"Wolio, Kota Bau-Bau",https://d1ojs48v3n42tp.cloudfront.net/personnels/825396_21-9-2022_9-33-8.jpeg,obstetrics-and-gynecologist,2025-06-15 09:20:14
"dr. Wenny Ningsih Haryadi, Sp.OG",Sp. Kandungan & Kebidanan,Mayapada Hospital Tangerang,"Tangerang, Tangerang",https://d1ojs48v3n42tp.cloudfront.net/personnels/13525_13-12-2022_14-1-35.jpeg,obstetrics-and-gynecologist,2025-06-15 09:20:14
"dr. Widyastuti, SP.OG. Subsp.K.Fm",Sp. Kandungan & Kebidanan,RSUP Fatmawati,"Cilandak, Jakarta Selatan",,obstetrics-and-gynecologist,2025-06-15 09:20:14
dr. Widyorini Lestari Hutami Hanafy Sp.OG,Sp. Kandungan & Kebidanan,RS Pondok Indah - Pondok Indah,"Kebayoran Lama, Jakarta Selatan",,obstetrics-and-gynecologist,2025-06-15 09:20:17
dr. Widyorini Lestari Hutami Hanafy Sp. O.G,Sp. Kandungan & Kebidanan,RS Pondok Indah - Pondok Indah,"Kebayoran Lama, Jakarta Selatan",,obstetrics-and-gynecologist,2025-06-15 09:20:17
"dr. William Timotius Wahono, Sp.OG",Sp. Kandungan & Kebidanan,RS Mitra Keluarga Kalideres,"Kalideres, Jakarta Barat",https://d1ojs48v3n42tp.cloudfront.net/personnels/652690_21-12-2022_14-23-24.jpeg,obstetrics-and-gynecologist,2025-06-15 09:20:17
"dr. Winda Andaka, Sp.OG",Sp. Kandungan & Kebidanan,Siloam Hospitals Denpasar,"Kuta, Kabupaten Badung",https://d1ojs48v3n42tp.cloudfront.net/personnels/578303_1-11-2022_17-1-51.jpeg,obstetrics-and-gynecologist,2025-06-15 09:20:17
dr. Wira Dwi Putri Sp.OG.,Sp. Kandungan & Kebidanan,RS Mitra Keluarga Cibubur,"Jatisampurna, Bekasi",,obstetrics-and-gynecologist,2025-06-15 09:20:17
"dr. Wira Dwi Putri, Sp.OG",Sp. Kandungan & Kebidanan,RS Mitra Keluarga Cibubur,"Jatisampurna, Bekasi",https://d1ojs48v3n42tp.cloudfront.net/personnels/39764_4-4-2022_14-19-29.jpeg,obstetrics-and-gynecologist,2025-06-15 09:20:17
"dr. Wira Dwi Putri, SpOG",Sp. Kandungan & Kebidanan,RS Mitra Keluarga Cibubur,"Jatisampurna, Bekasi",,obstetrics-and-gynecologist,2025-06-15 09:20:17
"dr. Wisnu Wardhana, Sp.OG",Sp. Kandungan & Kebidanan,RS Mitra Keluarga Tegal,"Tegal Barat, Kota Tegal",https://d1ojs48v3n42tp.cloudfront.net/personnels/163429_24-5-2023_9-30-27.png,obstetrics-and-gynecologist,2025-06-15 09:20:17
dr. YENNI AMRAN. Sp.OG,Sp. Kandungan & Kebidanan,RS Anna Medika Bekasi,"Bekasi Utara, Bekasi",,obstetrics-and-gynecologist,2025-06-15 09:20:17
"dr. Yahya Darmawan, Sp.OG",Sp. Kandungan & Kebidanan,RS Mitra Keluarga Kemayoran,"Kemayoran, Jakarta Pusat",https://d1ojs48v3n42tp.cloudfront.net/personnels/620997_22-3-2022_20-58-36.jpeg,obstetrics-and-gynecologist,2025-06-15 09:20:17
"dr Yandi Jayaprana, Sp. OG",Sp. Kandungan & Kebidanan,RSU Fikri Medika,"Klari, Kabupaten Karawang",,obstetrics-and-gynecologist,2025-06-15 09:20:20
dr. Yasmin D. Sp.OG,Sp. Kandungan & Kebidanan,RSIA Cahaya Bunda,"Kesambi, Kota Cirebon",,obstetrics-and-gynecologist,2025-06-15 09:20:20
dr. Yoan Alexandria Angelina Yosediputra Sp.OG (K),Sp. Kandungan & Kebidanan,RS Mitra Keluarga Waru,"Waru, Kabupaten Sidoarjo",https://d1ojs48v3n42tp.cloudfront.net/personnels/184577_16-4-2025_11-34-5.png,obstetrics-and-gynecologist,2025-06-15 09:20:20
"dr. Yosep Sutandar, Sp. OG",Sp. Kandungan & Kebidanan,Siloam Hospitals Kebon Jeruk,"Kebon Jeruk, Jakarta Barat",,obstetrics-and-gynecologist,2025-06-15 09:20:20
"dr. Yoza Firdaoz, Sp.OG",Sp. Kandungan & Kebidanan,Siloam Hospitals Bangka,"Pangkalan Baru,  Kabupaten Bangka Tengah",https://d1ojs48v3n42tp.cloudfront.net/personnels/372355_30-6-2022_14-51-19.jpeg,obstetrics-and-gynecologist,2025-06-15 09:20:20
"dr. Yudi Andriansyah Eka Putra, SpOG(K)Onk",Sp. Kandungan & Kebidanan,Mayapada Hospital Bogor,"Bogor Timur, Bogor",https://d1ojs48v3n42tp.cloudfront.net/personnels/893912_3-4-2023_17-0-58.jpeg,obstetrics-and-gynecologist,2025-06-15 09:20:20
"dr. Yulita Runtuwene, Sp.OG",Sp. Kandungan & Kebidanan,Siloam Hospitals Manado,"Wenang, Kota Manado",https://d1ojs48v3n42tp.cloudfront.net/personnels/161635_17-5-2021_15-16-42.png,obstetrics-and-gynecologist,2025-06-15 09:20:20
"dr. Yuma Sukadarma Sulaiman Indrajaya, Sp.OG",Sp. Kandungan & Kebidanan,RS Mitra Keluarga Kemayoran,"Kemayoran, Jakarta Pusat",https://d1ojs48v3n42tp.cloudfront.net/personnels/583877_14-12-2022_12-57-35.png,obstetrics-and-gynecologist,2025-06-15 09:20:20
"dr Ari Ayat, Sp.OG",Sp. Kandungan & Kebidanan,RS dr. Oen Solo Baru,"Grogol, Kab Sukoharjo",,obstetrics-and-gynecologist,2025-06-15 09:20:20
dr Aulia Zesario Sp.Og,Sp. Kandungan & Kebidanan,RS Tria Dipa,"Pancoran, Jakarta Selatan",,obstetrics-and-gynecologist,2025-06-15 09:20:20
dr BAMBANG ABIMANYU Sp. OG (K)FM,Sp. Kandungan & Kebidanan,RS Sari Mulia Banjarmasin,"Banjarmasin Tengah, Kota Banjarmasin",,obstetrics-and-gynecologist,2025-06-15 09:20:22
dr HENDRA SUSANTO Sp. OG.,Sp. Kandungan & Kebidanan,RS Restu Ibu Balikpapan,"Balikpapan Tengah, Kota Balikpapan",,obstetrics-and-gynecologist,2025-06-15 09:20:22
dr Low Kah Pin,Sp. Kandungan & Kebidanan,Island Hospital Penang,"Mampang Prapatan, Jakarta Selatan",,obstetrics-and-gynecologist,2025-06-15 09:20:22
dr Rahmi Umiyati Ramil Sp. OG,Sp. Kandungan & Kebidanan,RS Islam Fatimah Cilacap,"Cilacap Utara, Kabupaten Cilacap",,obstetrics-and-gynecologist,2025-06-15 09:20:22
dr Somaskandar Sivasuntharam,Sp. Kandungan & Kebidanan,Gleneagles Penang,"Mampang Prapatan, Jakarta Selatan",,obstetrics-and-gynecologist,2025-06-15 09:20:22
"dr YUDO SISWO UTOMO, SP.OG",Sp. Kandungan & Kebidanan,RSIA Grha Bunda,"Kiaracondong, Kota Bandung",,obstetrics-and-gynecologist,2025-06-15 09:20:22
"dr. Adi Sukrisno, SpOG",Sp. Kandungan & Kebidanan,RS Pelni Petamburan,"Palmerah, Jakarta Barat",,obstetrics-and-gynecologist,2025-06-15 09:20:22
"dr. Aditya Fuad Robby, SpOT(K)",Sp. Kandungan & Kebidanan,RS Bethesda Yogyakarta,"Gondokusuman, Kota Yogyakarta",,obstetrics-and-gynecologist,2025-06-15 09:20:22
"dr. Agnes dwi hastjarjani, Sp.OG",Sp. Kandungan & Kebidanan,RS Melinda 2,"Cicendo, Kota Bandung",,obstetrics-and-gynecologist,2025-06-15 09:20:22
"dr. Alexy Oktoman Djohansjah, Sp. OG (K) Onk",Sp. Kandungan & Kebidanan,Siloam Hospitals Lippo Village,"Kelapa Dua, Kabupaten Tangerang",,obstetrics-and-gynecologist,2025-06-15 09:20:22
"dr. Amir Fahad, SpOG",Sp. Kandungan & Kebidanan,RS Ubaya,"Tenggilis Mejoyo, Kota Surabaya",,obstetrics-and-gynecologist,2025-06-15 09:20:25
"dr. Angelina Vitria, Sp.OG",Sp. Kandungan & Kebidanan,RSKIA Eka Grand Family,"Penjaringan, Jakarta Utara",,obstetrics-and-gynecologist,2025-06-15 09:20:25
"dr. Arman Djaja, SpOG",Sp. Kandungan & Kebidanan,RS Harapan Bunda Jakarta,"Ciracas, Jakarta Timur",,obstetrics-and-gynecologist,2025-06-15 09:20:25
"dr. Bagius, SpOG",Sp. Kandungan & Kebidanan,Siloam Hospitals Denpasar,"Kuta, Kabupaten Badung",,obstetrics-and-gynecologist,2025-06-15 09:20:25
". dr. Bagus Faridian Djohan Putra, Sp.OG",Sp. Kandungan & Kebidanan,RS Ken Saras,"Bergas, Kabupaten Semarang",,obstetrics-and-gynecologist,2025-06-15 09:20:25
Dr. dr. Batara I. Sirait SpOG K-FER,Sp. Kandungan & Kebidanan,MRCCC Siloam Hospitals Semanggi,"Setiabudi, Jakarta Selatan",,obstetrics-and-gynecologist,2025-06-15 09:20:25
"dr. Benza Asa Dicaraka, Sp.OG",Sp. Kandungan & Kebidanan,RSU Wiradadi Husada,"Sokaraja, Kabupaten Banyumas",,obstetrics-and-gynecologist,2025-06-15 09:20:25
"dr. Cahyawati Arisusilo, SpOG,MMRS",Sp. Kandungan & Kebidanan,RSU Kaliwates,"Kaliwates, Kabupaten Jember",,obstetrics-and-gynecologist,2025-06-15 09:20:25
"dr. Deni Heryanto, SpOG",Sp. Kandungan & Kebidanan,RS Intan Husada Garut,"Tarogong Kidul, Kabupaten Garut",,obstetrics-and-gynecologist,2025-06-15 09:20:25
"dr. Dian Riani Siregar, , MKed (OG), Sp.OG",Sp. Kandungan & Kebidanan,RS Mitra Keluarga Pamulang,"Pamulang, Tangerang Selatan",,obstetrics-and-gynecologist,2025-06-15 09:20:25
"dr. Dini Pusianawati, SpOG(K)",Sp. Kandungan & Kebidanan,RSIA Grha Bunda,"Kiaracondong, Kota Bandung",,obstetrics-and-gynecologist,2025-06-15 09:20:27
"dr. Dwi Faradina, Sp.OG-Onk",Sp. Kandungan & Kebidanan,Murni Teguh Memorial Hospital,"Medan Timur, Kota Medan",,obstetrics-and-gynecologist,2025-06-15 09:20:27
"dr. Elsy Nur Anggraeni,Sp.OG",Sp. Kandungan & Kebidanan,RS Al-Islam Bandung,"Rancasari, Kota Bandung",,obstetrics-and-gynecologist,2025-06-15 09:20:27
"dr. Enrico Hotma, SpOG",Sp. Kandungan & Kebidanan,Klinik dr. Yati Zarnudji,"Cibinong, Kabupaten Bogor",,obstetrics-and-gynecologist,2025-06-15 09:20:27
"dr. Erik Sutandi, Sp.OG",Sp. Kandungan & Kebidanan,RS PIK,"Penjaringan, Jakarta Utara",,obstetrics-and-gynecologist,2025-06-15 09:20:27
"dr. Fernando, Sp.OG, MRCOG, MM, MARS, FICS, Int.aff.RANZCOG",Sp. Kandungan & Kebidanan,Mayapada Hospital Kuningan,"Setiabudi, Jakarta Selatan",,obstetrics-and-gynecologist,2025-06-15 09:20:27
"dr. Grace Kalpika T,SpOG",Sp. Kandungan & Kebidanan,RSIA Permata Hati Kudus,"Kota Kudus, Kabupaten Kudus",,obstetrics-and-gynecologist,2025-06-15 09:20:27
"dr. H. Dudi Setiadi, SpOG",Sp. Kandungan & Kebidanan,RS Jantung dan Pembuluh Darah Tasikmalaya,"Cipedes, Kota Tasikmalaya",,obstetrics-and-gynecologist,2025-06-15 09:20:27
"dr. Harun, Sp.OG",Sp. Kandungan & Kebidanan,RS Permata Keluarga Lippo Cikarang,"Cikarang Selatan, Kabupaten Bekasi",,obstetrics-and-gynecologist,2025-06-15 09:20:27
"dr. Heru Prasetyo,SpOG",Sp. Kandungan & Kebidanan,RS Fatimah Serang,"Taktakan, Kota Serang",,obstetrics-and-gynecologist,2025-06-15 09:20:27
"dr. Hovlanta Pidingan, SpOG",Sp. Kandungan & Kebidanan,RSKIA Harapan Bunda Bandung,"Buahbatu, Kota Bandung",,obstetrics-and-gynecologist,2025-06-15 09:20:30
DR. dr. I Wayan Agung Sp.OG (K),Sp. Kandungan & Kebidanan,RSIA Melati Husada,"Klojen, Kota Malang",,obstetrics-and-gynecologist,2025-06-15 09:20:30
"dr. IP POPPY KUSUARDIYANTO, Sp. OG",Sp. Kandungan & Kebidanan,RS Pertamina Tanjung,"Murung Pudak, Kabupaten Tabalong",,obstetrics-and-gynecologist,2025-06-15 09:20:30
"dr. Indera Gunawan, Sp.OG",Sp. Kandungan & Kebidanan,Kasih Ibu Hospital Tabanan,"Tabanan, Kabupaten Tabanan",,obstetrics-and-gynecologist,2025-06-15 09:20:30
"dr. Jasmine Iskandar, SpOG",Sp. Kandungan & Kebidanan,Bintaro Woman and Children Clinic Senayan,"Pondok Aren, Tangerang Selatan",,obstetrics-and-gynecologist,2025-06-15 09:20:30
"dr. Leony Lim, Sp.OG",Sp. Kandungan & Kebidanan,RS Royal Progress,"Tanjung Priok, Jakarta Utara",,obstetrics-and-gynecologist,2025-06-15 09:20:30
"dr. Lulu Nurul Ula, Sp.OG",Sp. Kandungan & Kebidanan,RSIA Bunda Aisyah,"Indihiang, Kota Tasikmalaya",,obstetrics-and-gynecologist,2025-06-15 09:20:30
"dr. Lusy Hartini, Sp.OG",Sp. Kandungan & Kebidanan,Primaya Hospital Inco Sorowako,"Nuha, Kabupaten Luwu Timur",,obstetrics-and-gynecologist,2025-06-15 09:20:30
"dr. Natassa Zefanya Darsana, SpOG",Sp. Kandungan & Kebidanan,Siloam Hospitals Mampang,"Pancoran, Jakarta Selatan",,obstetrics-and-gynecologist,2025-06-15 09:20:30
"dr. Noviana Dewi, Sp.OG",Sp. Kandungan & Kebidanan,RS Samaritan Palu,"Palu Selatan, Kota Palu",,obstetrics-and-gynecologist,2025-06-15 09:20:30
"dr. Purnomo Limanto,SpOG",Sp. Kandungan & Kebidanan,RSIA Puri Malang,"Klojen, Kota Malang",,obstetrics-and-gynecologist,2025-06-15 09:20:32
"dr. Putri Sekar Wiyati ,SpOG",Sp. Kandungan & Kebidanan,RSIA Bunda Semarang,"Semarang Timur, Kota Semarang",,obstetrics-and-gynecologist,2025-06-15 09:20:32
"dr. Rahmat, SpOG",Sp. Kandungan & Kebidanan,RSIA As-Syifa Sangatta,"Sangatta Utara, Kabupaten Kutai Timur",,obstetrics-and-gynecologist,2025-06-15 09:20:32
"dr. Retno Pudjiastuti, Sp.OG",Sp. Kandungan & Kebidanan,RS Islam Malang (Unisma),"Lowokwaru, Kota Malang",,obstetrics-and-gynecologist,2025-06-15 09:20:32
"dr. Riska Wahyuningtyas, Sp.OG",Sp. Kandungan & Kebidanan,RSIA Kendangsari Surabaya,"Tenggilis Mejoyo, Kota Surabaya",,obstetrics-and-gynecologist,2025-06-15 09:20:32
"dr. Rudi Harsono, Sp.OG",Sp. Kandungan & Kebidanan,RSIA Lombok Dua Dua Jl. Flores,"Wonokromo, Kota Surabaya",,obstetrics-and-gynecologist,2025-06-15 09:20:32
dr. Selma Ng Sze Chuen,Sp. Kandungan & Kebidanan,Penang Adventist Hospital,"Mampang Prapatan, Jakarta Selatan",,obstetrics-and-gynecologist,2025-06-15 09:20:32
"dr. Setia Budi, Sp.OG",Sp. Kandungan & Kebidanan,RS Helsa Jatirahayu,"Pondok Melati, Bekasi",,obstetrics-and-gynecologist,2025-06-15 09:20:32
"dr. Singgih Prasetyo Nugroho, Sp.OG",Sp. Kandungan & Kebidanan,RS Awal Bros A Yani Pekanbaru,"Pekanbaru Kota, Kota Pekanbaru",,obstetrics-and-gynecologist,2025-06-15 09:20:32
dr. Soon Su Seong,Sp. Kandungan & Kebidanan,Penang Adventist Hospital,"Mampang Prapatan, Jakarta Selatan",,obstetrics-and-gynecologist,2025-06-15 09:20:32
"dr. Stephen Vanny Mandang, SpOG",Sp. Kandungan & Kebidanan,Siloam Hospitals Kebon Jeruk,"Kebon Jeruk, Jakarta Barat",,obstetrics-and-gynecologist,2025-06-15 09:20:35
"dr. Sulistyowati, Sp.OG",Sp. Kandungan & Kebidanan,RS Islam Fatimah Banyuwangi,"Kabat, Kabupaten Banyuwangi",,obstetrics-and-gynecologist,2025-06-15 09:20:35
"dr. Varianidia Veterini, SpOG",Sp. Kandungan & Kebidanan,RS Pertamina Balikpapan,"Balikpapan Kota, Kota Balikpapan",,obstetrics-and-gynecologist,2025-06-15 09:20:35
dr. Zulmaeta Sp. OG,Sp. Kandungan & Kebidanan,RSIA Andini Pekanbaru,"Marpoyan Damai, Kota Pekanbaru",,obstetrics-and-gynecologist,2025-06-15 09:20:35
dr. A. Halim Sp.OG,Sp. Kandungan & Kebidanan,Praktek Pribadi dr. A. Halim Sp.OG Mars,"Banjarmasin Tengah, Kota Banjarmasin",,obstetrics-and-gynecologist,2025-06-15 09:20:35
dr. A.M Puguh Sp.OG,Sp. Kandungan & Kebidanan,halodoc,"Setiabudi, Jakarta Selatan",,obstetrics-and-gynecologist,2025-06-15 09:20:35
dr. AXEI SURYADHINATA SP. OG,Sp. Kandungan & Kebidanan,Apotek K-24,"Cipayung, Jakarta Timur",,obstetrics-and-gynecologist,2025-06-15 09:20:35
dr. Achmad Dahlan Kadir sp.og,Sp. Kandungan & Kebidanan,RSIA AISYIYAH PEKAJANGAN,"Pekalongan Barat, Kota Pekalongan",,obstetrics-and-gynecologist,2025-06-15 09:20:35
dr. Ade Sp.OG,Sp. Kandungan & Kebidanan,Klinik Alfiya Medika,"Kramat Jati, Jakarta Timur",,obstetrics-and-gynecologist,2025-06-15 09:20:35
dr Adhitya Ardhianto Sp. OG,Sp. Kandungan & Kebidanan,RS Kumala Siwi Kudus,"Kaliwungu, Kabupaten Kudus",,obstetrics-and-gynecologist,2025-06-15 09:20:35
Dr. Aditya Arya Putra Sp.OG,Sp. Kandungan & Kebidanan,halodoc,"Setiabudi, Jakarta Selatan",,obstetrics-and-gynecologist,2025-06-15 09:20:37
dr. Adly Nanda Al Fattah Sp. OG,Sp. Kandungan & Kebidanan,KMNC Haji Nawi,"Cilandak, Jakarta Selatan",,obstetrics-and-gynecologist,2025-06-15 09:20:37
dr. Adri Yanti Sp.OG,Sp. Kandungan & Kebidanan,Batam medical center,"Batam Kota, Kota Batam",,obstetrics-and-gynecologist,2025-06-15 09:20:37
dr. Afifah Khairani Sp.OG,Sp. Kandungan & Kebidanan,halodoc,"Setiabudi, Jakarta Selatan",,obstetrics-and-gynecologist,2025-06-15 09:20:37
dr Afratsin Maisya,Sp. Kandungan & Kebidanan,halodoc,"Setiabudi, Jakarta Selatan",,obstetrics-and-gynecologist,2025-06-15 09:20:37
"dr. Agnes Imelda Imanuel, Sp.OG",Sp. Kandungan & Kebidanan,Siloam Hospitals Balikpapan,"Balikpapan Selatan, Kota Balikpapan",https://d1ojs48v3n42tp.cloudfront.net/personnels/437388_14-12-2022_15-20-57.png,obstetrics-and-gynecologist,2025-06-15 09:20:37
"Dr. Agung Pramartha Irawan M.Biomed, Sp.OG",Sp. Kandungan & Kebidanan,halodoc,"Setiabudi, Jakarta Selatan",,obstetrics-and-gynecologist,2025-06-15 09:20:37
"Dr. Agung Pramartha Irawan M.Biomed, Sp.OG",Sp. Kandungan & Kebidanan,halodoc,"Setiabudi, Jakarta Selatan",,obstetrics-and-gynecologist,2025-06-15 09:20:37
dr. Agus Putu Adi Swastika Sp.OG M. Biomed,Sp. Kandungan & Kebidanan,"dr. Agus Putu Adi Swastika, Sp. OG","Tenggarong Seberang, Kabupaten Kutai Kartanegara",,obstetrics-and-gynecologist,2025-06-15 09:20:37
dr. Agus Sunanto Sp.OG,Sp. Kandungan & Kebidanan,Klinik Bersalin Asy Safira,"Poncowarno, Kabupaten Kebumen",,obstetrics-and-gynecologist,2025-06-15 09:20:37
dr. Agus Sunanto Sp.OG,Sp. Kandungan & Kebidanan,Klinik Bersalin Asy Safira,"Poncowarno, Kabupaten Kebumen",,obstetrics-and-gynecologist,2025-06-15 09:20:40
dr. Ahmad Arif Sp.OG,Sp. Kandungan & Kebidanan,"Praktik Mandiri dr. Ahmad Arif, SpOG","Matraman, Jakarta Timur",,obstetrics-and-gynecologist,2025-06-15 09:20:40
dr. Ahmad Arif Sp.OG,Sp. Kandungan & Kebidanan,"Praktik Mandiri dr. Ahmad Arif, SpOG","Matraman, Jakarta Timur",,obstetrics-and-gynecologist,2025-06-15 09:20:40
"dr. Ahmad Triadi, SpOG",Sp. Kandungan & Kebidanan,RSIA Gebang Medika,"Periuk, Tangerang",,obstetrics-and-gynecologist,2025-06-15 09:20:40
Dr. Albert Widyan Sp.OG,Sp. Kandungan & Kebidanan,halodoc,"Setiabudi, Jakarta Selatan",,obstetrics-and-gynecologist,2025-06-15 09:20:40
Dr. Alfi Marita Tristiarti Sp.OG,Sp. Kandungan & Kebidanan,halodoc,"Setiabudi, Jakarta Selatan",,obstetrics-and-gynecologist,2025-06-15 09:20:40
dr. Alfi Marita Tristiarti Sp.OG,Sp. Kandungan & Kebidanan,halodoc,"Setiabudi, Jakarta Selatan",,obstetrics-and-gynecologist,2025-06-15 09:20:40
"dr Amalia Putri, Sp.OG Mph",Sp. Kandungan & Kebidanan,RSIJ Cempaka Putih,"Cempaka Putih, Jakarta Pusat",,obstetrics-and-gynecologist,2025-06-15 09:20:40
"Amalia Shadrina, dr.Sp.OG",Sp. Kandungan & Kebidanan,halodoc,"Setiabudi, Jakarta Selatan",,obstetrics-and-gynecologist,2025-06-15 09:20:40
"dr. Amarlys Febrina Choirin Nisa Fathoni, Sp.OG",Sp. Kandungan & Kebidanan,halodoc,"Setiabudi, Jakarta Selatan",,obstetrics-and-gynecologist,2025-06-15 09:20:40
dr. Ananto Prasetyo Sp. OG,Sp. Kandungan & Kebidanan,"Praktek dr Ananto Prasetyo, Sp.OG","Tambaksari, Kota Surabaya",,obstetrics-and-gynecologist,2025-06-15 09:20:43
Dr. Andharu Primayudha Infantri Sp.OG,Sp. Kandungan & Kebidanan,halodoc,"Setiabudi, Jakarta Selatan",,obstetrics-and-gynecologist,2025-06-15 09:20:43
Dr. Andi Ahmed Onterio Sp.OG,Sp. Kandungan & Kebidanan,halodoc,"Setiabudi, Jakarta Selatan",,obstetrics-and-gynecologist,2025-06-15 09:20:43
"dr. Andi Hasnawati, Sp.OG",Sp. Kandungan & Kebidanan,Siloam Hospitals Balikpapan,"Balikpapan Selatan, Kota Balikpapan",https://d1ojs48v3n42tp.cloudfront.net/personnels/139598_22-12-2022_17-45-30.jpeg,obstetrics-and-gynecologist,2025-06-15 09:20:43
Dr. Andika Sauw Sp.OG,Sp. Kandungan & Kebidanan,halodoc,"Setiabudi, Jakarta Selatan",,obstetrics-and-gynecologist,2025-06-15 09:20:43
Dr. Andrew R. Salundik,Sp. Kandungan & Kebidanan,Apotik Family Kuningan,"Kuningan, Kabupaten Kuningan",,obstetrics-and-gynecologist,2025-06-15 09:20:43
dr. Andrew S. Setiawan SpOG,Sp. Kandungan & Kebidanan,halodoc,"Setiabudi, Jakarta Selatan",,obstetrics-and-gynecologist,2025-06-15 09:20:43
dr. Andrew Sumantri Setiawan Sp.OG,Sp. Kandungan & Kebidanan,halodoc,"Setiabudi, Jakarta Selatan",,obstetrics-and-gynecologist,2025-06-15 09:20:43
Dr. Angela Sarah Sumual Sp.OG,Sp. Kandungan & Kebidanan,halodoc,"Setiabudi, Jakarta Selatan",,obstetrics-and-gynecologist,2025-06-15 09:20:43
Dr. Anin Indriani Sp.OG,Sp. Kandungan & Kebidanan,halodoc,"Setiabudi, Jakarta Selatan",,obstetrics-and-gynecologist,2025-06-15 09:20:43
Dr. Anne Gustriwati Sp.OG,Sp. Kandungan & Kebidanan,halodoc,"Setiabudi, Jakarta Selatan",,obstetrics-and-gynecologist,2025-06-15 09:20:46
Dr. Annisa Astika Rada Sp.OG,Sp. Kandungan & Kebidanan,halodoc,"Setiabudi, Jakarta Selatan",,obstetrics-and-gynecologist,2025-06-15 09:20:46
Dr. Annisa Mutiara Insani Sp.OG,Sp. Kandungan & Kebidanan,halodoc,"Setiabudi, Jakarta Selatan",,obstetrics-and-gynecologist,2025-06-15 09:20:46
dr. Annisa Nadhira Sp.OG,Sp. Kandungan & Kebidanan,halodoc,"Setiabudi, Jakarta Selatan",,obstetrics-and-gynecologist,2025-06-15 09:20:46
dr. Annisa Sp.OG,Sp. Kandungan & Kebidanan,klinik pratama bunda nanda,"Medan Sunggal, Kota Medan",,obstetrics-and-gynecologist,2025-06-15 09:20:46
"Dr. Anton Supono Sp.OG, MARS",Sp. Kandungan & Kebidanan,halodoc,"Setiabudi, Jakarta Selatan",,obstetrics-and-gynecologist,2025-06-15 09:20:46
Dr. Anton Supono Sp.OG MARS,Sp. Kandungan & Kebidanan,Apotek Sumber Waras Putera,"Sananwetan, Kota Blitar",,obstetrics-and-gynecologist,2025-06-15 09:20:46
dr. Antonius Darmawan Sp.OG,Sp. Kandungan & Kebidanan,klinik budi sehat,"Banjarsari, Kota Surakarta",,obstetrics-and-gynecologist,2025-06-15 09:20:46
Dr. Antonius Wibowo SpOG,Sp. Kandungan & Kebidanan,RS. Mitra Plumbon Patrol,"Setiabudi, Jakarta Selatan",,obstetrics-and-gynecologist,2025-06-15 09:20:46
dr. Anwar Halim Sp. OG,Sp. Kandungan & Kebidanan,RSKIA MAHKOTA BUNDA,"Banjarmasin Tengah, Kota Banjarmasin",,obstetrics-and-gynecologist,2025-06-15 09:20:46
"dr. Arif S. Prabowo, SpOG",Sp. Kandungan & Kebidanan,Apotek Kimia Farma Ciracas,"Ciracas, Jakarta Timur",,obstetrics-and-gynecologist,2025-06-15 09:20:49
"Dr. Arif Sangjaya Sp.OG, M.Kes",Sp. Kandungan & Kebidanan,halodoc,"Setiabudi, Jakarta Selatan",,obstetrics-and-gynecologist,2025-06-15 09:20:49
"dr. Ario Bimo Hanggono, Sp.OG",Sp. Kandungan & Kebidanan,halodoc,"Setiabudi, Jakarta Selatan",https://d1ojs48v3n42tp.cloudfront.net/personnels/90907_9-6-2023_11-37-13.png,obstetrics-and-gynecologist,2025-06-15 09:20:49
Dr. Arpian Herponi Sp.OG,Sp. Kandungan & Kebidanan,halodoc,"Setiabudi, Jakarta Selatan",,obstetrics-and-gynecologist,2025-06-15 09:20:49
"Dr. Arsyi Adliah Anwar Sp.OG, M.Kes",Sp. Kandungan & Kebidanan,halodoc,"Setiabudi, Jakarta Selatan",,obstetrics-and-gynecologist,2025-06-15 09:20:49
Dr. Arum Purnagari Sp.OG,Sp. Kandungan & Kebidanan,halodoc,"Setiabudi, Jakarta Selatan",,obstetrics-and-gynecologist,2025-06-15 09:20:49
Dr. Arya Govinda R,Sp. Kandungan & Kebidanan,halodoc,"Setiabudi, Jakarta Selatan",,obstetrics-and-gynecologist,2025-06-15 09:20:49
Dr. Asri Indriyani Putri Sp.OG,Sp. Kandungan & Kebidanan,halodoc,"Setiabudi, Jakarta Selatan",,obstetrics-and-gynecologist,2025-06-15 09:20:49
Dr. Astra Budiati Nusrat Sp.OG,Sp. Kandungan & Kebidanan,halodoc,"Setiabudi, Jakarta Selatan",,obstetrics-and-gynecologist,2025-06-15 09:20:49
Dr. Astri Ayu Agus Sp.OG,Sp. Kandungan & Kebidanan,halodoc,"Setiabudi, Jakarta Selatan",,obstetrics-and-gynecologist,2025-06-15 09:20:49
"Dr. Ayu Lestari Sp.OG, M.Kes",Sp. Kandungan & Kebidanan,halodoc,"Setiabudi, Jakarta Selatan",,obstetrics-and-gynecologist,2025-06-15 09:20:51
dr. Aziz Fachrudin Sp.OG,Sp. Kandungan & Kebidanan,Klinik Bersalin Al-Akbar,"Jatisampurna, Bekasi",,obstetrics-and-gynecologist,2025-06-15 09:20:51
dr. BUDI SYAMHUDI SP. OG,Sp. Kandungan & Kebidanan,APOTEK FARRAS,"Way Halim, Kota Bandar Lampung",,obstetrics-and-gynecologist,2025-06-15 09:20:51
Dr. Bagus Hilmawan Sp.OG,Sp. Kandungan & Kebidanan,halodoc,"Setiabudi, Jakarta Selatan",,obstetrics-and-gynecologist,2025-06-15 09:20:51
dr. Bambang Eko Winarno Sp.OG,Sp. Kandungan & Kebidanan,halodoc,"Setiabudi, Jakarta Selatan",,obstetrics-and-gynecologist,2025-06-15 09:20:51
dr Bambang Winarno Sp. OG,Sp. Kandungan & Kebidanan,halodoc,"Setiabudi, Jakarta Selatan",,obstetrics-and-gynecologist,2025-06-15 09:20:51
"Dr. Beatrix B. Mengga M.Ked.Klin, Sp.OG",Sp. Kandungan & Kebidanan,halodoc,"Setiabudi, Jakarta Selatan",,obstetrics-and-gynecologist,2025-06-15 09:20:51
dr. Bedeonie B. Med. Sc Sp. OG-KFER,Sp. Kandungan & Kebidanan,halodoc,"Setiabudi, Jakarta Selatan",,obstetrics-and-gynecologist,2025-06-15 09:20:51
"Dr. Beelenoine, Bmedsc Sp.OG KFER",Sp. Kandungan & Kebidanan,Bocah Indonesia,"Pinang, Tangerang",,obstetrics-and-gynecologist,2025-06-15 09:20:51
dr. Beeleonie SP OG,Sp. Kandungan & Kebidanan,0,"Bekasi Selatan, Bekasi",,obstetrics-and-gynecologist,2025-06-15 09:20:51
"dr. Beeleonie, B.Med. Sc, S.OG",Sp. Kandungan & Kebidanan,halodoc,"Setiabudi, Jakarta Selatan",,obstetrics-and-gynecologist,2025-06-15 09:20:54
"Dr. Benjamin Sihite Sp.OG, M.Ked(OG)",Sp. Kandungan & Kebidanan,halodoc,"Setiabudi, Jakarta Selatan",,obstetrics-and-gynecologist,2025-06-15 09:20:54
"dr. Benny Yafet Lalompoh, Sp.OG",Sp. Kandungan & Kebidanan,Siloam Hospitals Balikpapan,"Balikpapan Selatan, Kota Balikpapan",https://d1ojs48v3n42tp.cloudfront.net/personnels/400208_30-12-2022_13-34-12.png,obstetrics-and-gynecologist,2025-06-15 09:20:54
"dr. Beoelene, B.Med. Sc. Sp. OG-KFER",Sp. Kandungan & Kebidanan,0,"Bekasi Selatan, Bekasi",,obstetrics-and-gynecologist,2025-06-15 09:20:54
"dr. Beoeleonie, B.Med. Sc. Sp.OG-KFER",Sp. Kandungan & Kebidanan,0,"Bekasi Selatan, Bekasi",,obstetrics-and-gynecologist,2025-06-15 09:20:54
dr. Bhimantoro Sp. OG,Sp. Kandungan & Kebidanan,halodoc,"Setiabudi, Jakarta Selatan",,obstetrics-and-gynecologist,2025-06-15 09:20:54
DR. Dr. Bobby Indra Utama Sp.OG(K)-Urogin,Sp. Kandungan & Kebidanan,halodoc,"Setiabudi, Jakarta Selatan",,obstetrics-and-gynecologist,2025-06-15 09:20:54
Dr. Budhi Prasetia Santoso Sp.OG,Sp. Kandungan & Kebidanan,halodoc,"Setiabudi, Jakarta Selatan",,obstetrics-and-gynecologist,2025-06-15 09:20:54
Dr. Budi Darmawan Sp.OG,Sp. Kandungan & Kebidanan,halodoc,"Setiabudi, Jakarta Selatan",,obstetrics-and-gynecologist,2025-06-15 09:20:54
Dr. Budi Maryanto Sp.OG,Sp. Kandungan & Kebidanan,halodoc,"Setiabudi, Jakarta Selatan",,obstetrics-and-gynecologist,2025-06-15 09:20:54
Dr. Budi Maryanto Sp. OG,Sp. Kandungan & Kebidanan,Halodoc Teleconsultation,"Setiabudi, Jakarta Selatan",,obstetrics-and-gynecologist,2025-06-15 09:20:57
dr. Budi Santoso Sp. OG,Sp. Kandungan & Kebidanan,Klinik Utama Anny Rahardjo,"Pasar Rebo, Jakarta Timur",,obstetrics-and-gynecologist,2025-06-15 09:20:57
Dr. Budi Setiawan Harjoto Sp.OG,Sp. Kandungan & Kebidanan,halodoc,"Setiabudi, Jakarta Selatan",,obstetrics-and-gynecologist,2025-06-15 09:20:57
"Caroline Tirtajasa, dr., Sp.OG (K)",Sp. Kandungan & Kebidanan,halodoc,"Setiabudi, Jakarta Selatan",,obstetrics-and-gynecologist,2025-06-15 09:20:57
"Dr. Casa Nova Ayati, Sp.OG",Sp. Kandungan & Kebidanan,halodoc,"Setiabudi, Jakarta Selatan",https://d1ojs48v3n42tp.cloudfront.net/personnels/366830_4-5-2021_17-13-42.png,obstetrics-and-gynecologist,2025-06-15 09:20:57
dr. Catherine Sp. OG,Sp. Kandungan & Kebidanan,"Kehamilan Sehat Sunter (USG, Konsultasi Kandungan, Senam Hamil, Lepas/Pasang IUD)","Tanjung Priok, Jakarta Utara",,obstetrics-and-gynecologist,2025-06-15 09:20:57
dr. Catherine Sp OG,Sp. Kandungan & Kebidanan,Apotek WELLINGS Harapan Indah,"Medan Satria, Bekasi",,obstetrics-and-gynecologist,2025-06-15 09:20:57
dr. Catherine Sp.OG,Sp. Kandungan & Kebidanan,"Kehamilan Sehat Sunter (USG, Konsultasi Kandungan, Senam Hamil, Lepas/Pasang IUD)","Tanjung Priok, Jakarta Utara",,obstetrics-and-gynecologist,2025-06-15 09:20:57
Dr. Cepi Teguh Pramayadi,Sp. Kandungan & Kebidanan,halodoc,"Setiabudi, Jakarta Selatan",,obstetrics-and-gynecologist,2025-06-15 09:20:57
dr. Cepi Teguh Pramayadi Sp.OG,Sp. Kandungan & Kebidanan,halodoc,"Setiabudi, Jakarta Selatan",,obstetrics-and-gynecologist,2025-06-15 09:20:57
"dr. Chakti Ari Swastika, Sp.OG",Sp. Kandungan & Kebidanan,halodoc,"Setiabudi, Jakarta Selatan",,obstetrics-and-gynecologist,2025-06-15 09:21:00
dr. Christian Wijaya Woen Sp. OG,Sp. Kandungan & Kebidanan,Apotek Puspita Permata,"Kembangan, Jakarta Barat",,obstetrics-and-gynecologist,2025-06-15 09:21:00
dr. Christina Sitorus Sp.OG,Sp. Kandungan & Kebidanan,halodoc,"Setiabudi, Jakarta Selatan",,obstetrics-and-gynecologist,2025-06-15 09:21:00
dr. Christy H.D. Hanudji Sp.OG,Sp. Kandungan & Kebidanan,"dr.Christy H D Hanudji, SpOG","Ciawi, Kabupaten Bogor",,obstetrics-and-gynecologist,2025-06-15 09:21:00
dr. Christy H.D. Hanudji Sp. OG,Sp. Kandungan & Kebidanan,halodoc,"Setiabudi, Jakarta Selatan",,obstetrics-and-gynecologist,2025-06-15 09:21:00
Dr. Cindy Kesty Sp.OG,Sp. Kandungan & Kebidanan,halodoc,"Setiabudi, Jakarta Selatan",,obstetrics-and-gynecologist,2025-06-15 09:21:00
dr. Cindy Rani W Sp. OG,Sp. Kandungan & Kebidanan,Biomedika,"Kelapa Gading, Jakarta Utara",,obstetrics-and-gynecologist,2025-06-15 09:21:00
"Dr. Citra Aulia Bachtiar M.Ked.Klin., SpOG",Sp. Kandungan & Kebidanan,halodoc,"Setiabudi, Jakarta Selatan",,obstetrics-and-gynecologist,2025-06-15 09:21:00
Dr. Cucuk Santoso Sp.OG,Sp. Kandungan & Kebidanan,"dr.Cucuk Santoso,SpOG","Telukjambe Timur, Kabupaten Karawang",,obstetrics-and-gynecologist,2025-06-15 09:21:00
Dr. Cucuk Santoso Sp. OG,Sp. Kandungan & Kebidanan,"dr.Cucuk Santoso,SpOG","Telukjambe Timur, Kabupaten Karawang",,obstetrics-and-gynecologist,2025-06-15 09:21:00
dr. DAVE GRANT SAMPELILING SP.OG,Sp. Kandungan & Kebidanan,RSIA NASANAPURA,"Palu Selatan, Kota Palu",,obstetrics-and-gynecologist,2025-06-15 09:21:03
dr. DONG ANGGORO SIGIT Sp.OG,Sp. Kandungan & Kebidanan,Apotek Sindang Sari,"Cangkuang, Kabupaten Bandung",,obstetrics-and-gynecologist,2025-06-15 09:21:03
Dr. Damayanti Eka Sp. OG,Sp. Kandungan & Kebidanan,Apotek Sari Indah,"Jambi Selatan, Kota Jambi",,obstetrics-and-gynecologist,2025-06-15 09:21:03
Dr. Daniel Pranata Soekatjo Sp.OG,Sp. Kandungan & Kebidanan,"dr. Daniel Saranga, Sp.OG(K)","Cisewu, Kabupaten Garut",,obstetrics-and-gynecologist,2025-06-15 09:21:03
"dr. Dave Grant Sampeliling, Sp.OG",Sp. Kandungan & Kebidanan,RSIA NASANAPURA,"Palu Selatan, Kota Palu",,obstetrics-and-gynecologist,2025-06-15 09:21:03
Dr. David Eka Prasetya Sp.OG,Sp. Kandungan & Kebidanan,halodoc,"Setiabudi, Jakarta Selatan",,obstetrics-and-gynecologist,2025-06-15 09:21:03
Dr. David Halim Sp.OG,Sp. Kandungan & Kebidanan,halodoc,"Setiabudi, Jakarta Selatan",,obstetrics-and-gynecologist,2025-06-15 09:21:03
dr. Dedi Febriansyah,Sp. Kandungan & Kebidanan,Kehamilan Sehat Harapan Indah,"Medan Satria, Bekasi",,obstetrics-and-gynecologist,2025-06-15 09:21:03
dr. Dedi Febriansyah Sp.OG,Sp. Kandungan & Kebidanan,Kehamilan Sehat Harapan Indah,"Medan Satria, Bekasi",,obstetrics-and-gynecologist,2025-06-15 09:21:03
dr. Deri Indrawati SpOG,Sp. Kandungan & Kebidanan,Apotek Medika Utama,"Tawang, Kota Tasikmalaya",,obstetrics-and-gynecologist,2025-06-15 09:21:03
Dr. Deri Sp. OG,Sp. Kandungan & Kebidanan,Apotek Medika Utama,"Tawang, Kota Tasikmalaya",,obstetrics-and-gynecologist,2025-06-15 09:21:07
dr. Desmon Roza Sp. OG,Sp. Kandungan & Kebidanan,Rumah Sakit Umum Cahaya Medika,"Tambun Utara, Kabupaten Bekasi",,obstetrics-and-gynecologist,2025-06-15 09:21:07
dr. Dessy Sulistiawati Hasiabuan Sp. OG,Sp. Kandungan & Kebidanan,halodoc,"Setiabudi, Jakarta Selatan",,obstetrics-and-gynecologist,2025-06-15 09:21:07
dr. Dessy Susilawati Hasibuan Sp. OG,Sp. Kandungan & Kebidanan,halodoc,"Setiabudi, Jakarta Selatan",,obstetrics-and-gynecologist,2025-06-15 09:21:07
dr. Desty Putri K. Sp.OG,Sp. Kandungan & Kebidanan,Klinik & Apotek Hilda Alnaira,"Koja, Jakarta Utara",,obstetrics-and-gynecologist,2025-06-15 09:21:07
"Dr. Desy Handayani AFS, M.Ked(OG) Sp",Sp. Kandungan & Kebidanan,RSIA MAHARANI,"Bangun Purba, Kabupaten Deli Serdang",,obstetrics-and-gynecologist,2025-06-15 09:21:07
Dr. Dewi Kartika DJ Anwar Sp.OG,Sp. Kandungan & Kebidanan,halodoc,"Setiabudi, Jakarta Selatan",,obstetrics-and-gynecologist,2025-06-15 09:21:07
dr. Dewi Levana Diandra Sp.OG,Sp. Kandungan & Kebidanan,halodoc,"Setiabudi, Jakarta Selatan",,obstetrics-and-gynecologist,2025-06-15 09:21:07
dr. Dewi Saraswati Gaduh Sp.OG,Sp. Kandungan & Kebidanan,halodoc,"Setiabudi, Jakarta Selatan",,obstetrics-and-gynecologist,2025-06-15 09:21:07
"Dr. Dewi Setiawati, SP. OG M. Kes",Sp. Kandungan & Kebidanan,Wirahusada Medical Center,"Setiabudi, Jakarta Selatan",,obstetrics-and-gynecologist,2025-06-15 09:21:07
Dr. Dharma Yosua Sardol Simarmata Sp.OG,Sp. Kandungan & Kebidanan,halodoc,"Setiabudi, Jakarta Selatan",,obstetrics-and-gynecologist,2025-06-15 09:21:13
Dr. Dhini Aiyulie Novri Sp.OG,Sp. Kandungan & Kebidanan,halodoc,"Setiabudi, Jakarta Selatan",,obstetrics-and-gynecologist,2025-06-15 09:21:13
Dr. Dian Aviani Sp.OG,Sp. Kandungan & Kebidanan,halodoc,"Setiabudi, Jakarta Selatan",,obstetrics-and-gynecologist,2025-06-15 09:21:13
dr. Dian Paramita . OG,Sp. Kandungan & Kebidanan,halodoc,"Setiabudi, Jakarta Selatan",,obstetrics-and-gynecologist,2025-06-15 09:21:13
dr. Dika Puspita Dewi SP.OG,Sp. Kandungan & Kebidanan,Klinik Musytasyfah,"Majalaya, Kabupaten Karawang",,obstetrics-and-gynecologist,2025-06-15 09:21:13
Dr. Dika Putrayuda Sp.OG,Sp. Kandungan & Kebidanan,halodoc,"Setiabudi, Jakarta Selatan",,obstetrics-and-gynecologist,2025-06-15 09:21:13
Dr. Dini Mahani Sp. OG,Sp. Kandungan & Kebidanan,dr Dini Mahrani SpOG,"Bumi Waras, Kota Bandar Lampung",,obstetrics-and-gynecologist,2025-06-15 09:21:13
dr. Dini Mahrani Sp. OG,Sp. Kandungan & Kebidanan,Dini Obstetrician Clinic,"Anak Tuha, Kabupaten Lampung Tengah",,obstetrics-and-gynecologist,2025-06-15 09:21:13
dr. Dini Mahrani Sp. OG,Sp. Kandungan & Kebidanan,Praktek dokter.,"Bukit Raya, Kota Pekanbaru",,obstetrics-and-gynecologist,2025-06-15 09:21:13
dr. Dini Mahrani Sp. OG,Sp. Kandungan & Kebidanan,dr Dini Mahrani SpOG,"Bumi Waras, Kota Bandar Lampung",,obstetrics-and-gynecologist,2025-06-15 09:21:13
dr. Dini Utari Sp.OG,Sp. Kandungan & Kebidanan,BWCC Jagakarsa Klinik,"Jagakarsa, Jakarta Selatan",,obstetrics-and-gynecologist,2025-06-15 09:21:17
Dr. Dini Utari Sp. OG,Sp. Kandungan & Kebidanan,BWCC Jagakarsa Klinik,"Jagakarsa, Jakarta Selatan",,obstetrics-and-gynecologist,2025-06-15 09:21:17
dr Dita Diana Parti Sp. OG,Sp. Kandungan & Kebidanan,halodoc,"Setiabudi, Jakarta Selatan",,obstetrics-and-gynecologist,2025-06-15 09:21:17
Dr AhmadArif Sp. OG,Sp. Kandungan & Kebidanan,Apotek K-24,"Cipayung, Jakarta Timur",,obstetrics-and-gynecologist,2025-06-15 09:21:17
"Dr Hj. SUTY NASUTION, SpOG (K)",Sp. Kandungan & Kebidanan,METTA HEALTHCARE CENTER,"Medan Perjuangan, Kota Medan",,obstetrics-and-gynecologist,2025-06-15 09:21:17
Dr REGINTHA Sp. OG,Sp. Kandungan & Kebidanan,APOTEK ROXY,"Bekasi Selatan, Bekasi",,obstetrics-and-gynecologist,2025-06-15 09:21:17
"Dr Rabiah Adawiyah, Sp.OG",Sp. Kandungan & Kebidanan,halodoc,"Setiabudi, Jakarta Selatan",,obstetrics-and-gynecologist,2025-06-15 09:21:17
Dr Yulianto Rapa Sp.OG,Sp. Kandungan & Kebidanan,Apotek Kimia Farma Barong Tongkok,"Talisayan, Kabupaten Berau",,obstetrics-and-gynecologist,2025-06-15 09:21:17
"Dr. Edy D. Amansari, Spog, Mkes",Sp. Kandungan & Kebidanan,"Dr. Edy D. Amansari, Spog, Mkes","Sukaraja, Kabupaten Sukabumi",,obstetrics-and-gynecologist,2025-06-15 09:21:17
"Dr. Indra Perdana Kusuma, Sp.OG",Sp. Kandungan & Kebidanan,"Dr. Indra Perdana Kusuma, Sp.OG","Gubeng, Kota Surabaya",,obstetrics-and-gynecologist,2025-06-15 09:21:17
Dr. Marliana Ritung Sp. OG,Sp. Kandungan & Kebidanan,halodoc,"Setiabudi, Jakarta Selatan",,obstetrics-and-gynecologist,2025-06-15 09:21:21
"Dr. Rosita Indriyai, Sp. OG",Sp. Kandungan & Kebidanan,halodoc,"Setiabudi, Jakarta Selatan",,obstetrics-and-gynecologist,2025-06-15 09:21:21
Dr. Susan Meuthia Sp. OG,Sp. Kandungan & Kebidanan,halodoc,"Setiabudi, Jakarta Selatan",,obstetrics-and-gynecologist,2025-06-15 09:21:21
"Dr. dr. Ketut Putra Sedana, Sp.OG",Sp. Kandungan & Kebidanan,KLINIK BERSALIN PERMATA BUNDA,"Buleleng, Kabupaten Buleleng",,obstetrics-and-gynecologist,2025-06-15 09:21:21
"Dr. dr. Mintareja Teguh, SpOG (K)",Sp. Kandungan & Kebidanan,APOTEK PIP RENON,"Denpasar Barat, Kota Denpasar",,obstetrics-and-gynecologist,2025-06-15 09:21:21
"Dr. Dwi Fenny Amir M.Ked(OG), Sp.OG",Sp. Kandungan & Kebidanan,halodoc,"Setiabudi, Jakarta Selatan",,obstetrics-and-gynecologist,2025-06-15 09:21:21
dr. Dwi Rasyanti Sp. OG,Sp. Kandungan & Kebidanan,halodoc,"Setiabudi, Jakarta Selatan",,obstetrics-and-gynecologist,2025-06-15 09:21:21
Dr. Dwicky Limbersia Aries Sp.OG,Sp. Kandungan & Kebidanan,halodoc,"Setiabudi, Jakarta Selatan",,obstetrics-and-gynecologist,2025-06-15 09:21:21
dr. Dwiyana Ruspianti A Sp.OG,Sp. Kandungan & Kebidanan,RSUD BALARAJA,"Balaraja, Kabupaten Tangerang",,obstetrics-and-gynecologist,2025-06-15 09:21:21
"dr. Dyah Ayu P, Sp.OG(K) M.Kes",Sp. Kandungan & Kebidanan,Klinik Utama FEMINA CENTER,"Pasaleman, Kabupaten Cirebon",,obstetrics-and-gynecologist,2025-06-15 09:21:21
dr. Dympna Prameilita Prisasanti Sp.OG,Sp. Kandungan & Kebidanan,halodoc,"Setiabudi, Jakarta Selatan",,obstetrics-and-gynecologist,2025-06-15 09:21:24
dr. Edy D. Amansari Sp. OG,Sp. Kandungan & Kebidanan,"Dr. Edy D. Amansari, Spog, Mkes","Sukaraja, Kabupaten Sukabumi",,obstetrics-and-gynecologist,2025-06-15 09:21:24
"dr. Edy D. Amansari Spog, Mkes",Sp. Kandungan & Kebidanan,"Dr. Edy D. Amansari, Spog, Mkes","Sukaraja, Kabupaten Sukabumi",,obstetrics-and-gynecologist,2025-06-15 09:21:24
dr. Edy Kurniawan Sp. OG,Sp. Kandungan & Kebidanan,Adellia Graha Medika,"Lahat Selatan, Kabupaten Lahat",,obstetrics-and-gynecologist,2025-06-15 09:21:24
Dr. Edy S Sp. OG,Sp. Kandungan & Kebidanan,APOTEK GRAHA MEDIKA,"Tawang, Kota Tasikmalaya",,obstetrics-and-gynecologist,2025-06-15 09:21:24
"dr. Effendy Gunawan, Sp.OG",Sp. Kandungan & Kebidanan,Halodoc Teleconsultation,"Setiabudi, Jakarta Selatan",,obstetrics-and-gynecologist,2025-06-15 09:21:24
"dr. Effendy Gunawan, Sp.OG",Sp. Kandungan & Kebidanan,Halodoc Teleconsultation,"Setiabudi, Jakarta Selatan",,obstetrics-and-gynecologist,2025-06-15 09:21:24
Dr. Effinia Siregar Sp.OG,Sp. Kandungan & Kebidanan,halodoc,"Setiabudi, Jakarta Selatan",,obstetrics-and-gynecologist,2025-06-15 09:21:24
"dr. Ekarini Aryasatiani, Sp.OG (K)",Sp. Kandungan & Kebidanan,RS St. Carolus Salemba,"Senen, Jakarta Pusat",https://d1ojs48v3n42tp.cloudfront.net/personnels/607760_20-6-2023_14-5-7.jpeg,obstetrics-and-gynecologist,2025-06-15 09:21:24
Dr. Emika Prastyan Sp.OG,Sp. Kandungan & Kebidanan,halodoc,"Setiabudi, Jakarta Selatan",,obstetrics-and-gynecologist,2025-06-15 09:21:24
dr. Emmy Murty Nyngsih M.Kes SP.OG,Sp. Kandungan & Kebidanan,dr erny Murty Ningsi Sp.OG,"Bara, Kota Palopo",,obstetrics-and-gynecologist,2025-06-15 09:21:26
dr. Emmy Tri SpOG,Sp. Kandungan & Kebidanan,halodoc,"Setiabudi, Jakarta Selatan",,obstetrics-and-gynecologist,2025-06-15 09:21:26
dr. Emy Tri SpOG,Sp. Kandungan & Kebidanan,0,"Bekasi Selatan, Bekasi",,obstetrics-and-gynecologist,2025-06-15 09:21:26
Dr. Endy Oktariansyah Sp. OG,Sp. Kandungan & Kebidanan,dr Endy Oktariansa Sp.OG,"Pasar Minggu, Jakarta Selatan",,obstetrics-and-gynecologist,2025-06-15 09:21:26
Dr. Enrico Hervianto Sp.OG,Sp. Kandungan & Kebidanan,halodoc,"Setiabudi, Jakarta Selatan",https://d1ojs48v3n42tp.cloudfront.net/personnels/411495_10-1-2025_14-3-18.jpeg,obstetrics-and-gynecologist,2025-06-15 09:21:26
dr. Erda Ayu Umami Sp.OG,Sp. Kandungan & Kebidanan,Apotek Kartini Karawang,"Cempaka Putih, Jakarta Pusat",,obstetrics-and-gynecologist,2025-06-15 09:21:26
dr. Erda Ayu Umami SpOG,Sp. Kandungan & Kebidanan,Apotek Kimia Farma Galuh Mas,"Telukjambe Timur, Kabupaten Karawang",,obstetrics-and-gynecologist,2025-06-15 09:21:26
dr. Erda Ayu Utami Sp.OG,Sp. Kandungan & Kebidanan,Apotek Kartini Karawang,"Cempaka Putih, Jakarta Pusat",,obstetrics-and-gynecologist,2025-06-15 09:21:26
Dr. Erdian Astato Sp. OG-KFM,Sp. Kandungan & Kebidanan,BWCC Jagakarsa Klinik,"Jagakarsa, Jakarta Selatan",,obstetrics-and-gynecologist,2025-06-15 09:21:26
"dr. Erik Jaka Triyadi, Sp.OG",Sp. Kandungan & Kebidanan,Love Baby,"Babelan, Kabupaten Bekasi",,obstetrics-and-gynecologist,2025-06-15 09:21:26
"dr. Erik Jaka Triyadi, Sp.OG",Sp. Kandungan & Kebidanan,Love Baby,"Babelan, Kabupaten Bekasi",,obstetrics-and-gynecologist,2025-06-15 09:21:29
"dr. Erik Jaka Triyadi, Sp.OG",Sp. Kandungan & Kebidanan,halodoc,"Setiabudi, Jakarta Selatan",,obstetrics-and-gynecologist,2025-06-15 09:21:29
dr. Erliana Fani Sp. OG,Sp. Kandungan & Kebidanan,halodoc,"Setiabudi, Jakarta Selatan",,obstetrics-and-gynecologist,2025-06-15 09:21:29
dr. Erny Murty Ningsi Sp.OG,Sp. Kandungan & Kebidanan,dr erny Murty Ningsi Sp.OG,"Bara, Kota Palopo",,obstetrics-and-gynecologist,2025-06-15 09:21:29
dr. Erny Murty Nyngsih M.Kes Sp.OG,Sp. Kandungan & Kebidanan,dr erny Murty Ningsi Sp.OG,"Bara, Kota Palopo",,obstetrics-and-gynecologist,2025-06-15 09:21:29
"Dr. Ervan Surya Sp.OG, FICS",Sp. Kandungan & Kebidanan,halodoc,"Setiabudi, Jakarta Selatan",,obstetrics-and-gynecologist,2025-06-15 09:21:29
"Dr. Esa Lestary Sp.OG, M.Kes",Sp. Kandungan & Kebidanan,halodoc,"Setiabudi, Jakarta Selatan",,obstetrics-and-gynecologist,2025-06-15 09:21:29
dr. Eston A. Hadibrata Sp.OG,Sp. Kandungan & Kebidanan,"dr. Eston A Hadibrata, Sp.OG","Sukomanunggal, Kota Surabaya",,obstetrics-and-gynecologist,2025-06-15 09:21:29
dr. Eston A. Hadibrata Sp.OG,Sp. Kandungan & Kebidanan,"dr. Eston A Hadibrata, Sp.OG","Simokerto, Kota Surabaya",,obstetrics-and-gynecologist,2025-06-15 09:21:29
dr. Eva Febia Sp.OG,Sp. Kandungan & Kebidanan,Kehamilan Sehat Duren Sawit,"Duren Sawit, Jakarta Timur",,obstetrics-and-gynecologist,2025-06-15 09:21:29
dr. FARIA TOMA SP. OG,Sp. Kandungan & Kebidanan,"Prakter dr. Faria Toma, SpOG","Setiabudi, Jakarta Selatan",,obstetrics-and-gynecologist,2025-06-15 09:21:31
dr Farah Sp. OG,Sp. Kandungan & Kebidanan,Apotek Kimia Farma Bengkong Kolam,"Dumai Barat, Kota Dumai",,obstetrics-and-gynecologist,2025-06-15 09:21:31
dr. Farani Harida Putri Sp. OG,Sp. Kandungan & Kebidanan,Klinik Kimia Farma Odessa,"Batam Kota, Kota Batam",,obstetrics-and-gynecologist,2025-06-15 09:21:31
dr. Farid Sp.OG(K),Sp. Kandungan & Kebidanan,Rumah Sakit Ibu & Anak Buah Hati,"Lembang, Kabupaten Bandung Barat",,obstetrics-and-gynecologist,2025-06-15 09:21:31
dr. Farida Chasdiadah Sp. OG,Sp. Kandungan & Kebidanan,RS. Widodo Ngawi,"Ngawi, Kabupaten Ngawi",,obstetrics-and-gynecologist,2025-06-15 09:21:31
dr. Farrah Lidyana Sp. OG,Sp. Kandungan & Kebidanan,Klinik See_Utun,"Cempaka Putih, Jakarta Pusat",,obstetrics-and-gynecologist,2025-06-15 09:21:31
dr. Fathurrahman Sp.OG,Sp. Kandungan & Kebidanan,Apotek Bunda,"Karawang Barat, Kabupaten Karawang",,obstetrics-and-gynecologist,2025-06-15 09:21:31
Dr. Feibyg Theresia Lumandung Sp.OG,Sp. Kandungan & Kebidanan,halodoc,"Setiabudi, Jakarta Selatan",,obstetrics-and-gynecologist,2025-06-15 09:21:31
Dr. Ferdiansyah Putra Harahap Sp.OG,Sp. Kandungan & Kebidanan,halodoc,"Setiabudi, Jakarta Selatan",,obstetrics-and-gynecologist,2025-06-15 09:21:31
dr. Ferdinand Rambu T. Sp.OG,Sp. Kandungan & Kebidanan,Klinik Bunda Kita,"Mariso, Kota Makassar",,obstetrics-and-gynecologist,2025-06-15 09:21:31
Dr. Fery Gunawan Sp.OG,Sp. Kandungan & Kebidanan,halodoc,"Setiabudi, Jakarta Selatan",,obstetrics-and-gynecologist,2025-06-15 09:21:34
"Dr. Fetty Miawaty, SpOG",Sp. Kandungan & Kebidanan,APOTEK ROXY,"Bekasi Selatan, Bekasi",,obstetrics-and-gynecologist,2025-06-15 09:21:34
Dr. Fikhy Rizky Hapsari Sp.OG,Sp. Kandungan & Kebidanan,halodoc,"Setiabudi, Jakarta Selatan",,obstetrics-and-gynecologist,2025-06-15 09:21:34
Dr. Firmansyah Adi Praditya Sp.OG,Sp. Kandungan & Kebidanan,halodoc,"Setiabudi, Jakarta Selatan",,obstetrics-and-gynecologist,2025-06-15 09:21:34
Dr. Fitria Angela Umar Sp.OG,Sp. Kandungan & Kebidanan,halodoc,"Setiabudi, Jakarta Selatan",,obstetrics-and-gynecologist,2025-06-15 09:21:34
Dr. Florencia Desiree Sp.OG,Sp. Kandungan & Kebidanan,halodoc,"Setiabudi, Jakarta Selatan",,obstetrics-and-gynecologist,2025-06-15 09:21:34
dr. Fredy Lisnan cSp.OG,Sp. Kandungan & Kebidanan,Klinik Utama Nyaman,"Banyusari, Kabupaten Karawang",,obstetrics-and-gynecologist,2025-06-15 09:21:34
Dr. Fredy Lisnan Sp. OG,Sp. Kandungan & Kebidanan,halodoc,"Setiabudi, Jakarta Selatan",,obstetrics-and-gynecologist,2025-06-15 09:21:34
dr. Fredy Lisnan Sp. OG,Sp. Kandungan & Kebidanan,Klinik Utama Nyaman,"Banyusari, Kabupaten Karawang",,obstetrics-and-gynecologist,2025-06-15 09:21:34
"Dr. Frida Adhani E.S M.Ked(OG), Sp.OG",Sp. Kandungan & Kebidanan,halodoc,"Setiabudi, Jakarta Selatan",,obstetrics-and-gynecologist,2025-06-15 09:21:34
dr. Frita R. Sp.OG,Sp. Kandungan & Kebidanan,KLINIK 3 RF MEDIKA,"Selebar, Kota Bengkulu",,obstetrics-and-gynecologist,2025-06-15 09:21:36
DR. GUSTI HESTY NURAINI SP. OG,Sp. Kandungan & Kebidanan,APOTEK SAHABAT,"Samarinda Kota, Kota Samarinda",,obstetrics-and-gynecologist,2025-06-15 09:21:36
"dr. Gahrani Chen, Sp.OG",Sp. Kandungan & Kebidanan,Momiya Medical Clinic,"Grogol Petamburan, Jakarta Barat",,obstetrics-and-gynecologist,2025-06-15 09:21:36
"dr. Ganda Muda Wijaya, Sp.OG, FMIGS FEGFR",Sp. Kandungan & Kebidanan,halodoc,"Setiabudi, Jakarta Selatan",,obstetrics-and-gynecologist,2025-06-15 09:21:36
"dr. Gede Agus Eka Tirta Putra, M.Biomed,SpOG",Sp. Kandungan & Kebidanan,RS Kasna Medika,"Setiabudi, Jakarta Selatan",,obstetrics-and-gynecologist,2025-06-15 09:21:36
Dr. Gharini Paramita Sp.OG,Sp. Kandungan & Kebidanan,halodoc,"Setiabudi, Jakarta Selatan",,obstetrics-and-gynecologist,2025-06-15 09:21:36
Dr. Gilbert Setiawan Sp.OG,Sp. Kandungan & Kebidanan,halodoc,"Setiabudi, Jakarta Selatan",,obstetrics-and-gynecologist,2025-06-15 09:21:36
Dr. Gledies Theresye Gosal Sp.OG,Sp. Kandungan & Kebidanan,halodoc,"Setiabudi, Jakarta Selatan",,obstetrics-and-gynecologist,2025-06-15 09:21:36
Dr. Gracia Angelia Sp.OG,Sp. Kandungan & Kebidanan,halodoc,"Setiabudi, Jakarta Selatan",,obstetrics-and-gynecologist,2025-06-15 09:21:36
Dr. Gracia Merryane Sp.OG,Sp. Kandungan & Kebidanan,halodoc,"Setiabudi, Jakarta Selatan",,obstetrics-and-gynecologist,2025-06-15 09:21:36
dr. Greg Agung Sp.OG,Sp. Kandungan & Kebidanan,"dr. Greg Agung H, SpOG","Cempaka Putih, Jakarta Pusat",,obstetrics-and-gynecologist,2025-06-15 09:21:39
Dr. Grez A. H. SpOG,Sp. Kandungan & Kebidanan,"dr. Greg Agung H, SpOG","Cempaka Putih, Jakarta Pusat",,obstetrics-and-gynecologist,2025-06-15 09:21:39
dr. Gusti Ayu Nuraini Sp.OG,Sp. Kandungan & Kebidanan,KLINIK KANOU,"Denpasar Selatan, Kota Denpasar",,obstetrics-and-gynecologist,2025-06-15 09:21:39
dr. Gusti Hesti Nuraini,Sp. Kandungan & Kebidanan,"Klinik dr Gusti Hesty Nuraini, SpOG","Samarinda Ulu, Kota Samarinda",,obstetrics-and-gynecologist,2025-06-15 09:21:39
dr H Hariadi Sp. OG,Sp. Kandungan & Kebidanan,Apotek Ridho ilahi,"Muara Beliti, Kabupaten Musi Rawas",,obstetrics-and-gynecologist,2025-06-15 09:21:39
dr. H Suntoro Sp.OG,Sp. Kandungan & Kebidanan,KLINIK TANTI KIRANA,"Kramatwatu, Kabupaten Serang",,obstetrics-and-gynecologist,2025-06-15 09:21:39
Dr. H. Alfian Sp.OG,Sp. Kandungan & Kebidanan,Praktek dokter.,"Bukit Raya, Kota Pekanbaru",,obstetrics-and-gynecologist,2025-06-15 09:21:39
Dr. H. Bayu Agus Wedianto Sp.OG,Sp. Kandungan & Kebidanan,halodoc,"Setiabudi, Jakarta Selatan",,obstetrics-and-gynecologist,2025-06-15 09:21:39
Dr. H. Bayu Agus Widianto Sp.OG,Sp. Kandungan & Kebidanan,halodoc,"Setiabudi, Jakarta Selatan",,obstetrics-and-gynecologist,2025-06-15 09:21:39
dr. H. Bayu Agus Widianto Sp.OG,Sp. Kandungan & Kebidanan,halodoc,"Setiabudi, Jakarta Selatan",,obstetrics-and-gynecologist,2025-06-15 09:21:39
"dr. H. Ferry Achmad F.M., Sp.OG.,MM",Sp. Kandungan & Kebidanan,RSUD Al Ihsan Provinsi Jawa Barat,"Baleendah, Kabupaten Bandung",,obstetrics-and-gynecologist,2025-06-15 09:21:42
Dr. H. Joko Nugroho Sp. OG,Sp. Kandungan & Kebidanan,Klinik Anugrah Bunda,"Telukjambe Timur, Kabupaten Karawang",,obstetrics-and-gynecologist,2025-06-15 09:21:42
Dr. H. Joko Nugroho SpOG,Sp. Kandungan & Kebidanan,Klinik Anugrah Bunda,"Telukjambe Timur, Kabupaten Karawang",,obstetrics-and-gynecologist,2025-06-15 09:21:42
Dr. HENNY L.H. REKA SP. OG,Sp. Kandungan & Kebidanan,Praktek dokter.,"Bukit Raya, Kota Pekanbaru",,obstetrics-and-gynecologist,2025-06-15 09:21:42
Prof.dr. Hadisaputra Sp.OG,Sp. Kandungan & Kebidanan,halodoc,"Setiabudi, Jakarta Selatan",,obstetrics-and-gynecologist,2025-06-15 09:21:42
Dr. Handy Wiradharma Sp.OG,Sp. Kandungan & Kebidanan,Praktek dr. Danny Wiradharma,"Kelapa Gading, Jakarta Utara",,obstetrics-and-gynecologist,2025-06-15 09:21:42
Dr. Hardian Optario Sinaga Sp.OG,Sp. Kandungan & Kebidanan,halodoc,"Setiabudi, Jakarta Selatan",,obstetrics-and-gynecologist,2025-06-15 09:21:42
Dr. Hari Sndi Sp. OG,Sp. Kandungan & Kebidanan,Praktek dokter.,"Bukit Raya, Kota Pekanbaru",,obstetrics-and-gynecologist,2025-06-15 09:21:42
Dr. Harianto Wijaya Sp.OG - KFER,Sp. Kandungan & Kebidanan,halodoc,"Setiabudi, Jakarta Selatan",,obstetrics-and-gynecologist,2025-06-15 09:21:42
dr. Harly Pratiwi Indah Lestari Sp.OG,Sp. Kandungan & Kebidanan,halodoc,"Setiabudi, Jakarta Selatan",,obstetrics-and-gynecologist,2025-06-15 09:21:42
"dr. Harmoko, Sp.OG",Sp. Kandungan & Kebidanan,halodoc,"Setiabudi, Jakarta Selatan",,obstetrics-and-gynecologist,2025-06-15 09:21:44
dr. Harris Armadhi Sp OG,Sp. Kandungan & Kebidanan,GRAHA MASYITHOH,"Sukolilo, Kota Surabaya",,obstetrics-and-gynecologist,2025-06-15 09:21:44
"Dr. Harvey Alvin Hartono Sp.OG, F.MAS, D.MAS, FICS",Sp. Kandungan & Kebidanan,halodoc,"Setiabudi, Jakarta Selatan",,obstetrics-and-gynecologist,2025-06-15 09:21:44
dr. Helmina Sp. OG,Sp. Kandungan & Kebidanan,Rumah Sakit Emhaka,"Medan Satria, Bekasi",,obstetrics-and-gynecologist,2025-06-15 09:21:44
dr. Henny Luniagus Hardida Sp. OG,Sp. Kandungan & Kebidanan,Rumah Sakit Bunda Palembang,"Ilir Barat I, Kota Palembang",,obstetrics-and-gynecologist,2025-06-15 09:21:44
dr. Henry Stefanus Sugiarto Sp.OG,Sp. Kandungan & Kebidanan,Apotik Herba,"Gianyar, Kabupaten Gianyar",,obstetrics-and-gynecologist,2025-06-15 09:21:44
dr. Henry Stefanus Sugiarto Sp.OG,Sp. Kandungan & Kebidanan,Praktek dokter mandiri,"Cileunyi, Kabupaten Bandung",,obstetrics-and-gynecologist,2025-06-15 09:21:44
dr. Henry Sugiarto Sp.OG,Sp. Kandungan & Kebidanan,halodoc,"Setiabudi, Jakarta Selatan",,obstetrics-and-gynecologist,2025-06-15 09:21:44
dr. Hepta Lidia Sp. OG,Sp. Kandungan & Kebidanan,RSU Siaga Medika Banyumas,"Banyumas, Kabupaten Banyumas",,obstetrics-and-gynecologist,2025-06-15 09:21:44
"dr. Herbert Situmorang, Sp.OG, Subsp. F.E.R",Sp. Kandungan & Kebidanan,RS St. Carolus Salemba,"Senen, Jakarta Pusat",https://d1ojs48v3n42tp.cloudfront.net/personnels/382701_20-6-2023_14-4-51.jpeg,obstetrics-and-gynecologist,2025-06-15 09:21:44
dr. Herbert Situmorang Sp.OG,Sp. Kandungan & Kebidanan,Apotek Djatinegara,"Menteng, Jakarta Pusat",,obstetrics-and-gynecologist,2025-06-15 09:21:47
Dr. Hermanto Sp.OG,Sp. Kandungan & Kebidanan,halodoc,"Setiabudi, Jakarta Selatan",,obstetrics-and-gynecologist,2025-06-15 09:21:47
"dr. Hernanda Ridharakhim, Sp.OG. M.Kes",Sp. Kandungan & Kebidanan,KLINIK UTAMA SRI MURTI HUSADA,"Pasar Kliwon, Kota Surakarta",,obstetrics-and-gynecologist,2025-06-15 09:21:47
dr. Herry Stefanus Sugiarto Sp.OG,Sp. Kandungan & Kebidanan,Apotek Shahira,"Cempaka Putih, Jakarta Pusat",,obstetrics-and-gynecologist,2025-06-15 09:21:47
Dr. Heru Nababan Sp.OG,Sp. Kandungan & Kebidanan,halodoc,"Setiabudi, Jakarta Selatan",,obstetrics-and-gynecologist,2025-06-15 09:21:47
"dr. Heryani Wijayantie,SpOG",Sp. Kandungan & Kebidanan,Klinik Amanda Pontianak,"Pontianak Kota, Kota Pontianak",,obstetrics-and-gynecologist,2025-06-15 09:21:47
dr. Hesty Mellissa Sp.OG,Sp. Kandungan & Kebidanan,halodoc,"Setiabudi, Jakarta Selatan",,obstetrics-and-gynecologist,2025-06-15 09:21:47
dr. Hj. Juwita Elva Sp. OG,Sp. Kandungan & Kebidanan,halodoc,"Setiabudi, Jakarta Selatan",,obstetrics-and-gynecologist,2025-06-15 09:21:47
dr. Hj. Nurul Karti Handayani Sp.OG,Sp. Kandungan & Kebidanan,"Praktek dr. Hj. Nurul Karti Handayani, SpOG(K)","Samarinda Kota, Kota Samarinda",,obstetrics-and-gynecologist,2025-06-15 09:21:47
"dr. Hj. Nurul Karti Handayani, SpOG(K)",Sp. Kandungan & Kebidanan,"Praktek dr. Hj. Nurul Karti Handayani, SpOG(K)","Samarinda Kota, Kota Samarinda",,obstetrics-and-gynecologist,2025-06-15 09:21:47
"dr. Hj. Nurul Karti Handayani, SpOG(K)",Sp. Kandungan & Kebidanan,"Praktek dr. Hj. Nurul Karti Handayani, SpOG(K)","Samarinda Kota, Kota Samarinda",,obstetrics-and-gynecologist,2025-06-15 09:21:50
Dr. Hj. Suty Nasution,Sp. Kandungan & Kebidanan,hj. Suty Nasution SpoG,"Medan Amplas, Kota Medan",,obstetrics-and-gynecologist,2025-06-15 09:21:50
Hj. dr. Nurul Karti Handayani Sp.OG(K),Sp. Kandungan & Kebidanan,"Praktek dr. Hj. Nurul Karti Handayani, SpOG(K)","Samarinda Kota, Kota Samarinda",,obstetrics-and-gynecologist,2025-06-15 09:21:50
Dr. Hulman Sitompul Sp.OG,Sp. Kandungan & Kebidanan,halodoc,"Setiabudi, Jakarta Selatan",,obstetrics-and-gynecologist,2025-06-15 09:21:50
Dr. I Gede Bagus Arya Maharta Sp.OG,Sp. Kandungan & Kebidanan,halodoc,"Setiabudi, Jakarta Selatan",,obstetrics-and-gynecologist,2025-06-15 09:21:50
Dr. I Gusti Made Kusuma Widnyana Sp.OG,Sp. Kandungan & Kebidanan,halodoc,"Setiabudi, Jakarta Selatan",,obstetrics-and-gynecologist,2025-06-15 09:21:50
"dr. I Kadek Sukamertha, SpOG",Sp. Kandungan & Kebidanan,"Praktek Dr. I Kadek Sukamertha, SpOG","Denpasar Barat, Kota Denpasar",,obstetrics-and-gynecologist,2025-06-15 09:21:50
dr. I Made Budi Sp.OG,Sp. Kandungan & Kebidanan,Apotek Hanna Farma,"Pondok Gede, Bekasi",,obstetrics-and-gynecologist,2025-06-15 09:21:50
dr I Made Indera Gunawan Sp. OG,Sp. Kandungan & Kebidanan,Kasih Ibu Denpasar,"Denpasar Selatan, Kota Denpasar",,obstetrics-and-gynecologist,2025-06-15 09:21:50
Dr. I Nyoman Anton Prihandana Sp.OG,Sp. Kandungan & Kebidanan,halodoc,"Setiabudi, Jakarta Selatan",,obstetrics-and-gynecologist,2025-06-15 09:21:50
dr. I Nyoman Hariyasa Sanjaya Sp OG,Sp. Kandungan & Kebidanan,Klinik Kasih Medika,"Pulo Gadung, Jakarta Timur",,obstetrics-and-gynecologist,2025-06-15 09:21:52
Dr. I Putu Karisma Prakarsa Adnyana Sp.OG,Sp. Kandungan & Kebidanan,halodoc,"Setiabudi, Jakarta Selatan",,obstetrics-and-gynecologist,2025-06-15 09:21:52
Dr. dr. I Wayan Agung Indrawan Sp.OG(K),Sp. Kandungan & Kebidanan,halodoc,"Setiabudi, Jakarta Selatan",,obstetrics-and-gynecologist,2025-06-15 09:21:52
Dr. I Wayan Arsana Wiyasa Sp.OG-KFer,Sp. Kandungan & Kebidanan,halodoc,"Setiabudi, Jakarta Selatan",,obstetrics-and-gynecologist,2025-06-15 09:21:52
"Dr. I Wayan Arsana Wiyasa Sp.OG, Subsp.FER",Sp. Kandungan & Kebidanan,halodoc,"Setiabudi, Jakarta Selatan",,obstetrics-and-gynecologist,2025-06-15 09:21:52
"Dr. I Wayan Artana Putra, SpOG. Subsp. K.Fm",Sp. Kandungan & Kebidanan,"Dr. dr. I Wayan Artana Putra, SpOG. Subsp. K.Fm","Denpasar Utara, Kota Denpasar",,obstetrics-and-gynecologist,2025-06-15 09:21:52
dr. IWAN PRIYONO Sp.OG,Sp. Kandungan & Kebidanan,JENGGOLO DIAGNOSTIC CENTER,"Jombang , Kabupaten Jombang",,obstetrics-and-gynecologist,2025-06-15 09:21:52
"dr. Ieffa Dewi Afrini, Sp.OG",Sp. Kandungan & Kebidanan,Klinik Khusus Kebidanan & Apotek Bunda Alya,"Tarogong Kidul, Kabupaten Garut",,obstetrics-and-gynecologist,2025-06-15 09:21:52
Dr. Ifrinda Sp. OG,Sp. Kandungan & Kebidanan,women and children ultima,"Trangkil, Kabupaten Pati",,obstetrics-and-gynecologist,2025-06-15 09:21:52
Dr. Ilham Ramadhanis Sp.OG,Sp. Kandungan & Kebidanan,halodoc,"Setiabudi, Jakarta Selatan",,obstetrics-and-gynecologist,2025-06-15 09:21:52
dr. Imas Masitoh Sp. OG,Sp. Kandungan & Kebidanan,"DR IMAS MASITOH,SpOG","Majalaya, Kabupaten Karawang",,obstetrics-and-gynecologist,2025-06-15 09:21:55
"Dr. Immanuel Dio L. Tobing M.Ked(OG), Sp.OG",Sp. Kandungan & Kebidanan,halodoc,"Setiabudi, Jakarta Selatan",,obstetrics-and-gynecologist,2025-06-15 09:21:55
dr. Indah Sp. OG,Sp. Kandungan & Kebidanan,Apotek dan Klinik Kimia Farma Kosambi,"Klari, Kabupaten Karawang",,obstetrics-and-gynecologist,2025-06-15 09:21:55
Dr. dr. Indra Yuliati Sp.OG(K),Sp. Kandungan & Kebidanan,halodoc,"Setiabudi, Jakarta Selatan",,obstetrics-and-gynecologist,2025-06-15 09:21:55
Dr. Indra Yuliati Sp.OG(K),Sp. Kandungan & Kebidanan,halodoc,"Setiabudi, Jakarta Selatan",,obstetrics-and-gynecologist,2025-06-15 09:21:55
"Dr. Inggrid Claudia Mahama Sp.OG, M.Kes",Sp. Kandungan & Kebidanan,halodoc,"Setiabudi, Jakarta Selatan",,obstetrics-and-gynecologist,2025-06-15 09:21:55
dr. Inggrid wengkang Sp OG,Sp. Kandungan & Kebidanan,Sehat Sedari Kandungan Poris,"Cipondoh, Tangerang",,obstetrics-and-gynecologist,2025-06-15 09:21:55
dr. Ingrid Wengkang SpOG,Sp. Kandungan & Kebidanan,halodoc,"Setiabudi, Jakarta Selatan",,obstetrics-and-gynecologist,2025-06-15 09:21:55
dr. Ingrid Wengkang SpOG,Sp. Kandungan & Kebidanan,Sehat Sedari Kandungan Poris,"Cipondoh, Tangerang",,obstetrics-and-gynecologist,2025-06-15 09:21:55
dr. Ingrid Wengkang Sp.OG,Sp. Kandungan & Kebidanan,halodoc,"Setiabudi, Jakarta Selatan",,obstetrics-and-gynecologist,2025-06-15 09:21:55
"dr. Ingrid Wengkang, Sp.OG",Sp. Kandungan & Kebidanan,Sehat Sedari Kandungan Poris,"Cipondoh, Tangerang",,obstetrics-and-gynecologist,2025-06-15 09:21:57
dr. Irham Suhaemi Sp.OG,Sp. Kandungan & Kebidanan,halodoc,"Setiabudi, Jakarta Selatan",,obstetrics-and-gynecologist,2025-06-15 09:21:57
dr. Irmitasari Sp.OG,Sp. Kandungan & Kebidanan,RS Siti Khodijah,"Pekalongan Timur, Kota Pekalongan",,obstetrics-and-gynecologist,2025-06-15 09:21:57
dr. Isfhany ZK Sp.OG,Sp. Kandungan & Kebidanan,Klinik Bunda Medika.,"Sumedang Utara, Kabupaten Sumedang",,obstetrics-and-gynecologist,2025-06-15 09:21:57
dr. Iskandar Mirza Sp OG,Sp. Kandungan & Kebidanan,halodoc,"Setiabudi, Jakarta Selatan",,obstetrics-and-gynecologist,2025-06-15 09:21:57
dr. Iswan Syarif Sp Og,Sp. Kandungan & Kebidanan,Klinik Bersalin Al-Akbar,"Jatisampurna, Bekasi",,obstetrics-and-gynecologist,2025-06-15 09:21:57
dr. Ivan Sp.OG,Sp. Kandungan & Kebidanan,KLINIK ANUGERAH SEHAT,"Batujajar, Kabupaten Bandung Barat",,obstetrics-and-gynecologist,2025-06-15 09:21:57
dr. Ivander Ramon Utama Sp.OG,Sp. Kandungan & Kebidanan,halodoc,"Setiabudi, Jakarta Selatan",,obstetrics-and-gynecologist,2025-06-15 09:21:57
"Dr. Ivanna Theresa Setijanto, Sp.OG, MPH",Sp. Kandungan & Kebidanan,RS St. Carolus Salemba,"Senen, Jakarta Pusat",https://d1ojs48v3n42tp.cloudfront.net/personnels/54040_20-6-2023_14-3-14.jpeg,obstetrics-and-gynecologist,2025-06-15 09:21:57
dr. Ivanna Theresa Setijanto Sp. OG,Sp. Kandungan & Kebidanan,RS St. Carolus Salemba,"Senen, Jakarta Pusat",,obstetrics-and-gynecologist,2025-06-15 09:21:57
"dr. Ivanna Theresa Setijanto, Sp.OG MPH",Sp. Kandungan & Kebidanan,RS St. Carolus Salemba,"Senen, Jakarta Pusat",,obstetrics-and-gynecologist,2025-06-15 09:22:00
dr. Iwan Priyono Sp.OG,Sp. Kandungan & Kebidanan,"dr. Iwan Priyono, Sp.OG","Jombang, Kabupaten Jember",,obstetrics-and-gynecologist,2025-06-15 09:22:00
dr. Iwan Priyono Sp.OG,Sp. Kandungan & Kebidanan,"dr. Iwan Priyono, Sp.OG","Jombang, Kabupaten Jember",,obstetrics-and-gynecologist,2025-06-15 09:22:00
dr. J. Iwan Djuanda SpOG(K),Sp. Kandungan & Kebidanan,dr J. Iwan Djuanda SpOG(K),"Genteng, Kota Surabaya",,obstetrics-and-gynecologist,2025-06-15 09:22:00
"dr. Jati Suwantoro, Sp.OG(K)",Sp. Kandungan & Kebidanan,halodoc,"Setiabudi, Jakarta Selatan",,obstetrics-and-gynecologist,2025-06-15 09:22:00
"dr. Jati Suwantoro, Sp.OG(K)",Sp. Kandungan & Kebidanan,halodoc,"Setiabudi, Jakarta Selatan",,obstetrics-and-gynecologist,2025-06-15 09:22:00
"dr. Jatu Sulistyowati, Sp.OG",Sp. Kandungan & Kebidanan,RSUD Al Ihsan Provinsi Jawa Barat,"Baleendah, Kabupaten Bandung",,obstetrics-and-gynecologist,2025-06-15 09:22:00
Dr. Jemmy Ariesandy Djauhari Sp.OG,Sp. Kandungan & Kebidanan,halodoc,"Setiabudi, Jakarta Selatan",,obstetrics-and-gynecologist,2025-06-15 09:22:00
Dr. Jennifer Uriah Sp.OG,Sp. Kandungan & Kebidanan,halodoc,"Setiabudi, Jakarta Selatan",,obstetrics-and-gynecologist,2025-06-15 09:22:00
Dr. Jieni Hardiyanto Sp.OG,Sp. Kandungan & Kebidanan,halodoc,"Setiabudi, Jakarta Selatan",,obstetrics-and-gynecologist,2025-06-15 09:22:00
dr. Jimmy Spog,Sp. Kandungan & Kebidanan,KLINIK BUNDA SEHAT CIJANTUNG,"Ciracas, Jakarta Timur",,obstetrics-and-gynecologist,2025-06-15 09:22:03
dr. Joan Meutia Sari Sp. OG,Sp. Kandungan & Kebidanan,Klinik & Apotek Hilda Alnaira,"Koja, Jakarta Utara",,obstetrics-and-gynecologist,2025-06-15 09:22:03
dr. Joan Meutia Sari Sp.OG,Sp. Kandungan & Kebidanan,Klinik & Apotek Hilda Alnaira,"Koja, Jakarta Utara",,obstetrics-and-gynecologist,2025-06-15 09:22:03
Dr. Johan Winata Sp.OG,Sp. Kandungan & Kebidanan,halodoc,"Setiabudi, Jakarta Selatan",,obstetrics-and-gynecologist,2025-06-15 09:22:03
dr. Johannes Hartono Sp.OG,Sp. Kandungan & Kebidanan,halodoc,"Setiabudi, Jakarta Selatan",,obstetrics-and-gynecologist,2025-06-15 09:22:03
"dr. John A Kaput, Sp.OG",Sp. Kandungan & Kebidanan,RS. Tinatapura,"Palu Timur, Kota Palu",,obstetrics-and-gynecologist,2025-06-15 09:22:03
Dr. Johnsen Mailea Sp. OG,Sp. Kandungan & Kebidanan,Praktek dokter.,"Bukit Raya, Kota Pekanbaru",,obstetrics-and-gynecologist,2025-06-15 09:22:03
Dr. Johnsen Mailoa Sp. OG,Sp. Kandungan & Kebidanan,Praktek dokter.,"Bukit Raya, Kota Pekanbaru",,obstetrics-and-gynecologist,2025-06-15 09:22:03
Dr. Johnsen Mailoa Sp. OG,Sp. Kandungan & Kebidanan,Praktek dokter.,"Bukit Raya, Kota Pekanbaru",,obstetrics-and-gynecologist,2025-06-15 09:22:03
Dr. Jolanda R. Labora SP OG,Sp. Kandungan & Kebidanan,APOTEK ROXY DEPOK,"Beji, Depok",,obstetrics-and-gynecologist,2025-06-15 09:22:03
"Dr. Jonny Wijaya Sp.OG, MBA, MM, MMRS",Sp. Kandungan & Kebidanan,halodoc,"Setiabudi, Jakarta Selatan",,obstetrics-and-gynecologist,2025-06-15 09:22:05
"Dr. dr. Josef Maris Seno Adjie, SpOG(K)",Sp. Kandungan & Kebidanan,RS St. Carolus Salemba,"Senen, Jakarta Pusat",https://d1ojs48v3n42tp.cloudfront.net/personnels/512169_20-6-2023_14-4-32.jpeg,obstetrics-and-gynecologist,2025-06-15 09:22:05
DR. KANADI SP.OG,Sp. Kandungan & Kebidanan,APOTEK ROXY,"Bekasi Selatan, Bekasi",,obstetrics-and-gynecologist,2025-06-15 09:22:05
dr. Kandung Bowoleksono Sp. OG,Sp. Kandungan & Kebidanan,Laksana Medika (Apotek dan Praktek Bersama Dokter Spesialis dan Fisioterapi),"Grogol, Kab Sukoharjo",,obstetrics-and-gynecologist,2025-06-15 09:22:05
Dr. Kartika Indah A W Cory Sp.OG,Sp. Kandungan & Kebidanan,halodoc,"Setiabudi, Jakarta Selatan",,obstetrics-and-gynecologist,2025-06-15 09:22:05
Dr. Kartika Sp. OG,Sp. Kandungan & Kebidanan,Emyu Health Care,"Sukmajaya, Depok",,obstetrics-and-gynecologist,2025-06-15 09:22:05
Dr. Ketut Yoga Mira Pratiwi Sp.OG,Sp. Kandungan & Kebidanan,halodoc,"Setiabudi, Jakarta Selatan",,obstetrics-and-gynecologist,2025-06-15 09:22:05
Dr. Kevin Stanley Halim Sp.OG,Sp. Kandungan & Kebidanan,halodoc,"Setiabudi, Jakarta Selatan",,obstetrics-and-gynecologist,2025-06-15 09:22:05
Dr. Kharismawan Sp. OG,Sp. Kandungan & Kebidanan,"Klinik dr. Khrismawan, Sp.OG.(K)","Klari, Kabupaten Karawang",,obstetrics-and-gynecologist,2025-06-15 09:22:05
"dr. Khaw Soo Beng, Benny",Sp. Kandungan & Kebidanan,Singapore Women's Specialist Centre Penang,"Setiabudi, Jakarta Selatan",,obstetrics-and-gynecologist,2025-06-15 09:22:05
"Dr. Khrismawan, Sp.OG.(K)",Sp. Kandungan & Kebidanan,"Klinik dr. Khrismawan, Sp.OG.(K)","Klari, Kabupaten Karawang",,obstetrics-and-gynecologist,2025-06-15 09:22:08
"Dr. Khrismawan, SpOG",Sp. Kandungan & Kebidanan,"Prakter dr. Khrismawan, SpOG","Banyusari, Kabupaten Karawang",,obstetrics-and-gynecologist,2025-06-15 09:22:08
"Dr. Khrismawan, SpOG",Sp. Kandungan & Kebidanan,"Prakter dr. Khrismawan, SpOG","Banyusari, Kabupaten Karawang",,obstetrics-and-gynecologist,2025-06-15 09:22:08
dr. Kurniawan,Sp. Kandungan & Kebidanan,halodoc,"Setiabudi, Jakarta Selatan",,obstetrics-and-gynecologist,2025-06-15 09:22:08
dr. Lazuardy Rachman Sp.OG,Sp. Kandungan & Kebidanan,Nadya Medical Center,"Bekasi Selatan, Bekasi",,obstetrics-and-gynecologist,2025-06-15 09:22:08
Dr. Leonardus Panangian Lubis Sp.OG,Sp. Kandungan & Kebidanan,halodoc,"Setiabudi, Jakarta Selatan",,obstetrics-and-gynecologist,2025-06-15 09:22:08
dr Lian Anggraini Sp. OG,Sp. Kandungan & Kebidanan,halodoc,"Setiabudi, Jakarta Selatan",,obstetrics-and-gynecologist,2025-06-15 09:22:08
"Dr. Lidia Widianti M.Biomed, Sp.OG",Sp. Kandungan & Kebidanan,halodoc,"Setiabudi, Jakarta Selatan",,obstetrics-and-gynecologist,2025-06-15 09:22:08
dr. Lidya Kariadi Sp.OG,Sp. Kandungan & Kebidanan,Eka Hospital Family,"Kelapa Gading, Jakarta Utara",,obstetrics-and-gynecologist,2025-06-15 09:22:08
Dr. Liliana Purnamsidi Sp. OG,Sp. Kandungan & Kebidanan,Lili Family Medical Center,"Babelan, Kabupaten Bekasi",,obstetrics-and-gynecologist,2025-06-15 09:22:08
dr. Liliana Purnamsidi Sp. OG,Sp. Kandungan & Kebidanan,Lili Family Medical Center,"Babelan, Kabupaten Bekasi",,obstetrics-and-gynecologist,2025-06-15 09:22:10
"Dr. Lisa Puspadewi Susanto Sp.OG, FICS",Sp. Kandungan & Kebidanan,halodoc,"Setiabudi, Jakarta Selatan",,obstetrics-and-gynecologist,2025-06-15 09:22:10
"dr. Lisnur ,SpOG",Sp. Kandungan & Kebidanan,Praktek Dokter Spesialis -,"Sawah Besar, Jakarta Pusat",,obstetrics-and-gynecologist,2025-06-15 09:22:10
Dr. Lucas Christiawan Sp.OG,Sp. Kandungan & Kebidanan,halodoc,"Setiabudi, Jakarta Selatan",,obstetrics-and-gynecologist,2025-06-15 09:22:10
Dr. Luthfan Zaky Sp.OG,Sp. Kandungan & Kebidanan,halodoc,"Setiabudi, Jakarta Selatan",,obstetrics-and-gynecologist,2025-06-15 09:22:10
"dr. Lydia Irtifany Lubis M.Ked.(OG), Sp.(OG)",Sp. Kandungan & Kebidanan,halodoc,"Setiabudi, Jakarta Selatan",,obstetrics-and-gynecologist,2025-06-15 09:22:10
dr. M SURYO BAWONO Sp.OG,Sp. Kandungan & Kebidanan,ESZQUERA Clinic,"Lima Puluh, Kota Pekanbaru",,obstetrics-and-gynecologist,2025-06-15 09:22:10
Dr. M. Ath Thaariq Prasetiyo Sp.OG,Sp. Kandungan & Kebidanan,halodoc,"Setiabudi, Jakarta Selatan",,obstetrics-and-gynecologist,2025-06-15 09:22:10
dr. M. Ikhsan Riswanda Sp.OG,Sp. Kandungan & Kebidanan,"Praktek dokter spesialis kandungan dr. H. M. Ikhsan Riswanda, Sp.OG","Banjarbaru Selatan, Kota Banjarbaru",,obstetrics-and-gynecologist,2025-06-15 09:22:10
dr. M. Ikhsan Riswanda Sp.OG,Sp. Kandungan & Kebidanan,"Praktek dokter spesialis kandungan dr. H. M. Ikhsan Riswanda, Sp.OG","Banjarbaru Selatan, Kota Banjarbaru",,obstetrics-and-gynecologist,2025-06-15 09:22:10
dr. M. Ikhsan Riswanda Sp.OG,Sp. Kandungan & Kebidanan,"Praktek dokter spesialis kandungan dr. H. M. Ikhsan Riswanda, Sp.OG","Banjarbaru Selatan, Kota Banjarbaru",,obstetrics-and-gynecologist,2025-06-15 09:22:13
dr. M. Ikhsan Riswanda Sp.OG,Sp. Kandungan & Kebidanan,"Praktek dokter spesialis kandungan dr. H. M. Ikhsan Riswanda, Sp.OG","Banjarbaru Selatan, Kota Banjarbaru",,obstetrics-and-gynecologist,2025-06-15 09:22:13
Dr. M. Mirza Aditya Hakim Sp.OG,Sp. Kandungan & Kebidanan,halodoc,"Setiabudi, Jakarta Selatan",,obstetrics-and-gynecologist,2025-06-15 09:22:13
dr. MC. Mahardani Dini Pramesti Sp.OG,Sp. Kandungan & Kebidanan,halodoc,"Setiabudi, Jakarta Selatan",,obstetrics-and-gynecologist,2025-06-15 09:22:13
Dr. Machyuddin Pangaribuan Sp.OG,Sp. Kandungan & Kebidanan,halodoc,"Setiabudi, Jakarta Selatan",,obstetrics-and-gynecologist,2025-06-15 09:22:13
Dr. Made Yudha Ganesa Wikantyas Widia Sp.OG,Sp. Kandungan & Kebidanan,halodoc,"Setiabudi, Jakarta Selatan",,obstetrics-and-gynecologist,2025-06-15 09:22:13
"Dr. Marcel Elian Suwito Sp.OG, FICS",Sp. Kandungan & Kebidanan,halodoc,"Setiabudi, Jakarta Selatan",,obstetrics-and-gynecologist,2025-06-15 09:22:13
"dr. Marcela Benita Ilham, Sp.OG",Sp. Kandungan & Kebidanan,halodoc,"Setiabudi, Jakarta Selatan",,obstetrics-and-gynecologist,2025-06-15 09:22:13
dr. Margaret Sp. OG,Sp. Kandungan & Kebidanan,Praktek dokter.,"Bukit Raya, Kota Pekanbaru",,obstetrics-and-gynecologist,2025-06-15 09:22:13
Dr. Maria Gladys Theresa Sp.OG,Sp. Kandungan & Kebidanan,halodoc,"Setiabudi, Jakarta Selatan",,obstetrics-and-gynecologist,2025-06-15 09:22:13
"dr. Maria Kabangnga Sp.OG, M.Kes",Sp. Kandungan & Kebidanan,halodoc,"Setiabudi, Jakarta Selatan",https://d1ojs48v3n42tp.cloudfront.net/personnels/189450_13-2-2023_9-43-57.png,obstetrics-and-gynecologist,2025-06-15 09:22:16
dr. Maria Ulfa SpOG,Sp. Kandungan & Kebidanan,Emyu Health Care,"Sukmajaya, Depok",,obstetrics-and-gynecologist,2025-06-15 09:22:16
dr. Mariana Afianati Sp. OG,Sp. Kandungan & Kebidanan,Naraya Medical Center Bandung,"Cicendo, Kota Bandung",,obstetrics-and-gynecologist,2025-06-15 09:22:16
Dr. Marlia Adelina Sp.OG,Sp. Kandungan & Kebidanan,halodoc,"Setiabudi, Jakarta Selatan",,obstetrics-and-gynecologist,2025-06-15 09:22:16
dr. Martha C. Silitonga Sp.OG,Sp. Kandungan & Kebidanan,halodoc,"Setiabudi, Jakarta Selatan",,obstetrics-and-gynecologist,2025-06-15 09:22:16
dr. Martina Hutabarat Sp.OG,Sp. Kandungan & Kebidanan,halodoc,"Setiabudi, Jakarta Selatan",,obstetrics-and-gynecologist,2025-06-15 09:22:16
Dr. Mathius S. Gasong Sp.Og,Sp. Kandungan & Kebidanan,halodoc,"Setiabudi, Jakarta Selatan",,obstetrics-and-gynecologist,2025-06-15 09:22:16
dr. Maya Purwaningtyas Sp. OG,Sp. Kandungan & Kebidanan,halodoc,"Setiabudi, Jakarta Selatan",,obstetrics-and-gynecologist,2025-06-15 09:22:16
dr. Meliana Jayasaputra Sp.OG,Sp. Kandungan & Kebidanan,halodoc,"Setiabudi, Jakarta Selatan",,obstetrics-and-gynecologist,2025-06-15 09:22:16
"dr. Merry Amelya P.S, Dr. Sp.OG",Sp. Kandungan & Kebidanan,halodoc,"Setiabudi, Jakarta Selatan",,obstetrics-and-gynecologist,2025-06-15 09:22:16
"dr. Mervinna Giovanni M.Biomed, Sp.OG",Sp. Kandungan & Kebidanan,halodoc,"Setiabudi, Jakarta Selatan",,obstetrics-and-gynecologist,2025-06-15 09:22:20
"dr. Mery, Sp.OG MKes",Sp. Kandungan & Kebidanan,0,"Bekasi Selatan, Bekasi",,obstetrics-and-gynecologist,2025-06-15 09:22:20
"dr. Mery, Sp.OG MKes",Sp. Kandungan & Kebidanan,0,"Bekasi Selatan, Bekasi",,obstetrics-and-gynecologist,2025-06-15 09:22:20
"dr. Mery, Sp.OG. MKes",Sp. Kandungan & Kebidanan,halodoc,"Setiabudi, Jakarta Selatan",,obstetrics-and-gynecologist,2025-06-15 09:22:20
dr. Mestika Sari Ginting Sp.OG,Sp. Kandungan & Kebidanan,halodoc,"Setiabudi, Jakarta Selatan",,obstetrics-and-gynecologist,2025-06-15 09:22:20
dr. Michael B. Runtuboy Sp.OG,Sp. Kandungan & Kebidanan,Praktek Pribadi dr. Michael B. R Sp.OG,"Setiabudi, Jakarta Selatan",,obstetrics-and-gynecologist,2025-06-15 09:22:20
"dr. Michelle Angelina M.Biomed, Sp.OG",Sp. Kandungan & Kebidanan,halodoc,"Setiabudi, Jakarta Selatan",,obstetrics-and-gynecologist,2025-06-15 09:22:20
"dr. Mila Maidarti, dr., SpOG, Subsp.F.E.R PhD",Sp. Kandungan & Kebidanan,RSUP Nasional dr. Cipto Mangunkusumo.,"Senen, Jakarta Pusat",,obstetrics-and-gynecologist,2025-06-15 09:22:20
"Dr. Milvan Hadi, SpOG",Sp. Kandungan & Kebidanan,"Dr. Milvan Hadi, SpOG","Medan Baru, Kota Medan",,obstetrics-and-gynecologist,2025-06-15 09:22:20
"Dr. Mirah Avisha M.H., Sp.OG",Sp. Kandungan & Kebidanan,halodoc,"Setiabudi, Jakarta Selatan",,obstetrics-and-gynecologist,2025-06-15 09:22:20
"dr. Mirza Ismail, Sp.OG",Sp. Kandungan & Kebidanan,Klinik Utama Cimahi Sehat,"Cimahi Tengah, Kota Cimahi",,obstetrics-and-gynecologist,2025-06-15 09:22:23
"dr. Mitta Prana M, Sp. OG",Sp. Kandungan & Kebidanan,"dr. Mitta Prana M, Sp. OG","Godean, Kabupaten Sleman",,obstetrics-and-gynecologist,2025-06-15 09:22:23
Dr. Mochamad Putro Argo Sp.OG,Sp. Kandungan & Kebidanan,halodoc,"Setiabudi, Jakarta Selatan",,obstetrics-and-gynecologist,2025-06-15 09:22:23
Dr. Mochammad Novad Arsandy Sp.OG,Sp. Kandungan & Kebidanan,halodoc,"Setiabudi, Jakarta Selatan",,obstetrics-and-gynecologist,2025-06-15 09:22:23
Dr. Moh. Dimas Abdi Putra Sp.OG,Sp. Kandungan & Kebidanan,halodoc,"Setiabudi, Jakarta Selatan",,obstetrics-and-gynecologist,2025-06-15 09:22:23
dr. Mohammad Azmi,Sp. Kandungan & Kebidanan,halodoc,"Setiabudi, Jakarta Selatan",,obstetrics-and-gynecologist,2025-06-15 09:22:23
Dr. Monika Sp.OG,Sp. Kandungan & Kebidanan,halodoc,"Setiabudi, Jakarta Selatan",,obstetrics-and-gynecologist,2025-06-15 09:22:23
Dr. Mufti Yunus Said Sp.OG,Sp. Kandungan & Kebidanan,halodoc,"Setiabudi, Jakarta Selatan",,obstetrics-and-gynecologist,2025-06-15 09:22:23
Dr. Muhamad Saiful Anwar Sp.OG,Sp. Kandungan & Kebidanan,halodoc,"Setiabudi, Jakarta Selatan",,obstetrics-and-gynecologist,2025-06-15 09:22:23
dr. Muhammad Anggit N Sp. OG,Sp. Kandungan & Kebidanan,Apotek Merak,"Samarinda Seberang, Kota Samarinda",,obstetrics-and-gynecologist,2025-06-15 09:22:23
dr. Muhammad Anggit Sp. OG,Sp. Kandungan & Kebidanan,Apotek Merak,"Samarinda Seberang, Kota Samarinda",,obstetrics-and-gynecologist,2025-06-15 09:22:28
"dr. Muhammad Diknovanta Ervintiyanto, Sp.OG",Sp. Kandungan & Kebidanan,Siloam Hospitals Balikpapan,"Balikpapan Selatan, Kota Balikpapan",https://d1ojs48v3n42tp.cloudfront.net/personnels/369677_22-12-2022_17-59-10.jpeg,obstetrics-and-gynecologist,2025-06-15 09:22:28
"Dr. Muhammad Iman Syahputra M.Ked(OG), Sp.OG",Sp. Kandungan & Kebidanan,halodoc,"Setiabudi, Jakarta Selatan",,obstetrics-and-gynecologist,2025-06-15 09:22:28
dr. Muhammad Johar Nafis Sp.OG,Sp. Kandungan & Kebidanan,RSU Siaga Medika Banyumas,"Banyumas, Kabupaten Banyumas",,obstetrics-and-gynecologist,2025-06-15 09:22:28
dr. Murthy Mutmainah Sp.OG,Sp. Kandungan & Kebidanan,Klinik Intip Buah Hati,"Medan Satria, Bekasi",,obstetrics-and-gynecologist,2025-06-15 09:22:28
Dr. Musa Taufiq Sp.OG,Sp. Kandungan & Kebidanan,halodoc,"Setiabudi, Jakarta Selatan",,obstetrics-and-gynecologist,2025-06-15 09:22:28
dr. Mushilani Sp.OG,Sp. Kandungan & Kebidanan,Klinik & Apotek Hilda Alnaira,"Koja, Jakarta Utara",,obstetrics-and-gynecologist,2025-06-15 09:22:28
dr. Mushlihani Sp.OG,Sp. Kandungan & Kebidanan,Klinik Hilda Anaira,"Tanjung Priok, Jakarta Utara",,obstetrics-and-gynecologist,2025-06-15 09:22:28
dr. Muskhilani Sp.OG,Sp. Kandungan & Kebidanan,Klinik Hilda Anaira,"Tanjung Priok, Jakarta Utara",,obstetrics-and-gynecologist,2025-06-15 09:22:28
dr. Mustofa Husin Syahab Sp OG,Sp. Kandungan & Kebidanan,KLINIK HAMAMI,"Alang-Alang Lebar, Kota Palembang",,obstetrics-and-gynecologist,2025-06-15 09:22:28
dr. Mustofa Husin Syahb SpOG(K),Sp. Kandungan & Kebidanan,KLINIK HAMAMI,"Alang-Alang Lebar, Kota Palembang",,obstetrics-and-gynecologist,2025-06-15 09:22:30
Dr. Naeny Fajriah Sp.OG,Sp. Kandungan & Kebidanan,halodoc,"Setiabudi, Jakarta Selatan",,obstetrics-and-gynecologist,2025-06-15 09:22:30
dr. Natanael Kurniawan Susanto Sp.OG,Sp. Kandungan & Kebidanan,halodoc,"Setiabudi, Jakarta Selatan",,obstetrics-and-gynecologist,2025-06-15 09:22:30
Dr. Natassa Zefanya Darsana Sp.OG,Sp. Kandungan & Kebidanan,halodoc,"Setiabudi, Jakarta Selatan",,obstetrics-and-gynecologist,2025-06-15 09:22:30
dr. Nining Haniyanti Sp.OG,Sp. Kandungan & Kebidanan,0,"Bekasi Selatan, Bekasi",,obstetrics-and-gynecologist,2025-06-15 09:22:30
dr. Nining Haniyanti Chiquita Sp.OG,Sp. Kandungan & Kebidanan,halodoc,"Setiabudi, Jakarta Selatan",,obstetrics-and-gynecologist,2025-06-15 09:22:30
"dr. Nining Haniyati, Sp.OG",Sp. Kandungan & Kebidanan,halodoc,"Setiabudi, Jakarta Selatan",,obstetrics-and-gynecologist,2025-06-15 09:22:30
dr. Nining Haryanti Sp. OG,Sp. Kandungan & Kebidanan,halodoc,"Setiabudi, Jakarta Selatan",,obstetrics-and-gynecologist,2025-06-15 09:22:30
dr. Ninuk Dwi Ariningtyas Sp.OG,Sp. Kandungan & Kebidanan,RS PKU Muhammadiyah Surabaya,"Pabean Cantikan, Kota Surabaya",,obstetrics-and-gynecologist,2025-06-15 09:22:30
Dr. Nirmala Gina Prabawati Sp.OG,Sp. Kandungan & Kebidanan,halodoc,"Setiabudi, Jakarta Selatan",,obstetrics-and-gynecologist,2025-06-15 09:22:30
"dr. Nisa Fathoni Sp.OG, IBCLC",Sp. Kandungan & Kebidanan,Brawijaya Hospital Sawangan,"Bojongsari, Depok",,obstetrics-and-gynecologist,2025-06-15 09:22:33
"dr. Noviana Indarti, Sp.OG",Sp. Kandungan & Kebidanan,Siloam Hospitals Balikpapan,"Balikpapan Selatan, Kota Balikpapan",https://d1ojs48v3n42tp.cloudfront.net/personnels/808453_11-9-2020_14-44-59.png,obstetrics-and-gynecologist,2025-06-15 09:22:33
dr. Novina P. Kartikarini SpOG,Sp. Kandungan & Kebidanan,Praktek Dr Novina SpOG,"Klojen, Kota Malang",,obstetrics-and-gynecologist,2025-06-15 09:22:33
dr. Novina Sp. OG,Sp. Kandungan & Kebidanan,Praktek Dr Novina SpOG,"Klojen, Kota Malang",,obstetrics-and-gynecologist,2025-06-15 09:22:33
dr. Noviyani Sugiarto Sp.OG,Sp. Kandungan & Kebidanan,RS St. Carolus Salemba,"Senen, Jakarta Pusat",,obstetrics-and-gynecologist,2025-06-15 09:22:33
"dr. Noviyani Sugiarto, Sp.OG",Sp. Kandungan & Kebidanan,RS St. Carolus Salemba,"Senen, Jakarta Pusat",https://d1ojs48v3n42tp.cloudfront.net/personnels/429617_20-6-2023_14-2-28.jpeg,obstetrics-and-gynecologist,2025-06-15 09:22:33
Dr. Novy Yanthi Sp.OG,Sp. Kandungan & Kebidanan,halodoc,"Setiabudi, Jakarta Selatan",,obstetrics-and-gynecologist,2025-06-15 09:22:33
dr. Nugroho Adiwarsno Sp.OG,Sp. Kandungan & Kebidanan,Klinik Annisa II,"Cikarang Selatan, Kabupaten Bekasi",,obstetrics-and-gynecologist,2025-06-15 09:22:33
"dr. Nuniek Kharismawati, Sp.OG",Sp. Kandungan & Kebidanan,RSUD Al Ihsan Provinsi Jawa Barat,"Baleendah, Kabupaten Bandung",,obstetrics-and-gynecologist,2025-06-15 09:22:33
Dr. Nur Karimah Sp.OG,Sp. Kandungan & Kebidanan,halodoc,"Setiabudi, Jakarta Selatan",,obstetrics-and-gynecologist,2025-06-15 09:22:33
dr. Nurdianasari Dewi Sp.OG,Sp. Kandungan & Kebidanan,RSKIA buah hati,"Alian, Kabupaten Kebumen",,obstetrics-and-gynecologist,2025-06-15 09:22:35
"dr. Nurdianasari Dewi, Sp.OG",Sp. Kandungan & Kebidanan,halodoc,"Setiabudi, Jakarta Selatan",,obstetrics-and-gynecologist,2025-06-15 09:22:35
dr. Nurul Kautsar Hayani Sp.OG,Sp. Kandungan & Kebidanan,Praktek Dokter ARI,"Cicurug, Kabupaten Sukabumi",,obstetrics-and-gynecologist,2025-06-15 09:22:35
dr. Nyoman Suyasa W. Sp.OG Sp.OG,Sp. Kandungan & Kebidanan,halodoc,"Setiabudi, Jakarta Selatan",,obstetrics-and-gynecologist,2025-06-15 09:22:35
Dr. Oka Asmara Jaya SpOG,Sp. Kandungan & Kebidanan,Praktek dokter Oka Asmara Jaya Sp.OG,"Kuta Utara, Kabupaten Badung",,obstetrics-and-gynecologist,2025-06-15 09:22:35
Dr. Oka Asmara Jaya Sp.OG,Sp. Kandungan & Kebidanan,Praktek dokter Oka Asmara Jaya Sp.OG,"Kuta Utara, Kabupaten Badung",,obstetrics-and-gynecologist,2025-06-15 09:22:35
"dr. Oky Haribudiman, Sp.OG",Sp. Kandungan & Kebidanan,RSUD Al Ihsan Provinsi Jawa Barat,"Baleendah, Kabupaten Bandung",,obstetrics-and-gynecologist,2025-06-15 09:22:35
dr. PRAYASCITA MAHENDRATA SP.OG,Sp. Kandungan & Kebidanan,halodoc,"Setiabudi, Jakarta Selatan",,obstetrics-and-gynecologist,2025-06-15 09:22:35
Dr. Pepita Ayu Suwantari Sp.OG,Sp. Kandungan & Kebidanan,halodoc,"Setiabudi, Jakarta Selatan",,obstetrics-and-gynecologist,2025-06-15 09:22:35
"dr. Philip Agustinus, Sp.OG",Sp. Kandungan & Kebidanan,Sehat Sedari Kandungan Poris,"Cipondoh, Tangerang",,obstetrics-and-gynecologist,2025-06-15 09:22:35
dr. Pipih A SpOG,Sp. Kandungan & Kebidanan,APOTIK AFIAT MEDIKA FARMA,"Sumedang Utara, Kabupaten Sumedang",,obstetrics-and-gynecologist,2025-06-15 09:22:38
"dr. Pipih Afiyatin, SpOG",Sp. Kandungan & Kebidanan,APOTIK AFIAT MEDIKA FARMA,"Sumedang Utara, Kabupaten Sumedang",,obstetrics-and-gynecologist,2025-06-15 09:22:38
dr. Pipit A. SpOG,Sp. Kandungan & Kebidanan,Praktek dokter mandiri,"Cileunyi, Kabupaten Bandung",,obstetrics-and-gynecologist,2025-06-15 09:22:38
"Dr. Pradana Akmaja Chaetawarsa Sp.OG, M.Kes",Sp. Kandungan & Kebidanan,halodoc,"Setiabudi, Jakarta Selatan",,obstetrics-and-gynecologist,2025-06-15 09:22:38
Dr. Prakoso Adhi Wibowo Sp.OG,Sp. Kandungan & Kebidanan,halodoc,"Setiabudi, Jakarta Selatan",,obstetrics-and-gynecologist,2025-06-15 09:22:38
Dr. Prayuna Putra Sp.OG,Sp. Kandungan & Kebidanan,halodoc,"Setiabudi, Jakarta Selatan",,obstetrics-and-gynecologist,2025-06-15 09:22:38
dr. Pujiono Sp. OG,Sp. Kandungan & Kebidanan,halodoc,"Setiabudi, Jakarta Selatan",,obstetrics-and-gynecologist,2025-06-15 09:22:38
"dr. Purnawan Senoaji, Sp.OG-KFM",Sp. Kandungan & Kebidanan,FEMA Private Practice,"Gunung Putri, Kabupaten Bogor",,obstetrics-and-gynecologist,2025-06-15 09:22:38
Dr. Putri Irmayani Sp.OG,Sp. Kandungan & Kebidanan,halodoc,"Setiabudi, Jakarta Selatan",,obstetrics-and-gynecologist,2025-06-15 09:22:38
"dr. Putri Mirani, SpOG",Sp. Kandungan & Kebidanan,Rumah Sakit Bunda Palembang,"Ilir Barat I, Kota Palembang",,obstetrics-and-gynecologist,2025-06-15 09:22:38
"Dr. Qurrata Akyuni M.Ked.Klin, Sp.OG",Sp. Kandungan & Kebidanan,halodoc,"Setiabudi, Jakarta Selatan",,obstetrics-and-gynecologist,2025-06-15 09:22:40
Prof. Dr. dr. R. Muharam Sp.OG (K) M.P.H,Sp. Kandungan & Kebidanan,halodoc,"Setiabudi, Jakarta Selatan",,obstetrics-and-gynecologist,2025-06-15 09:22:40
Dr. R. Surjati Gartini Soedjal Sp.Og.,Sp. Kandungan & Kebidanan,Klinik Utama Jasmine MQ Medika,"Cipatat, Kabupaten Bandung Barat",,obstetrics-and-gynecologist,2025-06-15 09:22:40
dr. RACHMAN NUGROHO Sp. OG,Sp. Kandungan & Kebidanan,Klinik Ibnu Sina Rapak,"Balikpapan Timur, Kota Balikpapan",,obstetrics-and-gynecologist,2025-06-15 09:22:40
"RISWAN, DR. SPOG(K)",Sp. Kandungan & Kebidanan,RSIA Azzahra Palembang,"Kalidoni, Kota Palembang",,obstetrics-and-gynecologist,2025-06-15 09:22:40
DR. RUSMANIAH SP.OG,Sp. Kandungan & Kebidanan,APOTEK ROXY,"Bekasi Selatan, Bekasi",,obstetrics-and-gynecologist,2025-06-15 09:22:40
dr. Rabiah Adawiyah Sp. OG,Sp. Kandungan & Kebidanan,Praktek dokter.,"Bukit Raya, Kota Pekanbaru",,obstetrics-and-gynecologist,2025-06-15 09:22:40
Dr. Rachma Bachtiar SpOG,Sp. Kandungan & Kebidanan,Halodoc Teleconsultation,"Setiabudi, Jakarta Selatan",,obstetrics-and-gynecologist,2025-06-15 09:22:40
dr Rachmadi Sp. OG,Sp. Kandungan & Kebidanan,halodoc,"Setiabudi, Jakarta Selatan",,obstetrics-and-gynecologist,2025-06-15 09:22:40
Dr. Raden Artheswara Sp.OG,Sp. Kandungan & Kebidanan,halodoc,"Setiabudi, Jakarta Selatan",,obstetrics-and-gynecologist,2025-06-15 09:22:40
"Dr. Raden Wawan Kurniawan Sp.OG, M.Kes",Sp. Kandungan & Kebidanan,halodoc,"Setiabudi, Jakarta Selatan",,obstetrics-and-gynecologist,2025-06-15 09:22:43
dr. Radmact Mahendra Sp OG,Sp. Kandungan & Kebidanan,halodoc,"Setiabudi, Jakarta Selatan",,obstetrics-and-gynecologist,2025-06-15 09:22:43
dr Radrisabmo Sametta Budi Sp. OG,Sp. Kandungan & Kebidanan,Apotek Kimia Farma Courtyard Galuh Mas,"Telukjambe Timur, Kabupaten Karawang",,obstetrics-and-gynecologist,2025-06-15 09:22:43
dr. Rahmad Hidayah Sp. OG,Sp. Kandungan & Kebidanan,Klinik Utama Puri Clinic,"Dumai Kota, Kota Dumai",,obstetrics-and-gynecologist,2025-06-15 09:22:43
"dr. Rahmad Hidayah, SpOG",Sp. Kandungan & Kebidanan,Klinik Utama Puri Clinic,"Dumai Kota, Kota Dumai",,obstetrics-and-gynecologist,2025-06-15 09:22:43
Dr. Rahmad Rizal Budi Wicaksono Sp.OG(K),Sp. Kandungan & Kebidanan,halodoc,"Setiabudi, Jakarta Selatan",,obstetrics-and-gynecologist,2025-06-15 09:22:43
Dr. Rahman Noor Sp.OG,Sp. Kandungan & Kebidanan,halodoc,"Setiabudi, Jakarta Selatan",,obstetrics-and-gynecologist,2025-06-15 09:22:43
dr. Ramadina Huliah Sp.OG,Sp. Kandungan & Kebidanan,halodoc,"Setiabudi, Jakarta Selatan",,obstetrics-and-gynecologist,2025-06-15 09:22:43
dr. Ramadina Huliah Sp. OG,Sp. Kandungan & Kebidanan,Klinik & Apotek Hilda Alnaira,"Koja, Jakarta Utara",,obstetrics-and-gynecologist,2025-06-15 09:22:43
"dr. Ramadina Huliah, SpOG",Sp. Kandungan & Kebidanan,Klinik Hilda Anaira,"Tanjung Priok, Jakarta Utara",,obstetrics-and-gynecologist,2025-06-15 09:22:43
Dr. Ratih Krisna Sp.OG(K),Sp. Kandungan & Kebidanan,halodoc,"Setiabudi, Jakarta Selatan",,obstetrics-and-gynecologist,2025-06-15 09:22:45
dr Ratna Sp. OG,Sp. Kandungan & Kebidanan,halodoc,"Setiabudi, Jakarta Selatan",,obstetrics-and-gynecologist,2025-06-15 09:22:45
Dr. Razi Maulana Sp.OG,Sp. Kandungan & Kebidanan,halodoc,"Setiabudi, Jakarta Selatan",,obstetrics-and-gynecologist,2025-06-15 09:22:45
"Dr. Reyhan Aditya Sp.OG, FICS",Sp. Kandungan & Kebidanan,halodoc,"Setiabudi, Jakarta Selatan",,obstetrics-and-gynecologist,2025-06-15 09:22:45
dr. Rezi Amalia Sp. OG,Sp. Kandungan & Kebidanan,Apotek Tsamara,"Guguk Panjang, Kota Bukittinggi",,obstetrics-and-gynecologist,2025-06-15 09:22:45
"dr. Rezi Amalia, Sp.OG",Sp. Kandungan & Kebidanan,Apotek Tsamara,"Guguk Panjang, Kota Bukittinggi",,obstetrics-and-gynecologist,2025-06-15 09:22:45
dr. Rika Effendy Sp.OG,Sp. Kandungan & Kebidanan,Maryam Klinik,"Marpoyan Damai, Kota Pekanbaru",,obstetrics-and-gynecologist,2025-06-15 09:22:45
dr. Rika Effendy Sp. OG,Sp. Kandungan & Kebidanan,Maryam Klinik,"Marpoyan Damai, Kota Pekanbaru",,obstetrics-and-gynecologist,2025-06-15 09:22:45
dr. Rika Effendy Sp.OG,Sp. Kandungan & Kebidanan,klinik utama maryam,"Pekanbaru Kota, Kota Pekanbaru",,obstetrics-and-gynecologist,2025-06-15 09:22:45
dr. Rika EffendySp.OG,Sp. Kandungan & Kebidanan,klinik utama maryam,"Pekanbaru Kota, Kota Pekanbaru",,obstetrics-and-gynecologist,2025-06-15 09:22:45
dr Rika Kartika Sp. OG,Sp. Kandungan & Kebidanan,Apotek Annisa,"Kuningan, Kabupaten Kuningan",,obstetrics-and-gynecologist,2025-06-15 09:22:48
"Dr. Rika Kartika, SpOG",Sp. Kandungan & Kebidanan,"dr.Rika Kartika, SpOG","Subang, Kabupaten Kuningan",,obstetrics-and-gynecologist,2025-06-15 09:22:48
Dr. Rikka Mulya Wirman Sp. OG,Sp. Kandungan & Kebidanan,BWCC Bekasi,"Bekasi Selatan, Bekasi",,obstetrics-and-gynecologist,2025-06-15 09:22:48
Dr. Rikka Mulyo Wirman Sp.og,Sp. Kandungan & Kebidanan,BWCC Bekasi,"Bekasi Selatan, Bekasi",,obstetrics-and-gynecologist,2025-06-15 09:22:48
dr. Rinaldi Yudhistira Suprapto,Sp. Kandungan & Kebidanan,RSU Permata Medika Kebumen.,"Kebumen, Kabupaten Kebumen",,obstetrics-and-gynecologist,2025-06-15 09:22:48
dr. Rino Andriya Sp.OG,Sp. Kandungan & Kebidanan,Erde Klinik,"Gresik, Kabupaten Gresik",,obstetrics-and-gynecologist,2025-06-15 09:22:48
dr. Rino Bonti T.H Shanti Sp.OG,Sp. Kandungan & Kebidanan,halodoc,"Setiabudi, Jakarta Selatan",,obstetrics-and-gynecologist,2025-06-15 09:22:48
Dr. Rio Bornfry Haro Munthe Sp.OG,Sp. Kandungan & Kebidanan,halodoc,"Setiabudi, Jakarta Selatan",,obstetrics-and-gynecologist,2025-06-15 09:22:48
dr. Riry Meria SpOG,Sp. Kandungan & Kebidanan,MITRA BUMIL,"Cipayung, Jakarta Timur",,obstetrics-and-gynecologist,2025-06-15 09:22:48
dr. Riry Meria Sp.OG,Sp. Kandungan & Kebidanan,Praktek dokter mandiri,"Cileunyi, Kabupaten Bandung",,obstetrics-and-gynecologist,2025-06-15 09:22:48
"dr. Riska Wahyuningtyas, Sp.OG, M.Ked.Klin",Sp. Kandungan & Kebidanan,halodoc,"Setiabudi, Jakarta Selatan",https://d1ojs48v3n42tp.cloudfront.net/personnels/560578_11-11-2022_14-40-12.jpeg,obstetrics-and-gynecologist,2025-06-15 09:22:51
"dr. Rismawati, SpOG",Sp. Kandungan & Kebidanan,apotek kimia farma -,"Cihara, Kabupaten Lebak",,obstetrics-and-gynecologist,2025-06-15 09:22:51
"dr. Riswan ,SpOG",Sp. Kandungan & Kebidanan,RSIA Azzahra Palembang,"Kalidoni, Kota Palembang",,obstetrics-and-gynecologist,2025-06-15 09:22:51
Dr. Rizani Amran,Sp. Kandungan & Kebidanan,Klinik Riza Medika,"Cempaka Putih, Jakarta Pusat",,obstetrics-and-gynecologist,2025-06-15 09:22:51
Dr. Rizani Amran Sp.OG,Sp. Kandungan & Kebidanan,APOTEK SEHAT,"Bogor Selatan, Bogor",,obstetrics-and-gynecologist,2025-06-15 09:22:51
"Dr. Rizani Amran, SpOG",Sp. Kandungan & Kebidanan,halodoc,"Setiabudi, Jakarta Selatan",,obstetrics-and-gynecologist,2025-06-15 09:22:51
Dr. Rizkha Adistyatama Sp.OG,Sp. Kandungan & Kebidanan,halodoc,"Setiabudi, Jakarta Selatan",,obstetrics-and-gynecologist,2025-06-15 09:22:51
Dr. Rizky Agustria Sp.OG,Sp. Kandungan & Kebidanan,halodoc,"Setiabudi, Jakarta Selatan",,obstetrics-and-gynecologist,2025-06-15 09:22:51
"Dr. Rizky Lubis M.Ked(OG), Sp.OG",Sp. Kandungan & Kebidanan,halodoc,"Setiabudi, Jakarta Selatan",,obstetrics-and-gynecologist,2025-06-15 09:22:51
Dr. Robby Hermawan Sp.OG,Sp. Kandungan & Kebidanan,halodoc,"Setiabudi, Jakarta Selatan",,obstetrics-and-gynecologist,2025-06-15 09:22:51
"dr. Rojanto Darmaputra, Sp.OG",Sp. Kandungan & Kebidanan,RS St. Carolus Salemba,"Senen, Jakarta Pusat",https://d1ojs48v3n42tp.cloudfront.net/personnels/371161_20-6-2023_14-2-51.jpeg,obstetrics-and-gynecologist,2025-06-15 09:22:53
Dr. Romy Ade Putra Sp.OG,Sp. Kandungan & Kebidanan,halodoc,"Setiabudi, Jakarta Selatan",,obstetrics-and-gynecologist,2025-06-15 09:22:53
"Dr. Ronaldo M.Kes, Sp.OG, FICS",Sp. Kandungan & Kebidanan,halodoc,"Setiabudi, Jakarta Selatan",,obstetrics-and-gynecologist,2025-06-15 09:22:53
"dr. Ronaldo August, Sp.OG, M.Kes",Sp. Kandungan & Kebidanan,Siloam Hospitals Banjarmasin,"Banjarmasin Tengah, Kota Banjarmasin",https://d1ojs48v3n42tp.cloudfront.net/personnels/543642_8-12-2022_16-5-10.png,obstetrics-and-gynecologist,2025-06-15 09:22:53
"dr. Roy Y. Nugraha, Sp.OG",Sp. Kandungan & Kebidanan,Klinik Ibnu Sina Balikpapan,"Balikpapan Tengah, Kota Balikpapan",,obstetrics-and-gynecologist,2025-06-15 09:22:53
"dr. Roy Y. Nugraha, Sp.OG",Sp. Kandungan & Kebidanan,Klinik Ibnu Sina Balikpapan,"Balikpapan Tengah, Kota Balikpapan",,obstetrics-and-gynecologist,2025-06-15 09:22:53
Dr. Rr. Sugma Y. Sp.OG,Sp. Kandungan & Kebidanan,halodoc,"Setiabudi, Jakarta Selatan",,obstetrics-and-gynecologist,2025-06-15 09:22:53
dr. STEVEN ARISTIDA Sp.OG,Sp. Kandungan & Kebidanan,Pramita Laboratorium,"Setiabudi, Jakarta Selatan",,obstetrics-and-gynecologist,2025-06-15 09:22:53
dr. Saiful Arifin Sp.OG,Sp. Kandungan & Kebidanan,Apotek Kimia Farma Singadilaga,"Purwakarta, Kabupaten Purwakarta",,obstetrics-and-gynecologist,2025-06-15 09:22:53
dr. Saiful Arifin Sp. OG,Sp. Kandungan & Kebidanan,Praktek dokter.,"Bukit Raya, Kota Pekanbaru",,obstetrics-and-gynecologist,2025-06-15 09:22:53
Dr. Sarah Rizka Sp.OG,Sp. Kandungan & Kebidanan,halodoc,"Setiabudi, Jakarta Selatan",,obstetrics-and-gynecologist,2025-06-15 09:22:56
dr. Sari Ifdiana Jalal Sp.OG,Sp. Kandungan & Kebidanan,Praktek Prinadi dr. Sari Ifdiana Sp.OG,"Setiabudi, Jakarta Selatan",,obstetrics-and-gynecologist,2025-06-15 09:22:56
Dr. Sarnisyah Dwi Martiani Sp.OG,Sp. Kandungan & Kebidanan,halodoc,"Setiabudi, Jakarta Selatan",,obstetrics-and-gynecologist,2025-06-15 09:22:56
Dr. Saukani Halim Sp. OG,Sp. Kandungan & Kebidanan,halodoc,"Setiabudi, Jakarta Selatan",,obstetrics-and-gynecologist,2025-06-15 09:22:56
dr. Setyo Teguh Waluyo SpOG,Sp. Kandungan & Kebidanan,"dr. Setyo Teguh Waluyo, Sp.OG (K) Onk","Banjarmasin Tengah, Kota Banjarmasin",,obstetrics-and-gynecologist,2025-06-15 09:22:56
Dr. Sherlyana Mega Aprivinta Sp.OG,Sp. Kandungan & Kebidanan,halodoc,"Setiabudi, Jakarta Selatan",,obstetrics-and-gynecologist,2025-06-15 09:22:56
dr. Shinta Lestari Sp.OG,Sp. Kandungan & Kebidanan,halodoc,"Setiabudi, Jakarta Selatan",,obstetrics-and-gynecologist,2025-06-15 09:22:56
Dr. Singgih Reffian Dwi Laksono Sp.OG,Sp. Kandungan & Kebidanan,halodoc,"Setiabudi, Jakarta Selatan",,obstetrics-and-gynecologist,2025-06-15 09:22:56
"dr. Sita Daniswati Utari, Sp.OG",Sp. Kandungan & Kebidanan,halodoc,"Setiabudi, Jakarta Selatan",https://d1ojs48v3n42tp.cloudfront.net/personnels/280935_10-9-2020_13-23-48.png,obstetrics-and-gynecologist,2025-06-15 09:22:56
dr. Siti Hardiani H Sp.OG,Sp. Kandungan & Kebidanan,halodoc,"Setiabudi, Jakarta Selatan",,obstetrics-and-gynecologist,2025-06-15 09:22:56
dr. Siti Hardianti Sp.OG,Sp. Kandungan & Kebidanan,halodoc,"Setiabudi, Jakarta Selatan",,obstetrics-and-gynecologist,2025-06-15 09:22:59
dr. Siti Hardianty Sp.OG,Sp. Kandungan & Kebidanan,halodoc,"Setiabudi, Jakarta Selatan",,obstetrics-and-gynecologist,2025-06-15 09:22:59
"dr. Siti Pattihatun Nasyiroh,SpOG",Sp. Kandungan & Kebidanan,halodoc,"Setiabudi, Jakarta Selatan",,obstetrics-and-gynecologist,2025-06-15 09:22:59
dr Slamet Zaeni Sp. OG,Sp. Kandungan & Kebidanan,halodoc,"Setiabudi, Jakarta Selatan",,obstetrics-and-gynecologist,2025-06-15 09:22:59
"Dr. Sofie Nurani M.Biomed, Sp.OG",Sp. Kandungan & Kebidanan,halodoc,"Setiabudi, Jakarta Selatan",,obstetrics-and-gynecologist,2025-06-15 09:22:59
Dr. Sri Hardianti Putri Dolo Sp.OG,Sp. Kandungan & Kebidanan,halodoc,"Setiabudi, Jakarta Selatan",,obstetrics-and-gynecologist,2025-06-15 09:22:59
Dr. Sri Jauharah Laily Sp.OG,Sp. Kandungan & Kebidanan,halodoc,"Setiabudi, Jakarta Selatan",,obstetrics-and-gynecologist,2025-06-15 09:22:59
"dr. Stella Patricia Yapari, Sp.OG",Sp. Kandungan & Kebidanan,Siloam Hospitals Balikpapan,"Balikpapan Selatan, Kota Balikpapan",https://d1ojs48v3n42tp.cloudfront.net/personnels/453135_17-5-2021_9-55-38.png,obstetrics-and-gynecologist,2025-06-15 09:22:59
Dr. Stephanus Adi Kusuma Sp.OG,Sp. Kandungan & Kebidanan,halodoc,"Setiabudi, Jakarta Selatan",,obstetrics-and-gynecologist,2025-06-15 09:22:59
Dr. Sukhbir Singh SpOG,Sp. Kandungan & Kebidanan,RSIA MAHARANI,"Bangun Purba, Kabupaten Deli Serdang",,obstetrics-and-gynecologist,2025-06-15 09:22:59
Dr. Sukhbir Singh SpOG,Sp. Kandungan & Kebidanan,RSIA MAHARANI,"Bangun Purba, Kabupaten Deli Serdang",,obstetrics-and-gynecologist,2025-06-15 09:23:01
Dr. Sukma Djakatara Sp.OG,Sp. Kandungan & Kebidanan,halodoc,"Setiabudi, Jakarta Selatan",,obstetrics-and-gynecologist,2025-06-15 09:23:01
dr. Sulung Mahardika Sp.OG,Sp. Kandungan & Kebidanan,"Praktek Pribadi dr. Sulung Mahardika,","Gubeng, Kota Surabaya",,obstetrics-and-gynecologist,2025-06-15 09:23:01
dr. Sulung Mahardika Sp. OG,Sp. Kandungan & Kebidanan,"dr. Sulung Mahardika, SpOG","Gunung Anyar, Kota Surabaya",,obstetrics-and-gynecologist,2025-06-15 09:23:01
"dr. Suryo Adi Wibowo, dr, Sp.OG, K.FER D.MAS",Sp. Kandungan & Kebidanan,RS Anugerah Pekalongan,"Pekalongan Barat, Kota Pekalongan",,obstetrics-and-gynecologist,2025-06-15 09:23:01
Dr. Suryo Ari Wibowo Sp. OG,Sp. Kandungan & Kebidanan,RS Anugerah Pekalongan,"Pekalongan Barat, Kota Pekalongan",,obstetrics-and-gynecologist,2025-06-15 09:23:01
dr. Suryo Bawono Sp.OG,Sp. Kandungan & Kebidanan,"dr. Suryo Bawono, Sp.OG","Lima Puluh, Kota Pekanbaru",,obstetrics-and-gynecologist,2025-06-15 09:23:01
Prof. Dr. Syakroni Daud Rusydi Sp.OG(K),Sp. Kandungan & Kebidanan,halodoc,"Setiabudi, Jakarta Selatan",,obstetrics-and-gynecologist,2025-06-15 09:23:01
Dr. Syamsu Rijal Sp. OG,Sp. Kandungan & Kebidanan,"Rumah Kita dr Syamsu Rijal, SpOG.K FER","Tanah Sareal, Bogor",,obstetrics-and-gynecologist,2025-06-15 09:23:01
dr. Syifa Sp.OG,Sp. Kandungan & Kebidanan,klinik & apotek al-syifa,"Ilir Barat II, Kota Palembang",,obstetrics-and-gynecologist,2025-06-15 09:23:01
"dr. Sylahuddin, Sp.OG (K) Onk",Sp. Kandungan & Kebidanan,halodoc,"Setiabudi, Jakarta Selatan",,obstetrics-and-gynecologist,2025-06-15 09:23:04
Dr. Tansya Sp. OG,Sp. Kandungan & Kebidanan,Apotek Anjani farma,"Bandung Wetan, Kota Bandung",,obstetrics-and-gynecologist,2025-06-15 09:23:04
Dr. Tanti Arianti Sp.OG,Sp. Kandungan & Kebidanan,halodoc,"Setiabudi, Jakarta Selatan",,obstetrics-and-gynecologist,2025-06-15 09:23:04
Dr. Tanti Mariana Wahono Sp.OG,Sp. Kandungan & Kebidanan,halodoc,"Setiabudi, Jakarta Selatan",,obstetrics-and-gynecologist,2025-06-15 09:23:04
"dr. Taufik Rahman, Sp.OG",Sp. Kandungan & Kebidanan,RSUD Al Ihsan Provinsi Jawa Barat,"Baleendah, Kabupaten Bandung",,obstetrics-and-gynecologist,2025-06-15 09:23:04
"dr. Tedy Teguh Satriadi, Sp.OG-KFM",Sp. Kandungan & Kebidanan,Siloam Hospitals Balikpapan,"Balikpapan Selatan, Kota Balikpapan",https://d1ojs48v3n42tp.cloudfront.net/personnels/142381_14-12-2022_13-43-33.png,obstetrics-and-gynecologist,2025-06-15 09:23:04
Dr. Tegar Dwi Prakoso N Sp.OG,Sp. Kandungan & Kebidanan,halodoc,"Setiabudi, Jakarta Selatan",,obstetrics-and-gynecologist,2025-06-15 09:23:04
dr. Teguh Senjaya Sp.OG,Sp. Kandungan & Kebidanan,halodoc,"Setiabudi, Jakarta Selatan",,obstetrics-and-gynecologist,2025-06-15 09:23:04
dr. Thomas Chayadi,Sp. Kandungan & Kebidanan,Bocah Indonesia,"Pinang, Tangerang",,obstetrics-and-gynecologist,2025-06-15 09:23:04
dr. Thomson,Sp. Kandungan & Kebidanan,Kehamilan Sehat Joglo,"Kembangan, Jakarta Barat",,obstetrics-and-gynecologist,2025-06-15 09:23:04
"dr. Thomson, SpOG",Sp. Kandungan & Kebidanan,Praktek dokter mandiri,"Cileunyi, Kabupaten Bandung",,obstetrics-and-gynecologist,2025-06-15 09:23:06
dr. Tiffany Pelenalu Sp.OG,Sp. Kandungan & Kebidanan,halodoc,"Setiabudi, Jakarta Selatan",,obstetrics-and-gynecologist,2025-06-15 09:23:06
dr. Tiffany Pelenalu Sp.OG,Sp. Kandungan & Kebidanan,halodoc,"Setiabudi, Jakarta Selatan",,obstetrics-and-gynecologist,2025-06-15 09:23:06
dr. Tjok. Gd Astawa P Sp. OG,Sp. Kandungan & Kebidanan,MUTIARA MEDIKA SANUR,"Denpasar Selatan, Kota Denpasar",,obstetrics-and-gynecologist,2025-06-15 09:23:06
dr. Tjok. Gd Astawa P. Sp.OG,Sp. Kandungan & Kebidanan,MUTIARA MEDIKA SANUR,"Denpasar Selatan, Kota Denpasar",,obstetrics-and-gynecologist,2025-06-15 09:23:06
"dr. Tjok. Gd Astawa P., M.Biomed. Sp.OG",Sp. Kandungan & Kebidanan,MUTIARA MEDIKA SANUR,"Denpasar Selatan, Kota Denpasar",,obstetrics-and-gynecologist,2025-06-15 09:23:06
dr. Tjokorda Gede Astawa Pemayun Sp. OG,Sp. Kandungan & Kebidanan,Praktek spesialis kandungan dr Tjokorda Gede Astawa Pemayun SpOG (Obgyn),"Manggis, Kabupaten Karangasem",,obstetrics-and-gynecologist,2025-06-15 09:23:06
dr Tri Karyadi Sp. OG,Sp. Kandungan & Kebidanan,halodoc,"Setiabudi, Jakarta Selatan",,obstetrics-and-gynecologist,2025-06-15 09:23:06
Dr. Tri Wahyu Sp.OG,Sp. Kandungan & Kebidanan,Klinik Pratama SAMARITAN,"Tanjung Priok, Jakarta Utara",,obstetrics-and-gynecologist,2025-06-15 09:23:06
"Dr. Tri Wahyu,SpOG",Sp. Kandungan & Kebidanan,KLINIK SAMARA,"Jalaksana, Kabupaten Kuningan",,obstetrics-and-gynecologist,2025-06-15 09:23:06
DR. UF BAGAZI Sp. OG,Sp. Kandungan & Kebidanan,halodoc,"Setiabudi, Jakarta Selatan",,obstetrics-and-gynecologist,2025-06-15 09:23:09
Dr. Uchti Akbar Sp.OG,Sp. Kandungan & Kebidanan,halodoc,"Setiabudi, Jakarta Selatan",,obstetrics-and-gynecologist,2025-06-15 09:23:09
dr. Upiek Anggraheni Priyambodo SpOG-KFer,Sp. Kandungan & Kebidanan,Prodia Health Care,"Senen, Jakarta Pusat",,obstetrics-and-gynecologist,2025-06-15 09:23:09
dr. Victor Leo,Sp. Kandungan & Kebidanan,halodoc,"Setiabudi, Jakarta Selatan",,obstetrics-and-gynecologist,2025-06-15 09:23:09
"Dr. Victor Prana Andika Santawi Sp.OG, MRes",Sp. Kandungan & Kebidanan,halodoc,"Setiabudi, Jakarta Selatan",,obstetrics-and-gynecologist,2025-06-15 09:23:09
Dr. Vivi Mimangkey Sp. OG,Sp. Kandungan & Kebidanan,Denta Medika Gorontalo,"Kota Tengah, Kota Gorontalo",,obstetrics-and-gynecologist,2025-06-15 09:23:09
Dr. Wadhit Taubah Sp.OG,Sp. Kandungan & Kebidanan,halodoc,"Setiabudi, Jakarta Selatan",,obstetrics-and-gynecologist,2025-06-15 09:23:09
"Wahyu Hadisaputra, Prof.,Dr.,Dr.,Sp.Og, Subsp. Fer",Sp. Kandungan & Kebidanan,0,"Bekasi Selatan, Bekasi",,obstetrics-and-gynecologist,2025-06-15 09:23:09
"dr. Westrian Ronald Simorangkir, Sp.OG",Sp. Kandungan & Kebidanan,halodoc,"Setiabudi, Jakarta Selatan",,obstetrics-and-gynecologist,2025-06-15 09:23:09
"dr. Widiyastuti HQD, SpOG, M.Kes MH.Kes",Sp. Kandungan & Kebidanan,Apotek Kimia Farma Merdeka,"Bogor Tengah, Bogor",,obstetrics-and-gynecologist,2025-06-15 09:23:09
Dr. Widya Solichin Sp.OG,Sp. Kandungan & Kebidanan,halodoc,"Setiabudi, Jakarta Selatan",,obstetrics-and-gynecologist,2025-06-15 09:23:11
"dr. Wiku Andonotopo Sp.OG (K) FM, PhD, FMFM",Sp. Kandungan & Kebidanan,halodoc,"Setiabudi, Jakarta Selatan",,obstetrics-and-gynecologist,2025-06-15 09:23:11
Dr. Wildan Aulia Firdaus Sp.OG,Sp. Kandungan & Kebidanan,halodoc,"Setiabudi, Jakarta Selatan",,obstetrics-and-gynecologist,2025-06-15 09:23:11
"dr. Wildan Aulia Firdaus, Sp.OG",Sp. Kandungan & Kebidanan,halodoc,"Setiabudi, Jakarta Selatan",,obstetrics-and-gynecologist,2025-06-15 09:23:11
Dr. William Alexander Setiawan Sp.OG,Sp. Kandungan & Kebidanan,halodoc,"Setiabudi, Jakarta Selatan",,obstetrics-and-gynecologist,2025-06-15 09:23:11
"Dr. Willy Kurnia Almon M.Ked(OG), Sp.OG",Sp. Kandungan & Kebidanan,halodoc,"Setiabudi, Jakarta Selatan",,obstetrics-and-gynecologist,2025-06-15 09:23:11
dr. Witono Gunawan Sp.OG,Sp. Kandungan & Kebidanan,halodoc,"Setiabudi, Jakarta Selatan",,obstetrics-and-gynecologist,2025-06-15 09:23:11
dr. Wiwik Widyaningsih Sp.OG (K),Sp. Kandungan & Kebidanan,Praktik dr. Wiwik Widyaningsih SpOG,"Koja, Jakarta Utara",,obstetrics-and-gynecologist,2025-06-15 09:23:11
Dr. Wulandari Eka Sari SP OG,Sp. Kandungan & Kebidanan,0,"Bekasi Selatan, Bekasi",,obstetrics-and-gynecologist,2025-06-15 09:23:11
"Dr. Wulandari Eka Sari, Sp OG",Sp. Kandungan & Kebidanan,BWCC Bekasi,"Bekasi Selatan, Bekasi",,obstetrics-and-gynecologist,2025-06-15 09:23:11
dr YANNE TRIHAPSARY DR. SPOG.M.KES,Sp. Kandungan & Kebidanan,Klinik Utama Yuwa Raja,"Cibeunying Kidul, Kota Bandung",,obstetrics-and-gynecologist,2025-06-15 09:23:14
dr. YOSIANA Sp.OG,Sp. Kandungan & Kebidanan,Apotek Kimia Farma Kebon Bawang,"Tanjung Priok, Jakarta Utara",,obstetrics-and-gynecologist,2025-06-15 09:23:14
Dr. Yanfaunnas Sp.OG,Sp. Kandungan & Kebidanan,Klinik Atika Mahira,"Duren Sawit, Jakarta Timur",,obstetrics-and-gynecologist,2025-06-15 09:23:14
Yassin Yanuar Mohammad Sp.OG,Sp. Kandungan & Kebidanan,Bamed Healh Care,"Kembangan, Jakarta Barat",,obstetrics-and-gynecologist,2025-06-15 09:23:14
dr. Yetty Yuliati SpOG,Sp. Kandungan & Kebidanan,halodoc,"Setiabudi, Jakarta Selatan",,obstetrics-and-gynecologist,2025-06-15 09:23:14
dr. Yohan Pamuji Sp.OG,Sp. Kandungan & Kebidanan,halodoc,"Setiabudi, Jakarta Selatan",,obstetrics-and-gynecologist,2025-06-15 09:23:14
Dr. Yohanes Alda Sp.OG,Sp. Kandungan & Kebidanan,halodoc,"Setiabudi, Jakarta Selatan",,obstetrics-and-gynecologist,2025-06-15 09:23:14
"dr. Yohanes Alda, Sp.OG",Sp. Kandungan & Kebidanan,RS St. Carolus Salemba,"Senen, Jakarta Pusat",https://d1ojs48v3n42tp.cloudfront.net/personnels/203717_20-6-2023_14-3-33.jpeg,obstetrics-and-gynecologist,2025-06-15 09:23:14
Dr. Yohanes Danang Prasetyo Sp.OG,Sp. Kandungan & Kebidanan,halodoc,"Setiabudi, Jakarta Selatan",,obstetrics-and-gynecologist,2025-06-15 09:23:14
dr Yuditiya Purwosunu Sp. OG,Sp. Kandungan & Kebidanan,KLINIK BIRU PUTIH,"Bekasi Selatan, Bekasi",,obstetrics-and-gynecologist,2025-06-15 09:23:14
dr Yuditya Purwosunu Sp. OG,Sp. Kandungan & Kebidanan,KLINIK BIRU PUTIH,"Bekasi Selatan, Bekasi",,obstetrics-and-gynecologist,2025-06-15 09:23:16
"dr. Yuditya Purwosunu, Sp.OG-KFM Phd",Sp. Kandungan & Kebidanan,halodoc,"Setiabudi, Jakarta Selatan",,obstetrics-and-gynecologist,2025-06-15 09:23:16
"dr. Yuditya Purwosunu, Sp.OG-KFM Phd",Sp. Kandungan & Kebidanan,Halo Dentist,"Bekasi Utara, Bekasi",,obstetrics-and-gynecologist,2025-06-15 09:23:16
Dr. Yurike Adehline Chandra Sp.OG,Sp. Kandungan & Kebidanan,halodoc,"Setiabudi, Jakarta Selatan",,obstetrics-and-gynecologist,2025-06-15 09:23:16
dr Yuwono Sri Negoro Sp. OG,Sp. Kandungan & Kebidanan,Klinik Hilda Anaira,"Tanjung Priok, Jakarta Utara",,obstetrics-and-gynecologist,2025-06-15 09:23:16
"dr. Zakiah Tourik Mahri, Sp.OG",Sp. Kandungan & Kebidanan,halodoc,"Setiabudi, Jakarta Selatan",,obstetrics-and-gynecologist,2025-06-15 09:23:16
Dr. Zulfikar Anas Sp.OG,Sp. Kandungan & Kebidanan,halodoc,"Setiabudi, Jakarta Selatan",,obstetrics-and-gynecologist,2025-06-15 09:23:16
"dr. Zulfikar Idamansyah Sp.OG(K), MARS",Sp. Kandungan & Kebidanan,halodoc,"Setiabudi, Jakarta Selatan",,obstetrics-and-gynecologist,2025-06-15 09:23:16
d. Ninuk Dwi Ariningtyas Sp.OG,Sp. Kandungan & Kebidanan,RS PKU Muhammadiyah Surabaya,"Pabean Cantikan, Kota Surabaya",,obstetrics-and-gynecologist,2025-06-15 09:23:16
dr Anita Sp. OG,Sp. Kandungan & Kebidanan,RS SEKAR LARAS,"Grobogan, Kabupaten Grobogan",,obstetrics-and-gynecologist,2025-06-15 09:23:16
dr Farah Dina SpOG,Sp. Kandungan & Kebidanan,Clinic Bunda Lubna,"Tanah Sareal, Bogor",,obstetrics-and-gynecologist,2025-06-15 09:23:19
Dr. dr H Ade Taufiq Sp.OG,Sp. Kandungan & Kebidanan,dr H Ade Taufiq Sp.OG,"Medan Baru, Kota Medan",,obstetrics-and-gynecologist,2025-06-15 09:23:19
dr Igsana Chyntia Murti Sp.OG,Sp. Kandungan & Kebidanan,halodoc,"Setiabudi, Jakarta Selatan",,obstetrics-and-gynecologist,2025-06-15 09:23:19
dr Irene Sinta Sp. OG,Sp. Kandungan & Kebidanan,KMNC Haji Nawi,"Cilandak, Jakarta Selatan",,obstetrics-and-gynecologist,2025-06-15 09:23:19
dr Ketut Widaya SpOG,Sp. Kandungan & Kebidanan,halodoc,"Setiabudi, Jakarta Selatan",,obstetrics-and-gynecologist,2025-06-15 09:23:19
dr Khaw Soo Beng,Sp. Kandungan & Kebidanan,Singapore Women's Specialist Centre Penang,"Setiabudi, Jakarta Selatan",,obstetrics-and-gynecologist,2025-06-15 09:23:19
dr. dr Maimun Ihsan Sp. OG,Sp. Kandungan & Kebidanan,Praktek Ahli Kandungan Dokter Maimun,"Kota Selatan, Kota Gorontalo",,obstetrics-and-gynecologist,2025-06-15 09:23:19
dr Yohanes Adithya Prakarsa Sp.OG,Sp. Kandungan & Kebidanan,halodoc,"Setiabudi, Jakarta Selatan",,obstetrics-and-gynecologist,2025-06-15 09:23:19
"dr Zakiah Tourik, SpOG",Sp. Kandungan & Kebidanan,KMNC Haji Nawi,"Cilandak, Jakarta Selatan",,obstetrics-and-gynecologist,2025-06-15 09:23:19
"dr. Achmad Feryanto, Sp. OG",Sp. Kandungan & Kebidanan,halodoc,"Setiabudi, Jakarta Selatan",,obstetrics-and-gynecologist,2025-06-15 09:23:19
"dr. Alexandra Engel, SpOG",Sp. Kandungan & Kebidanan,Klinik Alexandra Medica,"Kedungwaringin, Kabupaten Bekasi",,obstetrics-and-gynecologist,2025-06-15 09:23:21
dr. Amarlys Febrina Cholrin Nisa Fathoni Sp OG,Sp. Kandungan & Kebidanan,0,"Bekasi Selatan, Bekasi",,obstetrics-and-gynecologist,2025-06-15 09:23:21
"dr. Ardian Suryo Anggoro, SpOG. FMAS",Sp. Kandungan & Kebidanan,MND Clinic,"Kramat Jati, Jakarta Timur",,obstetrics-and-gynecologist,2025-06-15 09:23:21
dr. Beeleonie Sp.OG-KFER,Sp. Kandungan & Kebidanan,halodoc,"Setiabudi, Jakarta Selatan",,obstetrics-and-gynecologist,2025-06-15 09:23:21
dr. Bhimantoro Sp.OG,Sp. Kandungan & Kebidanan,KLINIK BUNDA MULIA,"Pulo Gadung, Jakarta Timur",,obstetrics-and-gynecologist,2025-06-15 09:23:21
Dr. dr. Brahmana Askandar SP OG,Sp. Kandungan & Kebidanan,halodoc,"Setiabudi, Jakarta Selatan",,obstetrics-and-gynecologist,2025-06-15 09:23:21
"dr. Daniel Saranga, Sp.OG(K)",Sp. Kandungan & Kebidanan,"dr. Daniel Saranga, Sp.OG(K)","Cisewu, Kabupaten Garut",,obstetrics-and-gynecologist,2025-06-15 09:23:21
"dr. Deddy Madakusuma, Sp.OG",Sp. Kandungan & Kebidanan,"dr. Deddy Madakusuma, Sp.OG","Banjarmasin Tengah, Kota Banjarmasin",,obstetrics-and-gynecologist,2025-06-15 09:23:21
"dr. Dewi Karlina Rusty, SpOG",Sp. Kandungan & Kebidanan,Apotek Rasi,"Darul Kamal, Kabupaten Aceh Besar",,obstetrics-and-gynecologist,2025-06-15 09:23:21
dr. Dian Ekasari Maharani Sp.OG,Sp. Kandungan & Kebidanan,halodoc,"Setiabudi, Jakarta Selatan",,obstetrics-and-gynecologist,2025-06-15 09:23:21
"dr. Diana Suyono, Sp.OG",Sp. Kandungan & Kebidanan,halodoc,"Setiabudi, Jakarta Selatan",,obstetrics-and-gynecologist,2025-06-15 09:23:24
"Dr. dr. Edo Rinaldy, SpOG, Subsp. FER, SAA M.Kes",Sp. Kandungan & Kebidanan,Praktek dokter.,"Bukit Raya, Kota Pekanbaru",,obstetrics-and-gynecologist,2025-06-15 09:23:24
"dr. Edward Muljadi, SpOG",Sp. Kandungan & Kebidanan,halodoc,"Setiabudi, Jakarta Selatan",,obstetrics-and-gynecologist,2025-06-15 09:23:24
dr. Erik S. Sp.OG,Sp. Kandungan & Kebidanan,RS Pantai Indah Kapuk,"Penjaringan, Jakarta Utara",,obstetrics-and-gynecologist,2025-06-15 09:23:24
"dr. Ervina Ningsih, Sp.OG",Sp. Kandungan & Kebidanan,halodoc,"Setiabudi, Jakarta Selatan",,obstetrics-and-gynecologist,2025-06-15 09:23:24
"dr. Eva Febia, Sp.OG",Sp. Kandungan & Kebidanan,Kehamilan Sehat,"Koja, Jakarta Utara",,obstetrics-and-gynecologist,2025-06-15 09:23:24
"dr. Ferry, SpOG",Sp. Kandungan & Kebidanan,KLINIK KASIH BUNDA PEKANBARU,"Lima Puluh, Kota Pekanbaru",,obstetrics-and-gynecologist,2025-06-15 09:23:24
". dr. Gusti Hesty Nuraini, SpOG",Sp. Kandungan & Kebidanan,"Klinik dr Gusti Hesty Nuraini, SpOG","Samarinda Ulu, Kota Samarinda",,obstetrics-and-gynecologist,2025-06-15 09:23:24
"dr. H. Dudi Setiadi, Sp.OG",Sp. Kandungan & Kebidanan,"Praktek dr. H. Dudi Setiadi, Sp.OG","Tawang, Kota Tasikmalaya",,obstetrics-and-gynecologist,2025-06-15 09:23:24
"dr. Hanifah, SpOG",Sp. Kandungan & Kebidanan,KLINIK UTAMA RAWAT INAP IFAH,"Majenang, Kabupaten Cilacap",,obstetrics-and-gynecologist,2025-06-15 09:23:24
Dr. dr. Hariyasa Sanjaya I Nyoman SP OG,Sp. Kandungan & Kebidanan,Laboratorium Medis Prodia,"Semarang Selatan, Kota Semarang",,obstetrics-and-gynecologist,2025-06-15 09:23:26
"dr. Helena Sunarja, SpOG",Sp. Kandungan & Kebidanan,halodoc,"Setiabudi, Jakarta Selatan",,obstetrics-and-gynecologist,2025-06-15 09:23:26
Dr. dr. Herbert Situmorang Sp OG,Sp. Kandungan & Kebidanan,RS St. Carolus Salemba,"Senen, Jakarta Pusat",,obstetrics-and-gynecologist,2025-06-15 09:23:26
"dr. Hj. Nurul Karti Handayani, SpOG(K)",Sp. Kandungan & Kebidanan,"Praktek dr. Hj. Nurul Karti Handayani, SpOG(K)","Samarinda Kota, Kota Samarinda",,obstetrics-and-gynecologist,2025-06-15 09:23:26
Dr. dr. I Nyoman Hariyasa Sanjaya Sp. OG,Sp. Kandungan & Kebidanan,Klinik Kasih Medika,"Pulo Gadung, Jakarta Timur",,obstetrics-and-gynecologist,2025-06-15 09:23:26
Dr. dr. I Nyoman Hariyasa Sanjaya Sp OG,Sp. Kandungan & Kebidanan,Kasih Medika,"Denpasar Barat, Kota Denpasar",,obstetrics-and-gynecologist,2025-06-15 09:23:26
Dr. dr. I Nyoman Hariyasa Sanjaya SP OG,Sp. Kandungan & Kebidanan,Klinik Kasih Medika,"Pulo Gadung, Jakarta Timur",,obstetrics-and-gynecologist,2025-06-15 09:23:26
Dr. dr. I Nyoman Hariyasa Sanjaya SP OG,Sp. Kandungan & Kebidanan,Klinik Kasih Medika,"Pulo Gadung, Jakarta Timur",,obstetrics-and-gynecologist,2025-06-15 09:23:26
Dr. dr. I Nyoman Hariyasa Sanjaya Sp OG,Sp. Kandungan & Kebidanan,Klinik Kasih Medika,"Pulo Gadung, Jakarta Timur",,obstetrics-and-gynecologist,2025-06-15 09:23:26
"dr. IP. Popy Kusuardiyanto,SpOG",Sp. Kandungan & Kebidanan,KLINIK YUSFINA,"Kelua, Kabupaten Tabalong",,obstetrics-and-gynecologist,2025-06-15 09:23:26
"dr. Inayah Syafitri, SpOG",Sp. Kandungan & Kebidanan,halodoc,"Setiabudi, Jakarta Selatan",,obstetrics-and-gynecologist,2025-06-15 09:23:29
"dr. Johnny, Sp.OG",Sp. Kandungan & Kebidanan,halodoc,"Setiabudi, Jakarta Selatan",,obstetrics-and-gynecologist,2025-06-15 09:23:29
"dr. Juliansyah Badar, SpOG",Sp. Kandungan & Kebidanan,halodoc,"Setiabudi, Jakarta Selatan",,obstetrics-and-gynecologist,2025-06-15 09:23:29
"dr. Karina Putri Kusumadewi,SpOG",Sp. Kandungan & Kebidanan,halodoc,"Setiabudi, Jakarta Selatan",,obstetrics-and-gynecologist,2025-06-15 09:23:29
"dr. Khrismawan, Sp.OG.(K)",Sp. Kandungan & Kebidanan,"Klinik dr. Khrismawan, Sp.OG.(K)","Klari, Kabupaten Karawang",,obstetrics-and-gynecologist,2025-06-15 09:23:29
"dr. Kukung Kurnia, SpOG",Sp. Kandungan & Kebidanan,Klinik Alfatih Medika,"Tanjungkerta, Kabupaten Sumedang",,obstetrics-and-gynecologist,2025-06-15 09:23:29
"dr. M. Dwi Priangga, Sp.OG, SubSpes.FER",Sp. Kandungan & Kebidanan,Kato Ojin IVF Center,"Setiabudi, Jakarta Selatan",,obstetrics-and-gynecologist,2025-06-15 09:23:29
"dr. Marcela, SpOG",Sp. Kandungan & Kebidanan,halodoc,"Setiabudi, Jakarta Selatan",,obstetrics-and-gynecologist,2025-06-15 09:23:29
"dr. Mira Dyani Dewi,Sp. OG",Sp. Kandungan & Kebidanan,halodoc,"Setiabudi, Jakarta Selatan",,obstetrics-and-gynecologist,2025-06-15 09:23:29
dr. Ranitya Indra Sp.OG,Sp. Kandungan & Kebidanan,halodoc,"Setiabudi, Jakarta Selatan",,obstetrics-and-gynecologist,2025-06-15 09:23:29
"dr. Retno Nirwanasari, Sp.OG M.Kes",Sp. Kandungan & Kebidanan,"dr. Retno Nirwanasari, Sp.OG M.Kes","Kaliwungu Selatan, Kabupaten Kendal",,obstetrics-and-gynecologist,2025-06-15 09:23:32
"dr. Riena Reubiyana, SpOG",Sp. Kandungan & Kebidanan,RS Aghisna Medika Kroya,"Cilacap Utara, Kabupaten Cilacap",,obstetrics-and-gynecologist,2025-06-15 09:23:32
"dr. Santi maria Burhanuddin, Sp.OG",Sp. Kandungan & Kebidanan,halodoc,"Setiabudi, Jakarta Selatan",,obstetrics-and-gynecologist,2025-06-15 09:23:32
"dr. Selamat Widodo, SpOG",Sp. Kandungan & Kebidanan,halodoc,"Setiabudi, Jakarta Selatan",,obstetrics-and-gynecologist,2025-06-15 09:23:32
"dr. Sulung Mahardika, SpOG",Sp. Kandungan & Kebidanan,"dr. Sulung Mahardika, SpOG","Gunung Anyar, Kota Surabaya",,obstetrics-and-gynecologist,2025-06-15 09:23:32
Dr. dr. Tjok G.A. Suwardewa Sp. OG,Sp. Kandungan & Kebidanan,Apotek Adhi Guna Farma 2,"Denpasar Barat, Kota Denpasar",,obstetrics-and-gynecologist,2025-06-15 09:23:32
"dr. Viola Belivia Tripuspita, Sp.OG",Sp. Kandungan & Kebidanan,halodoc,"Setiabudi, Jakarta Selatan",,obstetrics-and-gynecologist,2025-06-15 09:23:32
"dr. Widiyastuti HQD, SpOG,MKes,MH.Kes",Sp. Kandungan & Kebidanan,Kimia Farma Bandung,"Andir, Kota Bandung",,obstetrics-and-gynecologist,2025-06-15 09:23:32
"dr. Wita Saraswati, Sp.OG (K)",Sp. Kandungan & Kebidanan,halodoc,"Setiabudi, Jakarta Selatan",,obstetrics-and-gynecologist,2025-06-15 09:23:32
dr. Yuditya Purwosunu Sp. OG,Sp. Kandungan & Kebidanan,KLINIK BIRU PUTIH,"Bekasi Selatan, Bekasi",,obstetrics-and-gynecologist,2025-06-15 09:23:32
"dr. Yuniarsih Zakia, Sp.OG, M. Kes",Sp. Kandungan & Kebidanan,"dr. Yuniarsih Zakia, Sp.OG, M. Kes","Pati, Kabupaten Pati",,obstetrics-and-gynecologist,2025-06-15 09:23:34
"dr.Sonia Prima Arisa Putri,SpOG",Sp. Kandungan & Kebidanan,halodoc,"Setiabudi, Jakarta Selatan",,obstetrics-and-gynecologist,2025-06-15 09:23:34
dr. poedjo Hortono Sp. OG,Sp. Kandungan & Kebidanan,Praktek dokter.,"Bukit Raya, Kota Pekanbaru",,obstetrics-and-gynecologist,2025-06-15 09:23:34
