name,speciality,hospital,city,img,slug,timestamp
Dr. ADI JANUAR AKBAR,Dokter Umum,RS Bayukarta,"Karawang Barat, Kabupaten Karawang",,dokter-umum,2025-06-15 02:49:52
ADI JANUAR AKBAR Sp. THT-KL,Dokter Umum,RS Bayukarta,"Karawang Barat, Kabupaten Karawang",,dokter-umum,2025-06-15 02:49:52
dr. ADI PUTRA RAHMADI,Dokter Umum,RS Pradipa Medika,"Cilimus, Kabupaten Kuningan",,dokter-umum,2025-06-15 02:49:52
dr. ALVIEN CHAERUL UMAM,Dokter Umum,RS Citra Sari Husada,"Klari, Kabupaten Karawang",,dokter-umum,2025-06-15 02:49:52
dr. ALVIEN CHAERUL UMAMI,Dokter Umum,RS Citra Sari Husada,"Klari, Kabupaten Karawang",,dokter-umum,2025-06-15 02:49:52
dr. ANA PERMATA SARI MM,Dokter Umum,Klinik Puri Asih Kosambi,"Klari, Kabupaten Karawang",,dokter-umum,2025-06-15 02:49:52
dr. ANA PERMATA SARI MM,Dokter Umum,Klinik Puri Asih Kosambi,"Klari, Kabupaten Karawang",,dokter-umum,2025-06-15 02:49:52
dr. ANA PERMATA SARI MM,Dokter Umum,Klinik Puri Asih Kosambi,"Klari, Kabupaten Karawang",,dokter-umum,2025-06-15 02:49:52
DR. ANGGA NOVERNIA I GUSTI AGUNG,Dokter Umum,RS Kertha Usada,"Buleleng, Kabupaten Buleleng",,dokter-umum,2025-06-15 02:49:52
dr. ANGGI SURYATI,Dokter Umum,Klinik Pratama Rawat Inap Permata Bunda Graha Mustika,"Setu, Kabupaten Bekasi",,dokter-umum,2025-06-15 02:49:52
dr. Abraham Sakti Nugrahanto,Dokter Umum,RS Bethesda Yogyakarta,"Gondokusuman, Kota Yogyakarta",,dokter-umum,2025-06-15 02:49:55
dr. Achmad Kurniawan Almi,Dokter Umum,RS UniMedika Setu Bekasi,"Setu, Kabupaten Bekasi",,dokter-umum,2025-06-15 02:49:55
dr Adam Sultansah Sp. A,Dokter Umum,RSU Fikri Medika,"Klari, Kabupaten Karawang",,dokter-umum,2025-06-15 02:49:55
dr. Ade Hafni Sp.A,Dokter Umum,RSU Fikri Medika,"Klari, Kabupaten Karawang",,dokter-umum,2025-06-15 02:49:55
dr. Ade Rahmah Arland,Dokter Umum,RS Balikpapan Baru,"Balikpapan Kota, Kota Balikpapan",,dokter-umum,2025-06-15 02:49:55
dr. Ade Ruhani Arland,Dokter Umum,RS Balikpapan Baru,"Balikpapan Kota, Kota Balikpapan",,dokter-umum,2025-06-15 02:49:55
dr. Adinda Humaira Darmawan,Dokter Umum,Klinik Berkah Puri Nirwana,"Karangbahagia, Kabupaten Bekasi",,dokter-umum,2025-06-15 02:49:55
dr. Aditya Ilham Prasetyo,Dokter Umum,RS Mitra Keluarga Bintaro,"Pondok Aren, Tangerang Selatan",,dokter-umum,2025-06-15 02:49:55
dr. Aditya Maulana,Dokter Umum,RS Antam Medika,"Pulo Gadung, Jakarta Timur",,dokter-umum,2025-06-15 02:49:55
dr. Afifah Nur Fahada,Dokter Umum,RS Permata Medika,"Ngaliyan, Kota Semarang",,dokter-umum,2025-06-15 02:49:55
Dr. Agatha Nagrintya Gintings,Dokter Umum,Ciputra Mitra Hospital Banjarmasin,"Kertak Hanyar, Kota Banjarmasin",,dokter-umum,2025-06-15 02:49:58
dr Agoestina Putri,Dokter Umum,Klinik Citra Sehat Utama,"Banjarmasin Timur, Kota Banjarmasin",,dokter-umum,2025-06-15 02:49:58
Dr. Agung Prabowo,Dokter Umum,Klinik Sapta Mitra Jakarta,"Duren Sawit, Jakarta Timur",,dokter-umum,2025-06-15 02:49:58
Dr. Agus Kusumoaji Sp. M,Dokter Umum,RS Bayukarta,"Karawang Barat, Kabupaten Karawang",,dokter-umum,2025-06-15 02:49:58
Dr. Agustina Hehanussa Sp. DV,Dokter Umum,RS Permata Keluarga Karawang,"Telukjambe Timur, Kabupaten Karawang",,dokter-umum,2025-06-15 02:49:58
dr. Agustina Poetri,Dokter Umum,Klinik Citra Sehat Utama,"Banjarmasin Timur, Kota Banjarmasin",,dokter-umum,2025-06-15 02:49:58
dr. Ahmad Fatoni,Dokter Umum,RS Azra,"Bogor Utara, Bogor",,dokter-umum,2025-06-15 02:49:58
dr. Ahmad Fauzan,Dokter Umum,RS Taman Harapan Baru,"Medan Satria, Bekasi",,dokter-umum,2025-06-15 02:49:58
dr Ahmad Nurhadi Hidayat,Dokter Umum,RS TMC,"Cihideung, Kota Tasikmalaya",,dokter-umum,2025-06-15 02:49:58
dr. Ahmad Subangkit,Dokter Umum,RS Pusat Pertamina,"Kebayoran Baru, Jakarta Selatan",,dokter-umum,2025-06-15 02:49:58
dr. Ailen Lystyani,Dokter Umum,RS Mitra Keluarga Waru,"Waru, Kabupaten Sidoarjo",,dokter-umum,2025-06-15 02:50:00
dr. Aisyah Dewi Anggraeni,Dokter Umum,Klinik Puri Asih Cikampek,"Cikampek, Kabupaten Karawang",,dokter-umum,2025-06-15 02:50:00
Dr. Ajeng Grasia Patricia Sp. M,Dokter Umum,RS Islam Jakarta Sukapura,"Cilincing, Jakarta Utara",,dokter-umum,2025-06-15 02:50:00
Dr. Alberd Robeddi Manihuruk,Dokter Umum,RS Harum Sisma Medika,"Makasar, Jakarta Timur",,dokter-umum,2025-06-15 02:50:00
dr. Alberta Rohadatul 'Aisy,Dokter Umum,Persada Hospital,"Blimbing, Kota Malang",,dokter-umum,2025-06-15 02:50:00
dr. Aldi Alumad Nurhadi,Dokter Umum,Klinik Utama Alobelo,"Ciputat Timur, Tangerang Selatan",,dokter-umum,2025-06-15 02:50:00
dr. Alexander Mahesa Indiraka,Dokter Umum,RS Panti Rini,"Kalasan, Kabupaten Sleman",,dokter-umum,2025-06-15 02:50:00
dr. Alfina T.NC,Dokter Umum,Klinik Alfina,"Cibeber, Kota Cilegon",,dokter-umum,2025-06-15 02:50:00
dr. Alfrida Pebrina Pawurine Nathania,Dokter Umum,RS Ken Saras,"Bergas, Kabupaten Semarang",,dokter-umum,2025-06-15 02:50:00
dr. Alhadi Hakim,Dokter Umum,RS Universitas Islam Indonesia,"Pandak, Kabupaten Bantul",,dokter-umum,2025-06-15 02:50:00
dr. Almira Maharani,Dokter Umum,RSIA Kendangsari Surabaya,"Tenggilis Mejoyo, Kota Surabaya",,dokter-umum,2025-06-15 02:50:03
dr. Alvienna Indira Rabbani,Dokter Umum,RSU Unggul Karsa Medika,"Margaasih, Kabupaten Bandung",,dokter-umum,2025-06-15 02:50:03
dr. Alvionita Citra Mayrani,Dokter Umum,Klinik Syifa Medical Center,"Koja, Jakarta Utara",,dokter-umum,2025-06-15 02:50:03
Dr. Alya Maulida,Dokter Umum,Ciputra Mitra Hospital Banjarmasin,"Kertak Hanyar, Kota Banjarmasin",,dokter-umum,2025-06-15 02:50:03
Dr. Ameetha Drupadi,Dokter Umum,Klinik Tembuni Birth Center,"Mampang Prapatan, Jakarta Selatan",,dokter-umum,2025-06-15 02:50:03
dr. Amira Nabila,Dokter Umum,RS Mitra Keluarga Cibubur,"Jatisampurna, Bekasi",,dokter-umum,2025-06-15 02:50:03
dr. Amsal Darmawan,Dokter Umum,RS Lira Medika,"Karawang Timur, Kabupaten Karawang",,dokter-umum,2025-06-15 02:50:03
dr. Ana Permatasari MM,Dokter Umum,Klinik Puri Asih Kosambi,"Klari, Kabupaten Karawang",,dokter-umum,2025-06-15 02:50:03
dr. Ana Permatasari. MM,Dokter Umum,Klinik Puri Asih Kosambi,"Klari, Kabupaten Karawang",,dokter-umum,2025-06-15 02:50:03
dr. Anak Agung Segung Mirah Trisuladara,Dokter Umum,RSU Manuaba,"Denpasar Utara, Kota Denpasar",,dokter-umum,2025-06-15 02:50:03
DR Anastasia Mia Novita,Dokter Umum,RSIA Melinda,"Cicendo, Kota Bandung",,dokter-umum,2025-06-15 02:50:06
Dr. Anastassia Melani,Dokter Umum,RS Satya Negara,"Tanjung Priok, Jakarta Utara",,dokter-umum,2025-06-15 02:50:06
dr. Anasthasia Nagalia,Dokter Umum,Eka Hospital Bekasi,"Tarumajaya, Kabupaten Bekasi",,dokter-umum,2025-06-15 02:50:06
dr. Ancilla Wijaya,Dokter Umum,Tzu Chi Hospital,"Penjaringan, Jakarta Utara",,dokter-umum,2025-06-15 02:50:06
Dr. Andhika,Dokter Umum,Klinik Rawat Inap Citama Arco,"Tajur Halang, Kabupaten Bogor",,dokter-umum,2025-06-15 02:50:06
dr. Andi Musdalifah,Dokter Umum,Klinik Sekata,"Lubuk Linggau Timur I, Kota Lubuk Linggau",,dokter-umum,2025-06-15 02:50:06
dr. Andi Pratama Dharma Sp.PD,Dokter Umum,Klinik Interna Medika,"Karawang Barat, Kabupaten Karawang",,dokter-umum,2025-06-15 02:50:06
dr. Andi Purnomo,Dokter Umum,RS Gading Pluit,"Kelapa Gading, Jakarta Utara",,dokter-umum,2025-06-15 02:50:06
dr. Andi Sitti Tandina,Dokter Umum,RS Harapan Bunda Jakarta,"Ciracas, Jakarta Timur",,dokter-umum,2025-06-15 02:50:06
Dr. Andra Naufal Pramanda Sp. J,Dokter Umum,RSU Fikri Medika,"Klari, Kabupaten Karawang",,dokter-umum,2025-06-15 02:50:06
dr. Andre Nicholas L. Tobing,Dokter Umum,Siloam Hospitals Mampang,"Pancoran, Jakarta Selatan",,dokter-umum,2025-06-15 02:50:08
dr. Andrear Budi Wijaya,Dokter Umum,RSIA Melati Children Hospital,"Klojen, Kota Malang",,dokter-umum,2025-06-15 02:50:08
dr. Andreas Hans,Dokter Umum,RS Mitra Keluarga Kelapa Gading,"Kelapa Gading, Jakarta Utara",,dokter-umum,2025-06-15 02:50:08
dr. Andri A. Rahman,Dokter Umum,RS Mulyasari Jakarta,"Koja, Jakarta Utara",,dokter-umum,2025-06-15 02:50:08
Dr. Andri Heryanto,Dokter Umum,Klinik Berkah Puri Nirwana,"Karangbahagia, Kabupaten Bekasi",,dokter-umum,2025-06-15 02:50:08
Dr. Andy Faisal,Dokter Umum,Siloam Hospitals Bekasi Timur,"Bekasi Timur, Bekasi",,dokter-umum,2025-06-15 02:50:08
Dr. Angela Sondang Rotua,Dokter Umum,Klinik Melviana,"Bekasi Timur, Bekasi",,dokter-umum,2025-06-15 02:50:08
dr Angga Osti Swasono,Dokter Umum,RS Arafah Anwar Medika,"Sukodono, Kabupaten Sidoarjo",,dokter-umum,2025-06-15 02:50:08
dr. Anita Anggitia P,Dokter Umum,Siloam Hospitals Lippo Cikarang,"Cikarang Selatan, Kabupaten Bekasi",,dokter-umum,2025-06-15 02:50:08
dr. Anna Octaviana,Dokter Umum,Klinik Bhakti Medika,"Cikampek, Kabupaten Karawang",,dokter-umum,2025-06-15 02:50:08
dr. Anna Yelly,Dokter Umum,Siloam Hospitals Sentosa Bekasi,"Bekasi Timur, Bekasi",,dokter-umum,2025-06-15 02:50:11
dr. Annisa Aurum Mahardika,Dokter Umum,RS Cahya Kawaluyan,"Padalarang, Kabupaten Bandung Barat",,dokter-umum,2025-06-15 02:50:11
dr Annisa Rieko Miranti,Dokter Umum,RS Buah Hati Ciputat,"Ciputat, Tangerang Selatan",,dokter-umum,2025-06-15 02:50:11
dr. Anthony M. Veres,Dokter Umum,RS Delta Surya,"Sidoarjo, Kabupaten Sidoarjo",,dokter-umum,2025-06-15 02:50:11
dr. Anthony Yuwono,Dokter Umum,RS Gading Pluit,"Kelapa Gading, Jakarta Utara",,dokter-umum,2025-06-15 02:50:11
dr. Antonio August,Dokter Umum,Siloam Hospitals Bekasi Sepanjang Jaya,"Rawalumbu, Bekasi",,dokter-umum,2025-06-15 02:50:11
dr. Antonio August Indra Tjiamwarna,Dokter Umum,Siloam Hospitals Bekasi Sepanjang Jaya,"Rawalumbu, Bekasi",,dokter-umum,2025-06-15 02:50:11
dr. Antonius Wahyudi,Dokter Umum,RS Dewi Sri,"Karawang Barat, Kabupaten Karawang",,dokter-umum,2025-06-15 02:50:11
dr. Antonius Wahyudi Sp. And,Dokter Umum,RS Lira Medika,"Karawang Timur, Kabupaten Karawang",,dokter-umum,2025-06-15 02:50:11
dr Anwar Fuadi,Dokter Umum,RS Puri Cinere,"Cinere, Depok",,dokter-umum,2025-06-15 02:50:11
dr. Ardeliana Nur Putri Gunawan,Dokter Umum,JIH Jogja,"Kecamatan Depok, Kabupaten Sleman",,dokter-umum,2025-06-15 02:50:13
dr. Ardi Al Rachman Raaqa Anasta,Dokter Umum,RS Santa Theresia Jambi,"Pasar Jambi, Kota Jambi",,dokter-umum,2025-06-15 02:50:13
dr. Ari Hanasari,Dokter Umum,RSUP Dr. Sitanala Tangerang,"Neglasari, Tangerang",https://d1ojs48v3n42tp.cloudfront.net/personnels/158025_18-1-2021_15-20-34.png,dokter-umum,2025-06-15 02:50:13
dr. Ariel Ekaputra,Dokter Umum,RS Columbia Asia BSD,"Serpong, Tangerang Selatan",,dokter-umum,2025-06-15 02:50:13
dr. Aris Dwi Rahim,Dokter Umum,RSU Syifa Medika,"Banjarbaru Selatan, Kota Banjarbaru",,dokter-umum,2025-06-15 02:50:13
dr. Arman Aspar Pratama,Dokter Umum,RS Taman Harapan Baru,"Medan Satria, Bekasi",,dokter-umum,2025-06-15 02:50:13
dr Arum Nurlatifah,Dokter Umum,RS Dharma Nugraha,"Pulo Gadung, Jakarta Timur",,dokter-umum,2025-06-15 02:50:13
dr. Asep Rianayah,Dokter Umum,Klinik Central Medika,"Karangbahagia, Kabupaten Bekasi",,dokter-umum,2025-06-15 02:50:13
dr. Asni Marlia,Dokter Umum,RSPKT Prima Sangatta,"Sangatta Utara, Kabupaten Kutai Timur",,dokter-umum,2025-06-15 02:50:13
drg Astri Yani,Dokter Umum,RS dr. Abdul Radjak Cileungsi,"Cileungsi, Kabupaten Bogor",,dokter-umum,2025-06-15 02:50:13
dr. Astrid Aprilia Nauli,Dokter Umum,RS Satya Negara,"Tanjung Priok, Jakarta Utara",,dokter-umum,2025-06-15 02:50:16
dr. Astrid Fabriany,Dokter Umum,RS Sukmul Sisma Medika,"Koja, Jakarta Utara",,dokter-umum,2025-06-15 02:50:16
dr. Aswaldo Lolo Silalahi,Dokter Umum,Klinik Amira,"Serpong, Tangerang Selatan",,dokter-umum,2025-06-15 02:50:16
Dr. Asysyifaa Fadhillah Alie,Dokter Umum,RSU Pindad,"Kiaracondong, Kota Bandung",,dokter-umum,2025-06-15 02:50:16
dr. Ati Viondri,Dokter Umum,RS Harapan Sehat Pemalang,"Pemalang, Kabupaten Pemalang",,dokter-umum,2025-06-15 02:50:16
dr. Atik Ananda,Dokter Umum,RS Taman Harapan Baru,"Medan Satria, Bekasi",,dokter-umum,2025-06-15 02:50:16
dr. Atika Budiy Setyani,Dokter Umum,RSIA Resti Mulya,"Cakung, Jakarta Timur",,dokter-umum,2025-06-15 02:50:16
dr. Atika Nofiandani,Dokter Umum,RS Mitra Keluarga Cikarang,"Cikarang Utara, Kabupaten Bekasi",,dokter-umum,2025-06-15 02:50:16
Dr. Attauraq Irawan,Dokter Umum,Klinik Esti,"Mampang Prapatan, Jakarta Selatan",,dokter-umum,2025-06-15 02:50:16
dr. Atthariq,Dokter Umum,RS Sukmul Sisma Medika,"Koja, Jakarta Utara",,dokter-umum,2025-06-15 02:50:16
dr. Awaluddin Salam,Dokter Umum,RS Amalia Bontang,"Bontang Utara, Kota Bontang",,dokter-umum,2025-06-15 02:50:18
dr. Ayu Delvira Putri,Dokter Umum,Klinik Ar-Rahman Medika,"Telukjambe Timur, Kabupaten Karawang",,dokter-umum,2025-06-15 02:50:18
dr. Ayu Delvira Putri,Dokter Umum,Klinik Ar-Rahman Medika,"Telukjambe Timur, Kabupaten Karawang",,dokter-umum,2025-06-15 02:50:18
dr. Ayuningtyas Dewi,Dokter Umum,RS Umi Barokah,"Boyolali, Kabupaten Boyolali",,dokter-umum,2025-06-15 02:50:18
dr. Azaria Sabrina Lie,Dokter Umum,Tzu Chi Hospital,"Penjaringan, Jakarta Utara",,dokter-umum,2025-06-15 02:50:18
dr. Azka Faza,Dokter Umum,RSU San Medical Center,"Cikampek, Kabupaten Karawang",,dokter-umum,2025-06-15 02:50:18
dr. Azka Faza,Dokter Umum,RSU San Medical Center,"Cikampek, Kabupaten Karawang",,dokter-umum,2025-06-15 02:50:18
dr. Azka Faza Fadhila,Dokter Umum,RSU San Medical Center,"Cikampek, Kabupaten Karawang",,dokter-umum,2025-06-15 02:50:18
Drg. B Melanie Gultom,Dokter Umum,Klinik Melviana,"Bekasi Timur, Bekasi",,dokter-umum,2025-06-15 02:50:18
dr. BILQISH KARIDZA,Dokter Umum,RS Tria Dipa,"Pancoran, Jakarta Selatan",,dokter-umum,2025-06-15 02:50:18
"dr. Baiq Rohaslia Rhadiana, M.Sc. Sp.KJ",Dokter Umum,JIH Jogja,"Kecamatan Depok, Kabupaten Sleman",,dokter-umum,2025-06-15 02:50:21
dr. Banon Lupi Edi,Dokter Umum,RS Harapan Bunda Jakarta,"Ciracas, Jakarta Timur",,dokter-umum,2025-06-15 02:50:21
dr. Basuki,Dokter Umum,Klinik Prima Husada Cibubur,"Ciracas, Jakarta Timur",,dokter-umum,2025-06-15 02:50:21
dr. Bayu Antara Hadi Sp. OT,Dokter Umum,Mandaya Hospital Karawang,"Telukjambe Timur, Kabupaten Karawang",,dokter-umum,2025-06-15 02:50:21
dr. Beni Afriandy,Dokter Umum,Klinik Rennicha Putra,"Cikarang Selatan, Kabupaten Bekasi",,dokter-umum,2025-06-15 02:50:21
dr. Beni Hotman,Dokter Umum,Siloam Hospitals TB Simatupang,"Cilandak, Jakarta Selatan",https://d1ojs48v3n42tp.cloudfront.net/personnels/596634_24-6-2022_17-51-42.jpeg,dokter-umum,2025-06-15 02:50:21
dr. Bernadus S. Kurnianto,Dokter Umum,RS Mitra Keluarga Bekasi Timur,"Bekasi Timur, Bekasi",,dokter-umum,2025-06-15 02:50:21
Dr. Bernardi Ibrata,Dokter Umum,RS Satya Negara,"Tanjung Priok, Jakarta Utara",,dokter-umum,2025-06-15 02:50:21
dr. Betty Agustina Sihaloho Sp. A,Dokter Umum,Eka Hospital Bekasi,"Tarumajaya, Kabupaten Bekasi",,dokter-umum,2025-06-15 02:50:21
dr. Binsar Ompusunggu,Dokter Umum,RS Gandaria,"Kebayoran Baru, Jakarta Selatan",,dokter-umum,2025-06-15 02:50:21
dr Biondy Bayu Marhayudi,Dokter Umum,Siloam Hospitals Kebon Jeruk,"Kebon Jeruk, Jakarta Barat",,dokter-umum,2025-06-15 02:50:23
dr. Boby Ilham Ramadhan,Dokter Umum,RS Ananda Babelan,"Babelan, Kabupaten Bekasi",,dokter-umum,2025-06-15 02:50:23
dr Bram Wijaya,Dokter Umum,RS Telogorejo,"Semarang Tengah, Kota Semarang",,dokter-umum,2025-06-15 02:50:23
dr. Brama Dewa Shaputra,Dokter Umum,Klinik Assalam Karawang,"Karawang Timur, Kabupaten Karawang",,dokter-umum,2025-06-15 02:50:23
dr. Brayen Pangeran Yoshua S,Dokter Umum,RS Lira Medika,"Karawang Timur, Kabupaten Karawang",,dokter-umum,2025-06-15 02:50:23
dr. Brayen Pangeran Yoshua S,Dokter Umum,RS Lira Medika,"Karawang Timur, Kabupaten Karawang",,dokter-umum,2025-06-15 02:50:23
dr Brayen Pangeran Yoshua S,Dokter Umum,RS Lira Medika,"Karawang Timur, Kabupaten Karawang",,dokter-umum,2025-06-15 02:50:23
dr. Brayen Pangeran Yoshua S,Dokter Umum,RS Lira Medika,"Karawang Timur, Kabupaten Karawang",,dokter-umum,2025-06-15 02:50:23
"dr. Budi Liem, M.Med",Dokter Umum,RS Immanuel,"Bojongloa Kidul, Kota Bandung",https://d1ojs48v3n42tp.cloudfront.net/personnels/892198_19-5-2021_23-20-29.jpeg,dokter-umum,2025-06-15 02:50:23
dr. CICI CAHYA WIJAYANTI,Dokter Umum,RS Muhammadiyah Ahmad Dahlan,"Mojoroto, Kota Kediri",,dokter-umum,2025-06-15 02:50:23
dr. Calvrijne Penina Magda Leunufna,Dokter Umum,Siloam Hospitals Sentosa Bekasi,"Bekasi Timur, Bekasi",https://d1ojs48v3n42tp.cloudfront.net/personnels/729812_26-10-2022_14-46-37.jpeg,dokter-umum,2025-06-15 02:50:26
dr. Candra Achmad Hanif Rosyidi,Dokter Umum,Klinik Marhamah,"Rengasdengklok, Kabupaten Karawang",,dokter-umum,2025-06-15 02:50:26
dr. Cecilia S. Hendradjaja,Dokter Umum,Klinik Medika Utama,"Balikpapan Timur, Kota Balikpapan",,dokter-umum,2025-06-15 02:50:26
dr. Celerina Prasetyo Ediantari,Dokter Umum,Mayapada Hospital Tangerang,"Tangerang, Tangerang",https://d1ojs48v3n42tp.cloudfront.net/personnels/543134_13-12-2022_14-39-21.jpeg,dokter-umum,2025-06-15 02:50:26
dr. Chansa Camilla,Dokter Umum,Klinik Assalam Karawang,"Karawang Timur, Kabupaten Karawang",,dokter-umum,2025-06-15 02:50:26
dr Cherryl Anandya,Dokter Umum,RS Permata Dalima Serpong,"Serpong, Tangerang Selatan",,dokter-umum,2025-06-15 02:50:26
dr. Chintia Nilna Muna,Dokter Umum,Klinik Ar-Rahman Medika,"Telukjambe Timur, Kabupaten Karawang",,dokter-umum,2025-06-15 02:50:26
dr. Chintia Nilna Muna,Dokter Umum,Klinik Ar-Rahman Medika,"Telukjambe Timur, Kabupaten Karawang",,dokter-umum,2025-06-15 02:50:26
dr. Chintia Paramitha,Dokter Umum,Klinik Ar-Rahman Medika,"Telukjambe Timur, Kabupaten Karawang",,dokter-umum,2025-06-15 02:50:26
dr. Christian Tendean,Dokter Umum,Mayapada Hospital Tangerang,"Tangerang, Tangerang",https://d1ojs48v3n42tp.cloudfront.net/personnels/508874_13-12-2022_14-19-29.jpeg,dokter-umum,2025-06-15 02:50:26
Dr. Christopher Alvaro Dharmawan,Dokter Umum,RS Telogorejo,"Semarang Tengah, Kota Semarang",,dokter-umum,2025-06-15 02:50:28
dr. Cindy Lorenza Darwis,Dokter Umum,RS Taman Harapan Baru,"Medan Satria, Bekasi",,dokter-umum,2025-06-15 02:50:28
dr. Cindy Tanya,Dokter Umum,Klinik Mitra Cakung,"Cakung, Jakarta Timur",,dokter-umum,2025-06-15 02:50:28
dr Clanissa Surya Andesti,Dokter Umum,Klinik Gempol 2,"Karawang Barat, Kabupaten Karawang",,dokter-umum,2025-06-15 02:50:28
dr. Clara Dwi Retno Kumororini,Dokter Umum,Siloam Hospitals Sentosa Bekasi,"Bekasi Timur, Bekasi",https://d1ojs48v3n42tp.cloudfront.net/personnels/588913_26-10-2022_14-45-57.png,dokter-umum,2025-06-15 02:50:28
dr. Clara Petrisiela,Dokter Umum,RS Pondok Indah - Pondok Indah,"Kebayoran Lama, Jakarta Selatan",,dokter-umum,2025-06-15 02:50:28
Dr. Crisdia Yan Esnanwan Surbadi,Dokter Umum,RS Mustika Medika,"Mustika Jaya, Bekasi",,dokter-umum,2025-06-15 02:50:28
dr. Cussi Lestari Sp.PK,Dokter Umum,Ciputra Medical Center,"Setiabudi, Jakarta Selatan",,dokter-umum,2025-06-15 02:50:28
dr. Cynthia Rusli,Dokter Umum,Mayapada Hospital Bogor,"Bogor Timur, Bogor",https://d1ojs48v3n42tp.cloudfront.net/personnels/98834_13-12-2022_13-48-39.png,dokter-umum,2025-06-15 02:50:28
dr. DANIS PRATAMA SUTRISNO,Dokter Umum,RS Delta Surya,"Sidoarjo, Kabupaten Sidoarjo",,dokter-umum,2025-06-15 02:50:28
dr. DEENA RAHMASARI,Dokter Umum,RS Permata Bekasi,"Mustika Jaya, Bekasi",,dokter-umum,2025-06-15 02:50:31
DHIMAS PRAS WANTO,Dokter Umum,Klinik Medika Sudirman,"Purworejo, Kota Pasuruan",,dokter-umum,2025-06-15 02:50:31
dr DIYANTIE SAPUTRI SP. JP,Dokter Umum,RS TMC,"Cihideung, Kota Tasikmalaya",,dokter-umum,2025-06-15 02:50:31
DR AVERA LASMARIYA,Dokter Umum,Apotik Sari Suci,"Kemayoran, Jakarta Pusat",,dokter-umum,2025-06-15 02:50:31
DR BONG JAN LING,Dokter Umum,Sunway Medical Centre,"Mampang Prapatan, Jakarta Selatan",,dokter-umum,2025-06-15 02:50:31
DR DESI KHOIRUNNISA,Dokter Umum,Apotik Sari Suci,"Kemayoran, Jakarta Pusat",,dokter-umum,2025-06-15 02:50:31
DR GRACE MAYA DAMAYANTHI,Dokter Umum,Klinik Tiara Bunda Bekasi,"Bekasi Utara, Bekasi",,dokter-umum,2025-06-15 02:50:31
DR J 1,Dokter Umum,Klinik Mitra Medika Cilincing,"Cilincing, Jakarta Utara",,dokter-umum,2025-06-15 02:50:31
DR NUNUNG,Dokter Umum,Klinik Prima Medika,"Kuta Selatan, Kabupaten Badung",,dokter-umum,2025-06-15 02:50:31
DR RICHARD CHAN TZE MING,Dokter Umum,Sunway Medical Centre,"Mampang Prapatan, Jakarta Selatan",,dokter-umum,2025-06-15 02:50:31
DR SREE KUMAR A/L PALANICAWANDAR,Dokter Umum,Sunway Medical Centre,"Mampang Prapatan, Jakarta Selatan",,dokter-umum,2025-06-15 02:50:34
DR STEVEN IRVING,Dokter Umum,RS Columbia Asia BSD,"Serpong, Tangerang Selatan",,dokter-umum,2025-06-15 02:50:34
DR. MELDA DASEPTA,Dokter Umum,RS Urip Sumoharjo,"Way Halim, Kota Bandar Lampung",,dokter-umum,2025-06-15 02:50:34
DR. PUTRI RAHMASARI,Dokter Umum,Alia Hospital Depok,"Pancoran Mas, Depok",,dokter-umum,2025-06-15 02:50:34
DR. UMROHTUL HABIBAH,Dokter Umum,RS Awal Bros Batam,"Lubuk Baja, Kota Batam",,dokter-umum,2025-06-15 02:50:34
DR. UMROHTUL HABIBAH,Dokter Umum,RS Awal Bros Batam,"Lubuk Baja, Kota Batam",,dokter-umum,2025-06-15 02:50:34
DR. UMROHTUL HABIBAH,Dokter Umum,RS Awal Bros Batam,"Lubuk Baja, Kota Batam",,dokter-umum,2025-06-15 02:50:34
DR. UMROHTUL HABIBAH,Dokter Umum,RS Awal Bros Batam,"Lubuk Baja, Kota Batam",,dokter-umum,2025-06-15 02:50:34
dr. DWI HARYADI Sp.A,Dokter Umum,RSIA dr. Djoko Pramono,"Karawang Barat, Kabupaten Karawang",,dokter-umum,2025-06-15 02:50:34
dr. DYLAN ALAM FADHILAH,Dokter Umum,Klinik Nafila Medika,"Telukjambe Timur, Kabupaten Karawang",,dokter-umum,2025-06-15 02:50:34
dr. Danang Sumawinata Uragih,Dokter Umum,Apotek & Klinik Cipto 2,"Sukatani, Kabupaten Bekasi",,dokter-umum,2025-06-15 02:50:36
dr. Daniel Ryan Utama Sinurat,Dokter Umum,RS Karang Tengah Medika,"Karangtengah, Tangerang",,dokter-umum,2025-06-15 02:50:36
dr. Daniel Steven,Dokter Umum,RS Santo Borromeus,"Coblong, Kota Bandung",,dokter-umum,2025-06-15 02:50:36
"Dr. Darwin Harpin , Sp AK",Dokter Umum,Tzu Chi Hospital,"Penjaringan, Jakarta Utara",,dokter-umum,2025-06-15 02:50:36
dr. Dasarina Rizqi Amalia,Dokter Umum,RSI Siti Hajar Sidoarjo,"Sidoarjo, Kabupaten Sidoarjo",,dokter-umum,2025-06-15 02:50:36
dr. Dea Shanantya Prazawaltha,Dokter Umum,Siloam Hospitals TB Simatupang,"Cilandak, Jakarta Selatan",,dokter-umum,2025-06-15 02:50:36
dr. Debora Helen Margaretha Kindangen,Dokter Umum,Mandaya Hospital Karawang,"Telukjambe Timur, Kabupaten Karawang",,dokter-umum,2025-06-15 02:50:36
dr. Dee Nabila Rahman,Dokter Umum,Siloam Hospitals Yogyakarta,"Gondokusuman, Kota Yogyakarta",,dokter-umum,2025-06-15 02:50:36
dr. Della Putri Ariyani,Dokter Umum,RS Melati Tangerang,"Karawaci, Tangerang",,dokter-umum,2025-06-15 02:50:36
dr. Denada Putri Helmi,Dokter Umum,RS DKH Cikarang Barat,"Cikarang Barat, Kabupaten Bekasi",,dokter-umum,2025-06-15 02:50:36
dr Dendi Suryadi Kusumah Sp. OG,Dokter Umum,RSU Fikri Medika,"Klari, Kabupaten Karawang",,dokter-umum,2025-06-15 02:50:39
dr. Denny Simanjuntak,Dokter Umum,Ciputra Hospital Citra Garden City Jakarta Barat,"Kalideres, Jakarta Barat",,dokter-umum,2025-06-15 02:50:39
dr. Desi Andriyanto,Dokter Umum,RS Mitra Keluarga Cibubur,"Jatisampurna, Bekasi",,dokter-umum,2025-06-15 02:50:39
dr. Desmonda Suhardi,Dokter Umum,Mayapada Hospital Kuningan,"Setiabudi, Jakarta Selatan",,dokter-umum,2025-06-15 02:50:39
dr. Dessy Rosita,Dokter Umum,Siloam Hospitals Purwakarta,"Bungursari, Kabupaten Purwakarta",https://d1ojs48v3n42tp.cloudfront.net/personnels/806153_4-9-2020_14-55-54.png,dokter-umum,2025-06-15 02:50:39
dr. Dewi Mapatrina,Dokter Umum,Klinik Gempol,"Karawang Barat, Kabupaten Karawang",,dokter-umum,2025-06-15 02:50:39
Dewi Maria,Dokter Umum,RS Mitra Keluarga Surabaya,"Sukomanunggal, Kota Surabaya",,dokter-umum,2025-06-15 02:50:39
dr Dewi Puspa Sari,Dokter Umum,Klinik Pradhana,"Benda, Tangerang",,dokter-umum,2025-06-15 02:50:39
dr. Dewi Sartika,Dokter Umum,RS Budi Kemuliaan,"Gambir, Jakarta Pusat",,dokter-umum,2025-06-15 02:50:39
dr. Dewi Sartika Sianipar,Dokter Umum,Klinik Mitra Medika Cilincing,"Cilincing, Jakarta Utara",,dokter-umum,2025-06-15 02:50:39
dr. Dewii Astati,Dokter Umum,Klinik Pratama Rawat Jalan Imani Medika,"Rawalumbu, Bekasi",,dokter-umum,2025-06-15 02:50:43
dr. Dhiva Tsuroya Azzahro,Dokter Umum,RS Cinta Kasih,"Ciputat, Tangerang Selatan",,dokter-umum,2025-06-15 02:50:43
Dr. Dian Yustinanda,Dokter Umum,RS Azra,"Bogor Utara, Bogor",,dokter-umum,2025-06-15 02:50:43
dr. Diana Tjendana,Dokter Umum,Klinik Selaras,"Serpong, Tangerang Selatan",,dokter-umum,2025-06-15 02:50:43
dr. Difa Pradana,Dokter Umum,RS Tria Dipa,"Pancoran, Jakarta Selatan",,dokter-umum,2025-06-15 02:50:43
dr. Diki Achmad Hidayat M.Kes,Dokter Umum,RS Insan Permata,"Serpong Utara, Tangerang Selatan",,dokter-umum,2025-06-15 02:50:43
dr Dina Farhana,Dokter Umum,RS Harapan Keluarga Jababeka,"Cikarang Utara, Kabupaten Bekasi",,dokter-umum,2025-06-15 02:50:43
Dr. Dina Nursayyidah Hidayat,Dokter Umum,RS Mitra Family,"Telukjambe Timur, Kabupaten Karawang",,dokter-umum,2025-06-15 02:50:43
dr. Dina Udayani Swadeshi S.PK,Dokter Umum,RS Dewi Sri,"Karawang Barat, Kabupaten Karawang",,dokter-umum,2025-06-15 02:50:43
dr. Disca Hanifah Nurhayati,Dokter Umum,RS Wava Husada,"Kepanjen, Kabupaten Malang",,dokter-umum,2025-06-15 02:50:43
dr. Diva Sispaweri,Dokter Umum,RS Mitra Keluarga Kelapa Gading,"Kelapa Gading, Jakarta Utara",,dokter-umum,2025-06-15 02:50:46
Djaya Sutandar Dr,Dokter Umum,Mom and Child Care Clinic,"Serpong, Tangerang Selatan",,dokter-umum,2025-06-15 02:50:46
dr. Djunaedi,Dokter Umum,RS PIK,"Penjaringan, Jakarta Utara",,dokter-umum,2025-06-15 02:50:46
dr. Dody Gotama,Dokter Umum,Klinik Gading Utama,"Kelapa Gading, Jakarta Utara",,dokter-umum,2025-06-15 02:50:46
Dokter,Dokter Umum,Klinik Utama Qirani,"Duren Sawit, Jakarta Timur",,dokter-umum,2025-06-15 02:50:46
dr. Donny Permana Sp. OT,Dokter Umum,RS Islam Surabaya,"Wonokromo, Kota Surabaya",,dokter-umum,2025-06-15 02:50:46
Dr Ade Rahma Puspita,Dokter Umum,Klinik Pratama dr. Abdul Radjak Unit Tegalan,"Matraman, Jakarta Timur",,dokter-umum,2025-06-15 02:50:46
Dr BERNADETTE MARIA JENNY,Dokter Umum,RS Permata Keluarga Karawang,"Telukjambe Timur, Kabupaten Karawang",,dokter-umum,2025-06-15 02:50:46
Dr Bambang,Dokter Umum,RS Dewi Sri,"Karawang Barat, Kabupaten Karawang",,dokter-umum,2025-06-15 02:50:46
Dr Corrina Giovani,Dokter Umum,RS Pondok Indah - Puri Indah,"Kembangan, Jakarta Barat",,dokter-umum,2025-06-15 02:50:46
Dr Dian Rosa Arizona,Dokter Umum,RS Mitra Medika Pontianak,"Pontianak Kota, Kota Pontianak",,dokter-umum,2025-06-15 02:50:48
Dr Elviera Darmayanti,Dokter Umum,RSKB Rawamangun,"Pulo Gadung, Jakarta Timur",,dokter-umum,2025-06-15 02:50:48
Dr Farah Miranti Farizi,Dokter Umum,RS Nuraida,"Bogor Utara, Bogor",,dokter-umum,2025-06-15 02:50:48
Dr Hanwha,Dokter Umum,Apotek Farmarin & Praktek Dokter Bersama Bekasi,"Bekasi Selatan, Bekasi",,dokter-umum,2025-06-15 02:50:48
Dr IGD,Dokter Umum,RS An-Nisa Tangerang,"Cibodas, Tangerang",,dokter-umum,2025-06-15 02:50:48
Dr Isty Qomariah,Dokter Umum,Klinik Pratama Rawat Jalan Hanuro,"Jatiasih, Bekasi",,dokter-umum,2025-06-15 02:50:48
Dr Klinik,Dokter Umum,RS Baptis Kediri,"Pesantren, Kota Kediri",,dokter-umum,2025-06-15 02:50:48
Dr Lanny Widyanto,Dokter Umum,RS Mitra Keluarga Kelapa Gading,"Kelapa Gading, Jakarta Utara",,dokter-umum,2025-06-15 02:50:48
Dr Lusy Febriyanty,Dokter Umum,RSIA Grha Bunda,"Kiaracondong, Kota Bandung",,dokter-umum,2025-06-15 02:50:48
Dr MEDIA DOKTER INVESTAMA,Dokter Umum,RS Mitra Keluarga Kelapa Gading,"Kelapa Gading, Jakarta Utara",,dokter-umum,2025-06-15 02:50:48
Dr Maulida Zahral,Dokter Umum,Klinik Lamaran,"Karawang Timur, Kabupaten Karawang",,dokter-umum,2025-06-15 02:50:51
Dr Meiti Suswantari,Dokter Umum,RS Pondok Indah - Bintaro Jaya,"Pondok Aren, Tangerang Selatan",,dokter-umum,2025-06-15 02:50:51
Dr Patricia Luminda Batubara,Dokter Umum,RS Azra,"Bogor Utara, Bogor",,dokter-umum,2025-06-15 02:50:51
Dr Prahesti Utami,Dokter Umum,RS Ananda Bekasi,"Medan Satria, Bekasi",,dokter-umum,2025-06-15 02:50:51
Dr Salman Al Farisi,Dokter Umum,Optik Seis - Plaza Blok M,"Kebayoran Baru, Jakarta Selatan",,dokter-umum,2025-06-15 02:50:51
Dr Shaloduc,Dokter Umum,RS Mitra Keluarga Bintaro,"Pondok Aren, Tangerang Selatan",,dokter-umum,2025-06-15 02:50:51
Dr Umum,Dokter Umum,RSPKT Prima Sangatta,"Sangatta Utara, Kabupaten Kutai Timur",,dokter-umum,2025-06-15 02:50:51
Dr Yuna Prilia,Dokter Umum,RS Awal Bros Pekanbaru,"Bukit Raya, Kota Pekanbaru",,dokter-umum,2025-06-15 02:50:51
Dr [nadya izzaty away,Dokter Umum,RS MMC,"Setiabudi, Jakarta Selatan",,dokter-umum,2025-06-15 02:50:51
Dr ],Dokter Umum,RS Nuraida,"Bogor Utara, Bogor",,dokter-umum,2025-06-15 02:50:51
Dr adrian wirahamedi,Dokter Umum,RS MMC,"Setiabudi, Jakarta Selatan",,dokter-umum,2025-06-15 02:50:53
Dr nurwahidin wishnu adi s,Dokter Umum,RS MMC,"Setiabudi, Jakarta Selatan",,dokter-umum,2025-06-15 02:50:53
Dr ruth minar novrita sitorus,Dokter Umum,RS MMC,"Setiabudi, Jakarta Selatan",,dokter-umum,2025-06-15 02:50:53
Dr. Adinda Rizky Amalia,Dokter Umum,RS Mitra Keluarga Pamulang,"Pamulang, Tangerang Selatan",,dokter-umum,2025-06-15 02:50:53
Dr. Ahmad Fatoni,Dokter Umum,RS Azra,"Bogor Utara, Bogor",,dokter-umum,2025-06-15 02:50:53
Dr. Ahmad Nazybullah Irzy,Dokter Umum,RS Royal Progress,"Tanjung Priok, Jakarta Utara",,dokter-umum,2025-06-15 02:50:53
Dr. Alya Maulida,Dokter Umum,Ciputra Mitra Hospital Banjarmasin,"Kertak Hanyar, Kota Banjarmasin",,dokter-umum,2025-06-15 02:50:53
Dr. Andy Santoso,Dokter Umum,RS PIK,"Penjaringan, Jakarta Utara",,dokter-umum,2025-06-15 02:50:53
Dr. Angka,Dokter Umum,RSU St. Elisabeth Purwokerto,"Purwokerto Timur, Kabupaten Banyumas",,dokter-umum,2025-06-15 02:50:53
Dr. Anisya Latifa Sabasri,Dokter Umum,RS Pondok Indah - Puri Indah,"Kembangan, Jakarta Barat",,dokter-umum,2025-06-15 02:50:53
Dr. Anthon Soedjarwo,Dokter Umum,Bogor Senior Hospital,"Bogor Selatan, Bogor",,dokter-umum,2025-06-15 02:50:56
Dr. Bagus Zulfai Firdaus,Dokter Umum,Mayapada Hospital Bogor,"Bogor Timur, Bogor",,dokter-umum,2025-06-15 02:50:56
Dr. Brayen Pangeran Yoshua S,Dokter Umum,RS Lira Medika,"Karawang Timur, Kabupaten Karawang",,dokter-umum,2025-06-15 02:50:56
Dr. Budi Susanto,Dokter Umum,Siloam Hospitals TB Simatupang,"Cilandak, Jakarta Selatan",,dokter-umum,2025-06-15 02:50:56
Dr. CHARYADITA PERWITA PUTRI,Dokter Umum,RS Mitra Plumbon Cibitung,"Cibitung, Kabupaten Bekasi",,dokter-umum,2025-06-15 02:50:56
Dr. CHARYADITA PERWITA PUTRI,Dokter Umum,RS Mitra Plumbon Cibitung,"Cibitung, Kabupaten Bekasi",,dokter-umum,2025-06-15 02:50:56
Dr. Cipto,Dokter Umum,RS Permata Keluarga Jababeka,"Cikarang Utara, Kabupaten Bekasi",,dokter-umum,2025-06-15 02:50:56
Dr. Citra Wahyuni,Dokter Umum,FDC Dental Clinic – Jatiasih,"Bekasi Selatan, Bekasi",,dokter-umum,2025-06-15 02:50:56
Dr. DEVANDRA ALFARIZKI,Dokter Umum,Klinik Mitra Kondang Utama,"Karawang Timur, Kabupaten Karawang",,dokter-umum,2025-06-15 02:50:56
Dr. DJERRY HENDRIAN,Dokter Umum,Optik Melawai Ruko Galuh Mas,"Telukjambe Timur, Kabupaten Karawang",,dokter-umum,2025-06-15 02:50:56
Dr. Dina Aprilianti,Dokter Umum,RS Kartini Ciledug,"Kebayoran Lama, Jakarta Selatan",,dokter-umum,2025-06-15 02:50:58
Dr. Dinar Syifa Hartanti,Dokter Umum,RS Antam Medika,"Pulo Gadung, Jakarta Timur",,dokter-umum,2025-06-15 02:50:58
Dr. Dokter Walk In,Dokter Umum,RS EMC Pekayon,"Bekasi Selatan, Bekasi",,dokter-umum,2025-06-15 02:50:58
Dr. EKA AYU AGUSTIN,Dokter Umum,RS Mitra Keluarga Pamulang,"Pamulang, Tangerang Selatan",,dokter-umum,2025-06-15 02:50:58
Dr. ESSIE AGUS,Dokter Umum,RS Mitra Plumbon Cibitung,"Cibitung, Kabupaten Bekasi",,dokter-umum,2025-06-15 02:50:58
Dr. Erika Widodo,Dokter Umum,Klinik Medikids by MHDC Kemang,"Pasar Minggu, Jakarta Selatan",,dokter-umum,2025-06-15 02:50:58
Dr. Essie Agus,Dokter Umum,RS Mitra Plumbon Cibitung,"Cibitung, Kabupaten Bekasi",,dokter-umum,2025-06-15 02:50:58
Dr. Felix Gunawan,Dokter Umum,Eka Hospital Bekasi,"Tarumajaya, Kabupaten Bekasi",,dokter-umum,2025-06-15 02:50:58
Dr. Fullarini Stopiati Kukuh Lakutami,Dokter Umum,RSU Islam Harapan Anda Tegal,"Tegal Selatan, Kota Tegal",,dokter-umum,2025-06-15 02:50:58
Dr. Gisela,Dokter Umum,FDC Dental Clinic – Jatiwaringin,"Makasar, Jakarta Timur",,dokter-umum,2025-06-15 02:50:58
Dr. Haldis Zopian Anbia,Dokter Umum,RS EMC Pekayon,"Bekasi Selatan, Bekasi",,dokter-umum,2025-06-15 02:51:01
Dr. Halodoc,Dokter Umum,Optik Seis - Mall Pejaten Village,"Pasar Minggu, Jakarta Selatan",,dokter-umum,2025-06-15 02:51:01
Dr. Halodoc,Dokter Umum,Optik Seis - Mal Kelapa Gading 3,"Kelapa Gading, Jakarta Utara",,dokter-umum,2025-06-15 02:51:01
Dr. Harry Leksono Adhiputro,Dokter Umum,RS Ichsan Medical Centre,"Ciputat, Tangerang Selatan",,dokter-umum,2025-06-15 02:51:01
Dr. Harry Leksono Adhiputro,Dokter Umum,RS Ichsan Medical Centre,"Ciputat, Tangerang Selatan",,dokter-umum,2025-06-15 02:51:01
Dr. Harry Leksono Adhiputro,Dokter Umum,RS Ichsan Medical Centre,"Ciputat, Tangerang Selatan",,dokter-umum,2025-06-15 02:51:01
Dr. Herry Octa Winarto,Dokter Umum,RS Budiasih,"Serang, Kota Serang",,dokter-umum,2025-06-15 02:51:01
Dr. Investama,Dokter Umum,RS Mitra Keluarga Bekasi Timur,"Bekasi Timur, Bekasi",,dokter-umum,2025-06-15 02:51:01
Dr. Investama,Dokter Umum,RS Mitra Keluarga Cikarang,"Cikarang Utara, Kabupaten Bekasi",,dokter-umum,2025-06-15 02:51:01
Dr. Investama,Dokter Umum,RS Mitra Keluarga Bekasi,"Bekasi Selatan, Bekasi",,dokter-umum,2025-06-15 02:51:01
Dr. KURNIASIH,Dokter Umum,RS Bayukarta,"Karawang Barat, Kabupaten Karawang",,dokter-umum,2025-06-15 02:51:03
Dr. Kadert Exa,Dokter Umum,RS Mitra Keluarga Pamulang,"Pamulang, Tangerang Selatan",,dokter-umum,2025-06-15 02:51:03
Dr. LIDYA SURYANY HOLIWONO,Dokter Umum,RS Bethsaida,"Kelapa Dua, Kabupaten Tangerang",,dokter-umum,2025-06-15 02:51:03
Dr. LILIK LISTIAWATI,Dokter Umum,Mitrasana Alinda,"Bekasi Utara, Bekasi",,dokter-umum,2025-06-15 02:51:03
Dr. Leo Gusti Agata,Dokter Umum,Cito Bogor,"Bogor Utara, Bogor",,dokter-umum,2025-06-15 02:51:03
Dr. M. Fahmi,Dokter Umum,RSU Fikri Medika,"Klari, Kabupaten Karawang",,dokter-umum,2025-06-15 02:51:03
Dr. M. Rifqi Fauzie,Dokter Umum,FDC Dental Clinic - Bintaro,"Pondok Aren, Tangerang Selatan",,dokter-umum,2025-06-15 02:51:03
Dr. MASPUR KHAIRUL ALAMI,Dokter Umum,RS Citra Sari Husada,"Klari, Kabupaten Karawang",,dokter-umum,2025-06-15 02:51:03
Dr. MUTIA AMRAN,Dokter Umum,RS Awal Bros Pekanbaru,"Bukit Raya, Kota Pekanbaru",,dokter-umum,2025-06-15 02:51:03
Dr. Mangaraja Fadly Hamonangan Simatupang,Dokter Umum,RS Pondok Indah - Bintaro Jaya,"Pondok Aren, Tangerang Selatan",,dokter-umum,2025-06-15 02:51:03
Dr. Muh. Haedar,Dokter Umum,Klinik Kusuma Medical Center Batukajang,"Batu Sopang, Kabupaten Paser",,dokter-umum,2025-06-15 02:51:06
Dr. Muh. Haedar,Dokter Umum,Klinik Kusuma Medical Center Batukajang,"Batu Sopang, Kabupaten Paser",,dokter-umum,2025-06-15 02:51:06
Dr. Muh. Haedar,Dokter Umum,Klinik Kusuma Medical Center Batukajang,"Batu Sopang, Kabupaten Paser",,dokter-umum,2025-06-15 02:51:06
Dr. Muh. Haedar,Dokter Umum,Klinik Kusuma Medical Center Batukajang,"Batu Sopang, Kabupaten Paser",,dokter-umum,2025-06-15 02:51:06
Dr. Muhammad Alip Meruza Salim,Dokter Umum,RSIA Stella Maris,"Medan Maimun, Kota Medan",,dokter-umum,2025-06-15 02:51:06
Dr. Muhammad Thoriq Al Habib,Dokter Umum,RS Kartika Husada Tambun,"Tambun Selatan, Kabupaten Bekasi",,dokter-umum,2025-06-15 02:51:06
Dr. Muliadi Limanjaya,Dokter Umum,RS Pondok Indah - Bintaro Jaya,"Pondok Aren, Tangerang Selatan",,dokter-umum,2025-06-15 02:51:06
Dr. NURMELI PUTRI DEWI,Dokter Umum,RS Awal Bros Pekanbaru,"Bukit Raya, Kota Pekanbaru",,dokter-umum,2025-06-15 02:51:06
Dr. Newyearianti R.T,Dokter Umum,Klinik Jaya Abadi,"Lengkong, Kota Bandung",,dokter-umum,2025-06-15 02:51:06
Dr. Newyearianti R.T.,Dokter Umum,Laboratorium Medis Biotest Bandung,"Lengkong, Kota Bandung",,dokter-umum,2025-06-15 02:51:06
Dr. Novalid Putri Dewi,Dokter Umum,RS Aulia Pekanbaru,"Tampan, Kota Pekanbaru",,dokter-umum,2025-06-15 02:51:08
Dr. Novita Vidy Yanti,Dokter Umum,RS Islam Jakarta Sukapura,"Cilincing, Jakarta Utara",,dokter-umum,2025-06-15 02:51:08
Dr. Nugroho Anargha,Dokter Umum,RS Pondok Indah - Puri Indah,"Kembangan, Jakarta Barat",,dokter-umum,2025-06-15 02:51:08
Dr. Nunung Tri Wahyuningsih,Dokter Umum,Klinik Budi Asih,"Serang Baru, Kabupaten Bekasi",,dokter-umum,2025-06-15 02:51:08
Dr. PRADIPIANA UNGGUL SANTOSA,Dokter Umum,RSU Budi Rahayu Pekalongan,"Pekalongan Utara, Kota Pekalongan",,dokter-umum,2025-06-15 02:51:08
Dr. PRADIPIANA UNGGUL SANTOSA,Dokter Umum,RSU Budi Rahayu Pekalongan,"Pekalongan Utara, Kota Pekalongan",,dokter-umum,2025-06-15 02:51:08
Dr. PRADIPIANA UNGGUL SANTOSA,Dokter Umum,RSU Budi Rahayu Pekalongan,"Pekalongan Utara, Kota Pekalongan",,dokter-umum,2025-06-15 02:51:08
Dr. Patrick Tam,Dokter Umum,Siloam Hospitals Cinere ( RS Khusus Jantung Diagram Depok),"Cinere, Depok",,dokter-umum,2025-06-15 02:51:08
Dr. Patrick Tam,Dokter Umum,Siloam Hospitals Cinere ( RS Khusus Jantung Diagram Depok),"Cinere, Depok",,dokter-umum,2025-06-15 02:51:08
Dr. Phalodor,Dokter Umum,Klinik Nafila Medika,"Telukjambe Timur, Kabupaten Karawang",,dokter-umum,2025-06-15 02:51:08
Dr. Pradipta Rahmaji Dwigana,Dokter Umum,RS Antam Medika,"Pulo Gadung, Jakarta Timur",,dokter-umum,2025-06-15 02:51:11
Dr. Pradipta Rahmaji Dwigana,Dokter Umum,RS Antam Medika,"Pulo Gadung, Jakarta Timur",,dokter-umum,2025-06-15 02:51:11
Dr. Putri Nurul Muthia,Dokter Umum,RSIA Bunda Suryatni,"Tanah Sareal, Bogor",,dokter-umum,2025-06-15 02:51:11
Dr. Rainy Anis Daningtyas,Dokter Umum,FDC Dental Clinic - Bogor,"Bogor Utara, Bogor",,dokter-umum,2025-06-15 02:51:11
Dr. Riana Liza Songupnuan,Dokter Umum,Ciputra Hospital Citra Garden City Jakarta Barat,"Kalideres, Jakarta Barat",,dokter-umum,2025-06-15 02:51:11
Dr. Rivan Cocklee,Dokter Umum,RSU Sarah,"Medan Petisah, Kota Medan",,dokter-umum,2025-06-15 02:51:11
Dr. Ryse,Dokter Umum,Klinik Sapta Mitra Jakarta,"Duren Sawit, Jakarta Timur",,dokter-umum,2025-06-15 02:51:11
Dr. SAVITRI. O,Dokter Umum,RS Mitra Keluarga Cikarang,"Cikarang Utara, Kabupaten Bekasi",,dokter-umum,2025-06-15 02:51:11
Dr. SP.D.V,Dokter Umum,RS Sumber Waras,"Grogol Petamburan, Jakarta Barat",,dokter-umum,2025-06-15 02:51:11
Dr. SP.D.V,Dokter Umum,RS Sumber Waras,"Grogol Petamburan, Jakarta Barat",,dokter-umum,2025-06-15 02:51:11
Dr. SYAMAIDZAR LATIF HILMAN,Dokter Umum,Eka Hospital Bekasi,"Tarumajaya, Kabupaten Bekasi",,dokter-umum,2025-06-15 02:51:13
Dr. Samira,Dokter Umum,Alia Hospital Jakarta Timur,"Duren Sawit, Jakarta Timur",,dokter-umum,2025-06-15 02:51:13
Dr. Setyo Ayu widyaningrum,Dokter Umum,Klinik Nafila Medika,"Telukjambe Timur, Kabupaten Karawang",,dokter-umum,2025-06-15 02:51:13
Dr. Sisili MaryuniCAN,Dokter Umum,RS MMC,"Setiabudi, Jakarta Selatan",,dokter-umum,2025-06-15 02:51:13
Dr. Sisilia Maryuni CAN,Dokter Umum,RS MMC,"Setiabudi, Jakarta Selatan",,dokter-umum,2025-06-15 02:51:13
Dr. Spa. Mkes,Dokter Umum,RS Nuraida,"Bogor Utara, Bogor",,dokter-umum,2025-06-15 02:51:13
Dr. Suwoto,Dokter Umum,Tzu Chi Hospital,"Penjaringan, Jakarta Utara",,dokter-umum,2025-06-15 02:51:13
Dr. Trianda Kanserina,Dokter Umum,RS Permata Cibubur,"Jatisampurna, Bekasi",,dokter-umum,2025-06-15 02:51:13
Dr. UMUM,Dokter Umum,Kasih Ibu Hospital Denpasar,"Denpasar Barat, Kota Denpasar",,dokter-umum,2025-06-15 02:51:13
Dr. Umum,Dokter Umum,Klinik Amelia,"Tambun Utara, Kabupaten Bekasi",,dokter-umum,2025-06-15 02:51:13
Dr. Umum,Dokter Umum,Klinik Amelia,"Tambun Utara, Kabupaten Bekasi",,dokter-umum,2025-06-15 02:51:16
Dr. Umum,Dokter Umum,Klinik Amelia,"Tambun Utara, Kabupaten Bekasi",,dokter-umum,2025-06-15 02:51:16
Dr. Umum Siang,Dokter Umum,Klinik Naura Medika,"Sukmajaya, Depok",,dokter-umum,2025-06-15 02:51:16
Dr. WAWAN SETIAWAN,Dokter Umum,RS MMC,"Setiabudi, Jakarta Selatan",,dokter-umum,2025-06-15 02:51:16
Dr. WISNU SAKTI DWIPUTRANTO,Dokter Umum,RS Masmitra,"Pondok Gede, Bekasi",,dokter-umum,2025-06-15 02:51:16
Dr. YOSUA ARIF HADI,Dokter Umum,RS Karya Bhakti Pratiwi,"Dramaga, Kabupaten Bogor",,dokter-umum,2025-06-15 02:51:16
Dr. YUNI ARTA,Dokter Umum,RSU Deli,"Medan Kota, Kota Medan",,dokter-umum,2025-06-15 02:51:16
Dr. Yudha,Dokter Umum,Siloam Hospitals Lippo Cikarang,"Cikarang Selatan, Kabupaten Bekasi",,dokter-umum,2025-06-15 02:51:16
Drs. Soehardi,Dokter Umum,RS Prikasih,"Cilandak, Jakarta Selatan",,dokter-umum,2025-06-15 02:51:16
Drs. Soehardi,Dokter Umum,RS Prikasih,"Cilandak, Jakarta Selatan",,dokter-umum,2025-06-15 02:51:16
Drs. Soehardi,Dokter Umum,RS Prikasih,"Cilandak, Jakarta Selatan",,dokter-umum,2025-06-15 02:51:18
Drs. Soehardi,Dokter Umum,RS Prikasih,"Cilandak, Jakarta Selatan",,dokter-umum,2025-06-15 02:51:18
Drs. Soehardi,Dokter Umum,RS Prikasih,"Cilandak, Jakarta Selatan",,dokter-umum,2025-06-15 02:51:18
dr. Duwal Alfitrarayazilla,Dokter Umum,Klinik Rawat Inap Permata Sukabumi,"Cikole, Kota Sukabumi",,dokter-umum,2025-06-15 02:51:18
dr. Dwi Jati Setia,Dokter Umum,RS Roemani Muhammadiyah,"Semarang Selatan, Kota Semarang",,dokter-umum,2025-06-15 02:51:18
dr. Dyan Nidya Ananda,Dokter Umum,Mandaya Hospital Karawang,"Telukjambe Timur, Kabupaten Karawang",,dokter-umum,2025-06-15 02:51:18
dr. Dyan Nidya Ananda,Dokter Umum,Mandaya Hospital Karawang,"Telukjambe Timur, Kabupaten Karawang",,dokter-umum,2025-06-15 02:51:18
dr. Dyas Alif Fitriana,Dokter Umum,RSI Siti Hajar Sidoarjo,"Sidoarjo, Kabupaten Sidoarjo",,dokter-umum,2025-06-15 02:51:18
dr. Dylan Alam Fadhilah,Dokter Umum,Klinik Nafila Medika,"Telukjambe Timur, Kabupaten Karawang",,dokter-umum,2025-06-15 02:51:18
dr. Dylan Alam Fadhilah,Dokter Umum,Klinik Nafila Medika,"Telukjambe Timur, Kabupaten Karawang",,dokter-umum,2025-06-15 02:51:18
dr. Dymas Rachma,Dokter Umum,RS Mitra Bangsa Pati,"Pati, Kabupaten Pati",,dokter-umum,2025-06-15 02:51:22
dr. EDWIN SETIABUDI,Dokter Umum,Pramita Laboratory Clinic Toha,"Regol, Kota Bandung",,dokter-umum,2025-06-15 02:51:22
dr. EKO WAHYUDI,Dokter Umum,Lab Sima Kediri,"Kediri Kota, Kota Kediri",,dokter-umum,2025-06-15 02:51:22
dr. ELLEN PUSPITA NATHANIA,Dokter Umum,RS Wijaya Kusuma,"Lumajang, Lumajang",,dokter-umum,2025-06-15 02:51:22
dr. ELYANA DEWI,Dokter Umum,RS dr. Oen Solo Baru,"Grogol, Kab Sukoharjo",,dokter-umum,2025-06-15 02:51:22
dr. ERSI PHILO SOFIATI,Dokter Umum,Klinik Mitra Medicare Surabaya,"Gubeng, Kota Surabaya",,dokter-umum,2025-06-15 02:51:22
Dr. Edi Purnomo,Dokter Umum,Klinik Ar-Rahman Medika,"Telukjambe Timur, Kabupaten Karawang",,dokter-umum,2025-06-15 02:51:22
dr Edi Satriawan,Dokter Umum,Klinik Pratama Suci Husada,"Ciracas, Jakarta Timur",,dokter-umum,2025-06-15 02:51:22
dr. Edi Supriadi,Dokter Umum,RSUP Dr. Sitanala Tangerang,"Neglasari, Tangerang",https://d1ojs48v3n42tp.cloudfront.net/personnels/524734_18-1-2021_18-26-41.jpeg,dokter-umum,2025-06-15 02:51:22
dr Ediar,Dokter Umum,Klinik Medi Medika,"Kresek, Kabupaten Tangerang",,dokter-umum,2025-06-15 02:51:22
dr. Edwin MM,Dokter Umum,Siloam Hospitals Bogor,"Bogor Tengah, Bogor",https://d1ojs48v3n42tp.cloudfront.net/personnels/137693_30-6-2022_17-21-48.jpeg,dokter-umum,2025-06-15 02:51:26
dr. Elfitry Tia Yenti,Dokter Umum,RS Grha Permata Ibu,"Beji, Depok",,dokter-umum,2025-06-15 02:51:26
dr. Elia Purnama Sari,Dokter Umum,RSI PKU Muhammadiyah Tegal,"Adiwerna, Tegal",,dokter-umum,2025-06-15 02:51:26
dr. Elly Lestari Kabakoran,Dokter Umum,Klinik Mitra Kondang Utama,"Karawang Timur, Kabupaten Karawang",,dokter-umum,2025-06-15 02:51:26
dr. Ellyanti MARS,Dokter Umum,RSUP Dr. Sitanala Tangerang,"Neglasari, Tangerang",,dokter-umum,2025-06-15 02:51:26
dr Elni Oktaviani,Dokter Umum,RS Permata Depok,"Sawangan, Depok",,dokter-umum,2025-06-15 02:51:26
"dr, Elvi Yanti",Dokter Umum,RS Bhakti Yudha,"Pancoran Mas, Depok",,dokter-umum,2025-06-15 02:51:26
dr. Elvia Julyanti,Dokter Umum,RS Pelni Petamburan,"Palmerah, Jakarta Barat",,dokter-umum,2025-06-15 02:51:26
dr. Emin Nuriman,Dokter Umum,Klinik Telagasari,"Talagasari, Kabupaten Karawang",,dokter-umum,2025-06-15 02:51:26
dr. Emmon Naftali Limbara Sp. KK,Dokter Umum,RS Ananda Babelan,"Babelan, Kabupaten Bekasi",,dokter-umum,2025-06-15 02:51:26
dr. Endah Resti Amanda H,Dokter Umum,Klinik Ar-Rahman Medika,"Telukjambe Timur, Kabupaten Karawang",,dokter-umum,2025-06-15 02:51:29
Dr. Endah Restu Amanda H,Dokter Umum,Klinik Ar-Rahman Medika,"Telukjambe Timur, Kabupaten Karawang",,dokter-umum,2025-06-15 02:51:29
dr Endra Putra,Dokter Umum,RS Permata Keluarga Karawang,"Telukjambe Timur, Kabupaten Karawang",,dokter-umum,2025-06-15 02:51:29
dr. Erfa Suryadi Chindi,Dokter Umum,Mustika Husada Setu,"Setu, Kabupaten Bekasi",,dokter-umum,2025-06-15 02:51:29
dr. Erfa Suryadi Chindi,Dokter Umum,Mustika Husada Setu,"Setu, Kabupaten Bekasi",,dokter-umum,2025-06-15 02:51:29
dr. Erfa Suryadi Chindi,Dokter Umum,Mustika Husada Setu,"Setu, Kabupaten Bekasi",,dokter-umum,2025-06-15 02:51:29
dr. Erfa Suryadi Chindi,Dokter Umum,Mustika Husada Setu,"Setu, Kabupaten Bekasi",,dokter-umum,2025-06-15 02:51:29
dr. Eri Sumiyat,Dokter Umum,Klinik Central Medika 2,"Cikarang Utara, Kabupaten Bekasi",,dokter-umum,2025-06-15 02:51:29
dr Erika Yulia Rahma,Dokter Umum,RS Bayukarta,"Karawang Barat, Kabupaten Karawang",,dokter-umum,2025-06-15 02:51:29
dr. Ernest Jonathan Hartiono,Dokter Umum,Klinik Utama Rawat Jalan Bunga Emas,"Denpasar Timur, Kota Denpasar",,dokter-umum,2025-06-15 02:51:29
dr Erreli Krisna Khusumawerdanie,Dokter Umum,Eka Hospital Bekasi,"Tarumajaya, Kabupaten Bekasi",,dokter-umum,2025-06-15 02:51:32
dr. Ersalina Liviani,Dokter Umum,Mayapada Hospital Tangerang,"Tangerang, Tangerang",,dokter-umum,2025-06-15 02:51:32
dr. Ershine,Dokter Umum,Klinik Sehat Bahagia,"Karawang Barat, Kabupaten Karawang",,dokter-umum,2025-06-15 02:51:32
dr. Ervina Tendean,Dokter Umum,National Hospital,"Wiyung, Kota Surabaya",,dokter-umum,2025-06-15 02:51:32
dr. Erwin Imayanti,Dokter Umum,RS Indriati Boyolali,"Mojosongo, Kabupaten Boyolali",,dokter-umum,2025-06-15 02:51:32
dr. Eva Fahimah M.P.H,Dokter Umum,RSAB Harapan Kita,"Palmerah, Jakarta Barat",,dokter-umum,2025-06-15 02:51:32
dr. Evelyn,Dokter Umum,RS Mitra Keluarga Cikarang,"Cikarang Utara, Kabupaten Bekasi",,dokter-umum,2025-06-15 02:51:32
dr Evi Apriani Sitorus,Dokter Umum,Siloam Hospitals Purwakarta,"Bungursari, Kabupaten Purwakarta",,dokter-umum,2025-06-15 02:51:32
dr. Evi Apriani Sitorus,Dokter Umum,Siloam Hospitals Purwakarta,"Bungursari, Kabupaten Purwakarta",https://d1ojs48v3n42tp.cloudfront.net/personnels/645304_30-12-2022_10-53-10.png,dokter-umum,2025-06-15 02:51:32
dr. Evie Rosa Widyawanti N,Dokter Umum,RS Mitra Keluarga Cibubur,"Jatisampurna, Bekasi",,dokter-umum,2025-06-15 02:51:32
dr. Exaudia Eillen,Dokter Umum,RSIA JWCC Asih,"Kebayoran Baru, Jakarta Selatan",,dokter-umum,2025-06-15 02:51:34
dr. FAJAR ABDUL LATIF,Dokter Umum,RS Meilia,"Cimanggis, Depok",,dokter-umum,2025-06-15 02:51:34
DR. FARIDA AMIN SP. PK,Dokter Umum,RS Jati Sampurna,"Jatisampurna, Bekasi",,dokter-umum,2025-06-15 02:51:34
dr FRANCISCA YOSNA MARIA,Dokter Umum,RS Permata Bekasi,"Mustika Jaya, Bekasi",,dokter-umum,2025-06-15 02:51:34
dr. Faathira,Dokter Umum,Klinik Pratama Rawat Jalan Sierra Mitra,"Bekasi Utara, Bekasi",,dokter-umum,2025-06-15 02:51:34
dr. Fadel Muhammad,Dokter Umum,Mayapada Hospital Kuningan,"Setiabudi, Jakarta Selatan",,dokter-umum,2025-06-15 02:51:34
drg. Fadhila Zulfira,Dokter Umum,Klinik Tunas,"Medan Satria, Bekasi",,dokter-umum,2025-06-15 02:51:34
dr Fahira Adapramesti Lubis,Dokter Umum,RSIA Buah Hati Pamulang,"Pamulang, Tangerang Selatan",,dokter-umum,2025-06-15 02:51:34
dr. Fahmi Mohammad Bachtiar,Dokter Umum,RSI Siti Hajar Sidoarjo,"Sidoarjo, Kabupaten Sidoarjo",,dokter-umum,2025-06-15 02:51:34
dr. Faisal Akbar,Dokter Umum,RS Cinta Kasih,"Ciputat, Tangerang Selatan",,dokter-umum,2025-06-15 02:51:34
dr. Faisal Ibrahim,Dokter Umum,Klinik Naya Medika,"Karimun, Kabupaten Karimun",,dokter-umum,2025-06-15 02:51:37
dr. Fajrin Utami,Dokter Umum,Klinik MHDC Kalibata City,"Pancoran, Jakarta Selatan",,dokter-umum,2025-06-15 02:51:37
dr. Fandy Wira Utama,Dokter Umum,RS Mitra Keluarga Delta Mas,"Cikarang Pusat, Kabupaten Bekasi",,dokter-umum,2025-06-15 02:51:37
dr. Fariza Andriyawan,Dokter Umum,RS Kharitas Bhakti Pontianak,"Pontianak Selatan, Kota Pontianak",,dokter-umum,2025-06-15 02:51:37
dr. Farrasy Ammar,Dokter Umum,RS Abdi Waluyo,"Menteng, Jakarta Pusat",,dokter-umum,2025-06-15 02:51:37
dr. Fathia Larasati,Dokter Umum,RS Mitra Keluarga Bekasi,"Bekasi Selatan, Bekasi",,dokter-umum,2025-06-15 02:51:37
dr. Fatimah Basji Ssi,Dokter Umum,RSU Holistic Purwakarta,"Pondoksalam, Kabupaten Purwakarta",,dokter-umum,2025-06-15 02:51:37
"Dr. Fatmawati, Dr. Imelda Elvira B Hutagaol Dr. Herry Sofyan Lubis",Dokter Umum,RS Awal Bros Pekanbaru,"Bukit Raya, Kota Pekanbaru",,dokter-umum,2025-06-15 02:51:37
dr. Fauziah Alinin,Dokter Umum,RS Jakarta,"Setiabudi, Jakarta Selatan",,dokter-umum,2025-06-15 02:51:37
dr. Febrian Moris,Dokter Umum,RS Anugerah Bunda Khatulistiwa,"Pontianak Tenggara, Kota Pontianak",,dokter-umum,2025-06-15 02:51:37
dr Febrian Muhammad,Dokter Umum,RS EMC Pekayon,"Bekasi Selatan, Bekasi",,dokter-umum,2025-06-15 02:51:39
dr. Felicia Adeline Christian,Dokter Umum,BIMC Hospitals Nusa Dua,"Kuta Selatan, Kabupaten Badung",,dokter-umum,2025-06-15 02:51:39
dr. Felix Evanda,Dokter Umum,RS Harapan Magelang,"Magelang Selatan, Kota Magelang",,dokter-umum,2025-06-15 02:51:39
dr. Felix Samuel,Dokter Umum,RS Pondok Indah - Pondok Indah,"Kebayoran Lama, Jakarta Selatan",,dokter-umum,2025-06-15 02:51:39
Dr. Ferdinando Elentra Yohan,Dokter Umum,Klinik Rawat Inap Citama Cipayung,"Cipayung, Kota Depok",,dokter-umum,2025-06-15 02:51:39
dr. Fersha Syafir Ramadhan,Dokter Umum,Klinik Yadika Petukangan,"Pesanggrahan, Jakarta Selatan",,dokter-umum,2025-06-15 02:51:39
dr. Fiannisa,Dokter Umum,RS Metro Hospitals Cikupa,"Cikupa, Kabupaten Tangerang",,dokter-umum,2025-06-15 02:51:39
dr. Fifky Pantow,Dokter Umum,Siloam Hospitals TB Simatupang,"Cilandak, Jakarta Selatan",https://d1ojs48v3n42tp.cloudfront.net/personnels/742655_24-6-2022_17-58-42.jpeg,dokter-umum,2025-06-15 02:51:39
dr. Fika Sri Yuliandari,Dokter Umum,Prime Care Clinic Panglima Polim,"Kebayoran Baru, Jakarta Selatan",,dokter-umum,2025-06-15 02:51:39
dr Fikar Putra Pradana,Dokter Umum,RS AMC Bandung,"Cileunyi, Kabupaten Bandung",,dokter-umum,2025-06-15 02:51:39
dr Fikriyah Ulfayuni,Dokter Umum,RS Petukangan,"Pesanggrahan, Jakarta Selatan",,dokter-umum,2025-06-15 02:51:42
dr. Finiyanti Cahyadi,Dokter Umum,RS Vania,"Bogor Timur, Bogor",,dokter-umum,2025-06-15 02:51:42
dr. Firda Asyatul Husnia,Dokter Umum,RS Meilia,"Cimanggis, Depok",,dokter-umum,2025-06-15 02:51:42
dr. Fireka Imsa Sastia Juniantika . Sp. A,Dokter Umum,RS Ananda Babelan,"Babelan, Kabupaten Bekasi",,dokter-umum,2025-06-15 02:51:42
dr. Fireka Imsa Sastia Juniantika Sp. A,Dokter Umum,RS Ananda Babelan,"Babelan, Kabupaten Bekasi",,dokter-umum,2025-06-15 02:51:42
dr. Firman Drajat Ulama,Dokter Umum,RSIA Bunda Aisyah,"Indihiang, Kota Tasikmalaya",,dokter-umum,2025-06-15 02:51:42
dr. Fitri Akbar Alfardi,Dokter Umum,RS Karya Husada,"Cikampek, Kabupaten Karawang",,dokter-umum,2025-06-15 02:51:42
dr. Fitri Simanjuntak,Dokter Umum,RS Mitra Medika Amplas,"Medan Amplas, Kota Medan",,dokter-umum,2025-06-15 02:51:42
"dr. Fitri, M.Biomed",Dokter Umum,Klinik Sapta Mitra Jakarta,"Duren Sawit, Jakarta Timur",,dokter-umum,2025-06-15 02:51:42
dr. Fransiska Marshia Tarius,Dokter Umum,RS Telogorejo,"Semarang Tengah, Kota Semarang",,dokter-umum,2025-06-15 02:51:42
dr. Fransiska Marshia Tarius,Dokter Umum,RS Telogorejo,"Semarang Tengah, Kota Semarang",,dokter-umum,2025-06-15 02:51:44
dr. Fredrik,Dokter Umum,RS Puspa Husada,"Tambun Selatan, Kabupaten Bekasi",,dokter-umum,2025-06-15 02:51:44
Dr. Fredy Citra,Dokter Umum,RS Adi Husada Undaan Wetan,"Genteng, Kota Surabaya",,dokter-umum,2025-06-15 02:51:44
dr. Fredy Eka Saniaya,Dokter Umum,RS Mitra Keluarga Bintaro,"Pondok Aren, Tangerang Selatan",,dokter-umum,2025-06-15 02:51:44
dr. Galih Yogi Handaru,Dokter Umum,Mandaya Hospital Karawang,"Telukjambe Timur, Kabupaten Karawang",,dokter-umum,2025-06-15 02:51:44
dr. Gandung Prakoso,Dokter Umum,Siloam Hospitals Sentosa Bekasi,"Bekasi Timur, Bekasi",https://d1ojs48v3n42tp.cloudfront.net/personnels/459058_26-10-2022_14-42-51.png,dokter-umum,2025-06-15 02:51:44
dr. Gani Kurniawan,Dokter Umum,Siloam Hospitals Purwakarta,"Bungursari, Kabupaten Purwakarta",https://d1ojs48v3n42tp.cloudfront.net/personnels/260160_29-11-2022_16-10-58.png,dokter-umum,2025-06-15 02:51:44
dr. Gatot Supiyatno,Dokter Umum,Klinik Harapan Baru,"Bekasi Barat, Bekasi",,dokter-umum,2025-06-15 02:51:44
dr Gauss narwastu,Dokter Umum,RS Royal Surabaya,"Tenggilis Mejoyo, Kota Surabaya",,dokter-umum,2025-06-15 02:51:44
dr Ghina Mahdi Agustin,Dokter Umum,JIH Jogja,"Kecamatan Depok, Kabupaten Sleman",,dokter-umum,2025-06-15 02:51:44
dr. Gilang Sukma M.,Dokter Umum,Klinik Budhi Pratama Kalisari,"Pasar Rebo, Jakarta Timur",,dokter-umum,2025-06-15 02:51:47
dr. Gilbert Richard Sulivian,Dokter Umum,Siloam Hospitals TB Simatupang,"Cilandak, Jakarta Selatan",,dokter-umum,2025-06-15 02:51:47
dr. Ginanjar Satrio Utomo,Dokter Umum,RS Harapan Bunda Jakarta,"Ciracas, Jakarta Timur",,dokter-umum,2025-06-15 02:51:47
dr Giovanni Danang Chrisnatriyo,Dokter Umum,Ciputra Hospital Citra Raya Tangerang,"Panongan, Kabupaten Tangerang",,dokter-umum,2025-06-15 02:51:47
dr. Gita Kurnia Sinaga,Dokter Umum,RSIA Rinova Intan,"Bekasi Utara, Bekasi",,dokter-umum,2025-06-15 02:51:47
dr. Gita Kurnia Sinaga,Dokter Umum,RSIA Rinova Intan,"Bekasi Utara, Bekasi",,dokter-umum,2025-06-15 02:51:47
dr. Gita Kurnia Sinaga,Dokter Umum,RSIA Rinova Intan,"Bekasi Utara, Bekasi",,dokter-umum,2025-06-15 02:51:47
Dr. Gondo Purwadi,Dokter Umum,RS Kartika Kasih,"Warudoyong, Kota Sukabumi",,dokter-umum,2025-06-15 02:51:47
"DR Gondo Purwadi, M.Si",Dokter Umum,RS Kartika Kasih,"Warudoyong, Kota Sukabumi",,dokter-umum,2025-06-15 02:51:47
DR Gondo Purwadinata,Dokter Umum,RS Kartika Kasih,"Warudoyong, Kota Sukabumi",,dokter-umum,2025-06-15 02:51:47
dr. Gracia Yovita Khaliem,Dokter Umum,RS Sentra Medika Cibinong,"Cibinong, Kabupaten Bogor",,dokter-umum,2025-06-15 02:51:49
dr. Gradhika Deskara,Dokter Umum,RS Islam Surabaya,"Wonokromo, Kota Surabaya",,dokter-umum,2025-06-15 02:51:49
dr. Gratcheva Alexandra Surjadi,Dokter Umum,RS Jakarta,"Setiabudi, Jakarta Selatan",,dokter-umum,2025-06-15 02:51:49
dr Gresilva Sevyanti,Dokter Umum,RS Azra,"Bogor Utara, Bogor",,dokter-umum,2025-06-15 02:51:49
dr. Guntur Marganing Adi Nugroho,Dokter Umum,JIH Solo,"Laweyan, Kota Surakarta",,dokter-umum,2025-06-15 02:51:49
dr. Gustav Wiyoga Nandito,Dokter Umum,Charitas Hospital Klepu,"Minggir, Kabupaten Sleman",,dokter-umum,2025-06-15 02:51:49
dr. H Dwi Yulianto,Dokter Umum,Klinik Miracle Purwakarta,"Bungursari, Kabupaten Purwakarta",,dokter-umum,2025-06-15 02:51:49
dr. H. Hendra Hibrata,Dokter Umum,RS Ananda Bekasi,"Medan Satria, Bekasi",,dokter-umum,2025-06-15 02:51:49
dr. H. Ihsan As,Dokter Umum,RS Ananda Bekasi,"Medan Satria, Bekasi",,dokter-umum,2025-06-15 02:51:49
dr. HARDENI HAMIDI,Dokter Umum,Klinik Pratama Rawat Inap Permata Bunda Griya Asri,"Tambun Selatan, Kabupaten Bekasi",,dokter-umum,2025-06-15 02:51:49
Dr. Handaya Fathin,Dokter Umum,RS Mustika Medika,"Mustika Jaya, Bekasi",,dokter-umum,2025-06-15 02:51:52
dr. Hanna Anggitya Sy,Dokter Umum,Klinik Syifa Medical Center,"Koja, Jakarta Utara",,dokter-umum,2025-06-15 02:51:52
dr Harisnan Arbharian,Dokter Umum,RS Asri Medika,"Cikarang Utara, Kabupaten Bekasi",,dokter-umum,2025-06-15 02:51:52
Harjastuti Chandryto,Dokter Umum,Klinik Apotek Jaya,"Medan Satria, Bekasi",,dokter-umum,2025-06-15 02:51:52
dr. Harry Sudjaja,Dokter Umum,Klinik Naura Medika,"Sukmajaya, Depok",,dokter-umum,2025-06-15 02:51:52
dr. Harry Sukajuna,Dokter Umum,Klinik Naura Medika,"Sukmajaya, Depok",,dokter-umum,2025-06-15 02:51:52
dr Haryo Pujanarto,Dokter Umum,Klinik Utama Nabiella Medika Meruya,"Kembangan, Jakarta Barat",,dokter-umum,2025-06-15 02:51:52
dr. Hastuty Tilamuhu,Dokter Umum,Klinik Sapta Mitra Jakarta,"Duren Sawit, Jakarta Timur",,dokter-umum,2025-06-15 02:51:52
dr. Helmy Usman,Dokter Umum,RS Sukmul Sisma Medika,"Koja, Jakarta Utara",,dokter-umum,2025-06-15 02:51:52
dr. Henrika Retno,Dokter Umum,RS Permata Cibubur,"Jatisampurna, Bekasi",,dokter-umum,2025-06-15 02:51:52
dr. Hentyka Caesarinanda,Dokter Umum,RSIA Bunda Semarang,"Semarang Timur, Kota Semarang",,dokter-umum,2025-06-15 02:51:54
dr. Heppy Candra W,Dokter Umum,Mandaya Hospital Karawang,"Telukjambe Timur, Kabupaten Karawang",,dokter-umum,2025-06-15 02:51:54
dr. Heppy Candra W,Dokter Umum,Mandaya Hospital Karawang,"Telukjambe Timur, Kabupaten Karawang",,dokter-umum,2025-06-15 02:51:54
dr. Heppy Christina,Dokter Umum,RS Syarif Hidayatullah,"Ciputat Timur, Tangerang Selatan",,dokter-umum,2025-06-15 02:51:54
dr. Herijadi Pudjiarto,Dokter Umum,Klinik Yadika Petukangan,"Pesanggrahan, Jakarta Selatan",,dokter-umum,2025-06-15 02:51:54
dr. Herlin,Dokter Umum,Klinik Pratama Rawat Inap Permata Bunda Griya Asri,"Tambun Selatan, Kabupaten Bekasi",,dokter-umum,2025-06-15 02:51:54
dr. Herlin Mone Kaka,Dokter Umum,National Hospital,"Wiyung, Kota Surabaya",,dokter-umum,2025-06-15 02:51:54
dr. Herni Maulidyah,Dokter Umum,Klinik Utama Jannah Medika,"Serang, Kota Serang",,dokter-umum,2025-06-15 02:51:54
Dr. Herry Herman Sp. OT,Dokter Umum,RS Khusus Bedah Halmahera Siaga,"Bandung Wetan, Kota Bandung",,dokter-umum,2025-06-15 02:51:54
dr Heru Pramono,Dokter Umum,RS Rawa Lumbu,"Rawalumbu, Bekasi",,dokter-umum,2025-06-15 02:51:54
Dr. Heru Wiyono,Dokter Umum,RS Husada Utama,"Tambaksari, Kota Surabaya",,dokter-umum,2025-06-15 02:51:57
dr Hesti Hermawati,Dokter Umum,JIH Jogja,"Kecamatan Depok, Kabupaten Sleman",,dokter-umum,2025-06-15 02:51:57
dr. Hinggar Pramesti,Dokter Umum,RS dr. Oen Solo Baru,"Grogol, Kab Sukoharjo",,dokter-umum,2025-06-15 02:51:57
dr. I Gede Egy Saputra Jaya,Dokter Umum,BIMC Hospitals Nusa Dua,"Kuta Selatan, Kabupaten Badung",https://d1ojs48v3n42tp.cloudfront.net/personnels/190089_3-11-2022_11-0-51.png,dokter-umum,2025-06-15 02:51:57
dr. I Gusti Made Wijaya Putra,Dokter Umum,BIMC Hospitals Nusa Dua,"Kuta Selatan, Kabupaten Badung",,dokter-umum,2025-06-15 02:51:57
dr. I Gusti Putu Raka Arthama,Dokter Umum,Prima Medika Hospital,"Denpasar Barat, Kota Denpasar",,dokter-umum,2025-06-15 02:51:57
dr I Ketut D Artana,Dokter Umum,Klinik Cipto Cikarang,"Cikarang Utara, Kabupaten Bekasi",,dokter-umum,2025-06-15 02:51:57
dr. I Komang Agus Pradnya Wiguna,Dokter Umum,Prima Medika Hospital,"Denpasar Barat, Kota Denpasar",,dokter-umum,2025-06-15 02:51:57
dr. I Komang Agussawari,Dokter Umum,RSU Puri Raharja,"Denpasar Timur, Kota Denpasar",,dokter-umum,2025-06-15 02:51:57
dr. I. D. G. Yadnya Pradanacita,Dokter Umum,BIMC Hospitals Nusa Dua,"Kuta Selatan, Kabupaten Badung",,dokter-umum,2025-06-15 02:51:57
dr. IDHA TISI DWI CAHYO,Dokter Umum,Klinik Puri Asih Telukjambe,"Telukjambe Timur, Kabupaten Karawang",,dokter-umum,2025-06-15 02:51:59
dr. INTAN PERMATA PUTRI,Dokter Umum,Kasih Ibu Hospital Denpasar,"Denpasar Barat, Kota Denpasar",,dokter-umum,2025-06-15 02:51:59
dr. IQBAL AFDI FERDIANSYAH,Dokter Umum,Klinik Mulya Medika,"Tambun Selatan, Kabupaten Bekasi",,dokter-umum,2025-06-15 02:51:59
dr. IRENE YOHANNA,Dokter Umum,RS Islam Ibnu Sina Pekanbaru,"Seukajadi, Kota Pekanbaru",,dokter-umum,2025-06-15 02:51:59
dr. Ida Ayu Andhira Dewi Suariasavitra,Dokter Umum,RSU Puri Raharja,"Denpasar Timur, Kota Denpasar",,dokter-umum,2025-06-15 02:51:59
dr. Ida Bagus Eka Narendra,Dokter Umum,RSIA Santo Yusuf,"Tanjung Priok, Jakarta Utara",,dokter-umum,2025-06-15 02:51:59
dr. Ida Bagus Eka Narendra,Dokter Umum,RSIA Santo Yusuf,"Tanjung Priok, Jakarta Utara",,dokter-umum,2025-06-15 02:51:59
dr. Ida Bagus Putra Pramana,Dokter Umum,Bali Royal Hospital,"Denpasar Timur, Kota Denpasar",,dokter-umum,2025-06-15 02:51:59
dr. Idha Tisi Dwi Cahyo,Dokter Umum,Klinik Puri Asih Telukjambe,"Telukjambe Timur, Kabupaten Karawang",,dokter-umum,2025-06-15 02:51:59
dr. Ignatius Abimanyu,Dokter Umum,RS Permata Cibubur,"Jatisampurna, Bekasi",,dokter-umum,2025-06-15 02:51:59
dr. Ihsan AS,Dokter Umum,RS Ananda Babelan,"Babelan, Kabupaten Bekasi",,dokter-umum,2025-06-15 02:52:02
Ika Rohaeti,Dokter Umum,RSU Fikri Medika,"Klari, Kabupaten Karawang",,dokter-umum,2025-06-15 02:52:02
dr. Ilham Setiawan,Dokter Umum,RS Mitra Keluarga Pratama Jatiasih,"Jatiasih, Bekasi",,dokter-umum,2025-06-15 02:52:02
dr. Iman Nurrachman,Dokter Umum,RS Al-Islam Bandung,"Rancasari, Kota Bandung",,dokter-umum,2025-06-15 02:52:02
dr. Imela Anggreni,Dokter Umum,RS Nirmala Suri Sukoharjo,"Bendosari, Kab Sukoharjo",,dokter-umum,2025-06-15 02:52:02
dr. Inanto Widjaja,Dokter Umum,Siloam Hospitals TB Simatupang,"Cilandak, Jakarta Selatan",https://d1ojs48v3n42tp.cloudfront.net/personnels/882106_24-6-2022_18-4-32.jpeg,dokter-umum,2025-06-15 02:52:02
dr. Indah Permata Noer Islami Sp. OG,Dokter Umum,RSU San Medical Center,"Cikampek, Kabupaten Karawang",,dokter-umum,2025-06-15 02:52:02
dr. Indah Pratiwi,Dokter Umum,RSIA Kendangsari Surabaya,"Tenggilis Mejoyo, Kota Surabaya",,dokter-umum,2025-06-15 02:52:02
dr. Indah Pratiwi,Dokter Umum,RS EMC Sentul,"Babakan Madang, Kabupaten Bogor",,dokter-umum,2025-06-15 02:52:02
dr. Indah Suciati,Dokter Umum,RS Medistra,"Setiabudi, Jakarta Selatan",,dokter-umum,2025-06-15 02:52:02
dr. Indarto,Dokter Umum,RS Bethesda Yogyakarta,"Gondokusuman, Kota Yogyakarta",,dokter-umum,2025-06-15 02:52:04
dr. Indira Putri Suhardi,Dokter Umum,Mayapada Hospital Kuningan,"Setiabudi, Jakarta Selatan",,dokter-umum,2025-06-15 02:52:04
"dr. Indra Dinatha ,",Dokter Umum,Tzu Chi Hospital,"Penjaringan, Jakarta Utara",,dokter-umum,2025-06-15 02:52:04
"dr. Indra Dinatha,",Dokter Umum,Tzu Chi Hospital,"Penjaringan, Jakarta Utara",,dokter-umum,2025-06-15 02:52:04
dr. Indra K Devi,Dokter Umum,RS Delima Asih Sisma Medika,"Karawang Timur, Kabupaten Karawang",,dokter-umum,2025-06-15 02:52:04
dr. Initi Prasekovan,Dokter Umum,Klinik Asshomadiyah Medicare Centre,"Cipayung, Jakarta Timur",,dokter-umum,2025-06-15 02:52:04
dr. Intan Claudya Sitorus,Dokter Umum,RS Satya Negara,"Tanjung Priok, Jakarta Utara",,dokter-umum,2025-06-15 02:52:04
dr. Iqbali Taufan,Dokter Umum,RS dr. Iqbali Taufan,"Cikarang Selatan, Kabupaten Bekasi",,dokter-umum,2025-06-15 02:52:04
dr Irdian Nofriansyah Taim Sp. A M.Kes,Dokter Umum,RS EMC Pekayon,"Bekasi Selatan, Bekasi",,dokter-umum,2025-06-15 02:52:04
Dr. Iren Natalia,Dokter Umum,RS Citra Harapan,"Medan Satria, Bekasi",,dokter-umum,2025-06-15 02:52:04
dr Irena Cangga Putri,Dokter Umum,RS Melinda 2,"Cicendo, Kota Bandung",,dokter-umum,2025-06-15 02:52:06
dr. Irene Natalia Tantri,Dokter Umum,RS Citra Harapan,"Medan Satria, Bekasi",,dokter-umum,2025-06-15 02:52:06
dr. Irine Atanasia,Dokter Umum,RSU St. Elisabeth Purwokerto,"Purwokerto Timur, Kabupaten Banyumas",,dokter-umum,2025-06-15 02:52:06
dr. Irma Nurmila Febrianti,Dokter Umum,RS Citama,"Bojonggede, Kabupaten Bogor",,dokter-umum,2025-06-15 02:52:06
dr. Irnayani,Dokter Umum,Klinik Abadi Jaya Depok,"Sukmajaya, Depok",,dokter-umum,2025-06-15 02:52:06
dr. Irnayani,Dokter Umum,Klinik Abadi Jaya Depok,"Sukmajaya, Depok",,dokter-umum,2025-06-15 02:52:06
dr. Irnayani,Dokter Umum,Klinik Abadi Jaya Depok,"Sukmajaya, Depok",,dokter-umum,2025-06-15 02:52:06
dr. Irvan Firmansyah,Dokter Umum,Klinik Nafila Medika,"Telukjambe Timur, Kabupaten Karawang",,dokter-umum,2025-06-15 02:52:06
dr Irwan Iskandar,Dokter Umum,Panacea,"Balikpapan Selatan, Kota Balikpapan",,dokter-umum,2025-06-15 02:52:06
dr. Isda L.,Dokter Umum,Klinik Nafila Medika,"Telukjambe Timur, Kabupaten Karawang",,dokter-umum,2025-06-15 02:52:06
Dr. Iskandaria D. Halim,Dokter Umum,Klinik Apotek Jaya,"Medan Satria, Bekasi",,dokter-umum,2025-06-15 02:52:09
dr. Ismeila,Dokter Umum,Klinik Prima Husada Cinere,"Cinere, Depok",,dokter-umum,2025-06-15 02:52:09
dr. Iswati,Dokter Umum,RS Rawa Lumbu,"Rawalumbu, Bekasi",,dokter-umum,2025-06-15 02:52:09
dr. Ivan Setiawan,Dokter Umum,RS dr. OEN Kandang Sapi Solo,"Jebres, Kota Surakarta",,dokter-umum,2025-06-15 02:52:09
dr. Ivony Verania Khuangga,Dokter Umum,RSIA Santo Yusuf,"Tanjung Priok, Jakarta Utara",,dokter-umum,2025-06-15 02:52:09
dr. Iwan Wahyudi,Dokter Umum,RS Harapan Keluarga Jababeka,"Cikarang Utara, Kabupaten Bekasi",,dokter-umum,2025-06-15 02:52:09
dr. J. (Joanna) Judy Tjahjaindra,Dokter Umum,RS Gading Pluit,"Kelapa Gading, Jakarta Utara",,dokter-umum,2025-06-15 02:52:09
Dr. JAROT FAIZAN AMIN AN,Dokter Umum,RS Urip Sumoharjo,"Way Halim, Kota Bandar Lampung",,dokter-umum,2025-06-15 02:52:09
DR. JESSICA SINDY SIRAIT,Dokter Umum,RS Puri Medika,"Tanjung Priok, Jakarta Utara",,dokter-umum,2025-06-15 02:52:09
dr. Jack Steven Sariaputung,Dokter Umum,RSAL dr. Mintohardjo,"Tanah Abang, Jakarta Pusat",,dokter-umum,2025-06-15 02:52:09
dr. Jane Rosalind,Dokter Umum,MRCCC Siloam Hospitals Semanggi,"Setiabudi, Jakarta Selatan",,dokter-umum,2025-06-15 02:52:12
Dr. Janestoca,Dokter Umum,Biotest Surabaya,"Dukuh Pakis, Kota Surabaya",,dokter-umum,2025-06-15 02:52:12
dr. Jasmine Putri Utami,Dokter Umum,Prime Care Clinic Panglima Polim,"Kebayoran Baru, Jakarta Selatan",,dokter-umum,2025-06-15 02:52:12
dr. Jasmine Putri Utami,Dokter Umum,Prime Care Clinic Panglima Polim,"Kebayoran Baru, Jakarta Selatan",,dokter-umum,2025-06-15 02:52:12
dr. Jasmine Putri Utami,Dokter Umum,Prime Care Clinic Panglima Polim,"Kebayoran Baru, Jakarta Selatan",,dokter-umum,2025-06-15 02:52:12
Dr. Jason Liarto Sp. U,Dokter Umum,RS Mitra Plumbon Cibitung,"Cibitung, Kabupaten Bekasi",,dokter-umum,2025-06-15 02:52:12
dr. Jaya Sutandar,Dokter Umum,Mom and Child Care Clinic,"Serpong, Tangerang Selatan",,dokter-umum,2025-06-15 02:52:12
dr Jecsan Veriando S,Dokter Umum,Klinik Mitra Kondang Utama,"Karawang Timur, Kabupaten Karawang",,dokter-umum,2025-06-15 02:52:12
dr. Jescan Viriando S.,Dokter Umum,Klinik Mitra Kondang Utama,"Karawang Timur, Kabupaten Karawang",,dokter-umum,2025-06-15 02:52:12
dr. Jessica Anggun Cristine Siregar,Dokter Umum,RSIA Stella Maris,"Medan Maimun, Kota Medan",,dokter-umum,2025-06-15 02:52:12
dr. Jessica Audrey,Dokter Umum,Ciputra Hospital Citra Garden City Jakarta Barat,"Kalideres, Jakarta Barat",,dokter-umum,2025-06-15 02:52:15
dr. Jessica Gabrina Kristianto,Dokter Umum,RS Pondok Indah - Pondok Indah,"Kebayoran Lama, Jakarta Selatan",,dokter-umum,2025-06-15 02:52:15
Dr. Jessica Wilona H,Dokter Umum,Klinik Sunshine Dental Clinic,"Cipondoh, Tangerang",,dokter-umum,2025-06-15 02:52:15
dr. Jhon Barnes Manihuruk,Dokter Umum,RSU Sylvani Binjai,"Binjai Utara, Kota Binjai",,dokter-umum,2025-06-15 02:52:15
dr. Johan Panduwinata,Dokter Umum,Mayapada Hospital Tangerang,"Tangerang, Tangerang",https://d1ojs48v3n42tp.cloudfront.net/personnels/327276_13-12-2022_15-45-11.jpeg,dokter-umum,2025-06-15 02:52:15
dr. Johanes Marsiano Amorsan Manoe,Dokter Umum,RS Advent Bandung,"Coblong, Kota Bandung",,dokter-umum,2025-06-15 02:52:15
Dr. Joko Budiman Jung,Dokter Umum,RS Satya Negara,"Tanjung Priok, Jakarta Utara",,dokter-umum,2025-06-15 02:52:15
dr. Jonathan Mark Yobel,Dokter Umum,RS Mitra Keluarga Kemayoran,"Kemayoran, Jakarta Pusat",,dokter-umum,2025-06-15 02:52:15
dr Josep Pandapotan,Dokter Umum,RS Dirgahayu Samarinda,"Samarinda Ulu, Kota Samarinda",,dokter-umum,2025-06-15 02:52:15
dr. Juli Nurjalal,Dokter Umum,Klinik Utama Nabiella Medika Meruya,"Kembangan, Jakarta Barat",,dokter-umum,2025-06-15 02:52:15
"dr. Jumi Soepitaanggraeni, Sp.Rad",Dokter Umum,RSU Hasanah Graha Afiah,"Sukmajaya, Depok",,dokter-umum,2025-06-15 02:52:17
dr. Junia Kirana Sp. KK,Dokter Umum,RS Citama,"Bojonggede, Kabupaten Bogor",,dokter-umum,2025-06-15 02:52:17
Dr. Jurita Falorin,Dokter Umum,Prime Care Clinic Tebet,"Tebet, Jakarta Selatan",,dokter-umum,2025-06-15 02:52:17
dr. Jurita Falorin,Dokter Umum,Prime Care Clinic Tebet,"Tebet, Jakarta Selatan",,dokter-umum,2025-06-15 02:52:17
dr. Justina Bernadeth Swannjo,Dokter Umum,RS Mulyasari Jakarta,"Koja, Jakarta Utara",,dokter-umum,2025-06-15 02:52:17
dr. K. Nayu M.K,Dokter Umum,RS Sukmul Sisma Medika,"Koja, Jakarta Utara",,dokter-umum,2025-06-15 02:52:17
dr. Kadek Putri Paramita Abyuda S.Ked,Dokter Umum,Bali Royal Hospital,"Denpasar Timur, Kota Denpasar",,dokter-umum,2025-06-15 02:52:17
dr. Kamila Fitri Islami,Dokter Umum,RS Pondok Indah - Bintaro Jaya,"Pondok Aren, Tangerang Selatan",,dokter-umum,2025-06-15 02:52:17
"dr. Kanadi Sumapradja Sp. O.G Subsp. F.E.R., M.Sc",Dokter Umum,RS Pondok Indah - Pondok Indah,"Kebayoran Lama, Jakarta Selatan",,dokter-umum,2025-06-15 02:52:17
dr. Kartika Anastasia Kosasih,Dokter Umum,BIMC Hospitals Nusa Dua,"Kuta Selatan, Kabupaten Badung",,dokter-umum,2025-06-15 02:52:17
dr. Karunia Widhi Agatin Putri,Dokter Umum,JIH Jogja,"Kecamatan Depok, Kabupaten Sleman",,dokter-umum,2025-06-15 02:52:20
Dr. Kasian Wongdaja,Dokter Umum,Ciputra Mitra Hospital Banjarmasin,"Kertak Hanyar, Kota Banjarmasin",,dokter-umum,2025-06-15 02:52:20
dr. Kasmanto Sp.PD,Dokter Umum,Siloam Hospitals Mampang,"Pancoran, Jakarta Selatan",,dokter-umum,2025-06-15 02:52:20
dr. Katie Marie Wigena,Dokter Umum,BIMC Hospitals Nusa Dua,"Kuta Selatan, Kabupaten Badung",https://d1ojs48v3n42tp.cloudfront.net/personnels/839932_31-10-2022_12-10-33.jpeg,dokter-umum,2025-06-15 02:52:20
dr. Kelvin Yuwanda,Dokter Umum,Siloam Hospitals Kupang,"Oebobo, Kota Kupang",https://d1ojs48v3n42tp.cloudfront.net/personnels/155499_26-4-2021_16-0-30.png,dokter-umum,2025-06-15 02:52:20
dr. Kenze Dhamastyka,Dokter Umum,RS Kasih Ibu Surakarta,"Laweyan, Kota Surakarta",,dokter-umum,2025-06-15 02:52:20
dr Kertamaya Sundawan M.HPE,Dokter Umum,Klinik Aqma Plered,"Plered, Kabupaten Purwakarta",,dokter-umum,2025-06-15 02:52:20
dr Kevin Septian,Dokter Umum,RS MMC,"Setiabudi, Jakarta Selatan",,dokter-umum,2025-06-15 02:52:20
dr. Keyko Putri Prayogo,Dokter Umum,Siloam Hospitals Sentosa Bekasi,"Bekasi Timur, Bekasi",https://d1ojs48v3n42tp.cloudfront.net/personnels/61016_26-10-2022_14-39-29.png,dokter-umum,2025-06-15 02:52:20
dr. Khairun Nadiya,Dokter Umum,RS Jakarta,"Setiabudi, Jakarta Selatan",,dokter-umum,2025-06-15 02:52:20
dr. Khalida Khairunnisa,Dokter Umum,RS Syarif Hidayatullah,"Ciputat Timur, Tangerang Selatan",,dokter-umum,2025-06-15 02:52:22
dr Khansa Salsabila,Dokter Umum,RS MMC,"Setiabudi, Jakarta Selatan",,dokter-umum,2025-06-15 02:52:22
dr Khariz Fahrorrozi,Dokter Umum,RSU Islam Klaten,"Klaten Utara, Kab Klaten",,dokter-umum,2025-06-15 02:52:22
dr. Komang Leo Krisnahari,Dokter Umum,BIMC Hospitals Nusa Dua,"Kuta Selatan, Kabupaten Badung",,dokter-umum,2025-06-15 02:52:22
dr. Kristina Palupi,Dokter Umum,Klinik Batara Satu Medika,"Bekasi Utara, Bekasi",,dokter-umum,2025-06-15 02:52:22
dr. Kukuh Prasetyo,Dokter Umum,RS Pelita Insani,"Martapura, Kabupaten Banjar",,dokter-umum,2025-06-15 02:52:22
dr. Kurniawan Tjahajadi,Dokter Umum,RS Mitra Keluarga Kemayoran,"Kemayoran, Jakarta Pusat",,dokter-umum,2025-06-15 02:52:22
DR. LEONARDO PETRUS SITUMORA,Dokter Umum,OG Hospital,"Binjai Timur, Kota Binjai",,dokter-umum,2025-06-15 02:52:22
dr. LOLI REFILIA DITA,Dokter Umum,RS Permata Keluarga Karawang,"Telukjambe Timur, Kabupaten Karawang",,dokter-umum,2025-06-15 02:52:22
dr. LUHURUL AMRI,Dokter Umum,Klinik Pratama Sinar Medik,"Cakung, Jakarta Timur",,dokter-umum,2025-06-15 02:52:22
LULUH NURAINI RAHMAT dr,Dokter Umum,RS Permata Keluarga Karawang,"Telukjambe Timur, Kabupaten Karawang",,dokter-umum,2025-06-15 02:52:25
dr. Laily Purnawati Sulaiman,Dokter Umum,RS Mitra Keluarga Kelapa Gading,"Kelapa Gading, Jakarta Utara",,dokter-umum,2025-06-15 02:52:25
dr. Laksmitasari Dewi,Dokter Umum,RS Awal Bros Pekanbaru,"Bukit Raya, Kota Pekanbaru",,dokter-umum,2025-06-15 02:52:25
dr. Langas Simbolon,Dokter Umum,Klinik Mitra Sehat Cikarang,"Cikarang Barat, Kabupaten Bekasi",,dokter-umum,2025-06-15 02:52:25
dr. Lani Zuhraeni,Dokter Umum,RSIA Dhia,"Ciputat, Tangerang Selatan",,dokter-umum,2025-06-15 02:52:25
dr. Lani Zuhrawi,Dokter Umum,RSIA Dhia,"Ciputat, Tangerang Selatan",,dokter-umum,2025-06-15 02:52:25
dr. Larasati Aditia Chairunnisa,Dokter Umum,RS Permata Cibubur,"Jatisampurna, Bekasi",,dokter-umum,2025-06-15 02:52:25
dr. Laurensia Elsa Nihita,Dokter Umum,RSIA Santo Yusuf,"Tanjung Priok, Jakarta Utara",,dokter-umum,2025-06-15 02:52:25
dr. Laurensia Elsa Nihita,Dokter Umum,RSIA Santo Yusuf,"Tanjung Priok, Jakarta Utara",,dokter-umum,2025-06-15 02:52:25
dr. Laurensia Elsa Nihita,Dokter Umum,RSIA Santo Yusuf,"Tanjung Priok, Jakarta Utara",,dokter-umum,2025-06-15 02:52:25
dr. Laurensia Elsa Nihita,Dokter Umum,RSIA Santo Yusuf,"Tanjung Priok, Jakarta Utara",,dokter-umum,2025-06-15 02:52:27
dr. Laurensia Elsa Nihita,Dokter Umum,RSIA Santo Yusuf,"Tanjung Priok, Jakarta Utara",,dokter-umum,2025-06-15 02:52:27
dr. Laurensia Elsa Nihita,Dokter Umum,RSIA Santo Yusuf,"Tanjung Priok, Jakarta Utara",,dokter-umum,2025-06-15 02:52:27
dr. Laurentius Christian,Dokter Umum,Siloam Hospitals Sentosa Bekasi,"Bekasi Timur, Bekasi",https://d1ojs48v3n42tp.cloudfront.net/personnels/441318_26-10-2022_14-9-20.jpeg,dokter-umum,2025-06-15 02:52:27
dr. Leni Herliani,Dokter Umum,RS Jasa Kartini,"Tawang, Kota Tasikmalaya",,dokter-umum,2025-06-15 02:52:27
dr. Leonardo Sarwono,Dokter Umum,RS Indriati Baru Sukoharjo,"Grogol, Kab Sukoharjo",,dokter-umum,2025-06-15 02:52:27
"Dr. Lestari Raharjo, M.Kes FIBQUA",Dokter Umum,RS Puri Medika,"Tanjung Priok, Jakarta Utara",,dokter-umum,2025-06-15 02:52:27
"Dr. Lestari Raharjo, M.Kes FISG",Dokter Umum,RS Puri Medika,"Tanjung Priok, Jakarta Utara",,dokter-umum,2025-06-15 02:52:27
Dr. Licie Permana Sari Sp. A,Dokter Umum,RS Royal Progress,"Tanjung Priok, Jakarta Utara",,dokter-umum,2025-06-15 02:52:27
dr. Liem Syeren Litani,Dokter Umum,RS Panti Wilasa Citarum,"Semarang Timur, Kota Semarang",,dokter-umum,2025-06-15 02:52:27
dr. Lilia Angela,Dokter Umum,RS Mentari,"Kelapa Dua, Kabupaten Tangerang",,dokter-umum,2025-06-15 02:52:30
dr. Lily Winata,Dokter Umum,Mayapada Hospital Tangerang,"Tangerang, Tangerang",https://d1ojs48v3n42tp.cloudfront.net/personnels/701868_13-12-2022_14-16-44.jpeg,dokter-umum,2025-06-15 02:52:30
dr. Lina Kristanti Wibowo,Dokter Umum,RS dr. OEN Kandang Sapi Solo,"Jebres, Kota Surakarta",,dokter-umum,2025-06-15 02:52:30
dr Lina R Suwandi,Dokter Umum,Gethealthy Clinic,"Kalideres, Jakarta Barat",,dokter-umum,2025-06-15 02:52:30
dr. Linda,Dokter Umum,BIMC Hospitals Nusa Dua,"Kuta Selatan, Kabupaten Badung",https://d1ojs48v3n42tp.cloudfront.net/personnels/616142_18-5-2021_10-49-41.png,dokter-umum,2025-06-15 02:52:30
Dr. Lolita Lorentia,Dokter Umum,Klinik Pratama Siloam Clinic Kepu,"Kemayoran, Jakarta Pusat",,dokter-umum,2025-06-15 02:52:30
Lubabah,Dokter Umum,RS Permata Keluarga Karawang,"Telukjambe Timur, Kabupaten Karawang",,dokter-umum,2025-06-15 02:52:30
dr Lulu Zamzami,Dokter Umum,RS Mekar Sari,"Bekasi Timur, Bekasi",,dokter-umum,2025-06-15 02:52:30
dr. Lusiana Herawati Yammin,Dokter Umum,Siloam Hospitals Jambi,"Jambi Selatan, Kota Jambi",,dokter-umum,2025-06-15 02:52:30
dr. Lydia Stephanie,Dokter Umum,Siloam Hospitals Lippo Cikarang,"Cikarang Selatan, Kabupaten Bekasi",,dokter-umum,2025-06-15 02:52:30
Dr. M Rizal JZ,Dokter Umum,Klinik Mitra Cakung,"Cakung, Jakarta Timur",,dokter-umum,2025-06-15 02:52:32
dr. M. Abdurrahman Faris Alifazra,Dokter Umum,Klinik Amira,"Serpong, Tangerang Selatan",,dokter-umum,2025-06-15 02:52:32
dr. M. Alfi Syahruddin Heb,Dokter Umum,RSIA Stella Maris,"Medan Maimun, Kota Medan",,dokter-umum,2025-06-15 02:52:32
dr. M. DARUSSALAM DARWIS,Dokter Umum,Klinik Sehat Sejahtera,"Bekasi Timur, Bekasi",,dokter-umum,2025-06-15 02:52:32
dr. M. Darussalam Darwis,Dokter Umum,Klinik Sehat Sejahtera,"Bekasi Timur, Bekasi",,dokter-umum,2025-06-15 02:52:32
dr. M. Gihman Nurizsan,Dokter Umum,RSIA Budhi Mulia,"Marpoyan Damai, Kota Pekanbaru",,dokter-umum,2025-06-15 02:52:32
dr. M. Rifqi Wiyono,Dokter Umum,RS Ubaya,"Tenggilis Mejoyo, Kota Surabaya",,dokter-umum,2025-06-15 02:52:32
dr. M. Shofwan Aufa Ardilesh,Dokter Umum,RS Sukmul Sisma Medika,"Koja, Jakarta Utara",,dokter-umum,2025-06-15 02:52:32
"dr. M. Sholahuddin Wibisono, MARS",Dokter Umum,RS Syarif Hidayatullah,"Ciputat Timur, Tangerang Selatan",,dokter-umum,2025-06-15 02:52:32
dr. M. Soultan Aufa Atallah,Dokter Umum,RS Sukmul Sisma Medika,"Koja, Jakarta Utara",,dokter-umum,2025-06-15 02:52:32
dr. MEI PUTRA DAYA,Dokter Umum,Klinik Pratama Rawat Inap Permata Bunda Griya Asri,"Tambun Selatan, Kabupaten Bekasi",,dokter-umum,2025-06-15 02:52:35
dr MURTINI,Dokter Umum,RSU Islam Klaten,"Klaten Utara, Kab Klaten",,dokter-umum,2025-06-15 02:52:35
dr Machmud Fauzi,Dokter Umum,RS Jati Sampurna,"Jatisampurna, Bekasi",,dokter-umum,2025-06-15 02:52:35
dr. Made Ratna Savistri,Dokter Umum,RSIA Puri Bunda Denpasar,"Denpasar Utara, Kota Denpasar",,dokter-umum,2025-06-15 02:52:35
dr. Made Sebastian Dwi Putra Hardika,Dokter Umum,BIMC Hospitals Nusa Dua,"Kuta Selatan, Kabupaten Badung",,dokter-umum,2025-06-15 02:52:35
dr Maharani Amanulloh,Dokter Umum,RSU Muhammadiyah Metro,"Metro Barat, Kota Metro",,dokter-umum,2025-06-15 02:52:35
dr. Maharesi Helmi Yudo Aprilianto Hidayatur R,Dokter Umum,RSU Fikri Medika,"Klari, Kabupaten Karawang",,dokter-umum,2025-06-15 02:52:35
dr Margaretha Juliana Sitanggang Sp. A,Dokter Umum,RSU Harapan Bunda,"Gunung Sugih, Kabupaten Lampung Tengah",,dokter-umum,2025-06-15 02:52:35
dr. Maria,Dokter Umum,RS Citra Medika Depok,"Cilodong, Depok",,dokter-umum,2025-06-15 02:52:35
dr. Maria Christina Shycha Moenardi Sp. A,Dokter Umum,Siloam Hospitals Bekasi Sepanjang Jaya,"Rawalumbu, Bekasi",,dokter-umum,2025-06-15 02:52:35
dr. Maria Laurensia Lina Wati,Dokter Umum,Mayapada Hospital Tangerang,"Tangerang, Tangerang",https://d1ojs48v3n42tp.cloudfront.net/personnels/437008_13-12-2022_11-13-50.png,dokter-umum,2025-06-15 02:52:37
dr. Maria Lawrensia Lampubolo,Dokter Umum,RS Satya Negara,"Tanjung Priok, Jakarta Utara",,dokter-umum,2025-06-15 02:52:37
dr Maria Lioni,Dokter Umum,RS Pondok Indah - Puri Indah,"Kembangan, Jakarta Barat",,dokter-umum,2025-06-15 02:52:37
dr. Maria Natasya Tanjaya,Dokter Umum,Siloam Hospitals Surabaya,"Gubeng, Kota Surabaya",,dokter-umum,2025-06-15 02:52:37
drg. Maria Oktavianty S,Dokter Umum,Dharma Dental Clinic,"Karawang Barat, Kabupaten Karawang",,dokter-umum,2025-06-15 02:52:37
dr. Maria Yolanda Probohoesodo,Dokter Umum,Klinik Ultra Medica Tanjung Kal-Sel,"Muara Uya, Tabalong",,dokter-umum,2025-06-15 02:52:37
dr. Marjeki,Dokter Umum,Klinik Mutiara Medicare,"Cikarang Utara, Kabupaten Bekasi",,dokter-umum,2025-06-15 02:52:37
dr. Mashitta Safira Putri,Dokter Umum,Klinik Safira Medika,"Rawamerta, Kabupaten Karawang",,dokter-umum,2025-06-15 02:52:37
dr. Mashitta Safira Putri,Dokter Umum,Klinik Safira Medika,"Rawamerta, Kabupaten Karawang",,dokter-umum,2025-06-15 02:52:37
dr Mashitta Safira Putri,Dokter Umum,Klinik Safira Medika,"Rawamerta, Kabupaten Karawang",,dokter-umum,2025-06-15 02:52:37
dr. Maulan Saputra,Dokter Umum,RS Urip Sumoharjo,"Way Halim, Kota Bandar Lampung",,dokter-umum,2025-06-15 02:52:40
dr. Maurin Asyita,Dokter Umum,RS Mitra Keluarga Cikarang,"Cikarang Utara, Kabupaten Bekasi",,dokter-umum,2025-06-15 02:52:40
dr. Maya Qorry Aina,Dokter Umum,RSU Baitul Hikmah,"Kendal, Kabupaten Kendal",,dokter-umum,2025-06-15 02:52:40
dr. Maya Sari Rahayu,Dokter Umum,Siloam Hospitals Jambi,"Jambi Selatan, Kota Jambi",,dokter-umum,2025-06-15 02:52:40
dr. Maya Zelika Paraditha,Dokter Umum,RS Mulyasari Jakarta,"Koja, Jakarta Utara",,dokter-umum,2025-06-15 02:52:40
dr Mayinda Sifa Fauziah,Dokter Umum,RS EMC Sentul,"Babakan Madang, Kabupaten Bogor",,dokter-umum,2025-06-15 02:52:40
dr. Mediana Tiffany,Dokter Umum,RS MMC,"Setiabudi, Jakarta Selatan",,dokter-umum,2025-06-15 02:52:40
dr. Meily Slevani,Dokter Umum,RS Mulyasari Jakarta,"Koja, Jakarta Utara",,dokter-umum,2025-06-15 02:52:40
dr. Melisa Chakravitha,Dokter Umum,Siloam Hospitals Lippo Cikarang,"Cikarang Selatan, Kabupaten Bekasi",,dokter-umum,2025-06-15 02:52:40
dr. Melisa Diah Puspitasari,Dokter Umum,Eka Hospital Bekasi,"Tarumajaya, Kabupaten Bekasi",,dokter-umum,2025-06-15 02:52:40
dr. Melly Faisha Rahma,Dokter Umum,Siloam Hospitals Sentosa Bekasi,"Bekasi Timur, Bekasi",https://d1ojs48v3n42tp.cloudfront.net/personnels/772873_26-10-2022_14-6-10.png,dokter-umum,2025-06-15 02:52:42
dr. Melly Stevani,Dokter Umum,RS Mulyasari Jakarta,"Koja, Jakarta Utara",,dokter-umum,2025-06-15 02:52:42
dr. Melysa Fachlentina,Dokter Umum,RS Karunia Kasih,"Pondok Gede, Bekasi",,dokter-umum,2025-06-15 02:52:42
dr Melyssa Ridwan,Dokter Umum,RS Harapan Bunda Jakarta,"Ciracas, Jakarta Timur",,dokter-umum,2025-06-15 02:52:42
dr. Mercinna Fransisca,Dokter Umum,RS Utama,"Tanjung Pandan,  Kabupaten Belitung",,dokter-umum,2025-06-15 02:52:42
Dr. Merdiana Wahyu Fitroya,Dokter Umum,RS Ken Saras,"Bergas, Kabupaten Semarang",,dokter-umum,2025-06-15 02:52:42
dr. Meulueya Astrie Israr,Dokter Umum,RS Sentra Medika Cibinong,"Cibinong, Kabupaten Bogor",,dokter-umum,2025-06-15 02:52:42
Dr. Michael Andhita Wahyu Utomo,Dokter Umum,RS Mustika Medika,"Mustika Jaya, Bekasi",,dokter-umum,2025-06-15 02:52:42
dr. Michael Aquilar Sugianto,Dokter Umum,Siloam Hospitals TB Simatupang,"Cilandak, Jakarta Selatan",https://d1ojs48v3n42tp.cloudfront.net/personnels/159865_24-6-2022_18-10-35.jpeg,dokter-umum,2025-06-15 02:52:42
dr. Miftahul Jannah,Dokter Umum,Klinik Pratama Nayaka Husada 01 Lubang Buaya,"Cipayung, Jakarta Timur",,dokter-umum,2025-06-15 02:52:42
dr. Mikhael Ranin Tumanggor,Dokter Umum,RS Mitra Keluarga Bintaro,"Pondok Aren, Tangerang Selatan",,dokter-umum,2025-06-15 02:52:45
dr. Mila Piamonica Putri Naraya,Dokter Umum,Klinik Pratama Medika 1,"Kebayoran Baru, Jakarta Selatan",,dokter-umum,2025-06-15 02:52:45
dr. Milah Sihabul Milah,Dokter Umum,Klinik Lamaran,"Karawang Timur, Kabupaten Karawang",,dokter-umum,2025-06-15 02:52:45
dr. Milla Mahfudhoh,Dokter Umum,RSIA Melati Children Hospital,"Klojen, Kota Malang",,dokter-umum,2025-06-15 02:52:45
Millah Mahfudhoh,Dokter Umum,RSIA Melati Husada,"Klojen, Kota Malang",,dokter-umum,2025-06-15 02:52:45
dr. Mirna Pujiastuti,Dokter Umum,RS Budi Kemuliaan,"Gambir, Jakarta Pusat",,dokter-umum,2025-06-15 02:52:45
dr. Mirtahul Jannah,Dokter Umum,Klinik Pratama Nayaka Husada 01 Lubang Buaya,"Cipayung, Jakarta Timur",,dokter-umum,2025-06-15 02:52:45
dr. Modya Septiana,Dokter Umum,RS Murni Teguh Ciledug,"Larangan, Tangerang",,dokter-umum,2025-06-15 02:52:45
dr. Moh Shofiyuddin,Dokter Umum,RS Mitra Keluarga Bekasi Timur,"Bekasi Timur, Bekasi",,dokter-umum,2025-06-15 02:52:45
dr. Mohammad Tauhid Rafi Sp. M,Dokter Umum,RS Delta Surya,"Sidoarjo, Kabupaten Sidoarjo",,dokter-umum,2025-06-15 02:52:45
dr. Mohammad Zahir Chohan,Dokter Umum,RS Sukmul Sisma Medika,"Koja, Jakarta Utara",,dokter-umum,2025-06-15 02:52:47
dr. Mohammad Zakir Chohan,Dokter Umum,RS Sukmul Sisma Medika,"Koja, Jakarta Utara",,dokter-umum,2025-06-15 02:52:47
dr. Muchamad MARS,Dokter Umum,Klinik Naura Medika,"Sukmajaya, Depok",,dokter-umum,2025-06-15 02:52:47
dr. Muh Hadinata,Dokter Umum,Siloam Hospitals Jambi,"Jambi Selatan, Kota Jambi",,dokter-umum,2025-06-15 02:52:47
dr. Muh. Alauddin Muin,Dokter Umum,Klinik Mulya Medika II,"Cibitung, Kabupaten Bekasi",,dokter-umum,2025-06-15 02:52:47
dr. Muhamad Irsyad,Dokter Umum,RS Ananda Babelan,"Babelan, Kabupaten Bekasi",,dokter-umum,2025-06-15 02:52:47
dr. Muhamad Radyn Haryadi Widaya Sp. DV,Dokter Umum,RS Pamanukan Medical Center,"Pamanukan, Kabupaten Subang",,dokter-umum,2025-06-15 02:52:47
dr Muhammad Chaidir,Dokter Umum,RS UniMedika Setu Bekasi,"Setu, Kabupaten Bekasi",,dokter-umum,2025-06-15 02:52:47
Dr. Muhammad Igham Islakhul Idham,Dokter Umum,RS Puri Asih Salatiga,"Tingkir, Kota Salatiga",,dokter-umum,2025-06-15 02:52:47
dr. Muhammad Jafar Azqoullani,Dokter Umum,RS Anna Pekayon,"Bekasi Selatan, Bekasi",,dokter-umum,2025-06-15 02:52:47
Dr. Muhammad Pranandi Sp. PD,Dokter Umum,RS Pondok Indah - Puri Indah,"Kembangan, Jakarta Barat",,dokter-umum,2025-06-15 02:52:50
dr. Muhammad Rafli Haiqal,Dokter Umum,RS Pondok Indah - Puri Indah,"Kembangan, Jakarta Barat",,dokter-umum,2025-06-15 02:52:50
dr. Muhammad Rifqi Ghiffary Aulia,Dokter Umum,RS Mitra Medika Premier,"Medan Petisah, Kota Medan",,dokter-umum,2025-06-15 02:52:50
dr Muhammad Rizal,Dokter Umum,Klinik Mitra Cakung,"Cakung, Jakarta Timur",,dokter-umum,2025-06-15 02:52:50
dr Muhammad Zain Alfatih,Dokter Umum,RS Islam Aminah Blitar,"Sananwetan, Kota Blitar",,dokter-umum,2025-06-15 02:52:50
Dr. Muhammad Zakir Chohan,Dokter Umum,RS Sukmul Sisma Medika,"Koja, Jakarta Utara",,dokter-umum,2025-06-15 02:52:50
dr. Muhammad Ziaurrahman,Dokter Umum,Mayapada Hospital Kuningan,"Setiabudi, Jakarta Selatan",,dokter-umum,2025-06-15 02:52:50
dr Muliono,Dokter Umum,RS Rosela,"Telukjambe Timur, Kabupaten Karawang",,dokter-umum,2025-06-15 02:52:50
dr. Mulyadi Salim,Dokter Umum,RSIA Stella Maris,"Medan Maimun, Kota Medan",,dokter-umum,2025-06-15 02:52:50
Dr. Mumtaz Rizqia,Dokter Umum,RSU Islam Harapan Anda Tegal,"Tegal Selatan, Kota Tegal",,dokter-umum,2025-06-15 02:52:50
dr. Mumtazzima,Dokter Umum,RS Mitra Medika Amplas,"Medan Amplas, Kota Medan",,dokter-umum,2025-06-15 02:52:52
dr. Muthia Ika Laksmi,Dokter Umum,Mayapada Hospital Bogor,"Bogor Timur, Bogor",,dokter-umum,2025-06-15 02:52:52
dr. Mutiara Putri,Dokter Umum,RS Mitra Keluarga Bekasi Timur,"Bekasi Timur, Bekasi",,dokter-umum,2025-06-15 02:52:52
NABILAH CALYA Z ZAIRAH AN,Dokter Umum,RS Mitra Keluarga Kemayoran,"Kemayoran, Jakarta Pusat",,dokter-umum,2025-06-15 02:52:52
dr. NONAME,Dokter Umum,JIH Jogja,"Kecamatan Depok, Kabupaten Sleman",,dokter-umum,2025-06-15 02:52:52
dr Nabila Jasmine,Dokter Umum,RS MMC,"Setiabudi, Jakarta Selatan",,dokter-umum,2025-06-15 02:52:52
dr. Nadhlia Kaulika Sp. GK,Dokter Umum,RS Lira Medika,"Karawang Timur, Kabupaten Karawang",,dokter-umum,2025-06-15 02:52:52
dr. Nadia Galuh,Dokter Umum,JIH Jogja,"Kecamatan Depok, Kabupaten Sleman",,dokter-umum,2025-06-15 02:52:52
dr. Nadia Maharani,Dokter Umum,Siloam Hospitals Putera Bahagia Cirebon,"Harjamukti, Kota Cirebon",,dokter-umum,2025-06-15 02:52:52
dr. Nadine Dianesepta,Dokter Umum,RS Karunia Kasih,"Pondok Gede, Bekasi",,dokter-umum,2025-06-15 02:52:52
dr. Nadira Haura Sausano,Dokter Umum,RS Awal Bros Batam,"Lubuk Baja, Kota Batam",,dokter-umum,2025-06-15 02:52:55
Dr. Nadira Haura Sausano,Dokter Umum,RS Awal Bros Batam,"Lubuk Baja, Kota Batam",,dokter-umum,2025-06-15 02:52:55
dr. Nancy Liona Agustin,Dokter Umum,RS Mitra Keluarga Cikarang,"Cikarang Utara, Kabupaten Bekasi",,dokter-umum,2025-06-15 02:52:55
dr. Nancy S. Bawiling M.Fis,Dokter Umum,Klinik dr. Nancy,"Mustika Jaya, Bekasi",,dokter-umum,2025-06-15 02:52:55
dr. Nanda Parariski Purba,Dokter Umum,RS Santa Elisabeth Sei Lekop,"Sagulung, Kota Batam",,dokter-umum,2025-06-15 02:52:55
dr. Nanik Fattqurotul Aini,Dokter Umum,National Hospital,"Wiyung, Kota Surabaya",,dokter-umum,2025-06-15 02:52:55
dr. Nanik Kur Ani,Dokter Umum,Klinik Puri Asih Telukjambe,"Telukjambe Timur, Kabupaten Karawang",,dokter-umum,2025-06-15 02:52:55
dr Nanning Naimatuningsih,Dokter Umum,Klinik Kusuma Medical Center Batukajang,"Batu Sopang, Kabupaten Paser",,dokter-umum,2025-06-15 02:52:55
dr. Naraswari Ramadhiastuti Apriwibowo,Dokter Umum,Mandaya Hospital Karawang,"Telukjambe Timur, Kabupaten Karawang",,dokter-umum,2025-06-15 02:52:55
dr. Natalia Stefanie Tandian,Dokter Umum,Siloam Hospitals Dhirga Surya Medan,"Medan Petisah, Kota Medan",,dokter-umum,2025-06-15 02:52:55
dr. Natanael Fernando W S,Dokter Umum,RS Satya Negara,"Tanjung Priok, Jakarta Utara",,dokter-umum,2025-06-15 02:52:57
dr. Natasha Pangestu Sp.PK,Dokter Umum,RS Gading Pluit,"Kelapa Gading, Jakarta Utara",,dokter-umum,2025-06-15 02:52:57
dr. Natrohman Hardiansyah,Dokter Umum,Klinik Safira Satui,"Satui, Kabupaten Tanah Bumbu",,dokter-umum,2025-06-15 02:52:57
dr. Naufal Fadhil,Dokter Umum,RS Mitra Keluarga Bintaro,"Pondok Aren, Tangerang Selatan",,dokter-umum,2025-06-15 02:52:57
dr. Ngr. Bagus Raditya Sri Damar,Dokter Umum,Surya Husadha Hospital,"Denpasar Barat, Kota Denpasar",,dokter-umum,2025-06-15 02:52:57
dr. Ni Gusti Agung Ayu Putu Tika,Dokter Umum,Kasih Ibu Hospital Tabanan,"Tabanan, Kabupaten Tabanan",,dokter-umum,2025-06-15 02:52:57
dr. Ni Ketut Putri Ratih Sindunata,Dokter Umum,Kasih Ibu Hospital Denpasar,"Denpasar Barat, Kota Denpasar",,dokter-umum,2025-06-15 02:52:57
dr. Ni Made Devi Aristiyanti,Dokter Umum,BIMC Hospitals Nusa Dua,"Kuta Selatan, Kabupaten Badung",https://d1ojs48v3n42tp.cloudfront.net/personnels/462139_31-10-2022_12-38-9.jpeg,dokter-umum,2025-06-15 02:52:57
dr. Nia Kaniasari Definingsih,Dokter Umum,Klinik Ar-Rahman Medika,"Telukjambe Timur, Kabupaten Karawang",,dokter-umum,2025-06-15 02:52:57
dr. Nia Kaniasari Definingsih,Dokter Umum,Klinik Ar-Rahman Medika,"Telukjambe Timur, Kabupaten Karawang",,dokter-umum,2025-06-15 02:52:57
dr. Nikho Melga Shalim Sp. M,Dokter Umum,Klinik Mata Serpong,"Kelapa Dua, Kabupaten Tangerang",,dokter-umum,2025-06-15 02:53:00
dr. Niki Juniar P,Dokter Umum,RS Balikpapan Baru,"Balikpapan Kota, Kota Balikpapan",,dokter-umum,2025-06-15 02:53:00
dr. Nila Indrawati,Dokter Umum,RS Budi Kemuliaan,"Gambir, Jakarta Pusat",,dokter-umum,2025-06-15 02:53:00
dr. Nina Kirana,Dokter Umum,RSIA Al Islam Bandung,"Cibeunying Kidul, Kota Bandung",,dokter-umum,2025-06-15 02:53:00
dr. Nindia Atsilah,Dokter Umum,RS Sukmul Sisma Medika,"Koja, Jakarta Utara",,dokter-umum,2025-06-15 02:53:00
dr. Nindia Atsilah,Dokter Umum,RS Sukmul Sisma Medika,"Koja, Jakarta Utara",,dokter-umum,2025-06-15 02:53:00
Dr. Nipun Jain,Dokter Umum,Klinik Naura Medika,"Sukmajaya, Depok",,dokter-umum,2025-06-15 02:53:00
dr. Nizra Ayu Sarah,Dokter Umum,Siloam Hospitals Sentosa Bekasi,"Bekasi Timur, Bekasi",https://d1ojs48v3n42tp.cloudfront.net/personnels/283560_26-10-2022_13-48-2.jpeg,dokter-umum,2025-06-15 02:53:00
dr. Noname,Dokter Umum,RSIA Soerya,"Taman, Kabupaten Sidoarjo",,dokter-umum,2025-06-15 02:53:00
Dr. Nor Roudhoh,Dokter Umum,PRIMASATYA HUSADA CITRA (PHC) SURABAYA,"Pabean Cantikan, Kota Surabaya",,dokter-umum,2025-06-15 02:53:00
dr. Nova Diana,Dokter Umum,Klinik Yadika Petukangan,"Pesanggrahan, Jakarta Selatan",,dokter-umum,2025-06-15 02:53:02
dr. Novina Purwita,Dokter Umum,Sima Lab Malang Ciliwung,"Blimbing, Kota Malang",,dokter-umum,2025-06-15 02:53:02
dr. Novita Nursaine M.M.,Dokter Umum,St. Antonius Pontianak,"Pontianak Kota, Kota Pontianak",,dokter-umum,2025-06-15 02:53:02
dr. Novita Rahmawati,Dokter Umum,Klinik Syifa Medical Center,"Koja, Jakarta Utara",,dokter-umum,2025-06-15 02:53:02
dr. Nur Afifah Thohiroh,Dokter Umum,RS Pelni Petamburan,"Palmerah, Jakarta Barat",,dokter-umum,2025-06-15 02:53:02
dr. Nur Amalia,Dokter Umum,RSU Andhika,"Jagakarsa, Jakarta Selatan",,dokter-umum,2025-06-15 02:53:02
dr. Nurchotimah,Dokter Umum,Klinik Nirwana Medical Centre,"Kota Palabuhanratu, Kabupaten Sukabumi",,dokter-umum,2025-06-15 02:53:02
dr. Nurlita,Dokter Umum,Klinik Selaras,"Serpong, Tangerang Selatan",,dokter-umum,2025-06-15 02:53:02
Dr. Nuro,Dokter Umum,RS Firdaus,"Cilincing, Jakarta Utara",,dokter-umum,2025-06-15 02:53:02
dr. Nurul Ain Zaini,Dokter Umum,Klinik Gempol 2,"Karawang Barat, Kabupaten Karawang",,dokter-umum,2025-06-15 02:53:02
dr. Nurul Aini Zaini,Dokter Umum,Klinik Gempol 2,"Karawang Barat, Kabupaten Karawang",,dokter-umum,2025-06-15 02:53:05
dr. Nurul Aini Zaini,Dokter Umum,Klinik Gempol 2,"Karawang Barat, Kabupaten Karawang",,dokter-umum,2025-06-15 02:53:05
dr Nuryasifun,Dokter Umum,RS Pertamina Balongan,"Indramayu, Kabupaten Indramayu",,dokter-umum,2025-06-15 02:53:05
dr. Nuseni Yabez Kafiar,Dokter Umum,RS Murni Teguh Horas Insani,"Siantar Martoba, Kota Pematangsiantar",,dokter-umum,2025-06-15 02:53:05
dr. Octa Sila Buana,Dokter Umum,RS Jakarta,"Setiabudi, Jakarta Selatan",,dokter-umum,2025-06-15 02:53:05
dr. Oktaviani Meiliza,Dokter Umum,RS Ali Sibroh Malisi,"Jagakarsa, Jakarta Selatan",,dokter-umum,2025-06-15 02:53:05
dr. Olivet Natali Sp. KK,Dokter Umum,Siloam Hospitals Dhirga Surya Medan,"Medan Petisah, Kota Medan",,dokter-umum,2025-06-15 02:53:05
dr. Olivia Margaretha,Dokter Umum,RS Telogorejo,"Semarang Tengah, Kota Semarang",,dokter-umum,2025-06-15 02:53:05
dr. Olivia Stemia,Dokter Umum,Siloam Hospitals Jambi,"Jambi Selatan, Kota Jambi",,dokter-umum,2025-06-15 02:53:05
dr. Onelola Dewita Karya,Dokter Umum,Klinik Ar-Rahman Medika,"Telukjambe Timur, Kabupaten Karawang",,dokter-umum,2025-06-15 02:53:05
dr. PRAKOSA YUDHA KUSSUMA,Dokter Umum,RS Siti Khodijah Muhammadiyah Cabang Sepanjang,"Taman, Kabupaten Sidoarjo",,dokter-umum,2025-06-15 02:53:07
dr. Panji Patipati,Dokter Umum,RSU San Medical Center,"Cikampek, Kabupaten Karawang",,dokter-umum,2025-06-15 02:53:07
dr. Paramitha Ayu T,Dokter Umum,Klinik Tiara Bunda Bekasi,"Bekasi Utara, Bekasi",,dokter-umum,2025-06-15 02:53:07
dr. Patrick Austan,Dokter Umum,RS PIK,"Penjaringan, Jakarta Utara",,dokter-umum,2025-06-15 02:53:07
Dr. Paula Dewi Alamanda,Dokter Umum,Yuk Sehat Klinik dan Apotek,"Jombang, Kota Cilegon",,dokter-umum,2025-06-15 02:53:07
dr. Pavita Musi Sartika Hutauruk,Dokter Umum,Ciputra Hospital Citra Garden City Jakarta Barat,"Kalideres, Jakarta Barat",,dokter-umum,2025-06-15 02:53:07
dr. Petrus Edyanto Sirait,Dokter Umum,RS Harum Sisma Medika,"Makasar, Jakarta Timur",,dokter-umum,2025-06-15 02:53:07
dr Petrus Sunaryo,Dokter Umum,Klinik Rawat Inap Peduli Sehat,"Karangbahagia, Kabupaten Bekasi",,dokter-umum,2025-06-15 02:53:07
dr. Pharamita Ayut,Dokter Umum,Klinik Tiara Bunda Bekasi,"Bekasi Utara, Bekasi",,dokter-umum,2025-06-15 02:53:07
dr. Poa Olivera Laurenzia Caroline,Dokter Umum,Siloam Hospitals Semarang,"Semarang Selatan, Kota Semarang",,dokter-umum,2025-06-15 02:53:07
dr. Prakosa Yudha Kussuma,Dokter Umum,RS Siti Khodijah Muhammadiyah Cabang Sepanjang,"Taman, Kabupaten Sidoarjo",,dokter-umum,2025-06-15 02:53:10
dr. Prana Indra Putra Sp.An,Dokter Umum,RSAB Harapan Kita,"Palmerah, Jakarta Barat",,dokter-umum,2025-06-15 02:53:10
dr. Prasti Sulandjari,Dokter Umum,RS Mitra Keluarga Surabaya,"Sukomanunggal, Kota Surabaya",,dokter-umum,2025-06-15 02:53:10
dr. Pratama,Dokter Umum,Klinik Pratama Medika 1,"Kebayoran Baru, Jakarta Selatan",,dokter-umum,2025-06-15 02:53:10
dr. Princessa Fath Sheridan,Dokter Umum,RSIA Stella Maris,"Medan Maimun, Kota Medan",,dokter-umum,2025-06-15 02:53:10
dr Prisca C. W,Dokter Umum,Optik Melawai Ruko Green Lake City,"Cipondoh, Tangerang",,dokter-umum,2025-06-15 02:53:10
dr. Putra Reza Sikan,Dokter Umum,Siloam Hospitals Sriwijaya Palembang,"Ilir Barat I, Kota Palembang",,dokter-umum,2025-06-15 02:53:10
Dr. Putri Dyah Utami Ryadi Sp. KFR,Dokter Umum,RSU Islam Harapan Anda Tegal,"Tegal Selatan, Kota Tegal",,dokter-umum,2025-06-15 02:53:10
dr. Putri Nur Rahmahwati,Dokter Umum,RS YPK Mandiri,"Menteng, Jakarta Pusat",,dokter-umum,2025-06-15 02:53:10
dr. Putri Rahayu,Dokter Umum,RS Mitra Keluarga Surabaya,"Sukomanunggal, Kota Surabaya",,dokter-umum,2025-06-15 02:53:10
dr. Putrisuci Andyticha,Dokter Umum,Prime Care Clinic Panglima Polim,"Kebayoran Baru, Jakarta Selatan",,dokter-umum,2025-06-15 02:53:13
dr. Putu Ayu Dyah Meita Wulandari,Dokter Umum,National Hospital,"Wiyung, Kota Surabaya",,dokter-umum,2025-06-15 02:53:13
dr. Qurrota A'yun Fadhilah,Dokter Umum,RS Mitra Siaga Tegal,"Kramat, Tegal",,dokter-umum,2025-06-15 02:53:13
dr. R. Luthfi Nur Fajri,Dokter Umum,RS Syarif Hidayatullah,"Ciputat Timur, Tangerang Selatan",,dokter-umum,2025-06-15 02:53:13
dr. R. M. Ridho Hidayatullah,Dokter Umum,RS Kartika Kasih,"Warudoyong, Kota Sukabumi",,dokter-umum,2025-06-15 02:53:13
dr. R. Nayu Mar,Dokter Umum,RS Sukmul Sisma Medika,"Koja, Jakarta Utara",,dokter-umum,2025-06-15 02:53:13
dr. RATNA DWI SUNHAYA SP. A,Dokter Umum,RS Mitra Siaga Tegal,"Kramat, Tegal",,dokter-umum,2025-06-15 02:53:13
RENI PERMANA DR.,Dokter Umum,RS Permata Bekasi,"Mustika Jaya, Bekasi",,dokter-umum,2025-06-15 02:53:13
dr. RIZQA HAERANI SAENONG,Dokter Umum,Klinik Sapta Mitra Jakarta,"Duren Sawit, Jakarta Timur",,dokter-umum,2025-06-15 02:53:13
dr. Rabaiyah,Dokter Umum,RS Trimitra Cibinong,"Cibinong, Kabupaten Bogor",,dokter-umum,2025-06-15 02:53:13
dr. Rabiatun,Dokter Umum,RSUP Dr. Sitanala Tangerang,"Neglasari, Tangerang",,dokter-umum,2025-06-15 02:53:16
dr Rachmat Setyadi,Dokter Umum,Klinik Tiara Bunda Bekasi,"Bekasi Utara, Bekasi",,dokter-umum,2025-06-15 02:53:16
dr. Raden Honggo Pranowo S,Dokter Umum,RS Medistra,"Setiabudi, Jakarta Selatan",,dokter-umum,2025-06-15 02:53:16
dr Raehana,Dokter Umum,RS Haji Jakarta,"Makasar, Jakarta Timur",,dokter-umum,2025-06-15 02:53:16
dr. Rahma Hutabarat,Dokter Umum,RS Permata Cibubur,"Jatisampurna, Bekasi",,dokter-umum,2025-06-15 02:53:16
dr. Rahma Hutabarat,Dokter Umum,RS Permata Cibubur,"Jatisampurna, Bekasi",,dokter-umum,2025-06-15 02:53:16
dr. Rahmat Zakky Maulana,Dokter Umum,Ciputra Mitra Hospital Banjarmasin,"Kertak Hanyar, Kota Banjarmasin",,dokter-umum,2025-06-15 02:53:16
Dr. Rahmawati,Dokter Umum,RSI Siti Hajar Sidoarjo,"Sidoarjo, Kabupaten Sidoarjo",,dokter-umum,2025-06-15 02:53:16
dr. Rahmi Handayani,Dokter Umum,RS Roemani Muhammadiyah,"Semarang Selatan, Kota Semarang",,dokter-umum,2025-06-15 02:53:16
dr. Raina Herawaty D,Dokter Umum,RS Islam Assyifa,"Gunungpuyuh, Kota Sukabumi",,dokter-umum,2025-06-15 02:53:16
dr. Raita Faza Amalia,Dokter Umum,RS Kramat 128,"Senen, Jakarta Pusat",,dokter-umum,2025-06-15 02:53:18
dr. Raja Ali Siregar,Dokter Umum,Klinik Medika OHC,"Kramat Jati, Jakarta Timur",,dokter-umum,2025-06-15 02:53:18
dr. Raja Umar Ali Siregar,Dokter Umum,Klinik Mitra Medika Cilincing,"Cilincing, Jakarta Utara",,dokter-umum,2025-06-15 02:53:18
dr. Rashmeeta,Dokter Umum,RS Atma Jaya,"Penjaringan, Jakarta Utara",,dokter-umum,2025-06-15 02:53:18
dr. Ratih AndrianiI,Dokter Umum,RS Bayukarta,"Karawang Barat, Kabupaten Karawang",,dokter-umum,2025-06-15 02:53:18
dr. Ratna Pratiwi,Dokter Umum,RSIA PKU Muhammadyah Cipondoh,"Cipondoh, Tangerang",,dokter-umum,2025-06-15 02:53:18
dr. Ratu Syamsiah Nila,Dokter Umum,RS Hermina Tasikmalaya,"Cipedes, Kota Tasikmalaya",,dokter-umum,2025-06-15 02:53:18
dr. Reagan Setiawan,Dokter Umum,RS Mata JEC Primasana Tj. Priok,"Tanjung Priok, Jakarta Utara",,dokter-umum,2025-06-15 02:53:18
dr Rebecca Novityana,Dokter Umum,RS Permata Bekasi,"Mustika Jaya, Bekasi",,dokter-umum,2025-06-15 02:53:18
dr. Refta Hermawan Laksono,Dokter Umum,RS Pondok Indah - Bintaro Jaya,"Pondok Aren, Tangerang Selatan",,dokter-umum,2025-06-15 02:53:18
dr. Regina Yasmin,Dokter Umum,RS Mitra Keluarga Depok,"Pancoran Mas, Depok",,dokter-umum,2025-06-15 02:53:21
dr. Renaldi Prasetio,Dokter Umum,BIMC Hospitals Nusa Dua,"Kuta Selatan, Kabupaten Badung",https://d1ojs48v3n42tp.cloudfront.net/personnels/549853_31-10-2022_12-54-28.jpeg,dokter-umum,2025-06-15 02:53:21
dr. Renasha Firda Hanannisa,Dokter Umum,RS Petukangan,"Pesanggrahan, Jakarta Selatan",,dokter-umum,2025-06-15 02:53:21
dr Rendy Aprianus Santoso,Dokter Umum,RS Lira Medika,"Karawang Timur, Kabupaten Karawang",,dokter-umum,2025-06-15 02:53:21
Dr. Renie Augustin Sp. THT,Dokter Umum,RS Harum Sisma Medika,"Makasar, Jakarta Timur",,dokter-umum,2025-06-15 02:53:21
dr. Resa S,Dokter Umum,RS Intan Husada Garut,"Tarogong Kidul, Kabupaten Garut",,dokter-umum,2025-06-15 02:53:21
dr. Resti Mulya Sari,Dokter Umum,RS Kanker Dharmais,"Palmerah, Jakarta Barat",,dokter-umum,2025-06-15 02:53:21
dr. Reviena Y. Lalusu,Dokter Umum,RS Permata Depok,"Sawangan, Depok",,dokter-umum,2025-06-15 02:53:21
dr. Rezha Indrawan,Dokter Umum,National Hospital,"Wiyung, Kota Surabaya",,dokter-umum,2025-06-15 02:53:21
dr. Rheza Giovanni,Dokter Umum,RS Dirgahayu Samarinda,"Samarinda Ulu, Kota Samarinda",,dokter-umum,2025-06-15 02:53:21
dr Rhico Wijaya Sp. A,Dokter Umum,RS Fatimah Serang,"Taktakan, Kota Serang",,dokter-umum,2025-06-15 02:53:23
dr. Rian Christian Nugroho,Dokter Umum,RSIA Limijati,"Bandung Wetan, Kota Bandung",,dokter-umum,2025-06-15 02:53:23
dr. Riandy Dininoty,Dokter Umum,Siloam Hospitals Bogor,"Bogor Tengah, Bogor",,dokter-umum,2025-06-15 02:53:23
dr. Richard Senjaya,Dokter Umum,RS. Hamori,"Pagaden, Kabupaten Subang",,dokter-umum,2025-06-15 02:53:23
dr. Ricky Dwi Satria M. Kes.,Dokter Umum,Klinik Aqma Purwakarta,"Purwakarta, Kabupaten Purwakarta",,dokter-umum,2025-06-15 02:53:23
dr. Ricky Purnomo,Dokter Umum,Klinik Spesialis Siloam Purwakarta,"Purwakarta, Kabupaten Purwakarta",,dokter-umum,2025-06-15 02:53:23
dr. Ricky Sunandar,Dokter Umum,Bali Royal Hospital,"Denpasar Timur, Kota Denpasar",,dokter-umum,2025-06-15 02:53:23
Dr. Ridwan,Dokter Umum,Klinik Prima Husada Cibubur,"Ciracas, Jakarta Timur",,dokter-umum,2025-06-15 02:53:23
dr. Ridwan Fauzi,Dokter Umum,RSU Harapan Ibu Purbalingga,"Kalimanah, Kabupaten Purbalingga",,dokter-umum,2025-06-15 02:53:23
dr. Ridwan Juansyah,Dokter Umum,Klinik Putra Medika 3,"Cikarang Selatan, Kabupaten Bekasi",,dokter-umum,2025-06-15 02:53:23
dr. Rika Erna Maynovalina,Dokter Umum,Klinik Mitra Cakung,"Cakung, Jakarta Timur",,dokter-umum,2025-06-15 02:53:26
dr. Rika Erna Maynovalina,Dokter Umum,Klinik Mitra Cakung,"Cakung, Jakarta Timur",,dokter-umum,2025-06-15 02:53:26
Dr. Rike Radian Novita,Dokter Umum,RS Lavalette Malang,"Klojen, Kota Malang",,dokter-umum,2025-06-15 02:53:26
dr. Riki Fazar Rahmadita,Dokter Umum,Klinik Assalam Karawang,"Karawang Timur, Kabupaten Karawang",,dokter-umum,2025-06-15 02:53:26
dr. Riki Fazar Rahmadita,Dokter Umum,Klinik Assalam Karawang,"Karawang Timur, Kabupaten Karawang",,dokter-umum,2025-06-15 02:53:26
dr. Rimaida Sari,Dokter Umum,Klinik Nafila Medika,"Telukjambe Timur, Kabupaten Karawang",,dokter-umum,2025-06-15 02:53:26
dr Rimainda Sari,Dokter Umum,RS Karya Husada,"Cikampek, Kabupaten Karawang",,dokter-umum,2025-06-15 02:53:26
dr. Rimianda Sari,Dokter Umum,Klinik Nafila Medika,"Telukjambe Timur, Kabupaten Karawang",,dokter-umum,2025-06-15 02:53:26
dr Rina Andayani,Dokter Umum,Klinik dr. Yati Zarnudji,"Cibinong, Kabupaten Bogor",,dokter-umum,2025-06-15 02:53:26
Dr. Rina Fajarwati Sp. OG,Dokter Umum,RS Meilia,"Cimanggis, Depok",,dokter-umum,2025-06-15 02:53:26
Dr. Rina Fajarwati Sp. OGi,Dokter Umum,RS Meilia,"Cimanggis, Depok",,dokter-umum,2025-06-15 02:53:28
dr. Rina Purnama Sari,Dokter Umum,RS dr. Oen Solo Baru,"Grogol, Kab Sukoharjo",,dokter-umum,2025-06-15 02:53:28
dr. Rinrin Gustiani,Dokter Umum,Klinik Ar-Rahman Galuh Mas,"Telukjambe Timur, Kabupaten Karawang",,dokter-umum,2025-06-15 02:53:28
dr. Rinrin Gustiani,Dokter Umum,Klinik Ar-Rahman Medika,"Telukjambe Timur, Kabupaten Karawang",,dokter-umum,2025-06-15 02:53:28
Dr. Riska Ramadita Isa Putri,Dokter Umum,RS Awal Bros Batam,"Lubuk Baja, Kota Batam",,dokter-umum,2025-06-15 02:53:28
dr. Riza Satrya Munandar,Dokter Umum,RS Citra Sari Husada,"Klari, Kabupaten Karawang",,dokter-umum,2025-06-15 02:53:28
dr. Rizalya Dewi Sp. A,Dokter Umum,RSIA Budhi Mulia,"Marpoyan Damai, Kota Pekanbaru",,dokter-umum,2025-06-15 02:53:28
dr. Rizka Nurvianie,Dokter Umum,RS Pertamina Cirebon,"Gunung Jati, Kabupaten Cirebon",,dokter-umum,2025-06-15 02:53:28
Dr. Rizki Dwi Sukardi,Dokter Umum,RS Tarumajaya Bekasi,"Tarumajaya, Kabupaten Bekasi",,dokter-umum,2025-06-15 02:53:28
dr Rizky Amalia Sharfina,Dokter Umum,RS MMC,"Setiabudi, Jakarta Selatan",,dokter-umum,2025-06-15 02:53:28
dr Robert,Dokter Umum,Klinik Prima Husada Cibubur,"Ciracas, Jakarta Timur",,dokter-umum,2025-06-15 02:53:31
dr. Robert John T,Dokter Umum,RSIA Catherine Booth Makassar,"Ujung Pandang, Kota Makassar",,dokter-umum,2025-06-15 02:53:31
"Dr. Rofa Husnul, Sp.M",Dokter Umum,RSU Pindad,"Kiaracondong, Kota Bandung",,dokter-umum,2025-06-15 02:53:31
Dr. Rofiwun,Dokter Umum,RS Islam Aminah Blitar,"Sananwetan, Kota Blitar",,dokter-umum,2025-06-15 02:53:31
dr. Ronan Suhendra,Dokter Umum,RS dr. OEN Kandang Sapi Solo,"Jebres, Kota Surakarta",,dokter-umum,2025-06-15 02:53:31
dr. Rosi Nadilah,Dokter Umum,RS Telogorejo,"Semarang Tengah, Kota Semarang",,dokter-umum,2025-06-15 02:53:31
dr. Rosyenni Rebecca Saorma,Dokter Umum,Klinik Surya Medika,"Ciracas, Jakarta Timur",,dokter-umum,2025-06-15 02:53:31
dr. Rotua Sirait,Dokter Umum,Klinik Prima Husada Cinere,"Cinere, Depok",,dokter-umum,2025-06-15 02:53:31
dr. Rudi,Dokter Umum,RS Islam Aminah Blitar,"Sananwetan, Kota Blitar",,dokter-umum,2025-06-15 02:53:31
dr. Rudy Tanius Tejo Ismanto,Dokter Umum,Mandaya Hospital Karawang,"Telukjambe Timur, Kabupaten Karawang",,dokter-umum,2025-06-15 02:53:31
dr. Rudy Tanius Tejo Ismanto,Dokter Umum,Mandaya Hospital Karawang,"Telukjambe Timur, Kabupaten Karawang",,dokter-umum,2025-06-15 02:53:33
dr. Rusydah Syarlina,Dokter Umum,RS EMC Sentul,"Babakan Madang, Kabupaten Bogor",,dokter-umum,2025-06-15 02:53:33
dr. Ruth Ferronica,Dokter Umum,RS Kartika Pulomas,"Pulo Gadung, Jakarta Timur",,dokter-umum,2025-06-15 02:53:33
dr Ruth Minar Novrita Sitorus,Dokter Umum,RS MMC,"Setiabudi, Jakarta Selatan",,dokter-umum,2025-06-15 02:53:33
dr. SARAH MAHANI SOMANTRI,Dokter Umum,Klinik Nafila Medika,"Telukjambe Timur, Kabupaten Karawang",,dokter-umum,2025-06-15 02:53:33
dr. SARAH MAHANTOMANTRI,Dokter Umum,Klinik Nafila Medika,"Telukjambe Timur, Kabupaten Karawang",,dokter-umum,2025-06-15 02:53:33
dr. SHANDY SETA DWI TAMA,Dokter Umum,Klinik Dewa Medika,"Cakung, Jakarta Timur",,dokter-umum,2025-06-15 02:53:33
"SILVIA CHRISTIANI, DR",Dokter Umum,Klinik Tiara Bunda Bekasi,"Bekasi Utara, Bekasi",,dokter-umum,2025-06-15 02:53:33
dr. SINGGIH KUSUMA,Dokter Umum,RS Citra Sari Husada,"Klari, Kabupaten Karawang",,dokter-umum,2025-06-15 02:53:33
Dr. SITI JULIANTI BR PINEM,Dokter Umum,Klinik Harapan Baru,"Bekasi Barat, Bekasi",,dokter-umum,2025-06-15 02:53:33
dr. Sabila Shani,Dokter Umum,Alia Hospital Jakarta Timur,"Duren Sawit, Jakarta Timur",,dokter-umum,2025-06-15 02:53:36
dr. Safira Firdaus,Dokter Umum,RS Aura Syifa,"Pagu, Kabupaten Kediri",,dokter-umum,2025-06-15 02:53:36
dr. Safira Tatyana Sugiarto Gunawan,Dokter Umum,Siloam Hospitals Lippo Village,"Kelapa Dua, Kabupaten Tangerang",,dokter-umum,2025-06-15 02:53:36
dr. Sagit Nindra,Dokter Umum,RS Mitra Keluarga Tegal,"Tegal Barat, Kota Tegal",,dokter-umum,2025-06-15 02:53:36
dr. Saisabela Prima Andina,Dokter Umum,RS Yarsi,"Cempaka Putih, Jakarta Pusat",,dokter-umum,2025-06-15 02:53:36
dr. Samuel Kamajaya,Dokter Umum,RS Santo Borromeus,"Coblong, Kota Bandung",,dokter-umum,2025-06-15 02:53:36
dr Sandi Sopyan,Dokter Umum,RS Permata Keluarga Karawang,"Telukjambe Timur, Kabupaten Karawang",,dokter-umum,2025-06-15 02:53:36
dr. Sansos SB,Dokter Umum,Pamulang Medical Center,"Pamulang, Tangerang Selatan",,dokter-umum,2025-06-15 02:53:36
dr. Santi Kusumawardani,Dokter Umum,RS Mitra Keluarga Bekasi Timur,"Bekasi Timur, Bekasi",,dokter-umum,2025-06-15 02:53:36
dr. Sarah Mahani Soemantri,Dokter Umum,Klinik Nafila Medika,"Telukjambe Timur, Kabupaten Karawang",,dokter-umum,2025-06-15 02:53:36
dr. Sarah Mahani Somantri,Dokter Umum,Klinik Nafila Medika,"Telukjambe Timur, Kabupaten Karawang",,dokter-umum,2025-06-15 02:53:38
dr. Sarah Mahani Somantri,Dokter Umum,Klinik Nafila Medika,"Telukjambe Timur, Kabupaten Karawang",,dokter-umum,2025-06-15 02:53:38
dr. Sarah Mahani Somantri,Dokter Umum,Klinik Nafila Medika,"Telukjambe Timur, Kabupaten Karawang",,dokter-umum,2025-06-15 02:53:38
Dr. Sarah Mahani Somantri,Dokter Umum,Klinik Nafila Medika,"Telukjambe Timur, Kabupaten Karawang",,dokter-umum,2025-06-15 02:53:38
dr. Sarah Maharani Somantri,Dokter Umum,Klinik Nafila Medika,"Telukjambe Timur, Kabupaten Karawang",,dokter-umum,2025-06-15 02:53:38
dr Sarah Maharani Somantri,Dokter Umum,Klinik Nafila Medika,"Telukjambe Timur, Kabupaten Karawang",,dokter-umum,2025-06-15 02:53:38
dr. Sarah Ovinita,Dokter Umum,RS Awal Bros A Yani Pekanbaru,"Pekanbaru Kota, Kota Pekanbaru",,dokter-umum,2025-06-15 02:53:38
dr. Sasanti Hayuning Tyas Sp. THT-KL,Dokter Umum,Siloam Hospitals TB Simatupang,"Cilandak, Jakarta Selatan",,dokter-umum,2025-06-15 02:53:38
Dr. Satria Pratama,Dokter Umum,RSU Menteng Mitra Afia,"Menteng, Jakarta Pusat",,dokter-umum,2025-06-15 02:53:38
Dr. Savira Chrisna Dewi,Dokter Umum,RS Puri Medika,"Tanjung Priok, Jakarta Utara",,dokter-umum,2025-06-15 02:53:38
dr. Sebastian Genadi,Dokter Umum,Klinik Mitra Sehat Karawang,"Karawang Barat, Kabupaten Karawang",,dokter-umum,2025-06-15 02:53:41
dr. Sekar Ayu Utari Kamil,Dokter Umum,RS Nuraida,"Bogor Utara, Bogor",,dokter-umum,2025-06-15 02:53:41
dr. Sekar Plaupi Sp. KGA,Dokter Umum,RS Permata Pamulang,"Pamulang, Tangerang Selatan",,dokter-umum,2025-06-15 02:53:41
dr. Selly Christine Waruw,Dokter Umum,RS Satya Negara,"Tanjung Priok, Jakarta Utara",,dokter-umum,2025-06-15 02:53:41
dr. Selly Christine Waruwu,Dokter Umum,RS Satya Negara,"Tanjung Priok, Jakarta Utara",,dokter-umum,2025-06-15 02:53:41
dr. Selly Christine Waruwu,Dokter Umum,RS Satya Negara,"Tanjung Priok, Jakarta Utara",,dokter-umum,2025-06-15 02:53:41
dr. Selly Christine Wulan,Dokter Umum,RS Satya Negara,"Tanjung Priok, Jakarta Utara",,dokter-umum,2025-06-15 02:53:41
Dr. Sepdiana Wahyuni,Dokter Umum,RS Awal Bros Batam,"Lubuk Baja, Kota Batam",,dokter-umum,2025-06-15 02:53:41
dr. Septian Hari Tugiwibowo,Dokter Umum,Klinik Mitra Kondang Utama,"Karawang Timur, Kabupaten Karawang",,dokter-umum,2025-06-15 02:53:41
dr. Septian Tri Muhari Sp. A,Dokter Umum,RS Lira Medika,"Karawang Timur, Kabupaten Karawang",,dokter-umum,2025-06-15 02:53:41
dr. Septo Andry Soesanto,Dokter Umum,Charitas Hospital KM 7,"Sukarame, Kota Palembang",,dokter-umum,2025-06-15 02:53:43
dr. Septya Anis Zamhariro,Dokter Umum,Siloam Hospitals Yogyakarta,"Gondokusuman, Kota Yogyakarta",,dokter-umum,2025-06-15 02:53:43
dr. Shafira Aphrodita,Dokter Umum,RS Sentra Medika Cisalak,"Sukmajaya, Depok",,dokter-umum,2025-06-15 02:53:43
dr. Shandy Seta Dwi Tama,Dokter Umum,Klinik Dewa Medika,"Cakung, Jakarta Timur",,dokter-umum,2025-06-15 02:53:43
dr. Shanti Pricilla T,Dokter Umum,Klinik Jaya Abadi,"Lengkong, Kota Bandung",,dokter-umum,2025-06-15 02:53:43
dr. Sheila Vinesa,Dokter Umum,RS Anugerah Bunda Khatulistiwa,"Pontianak Tenggara, Kota Pontianak",,dokter-umum,2025-06-15 02:53:43
dr. Shella Riana,Dokter Umum,RSIA Buah Hati Pamulang,"Pamulang, Tangerang Selatan",,dokter-umum,2025-06-15 02:53:43
dr Shelli Fauzia Yusfa,Dokter Umum,RS Tarumajaya Bekasi,"Tarumajaya, Kabupaten Bekasi",,dokter-umum,2025-06-15 02:53:43
dr. Shinta Puspita Sari MKKK,Dokter Umum,Klinik Utama Bina Sehat,"Semarang Utara, Kota Semarang",,dokter-umum,2025-06-15 02:53:43
dr. Sibrio Malisi,Dokter Umum,RS Ali Sibroh Malisi,"Jagakarsa, Jakarta Selatan",,dokter-umum,2025-06-15 02:53:43
Dr. Sidiq Tegahr,Dokter Umum,RS Islam Aminah Blitar,"Sananwetan, Kota Blitar",,dokter-umum,2025-06-15 02:53:46
dr. Simon Siringoringo,Dokter Umum,RS Bhina Bhakti Husada,"Rembang, Kabupaten Rembang",,dokter-umum,2025-06-15 02:53:46
dr Sintya Multini Indraputri,Dokter Umum,RS Bina Husada,"Cibinong, Kabupaten Bogor",,dokter-umum,2025-06-15 02:53:46
dr. Siska Daffa Wijaya,Dokter Umum,RS Lira Medika,"Karawang Timur, Kabupaten Karawang",,dokter-umum,2025-06-15 02:53:46
dr Siska Febriyanti,Dokter Umum,Klinik Ar-Rahman Medika,"Telukjambe Timur, Kabupaten Karawang",,dokter-umum,2025-06-15 02:53:46
dr. Siska Febriyanti,Dokter Umum,Klinik Citra Medika Mandiri Karawang,"Karawang Barat, Kabupaten Karawang",,dokter-umum,2025-06-15 02:53:46
dr. Siskawati Adimulyo,Dokter Umum,Mayapada Hospital Tangerang,"Tangerang, Tangerang",https://d1ojs48v3n42tp.cloudfront.net/personnels/141939_13-12-2022_14-7-35.png,dokter-umum,2025-06-15 02:53:46
dr. Siti Anisa Fatmawati,Dokter Umum,RS Islam Fatimah Cilacap,"Cilacap Utara, Kabupaten Cilacap",,dokter-umum,2025-06-15 02:53:46
dr. Siti Badriyah,Dokter Umum,RS Yasmin Banyuwangi,"Banyuwangi, Kabupaten Banyuwangi",,dokter-umum,2025-06-15 02:53:46
dr. Siti Hazard Aldina,Dokter Umum,Klinik Bhakti Medika,"Cikampek, Kabupaten Karawang",,dokter-umum,2025-06-15 02:53:46
dr. Siti Komarian,Dokter Umum,RSIA dr. Djoko Pramono,"Karawang Barat, Kabupaten Karawang",,dokter-umum,2025-06-15 02:53:48
dr Siti Nadhiroh,Dokter Umum,Persada Hospital,"Blimbing, Kota Malang",,dokter-umum,2025-06-15 02:53:48
Dr. Siti Nurjanah,Dokter Umum,Mayapada Hospital Kuningan,"Setiabudi, Jakarta Selatan",,dokter-umum,2025-06-15 02:53:48
Dr. Slly Kartika,Dokter Umum,Klinik Metro Medika,"Cileungsi, Kabupaten Bogor",,dokter-umum,2025-06-15 02:53:48
dr Sndry Johnson,Dokter Umum,RS Citra Harapan,"Medan Satria, Bekasi",,dokter-umum,2025-06-15 02:53:48
dr Sobur Purwadhi,Dokter Umum,Klinik Gempol,"Karawang Barat, Kabupaten Karawang",,dokter-umum,2025-06-15 02:53:48
Sofie Razyanti Mardiana dr.,Dokter Umum,RSIA Limijati,"Bandung Wetan, Kota Bandung",,dokter-umum,2025-06-15 02:53:48
dr. Sofie Razyanti Mardiana,Dokter Umum,RSIA Limijati,"Bandung Wetan, Kota Bandung",,dokter-umum,2025-06-15 02:53:48
dr. Sondang,Dokter Umum,RS Santa Elisabeth Bekasi,"Rawalumbu, Bekasi",,dokter-umum,2025-06-15 02:53:48
dr. Sri Handriawan,Dokter Umum,RS Permata Pamulang,"Pamulang, Tangerang Selatan",,dokter-umum,2025-06-15 02:53:48
dr. Sri Rucindingsih,Dokter Umum,Klinik Budhi Pratama Kalisari,"Pasar Rebo, Jakarta Timur",,dokter-umum,2025-06-15 02:53:51
Dr. Sri Susidawati,Dokter Umum,RS Mulyasari Jakarta,"Koja, Jakarta Utara",,dokter-umum,2025-06-15 02:53:51
Dr. Sri Wahyuni,Dokter Umum,Klinik dr. Nancy,"Mustika Jaya, Bekasi",,dokter-umum,2025-06-15 02:53:51
Dr. Sri Wahyuni Sp. A,Dokter Umum,RS Mustika Medika,"Mustika Jaya, Bekasi",,dokter-umum,2025-06-15 02:53:51
Dr. St. Natisah Fauzia,Dokter Umum,Klinik Sapta Mitra Jakarta,"Duren Sawit, Jakarta Timur",,dokter-umum,2025-06-15 02:53:51
Stanislaus Hatta dr.,Dokter Umum,Ciputra Hospital Citra Raya Tangerang,"Panongan, Kabupaten Tangerang",,dokter-umum,2025-06-15 02:53:51
dr Stefanus Eke Ola MARS,Dokter Umum,Klinik Stefanus Medika,"Bekasi Utara, Bekasi",,dokter-umum,2025-06-15 02:53:51
dr Stefanus Eke Ola MARS,Dokter Umum,Klinik Stefanus Medika,"Bekasi Utara, Bekasi",,dokter-umum,2025-06-15 02:53:51
Stefanus Eke Ola Mars,Dokter Umum,Klinik Stefanus Medika,"Bekasi Utara, Bekasi",,dokter-umum,2025-06-15 02:53:51
dr. Stephanie Mahardhika,Dokter Umum,RS Santo Yusup,"Cibeunying Kidul, Kota Bandung",,dokter-umum,2025-06-15 02:53:51
dr. Suarta Ningsih,Dokter Umum,RS Murni Teguh Pematang Siantar,"Siantar Martoba, Kota Pematangsiantar",,dokter-umum,2025-06-15 02:53:53
dr. Sugita Dharmawan Kartika,Dokter Umum,RS Kertha Usada,"Buleleng, Kabupaten Buleleng",,dokter-umum,2025-06-15 02:53:53
dr. Sukocro Prihantoro Sp. OG,Dokter Umum,RSIA Pasutri,"Tanah Sareal, Bogor",,dokter-umum,2025-06-15 02:53:53
dr Surya Wijaya,Dokter Umum,RS Royal Taruma,"Grogol Petamburan, Jakarta Barat",,dokter-umum,2025-06-15 02:53:53
dr. Suryani Puspa Dewi Sp. OG,Dokter Umum,RS Universitas Islam Indonesia,"Pandak, Kabupaten Bantul",,dokter-umum,2025-06-15 02:53:53
dr. Susanti Dwi A,Dokter Umum,Klinik Yadika Petukangan,"Pesanggrahan, Jakarta Selatan",,dokter-umum,2025-06-15 02:53:53
dr. Susanti Dwi Apriliani,Dokter Umum,Klinik Yadika Petukangan,"Pesanggrahan, Jakarta Selatan",,dokter-umum,2025-06-15 02:53:53
dr. Susanti Dwi Apriliani,Dokter Umum,Klinik Yadika Petukangan,"Pesanggrahan, Jakarta Selatan",,dokter-umum,2025-06-15 02:53:53
dr Suwardiman,Dokter Umum,RS Mardi Waluyo,"Metro Pusat, Kota Metro",,dokter-umum,2025-06-15 02:53:53
dr. Syah Putra Sakyrianto,Dokter Umum,RSU San Medical Center,"Cikampek, Kabupaten Karawang",,dokter-umum,2025-06-15 02:53:53
dr. Syah Rini Wisdayanti Sp. OG,Dokter Umum,JIH Solo,"Laweyan, Kota Surakarta",,dokter-umum,2025-06-15 02:53:56
Dr. Syahradian,Dokter Umum,RS Pelabuhan Jakarta Utara,"Koja, Jakarta Utara",,dokter-umum,2025-06-15 02:53:56
dr Syahroni Siregar,Dokter Umum,RS Syafira,"Marpoyan Damai, Kota Pekanbaru",,dokter-umum,2025-06-15 02:53:56
dr. Syaiful Huda,Dokter Umum,RS Aura Syifa,"Pagu, Kabupaten Kediri",,dokter-umum,2025-06-15 02:53:56
dr. Syaqofi,Dokter Umum,RS Citra Medika Depok,"Cilodong, Depok",,dokter-umum,2025-06-15 02:53:56
dr. Syerly Noprianti,Dokter Umum,RS EMC Pekayon,"Bekasi Selatan, Bekasi",,dokter-umum,2025-06-15 02:53:56
dr. Syifa Nabilah,Dokter Umum,RS Tugu Ibu,"Cimanggis, Depok",,dokter-umum,2025-06-15 02:53:56
dr. Syifa Ramadhani,Dokter Umum,Klinik Medika OHC,"Kramat Jati, Jakarta Timur",,dokter-umum,2025-06-15 02:53:56
dr. Syigh Pratama,Dokter Umum,RS Pradipa Medika,"Cilimus, Kabupaten Kuningan",,dokter-umum,2025-06-15 02:53:56
Dr. TEGUH SEHAWAN,Dokter Umum,RS Bhakti Husada Cikarang,"Cikarang Utara, Kabupaten Bekasi",,dokter-umum,2025-06-15 02:53:56
dr THERESIA TESTARI KABAKORAN,Dokter Umum,Klinik Pratama Aulia Karawang,"Purwasari, Kabupaten Karawang",,dokter-umum,2025-06-15 02:53:59
dr. Tania Chris Raharja,Dokter Umum,RS Telogorejo,"Semarang Tengah, Kota Semarang",,dokter-umum,2025-06-15 02:53:59
dr. Tantri Aprilisa,Dokter Umum,RS Islam Surabaya,"Wonokromo, Kota Surabaya",,dokter-umum,2025-06-15 02:53:59
dr Tara Sefanya Kairupan Sp. DV,Dokter Umum,RS Dr J.H. Awaloei Manado,"Mandolang, Kabupaten Minahasa",,dokter-umum,2025-06-15 02:53:59
Dr. Taris Radifan,Dokter Umum,Alia Hospital Depok,"Pancoran Mas, Depok",,dokter-umum,2025-06-15 02:53:59
dr. Taufiq Dwi Wibisana Tj.,Dokter Umum,RS Karunia Kasih,"Pondok Gede, Bekasi",,dokter-umum,2025-06-15 02:53:59
dr. Taufiq Nashrulloh Sp. KFR,Dokter Umum,RS Dewi Sri,"Karawang Barat, Kabupaten Karawang",,dokter-umum,2025-06-15 02:53:59
dr. Teguh Budi Santoso,Dokter Umum,Klinik Mulia Medika,"Bekasi Utara, Bekasi",,dokter-umum,2025-06-15 02:53:59
dr. Thalia Viotama,Dokter Umum,Charitas Hospital Palembang,"Ilir Timur I, Kota Palembang",,dokter-umum,2025-06-15 02:53:59
Dr. Thomas Aquino,Dokter Umum,Klinik Esti,"Mampang Prapatan, Jakarta Selatan",,dokter-umum,2025-06-15 02:53:59
Dr. Tia Ajarida,Dokter Umum,RSU Almansyur Medika,"Banjarbaru Utara, Kota Banjarbaru",,dokter-umum,2025-06-15 02:54:02
dr. Tiara Larisa,Dokter Umum,Klinik Cipto Cikarang,"Cikarang Utara, Kabupaten Bekasi",,dokter-umum,2025-06-15 02:54:02
dr. Tionoto Santoso,Dokter Umum,Siloam Hospitals Lippo Cikarang,"Cikarang Selatan, Kabupaten Bekasi",,dokter-umum,2025-06-15 02:54:02
dr. Tiur Marina Siabolon,Dokter Umum,RS Satya Negara,"Tanjung Priok, Jakarta Utara",,dokter-umum,2025-06-15 02:54:02
dr. Tobrie,Dokter Umum,Mayapada Hospital Tangerang,"Tangerang, Tangerang",https://d1ojs48v3n42tp.cloudfront.net/personnels/248711_13-12-2022_13-43-59.png,dokter-umum,2025-06-15 02:54:02
dr. Tommy Nugrahadi W,Dokter Umum,RSU San Medical Center,"Cikampek, Kabupaten Karawang",,dokter-umum,2025-06-15 02:54:02
Dr. Tri Pratiwi Suci Sp. OG,Dokter Umum,RS Permata Cibubur,"Jatisampurna, Bekasi",,dokter-umum,2025-06-15 02:54:02
dr. Tri Sandy Wibawa Mukti,Dokter Umum,RS Pamanukan Medical Center,"Pamanukan, Kabupaten Subang",,dokter-umum,2025-06-15 02:54:02
dr. Tri Wahyuni,Dokter Umum,Cito Indraprasta Semarang,"Semarang Tengah, Kota Semarang",,dokter-umum,2025-06-15 02:54:02
dr. Tri Wahyuni,Dokter Umum,Cito Indraprasta Semarang,"Semarang Tengah, Kota Semarang",,dokter-umum,2025-06-15 02:54:02
dr. Tri Wahyuni,Dokter Umum,Cito Indraprasta Semarang,"Semarang Tengah, Kota Semarang",,dokter-umum,2025-06-15 02:54:05
Dr. Tri Yuniarti,Dokter Umum,Bintaro Woman and Children Clinic Senayan,"Pondok Aren, Tangerang Selatan",,dokter-umum,2025-06-15 02:54:05
dr Tripi,Dokter Umum,Klinik Tiara Bunda Bekasi,"Bekasi Utara, Bekasi",,dokter-umum,2025-06-15 02:54:05
dr. Trisya Putri Melia,Dokter Umum,RS Islam Siti Rahmah Padang,"Koto Tangah, Kota Padang",,dokter-umum,2025-06-15 02:54:05
dr. Tsana Nadhira Susanto,Dokter Umum,RS Royal Surabaya,"Tenggilis Mejoyo, Kota Surabaya",,dokter-umum,2025-06-15 02:54:05
dr. Tya Herawati,Dokter Umum,RSIA Cempaka Az-Zahra Banda Aceh,"Kuta Alam, Kota Banda Aceh",,dokter-umum,2025-06-15 02:54:05
dr. UTARI LARASOWIPA,Dokter Umum,RS Citra Sari Husada,"Klari, Kabupaten Karawang",,dokter-umum,2025-06-15 02:54:05
dr. Ulfi Ainun Hanifah,Dokter Umum,RS Lira Medika,"Karawang Timur, Kabupaten Karawang",,dokter-umum,2025-06-15 02:54:05
dr. Ulfi Ainun Hanifah,Dokter Umum,RS Lira Medika,"Karawang Timur, Kabupaten Karawang",,dokter-umum,2025-06-15 02:54:05
Dr. Urip Sutrisno MARS,Dokter Umum,Klinik Pratama Condet Jaya 24 Jam,"Kramat Jati, Jakarta Timur",,dokter-umum,2025-06-15 02:54:05
Dr. Viandini Permatajati,Dokter Umum,Klinik Good Practice,"Mampang Prapatan, Jakarta Selatan",,dokter-umum,2025-06-15 02:54:08
dr. Vitro Septrian,Dokter Umum,RS Sumber Waras,"Grogol Petamburan, Jakarta Barat",,dokter-umum,2025-06-15 02:54:08
dr. Vivi Widjaja,Dokter Umum,RS Mitra Keluarga Waru,"Waru, Kabupaten Sidoarjo",,dokter-umum,2025-06-15 02:54:08
dr. Vonny Verania Khuangga,Dokter Umum,RSIA Santo Yusuf,"Tanjung Priok, Jakarta Utara",,dokter-umum,2025-06-15 02:54:08
dr. Vonny Verania Khunaga,Dokter Umum,RSIA Santo Yusuf,"Tanjung Priok, Jakarta Utara",,dokter-umum,2025-06-15 02:54:08
Dr. WAN ANDRE NUGRAHA BAROS,Dokter Umum,RS Aulia Pekanbaru,"Tampan, Kota Pekanbaru",,dokter-umum,2025-06-15 02:54:08
Dr. Wa Ode Siti Hasrini Putri,Dokter Umum,RS Firdaus,"Cilincing, Jakarta Utara",,dokter-umum,2025-06-15 02:54:08
dr. Wa Ode Siti Hasrini Putri,Dokter Umum,RS Firdaus,"Cilincing, Jakarta Utara",,dokter-umum,2025-06-15 02:54:08
Dr. Wahyu Mercusi,Dokter Umum,Klinik Insani Medika Babelan,"Babelan, Kabupaten Bekasi",,dokter-umum,2025-06-15 02:54:08
dr. Wahyudi Gani Sp. OG,Dokter Umum,RSIA Stella Maris,"Medan Maimun, Kota Medan",,dokter-umum,2025-06-15 02:54:08
"dr. Wahyudi, MARS",Dokter Umum,RS Mitra Keluarga Tegal,"Tegal Barat, Kota Tegal",https://d1ojs48v3n42tp.cloudfront.net/personnels/95934_30-12-2022_14-30-4.png,dokter-umum,2025-06-15 02:54:10
dr. Weni Puspitasari Sp. M,Dokter Umum,RS Juwita,"Bekasi Timur, Bekasi",,dokter-umum,2025-06-15 02:54:10
dr. Wenni Mei Primasari,Dokter Umum,RS Dewi Sri,"Karawang Barat, Kabupaten Karawang",,dokter-umum,2025-06-15 02:54:10
dr. Wenny Hildasaraswaty Kawa,Dokter Umum,Klinik Marrakash Medical Center,"Babelan, Kabupaten Bekasi",,dokter-umum,2025-06-15 02:54:10
dr. Widyanisa Dwianasti,Dokter Umum,RS Pelni Petamburan,"Palmerah, Jakarta Barat",,dokter-umum,2025-06-15 02:54:10
dr Wilfridus Erik Eke Lamawato,Dokter Umum,Klinik Stefanus Medika,"Bekasi Utara, Bekasi",,dokter-umum,2025-06-15 02:54:10
dr. Wilma Pratiwi,Dokter Umum,RSIA Selasih Medika,"Bekasi Barat, Bekasi",,dokter-umum,2025-06-15 02:54:10
dr. Wimpie Florentinus Panggarbesi Sp. B Onk,Dokter Umum,RS Mitra Keluarga Bekasi,"Bekasi Selatan, Bekasi",,dokter-umum,2025-06-15 02:54:10
dr. Winarta Lesmana Handrea,Dokter Umum,BIMC Hospitals Nusa Dua,"Kuta Selatan, Kabupaten Badung",,dokter-umum,2025-06-15 02:54:10
dr. Winda Ayu Setyawintyas,Dokter Umum,RS Helsa Jatirahayu,"Pondok Melati, Bekasi",,dokter-umum,2025-06-15 02:54:10
dr Wisesa Nandiwardhana,Dokter Umum,RS Azra,"Bogor Utara, Bogor",,dokter-umum,2025-06-15 02:54:13
dr. Wisnu Sakti DwiPutranto,Dokter Umum,RS Masmitra,"Pondok Gede, Bekasi",,dokter-umum,2025-06-15 02:54:13
dr. Wiwid Wardiyah,Dokter Umum,Klinik Aqma Cikampek,"Cikampek, Kabupaten Karawang",,dokter-umum,2025-06-15 02:54:13
dr Wiwin Sundawiyanti Sp. S,Dokter Umum,RS Islam Jakarta Cempaka Putih,"Cempaka Putih, Jakarta Pusat",,dokter-umum,2025-06-15 02:54:13
dr. Wuri Iswarsigit Sp. B (K),Dokter Umum,RS Lira Medika,"Karawang Timur, Kabupaten Karawang",,dokter-umum,2025-06-15 02:54:13
Dr. Y Sugiarto,Dokter Umum,Klinik Giat Waras,"Babelan, Kabupaten Bekasi",,dokter-umum,2025-06-15 02:54:13
"YOEL JUNIO, DR",Dokter Umum,RS Bethsaida,"Kelapa Dua, Kabupaten Tangerang",,dokter-umum,2025-06-15 02:54:13
DR. YUBI,Dokter Umum,Klinik Dewa Medika,"Cakung, Jakarta Timur",,dokter-umum,2025-06-15 02:54:13
dr. Yance Marfadilla,Dokter Umum,Klinik Permata Medika,"Jagakarsa, Jakarta Selatan",,dokter-umum,2025-06-15 02:54:13
dr. Yance Marfadillah,Dokter Umum,Klinik Permata Medika,"Jagakarsa, Jakarta Selatan",,dokter-umum,2025-06-15 02:54:13
dr Yandi Jayapranata,Dokter Umum,RSU Fikri Medika,"Klari, Kabupaten Karawang",,dokter-umum,2025-06-15 02:54:15
dr. Yanuar Saputra W.,Dokter Umum,RS Lira Medika,"Karawang Timur, Kabupaten Karawang",,dokter-umum,2025-06-15 02:54:15
dr. Yanuar Saputra W.,Dokter Umum,RS Lira Medika,"Karawang Timur, Kabupaten Karawang",,dokter-umum,2025-06-15 02:54:15
dr. Yawtadi,Dokter Umum,Klinik Pratama dr. Abdul Radjak Unit Angke,"Grogol Petamburan, Jakarta Barat",,dokter-umum,2025-06-15 02:54:15
dr. Yeremia Wicaksono Putro,Dokter Umum,RS Panti Wilasa Citarum,"Semarang Timur, Kota Semarang",,dokter-umum,2025-06-15 02:54:15
dr. Yogi Nugraha,Dokter Umum,RS EMC Sentul,"Babakan Madang, Kabupaten Bogor",,dokter-umum,2025-06-15 02:54:15
dr. Yohanes Iwan Santoso,Dokter Umum,Klinik Utama Dr Indrajana,"Gambir, Jakarta Pusat",,dokter-umum,2025-06-15 02:54:15
dr. Yohanes Iwan Santoso,Dokter Umum,Klinik Utama Dr Indrajana,"Gambir, Jakarta Pusat",,dokter-umum,2025-06-15 02:54:15
dr. Yoko Septian,Dokter Umum,RS Bethsaida,"Kelapa Dua, Kabupaten Tangerang",,dokter-umum,2025-06-15 02:54:15
dr. Yolanda,Dokter Umum,RS Santa Elisabeth Batam Kota,"Batam Kota, Kota Batam",,dokter-umum,2025-06-15 02:54:15
dr. Yonatan Esli Alexander Tidja,Dokter Umum,Siloam Hospitals Jember,"Kaliwates, Kabupaten Jember",,dokter-umum,2025-06-15 02:54:18
dr. Yonathan Akbar,Dokter Umum,RS Jakarta,"Setiabudi, Jakarta Selatan",,dokter-umum,2025-06-15 02:54:18
dr. Yonathan Hadinoto,Dokter Umum,RS Telogorejo,"Semarang Tengah, Kota Semarang",,dokter-umum,2025-06-15 02:54:18
dr. Yooghy,Dokter Umum,Klinik Ar-Rahman Medika,"Telukjambe Timur, Kabupaten Karawang",,dokter-umum,2025-06-15 02:54:18
dr. Yosep Made Pus Cardia,Dokter Umum,Bali Royal Hospital,"Denpasar Timur, Kota Denpasar",,dokter-umum,2025-06-15 02:54:18
dr. Yosi Rizal,Dokter Umum,RSU Almansyur Medika,"Banjarbaru Utara, Kota Banjarbaru",,dokter-umum,2025-06-15 02:54:18
dr. Yovi Noviani,Dokter Umum,Klinik Pratama Anugerah,"Denpasar Utara, Kota Denpasar",,dokter-umum,2025-06-15 02:54:18
Dr. Yudha Ferriansyah,Dokter Umum,RS Bella,"Bekasi Timur, Bekasi",,dokter-umum,2025-06-15 02:54:18
dr. Yudi Siswanto,Dokter Umum,Apotik Sari Suci,"Kemayoran, Jakarta Pusat",,dokter-umum,2025-06-15 02:54:18
dr. Yunan Marta Kusuma,Dokter Umum,RS Roemani Muhammadiyah,"Semarang Selatan, Kota Semarang",,dokter-umum,2025-06-15 02:54:18
dr. Yuni Kurnia,Dokter Umum,RS Islam Fatimah Cilacap,"Cilacap Utara, Kabupaten Cilacap",,dokter-umum,2025-06-15 02:54:20
Dr. Yunita Sari,Dokter Umum,RS Permata Keluarga Karawang,"Telukjambe Timur, Kabupaten Karawang",,dokter-umum,2025-06-15 02:54:20
dr. Yustiana Savvera Nensi,Dokter Umum,BIMC Hospitals Nusa Dua,"Kuta Selatan, Kabupaten Badung",https://d1ojs48v3n42tp.cloudfront.net/personnels/518643_7-12-2022_15-10-1.png,dokter-umum,2025-06-15 02:54:20
dr. Yusuf Indra Gunawan,Dokter Umum,RSIA Kendangsari Merr,"Mulyorejo, Kota Surabaya",,dokter-umum,2025-06-15 02:54:20
dr. ZAINULHAQ HAMBALI,Dokter Umum,Klinik Pratama Rawat Inap Permata Bunda Wanajaya,"Cibitung, Kabupaten Bekasi",,dokter-umum,2025-06-15 02:54:20
Dr. ZAMIEL REZA,Dokter Umum,RS Rahman Rahim,"Sukodono, Kabupaten Sidoarjo",,dokter-umum,2025-06-15 02:54:20
DR. ZULFA YUBDINAR AINI,Dokter Umum,Klinik Tiara Bunda Bekasi,"Bekasi Utara, Bekasi",,dokter-umum,2025-06-15 02:54:20
dr. Zahra Aruma,Dokter Umum,RS Dinda,"Jatiuwung, Tangerang",,dokter-umum,2025-06-15 02:54:20
Dr. Zulfi Rizqi Al Fajrin,Dokter Umum,Klinik Puri Asih Telukjambe,"Telukjambe Timur, Kabupaten Karawang",,dokter-umum,2025-06-15 02:54:20
dr. Zulfikar Umar,Dokter Umum,Klinik Pratama dr. Abdul Radjak Unit Angke,"Grogol Petamburan, Jakarta Barat",,dokter-umum,2025-06-15 02:54:20
dr. Zulvia Sabilah,Dokter Umum,RSIA Amanah Probolinggo,"Mayangan, Kota Probolinggo",,dokter-umum,2025-06-15 02:54:23
dr Adriani Rasyad,Dokter Umum,Klinik Budhi Pratama Kalisari,"Pasar Rebo, Jakarta Timur",,dokter-umum,2025-06-15 02:54:23
dr Anton,Dokter Umum,RS dr. Oen Solo Baru,"Grogol, Kab Sukoharjo",,dokter-umum,2025-06-15 02:54:23
dr Ardini Saskia Noviayani,Dokter Umum,RS EMC Pekayon,"Bekasi Selatan, Bekasi",,dokter-umum,2025-06-15 02:54:23
dr Dading Eko Andawismono,Dokter Umum,Pamulang Medical Center,"Pamulang, Tangerang Selatan",,dokter-umum,2025-06-15 02:54:23
dr Dylan Alam Fadhilah,Dokter Umum,Klinik Nafila Medika,"Telukjambe Timur, Kabupaten Karawang",,dokter-umum,2025-06-15 02:54:23
dr Ekaningsih Yuniarti,Dokter Umum,Klinik Pratama dr. Abdul Radjak Unit Tegalan,"Matraman, Jakarta Timur",,dokter-umum,2025-06-15 02:54:23
dr Emi Lia Hallm,Dokter Umum,RSIA Melati Husada,"Klojen, Kota Malang",,dokter-umum,2025-06-15 02:54:23
dr Emi Sulliyah,Dokter Umum,RS Bhakti Yudha,"Pancoran Mas, Depok",,dokter-umum,2025-06-15 02:54:23
dr Etya Faradita,Dokter Umum,Klinik Cempaka Lima,"Kuta Alam, Kota Banda Aceh",,dokter-umum,2025-06-15 02:54:23
dr Gibson Pardede,Dokter Umum,Klinik Mulya Medika,"Tambun Selatan, Kabupaten Bekasi",,dokter-umum,2025-06-15 02:54:25
dr Gilang Pradana,Dokter Umum,RS Karunia Kasih,"Pondok Gede, Bekasi",,dokter-umum,2025-06-15 02:54:25
dr Halleyanang Prasana Putra,Dokter Umum,RS St. Elisabeth Semarang,"Candisari, Kota Semarang",,dokter-umum,2025-06-15 02:54:25
dr Harry Sudjana,Dokter Umum,Klinik Naura Medika,"Sukmajaya, Depok",,dokter-umum,2025-06-15 02:54:25
dr Isda Laily,Dokter Umum,Klinik Nafila Medika,"Telukjambe Timur, Kabupaten Karawang",,dokter-umum,2025-06-15 02:54:25
dr Jauhan,Dokter Umum,RSU Baitul Hikmah,"Kendal, Kabupaten Kendal",,dokter-umum,2025-06-15 02:54:25
dr Jonny Burhan,Dokter Umum,RS Pinna,"Tambun Utara, Kabupaten Bekasi",,dokter-umum,2025-06-15 02:54:25
dr Pendy Sp. A,Dokter Umum,RS dr. Oen Solo Baru,"Grogol, Kab Sukoharjo",,dokter-umum,2025-06-15 02:54:25
dr Rahel Roswinda,Dokter Umum,RS UniMedika Setu Bekasi,"Setu, Kabupaten Bekasi",,dokter-umum,2025-06-15 02:54:25
dr Rika Widyawati,Dokter Umum,RS Antam Medika,"Pulo Gadung, Jakarta Timur",,dokter-umum,2025-06-15 02:54:25
dr SILVINA YULANDARI,Dokter Umum,RSIA Cicik,"Padang Timur, Kota Padang",,dokter-umum,2025-06-15 02:54:28
dr Safira Sukma Dewinda,Dokter Umum,RSU Fikri Medika,"Klari, Kabupaten Karawang",,dokter-umum,2025-06-15 02:54:28
dr Shalahuddin El Ayyubi,Dokter Umum,Klinik Dewa Medika,"Cakung, Jakarta Timur",,dokter-umum,2025-06-15 02:54:28
dr Thusly,Dokter Umum,Siloam Hospitals Denpasar,"Kuta, Kabupaten Badung",,dokter-umum,2025-06-15 02:54:28
dr WIDYASTUTI HQD Sp. OG,Dokter Umum,Pramita Laboratory Clinic Amir Mahmud,"Cimahi Tengah, Kota Cimahi",,dokter-umum,2025-06-15 02:54:28
dr Yulius Widiyarta,Dokter Umum,RS Kasih Ibu Surakarta,"Laweyan, Kota Surakarta",,dokter-umum,2025-06-15 02:54:28
dr Zayyan Mieykati Razdig,Dokter Umum,RSIA Selasih Medika,"Bekasi Barat, Bekasi",,dokter-umum,2025-06-15 02:54:28
dr adrian wirahamedi,Dokter Umum,RS MMC,"Setiabudi, Jakarta Selatan",,dokter-umum,2025-06-15 02:54:28
dr alex,Dokter Umum,Klinik Pratama Banjar Medical Center,"Cipondoh, Tangerang",,dokter-umum,2025-06-15 02:54:28
dr wanda junita safitri,Dokter Umum,RS MMC,"Setiabudi, Jakarta Selatan",,dokter-umum,2025-06-15 02:54:28
dr. AGUSTINA KARIANTO,Dokter Umum,Klinik Utama Bethesda Medical Centre,"Garut Kota, Kabupaten Garut",,dokter-umum,2025-06-15 02:54:30
dr. AMORN SUDARNO,Dokter Umum,Mayapada Hospital Jakarta Selatan,"Cilandak, Jakarta Selatan",,dokter-umum,2025-06-15 02:54:30
dr. AMORN SUDARNO,Dokter Umum,Mayapada Hospital Jakarta Selatan,"Cilandak, Jakarta Selatan",,dokter-umum,2025-06-15 02:54:30
dr. AMORN SUDARNO,Dokter Umum,Mayapada Hospital Jakarta Selatan,"Cilandak, Jakarta Selatan",,dokter-umum,2025-06-15 02:54:30
dr. AMORN SUDARNO,Dokter Umum,Mayapada Hospital Jakarta Selatan,"Cilandak, Jakarta Selatan",,dokter-umum,2025-06-15 02:54:30
dr. ANDRYANI,Dokter Umum,Klinik Sapta Mitra Jakarta,"Duren Sawit, Jakarta Timur",,dokter-umum,2025-06-15 02:54:30
dr. Abdulloh,Dokter Umum,RS Dr. Hafiz (RSDH) Cianjur,"Cianjur, Kabupaten Cianjur",,dokter-umum,2025-06-15 02:54:30
dr. Abdur Rohman,Dokter Umum,RS dr. Oen Solo Baru,"Grogol, Kab Sukoharjo",,dokter-umum,2025-06-15 02:54:30
dr. Acob Zaenal,Dokter Umum,Klinik Harapan Sehat 2,"Cikarang Barat, Kabupaten Bekasi",,dokter-umum,2025-06-15 02:54:30
dr. Ade Irwanto,Dokter Umum,Klinik Budi Asih,"Serang Baru, Kabupaten Bekasi",,dokter-umum,2025-06-15 02:54:30
dr. Adhitya Purnama Putra,Dokter Umum,RS Intan Husada Garut,"Tarogong Kidul, Kabupaten Garut",,dokter-umum,2025-06-15 02:54:33
dr. Adiartha Tannika,Dokter Umum,Siloam Hospitals Bogor,"Bogor Tengah, Bogor",,dokter-umum,2025-06-15 02:54:33
dr. Adita Hadining Putri,Dokter Umum,RS Pondok Indah - Pondok Indah,"Kebayoran Lama, Jakarta Selatan",,dokter-umum,2025-06-15 02:54:33
dr. Aditya Nugraha,Dokter Umum,RSKIA Harapan Bunda Bandung,"Buahbatu, Kota Bandung",,dokter-umum,2025-06-15 02:54:33
dr. Aditya Wisnu Pratama,Dokter Umum,Prime Care Clinic Samarinda,"Samarinda Kota, Kota Samarinda",,dokter-umum,2025-06-15 02:54:33
dr. Adolf Gideon,Dokter Umum,RSIA Melati Husada,"Klojen, Kota Malang",,dokter-umum,2025-06-15 02:54:33
dr. Adriani Lawrencia Novalia S.Ked,Dokter Umum,RS Mitra Keluarga Bekasi,"Bekasi Selatan, Bekasi",,dokter-umum,2025-06-15 02:54:33
dr. Afrianti Handayani,Dokter Umum,RS Pelabuhan Jakarta Utara,"Koja, Jakarta Utara",,dokter-umum,2025-06-15 02:54:33
dr. Agnes Treyssia,Dokter Umum,RS Meloy Sangatta,"Sangatta Utara, Kabupaten Kutai Timur",,dokter-umum,2025-06-15 02:54:33
dr. Agustina Karianto,Dokter Umum,Klinik Utama Bethesda Medical Centre,"Garut Kota, Kabupaten Garut",,dokter-umum,2025-06-15 02:54:33
dr. Ajeng Dwi Restiantie,Dokter Umum,RS Dinda,"Jatiuwung, Tangerang",,dokter-umum,2025-06-15 02:54:35
dr. Aji Pangestu Jati,Dokter Umum,Eka Hospital Bekasi,"Tarumajaya, Kabupaten Bekasi",,dokter-umum,2025-06-15 02:54:35
"dr. Akun Wahyudi Sulistianto, Sp.THT-KL",Dokter Umum,Ciputra Mitra Hospital Banjarmasin,"Kertak Hanyar, Kota Banjarmasin",,dokter-umum,2025-06-15 02:54:35
dr. Alfan Bayu Firmansyah,Dokter Umum,Siloam Hospitals Surabaya,"Gubeng, Kota Surabaya",,dokter-umum,2025-06-15 02:54:35
dr. Amalia Ferani,Dokter Umum,RS Kartika Husada Jati Asih,"Jatiasih, Bekasi",,dokter-umum,2025-06-15 02:54:35
dr. Ambartyas Niken,Dokter Umum,RS Pelabuhan Jakarta Utara,"Koja, Jakarta Utara",,dokter-umum,2025-06-15 02:54:35
dr. Aminullah,Dokter Umum,Klinik Kusuma Medical Center Batukajang,"Batu Sopang, Kabupaten Paser",,dokter-umum,2025-06-15 02:54:35
dr. Amirullah,Dokter Umum,Klinik Kusuma Medical Center Batukajang,"Batu Sopang, Kabupaten Paser",,dokter-umum,2025-06-15 02:54:35
dr. Amron sudarno,Dokter Umum,Mayapada Hospital Jakarta Selatan,"Cilandak, Jakarta Selatan",,dokter-umum,2025-06-15 02:54:35
dr. Ana Rianti Syamsiar,Dokter Umum,RS Mitra Keluarga Bekasi,"Bekasi Selatan, Bekasi",,dokter-umum,2025-06-15 02:54:35
dr. Anastasia Anggun Triastuti,Dokter Umum,Persada Hospital,"Blimbing, Kota Malang",,dokter-umum,2025-06-15 02:54:38
dr. Anastasia Maria Aristia Isman,Dokter Umum,RS St. Elisabeth Semarang,"Candisari, Kota Semarang",,dokter-umum,2025-06-15 02:54:38
dr. Anastasia Maria Aristia Isman,Dokter Umum,RS St. Elisabeth Semarang,"Candisari, Kota Semarang",,dokter-umum,2025-06-15 02:54:38
dr. Anasthasia Nagtalia,Dokter Umum,Eka Hospital Bekasi,"Tarumajaya, Kabupaten Bekasi",,dokter-umum,2025-06-15 02:54:38
dr. Anasthasia Nagtalia,Dokter Umum,Eka Hospital Bekasi,"Tarumajaya, Kabupaten Bekasi",,dokter-umum,2025-06-15 02:54:38
dr. Anasthasia Nagtalia,Dokter Umum,Eka Hospital Bekasi,"Tarumajaya, Kabupaten Bekasi",,dokter-umum,2025-06-15 02:54:38
dr. Andre Zaini,Dokter Umum,Alia Hospital Depok,"Pancoran Mas, Depok",,dokter-umum,2025-06-15 02:54:38
dr. Andreas Hardeyanto,Dokter Umum,RS Cahya Kawaluyan,"Padalarang, Kabupaten Bandung Barat",,dokter-umum,2025-06-15 02:54:38
dr. Andy Faisal,Dokter Umum,Siloam Hospitals Bekasi Timur,"Bekasi Timur, Bekasi",,dokter-umum,2025-06-15 02:54:38
dr. Anggi Arum,Dokter Umum,RS Awal Bros Pekanbaru,"Bukit Raya, Kota Pekanbaru",,dokter-umum,2025-06-15 02:54:38
dr. Anindhita Mega P,Dokter Umum,RS Lira Medika,"Karawang Timur, Kabupaten Karawang",,dokter-umum,2025-06-15 02:54:40
dr. Anindita Larasati,Dokter Umum,RS Mitra Keluarga Waru,"Waru, Kabupaten Sidoarjo",,dokter-umum,2025-06-15 02:54:40
dr. Aninditya Cahyarni Sunarso,Dokter Umum,Siloam Hospitals Yogyakarta,"Gondokusuman, Kota Yogyakarta",,dokter-umum,2025-06-15 02:54:40
dr. Anna Yelly,Dokter Umum,Siloam Hospitals Sentosa Bekasi,"Bekasi Timur, Bekasi",,dokter-umum,2025-06-15 02:54:40
dr. Arief Nugraha,Dokter Umum,RS PMI Bogor,"Bogor Utara, Bogor",,dokter-umum,2025-06-15 02:54:40
dr. Arini Firdausi Adzhar Jihad,Dokter Umum,RS. Hamori,"Pagaden, Kabupaten Subang",,dokter-umum,2025-06-15 02:54:40
dr. Ariza Rakhmanza,Dokter Umum,JIH Solo,"Laweyan, Kota Surakarta",,dokter-umum,2025-06-15 02:54:40
dr. Arya Wiranata,Dokter Umum,RS Jakarta,"Setiabudi, Jakarta Selatan",,dokter-umum,2025-06-15 02:54:40
dr. Astriayu Yuwana,Dokter Umum,Siloam Hospitals Lippo Cikarang,"Cikarang Selatan, Kabupaten Bekasi",,dokter-umum,2025-06-15 02:54:40
dr. Asyiffa Huzaini,Dokter Umum,RS Advent Bandung,"Coblong, Kota Bandung",,dokter-umum,2025-06-15 02:54:40
dr. Atika Budhy Setyani,Dokter Umum,RSIA Resti Mulya,"Cakung, Jakarta Timur",,dokter-umum,2025-06-15 02:54:43
dr. Aulia Nurul I,Dokter Umum,RS JIH Purwokerto,"Kembaran, Kabupaten Banyumas",,dokter-umum,2025-06-15 02:54:43
dr. Aulia Sigra Galayudha,Dokter Umum,RS Indriati Baru Sukoharjo,"Grogol, Kab Sukoharjo",,dokter-umum,2025-06-15 02:54:43
dr. Awal Safar M,Dokter Umum,Klinik Kusuma Medical Center Batukajang,"Batu Sopang, Kabupaten Paser",,dokter-umum,2025-06-15 02:54:43
dr. Awal Safar M,Dokter Umum,Klinik Kusuma Medical Center Batukajang,"Batu Sopang, Kabupaten Paser",,dokter-umum,2025-06-15 02:54:43
dr. Awal Safar M,Dokter Umum,Klinik Kusuma Medical Center Batukajang,"Batu Sopang, Kabupaten Paser",,dokter-umum,2025-06-15 02:54:43
dr. Awal Safar M,Dokter Umum,Klinik Kusuma Medical Center Batukajang,"Batu Sopang, Kabupaten Paser",,dokter-umum,2025-06-15 02:54:43
dr. Aya Fana Oase Caesar,Dokter Umum,JIH Solo,"Laweyan, Kota Surakarta",,dokter-umum,2025-06-15 02:54:43
dr. Ayu Oktaviyanti,Dokter Umum,RSU Patria IKKT,"Palmerah, Jakarta Barat",,dokter-umum,2025-06-15 02:54:43
dr. Ayu Widyaningrum,Dokter Umum,RS EMC Sentul,"Babakan Madang, Kabupaten Bogor",,dokter-umum,2025-06-15 02:54:43
dr. Azariel Shemayah Fidelia Johannis,Dokter Umum,RS Mulia Pajajaran,"Bogor Utara, Bogor",,dokter-umum,2025-06-15 02:54:45
dr. Azariel Shemayah Fidelia Johannis,Dokter Umum,RS Mulia Pajajaran,"Bogor Utara, Bogor",,dokter-umum,2025-06-15 02:54:45
dr. Bartholomeus Rusman,Dokter Umum,RS dr. Iqbali Taufan,"Cikarang Selatan, Kabupaten Bekasi",,dokter-umum,2025-06-15 02:54:45
dr. Bellia Marsya Putriyani,Dokter Umum,RS Mitra Keluarga Slawi,"Slawi, Tegal",,dokter-umum,2025-06-15 02:54:45
dr. Bernadinus S. Kurnianto,Dokter Umum,RS Mitra Keluarga Bekasi Timur,"Bekasi Timur, Bekasi",,dokter-umum,2025-06-15 02:54:45
dr. Bernadinus S.Kurnianto,Dokter Umum,RS Mitra Keluarga Bekasi Timur,"Bekasi Timur, Bekasi",,dokter-umum,2025-06-15 02:54:45
dr. Bionardo,Dokter Umum,RS Columbia Asia BSD,"Serpong, Tangerang Selatan",,dokter-umum,2025-06-15 02:54:45
dr. Bonna Vareza,Dokter Umum,Siloam Hospitals Putera Bahagia Cirebon,"Harjamukti, Kota Cirebon",,dokter-umum,2025-06-15 02:54:45
dr. Bram Wijaya,Dokter Umum,RS Telogorejo,"Semarang Tengah, Kota Semarang",,dokter-umum,2025-06-15 02:54:45
dr. Brayen Pangeran Yoshua S,Dokter Umum,RS Lira Medika,"Karawang Timur, Kabupaten Karawang",,dokter-umum,2025-06-15 02:54:45
dr. Brayen Pangeran Yoshua S,Dokter Umum,RS Lira Medika,"Karawang Timur, Kabupaten Karawang",,dokter-umum,2025-06-15 02:54:48
dr. Brayen Pangeran Yoshua S,Dokter Umum,RS Lira Medika,"Karawang Timur, Kabupaten Karawang",,dokter-umum,2025-06-15 02:54:48
dr. Brayen Pangeran Yoshua S,Dokter Umum,RS Lira Medika,"Karawang Timur, Kabupaten Karawang",,dokter-umum,2025-06-15 02:54:48
dr. Brayen Pangeran Yoshua S,Dokter Umum,RS Lira Medika,"Karawang Timur, Kabupaten Karawang",,dokter-umum,2025-06-15 02:54:48
dr. Brayen Pangeran Yoshua S,Dokter Umum,RS Lira Medika,"Karawang Timur, Kabupaten Karawang",,dokter-umum,2025-06-15 02:54:48
dr. Brayen Pangeran Yoshua S,Dokter Umum,RS Lira Medika,"Karawang Timur, Kabupaten Karawang",,dokter-umum,2025-06-15 02:54:48
dr. Brayen Pangeran Yoshua S,Dokter Umum,RS Lira Medika,"Karawang Timur, Kabupaten Karawang",,dokter-umum,2025-06-15 02:54:48
dr. Brayen Pangeran Yoshua S,Dokter Umum,RS Lira Medika,"Karawang Timur, Kabupaten Karawang",,dokter-umum,2025-06-15 02:54:48
dr. Brayen Pangeran Yoshua S,Dokter Umum,RS Lira Medika,"Karawang Timur, Kabupaten Karawang",,dokter-umum,2025-06-15 02:54:48
dr. Brayen Pangeran Yoshua S,Dokter Umum,RS Lira Medika,"Karawang Timur, Kabupaten Karawang",,dokter-umum,2025-06-15 02:54:48
dr. Brayen Pangeran Yoshua S,Dokter Umum,RS Lira Medika,"Karawang Timur, Kabupaten Karawang",,dokter-umum,2025-06-15 02:54:50
dr. Brayen Pangeran Yoshua S,Dokter Umum,RS Lira Medika,"Karawang Timur, Kabupaten Karawang",,dokter-umum,2025-06-15 02:54:50
dr. Brayen Pangeran Yoshua S,Dokter Umum,RS Lira Medika,"Karawang Timur, Kabupaten Karawang",,dokter-umum,2025-06-15 02:54:50
dr. Brayen Pangeran Yoshua S,Dokter Umum,RS Lira Medika,"Karawang Timur, Kabupaten Karawang",,dokter-umum,2025-06-15 02:54:50
dr. Brigitta Godong,Dokter Umum,RS Mitra Keluarga Kelapa Gading,"Kelapa Gading, Jakarta Utara",,dokter-umum,2025-06-15 02:54:50
dr. Bryan Melvern,Dokter Umum,RS PIK,"Penjaringan, Jakarta Utara",,dokter-umum,2025-06-15 02:54:50
dr. Budi Sukmawijaya,Dokter Umum,RS Permata Cirebon,"Kedawung, Kabupaten Cirebon",,dokter-umum,2025-06-15 02:54:50
dr. Cathelin Stella,Dokter Umum,RS Mitra Keluarga Kelapa Gading,"Kelapa Gading, Jakarta Utara",,dokter-umum,2025-06-15 02:54:50
dr. Cecilia putranti,Dokter Umum,RS Medistra,"Setiabudi, Jakarta Selatan",,dokter-umum,2025-06-15 02:54:50
dr. Cherry Cemerlang Astari,Dokter Umum,RS Pondok Indah - Pondok Indah,"Kebayoran Lama, Jakarta Selatan",,dokter-umum,2025-06-15 02:54:50
dr. Chintia nilna muna,Dokter Umum,Klinik Ar-Rahman Galuh Mas,"Telukjambe Timur, Kabupaten Karawang",,dokter-umum,2025-06-15 02:54:53
dr. Christian Syukur Sp.PD.,Dokter Umum,RS Mitra Keluarga Grand Wisata,"Tambun Selatan, Kabupaten Bekasi",,dokter-umum,2025-06-15 02:54:53
dr. Christina Natalia,Dokter Umum,RS Royal Taruma,"Grogol Petamburan, Jakarta Barat",,dokter-umum,2025-06-15 02:54:53
dr. Christine Suryani,Dokter Umum,RS Orthopedi & Traumatologi Surabaya,"Lakarsantri, Kota Surabaya",,dokter-umum,2025-06-15 02:54:53
dr. Cindy Floretta Natanael,Dokter Umum,RSIA Limijati,"Bandung Wetan, Kota Bandung",,dokter-umum,2025-06-15 02:54:53
dr. Cindy Nanda Pratama,Dokter Umum,Mayapada Hospital Surabaya,"Sawahan, Kota Surabaya",,dokter-umum,2025-06-15 02:54:53
dr. Citra Leoni,Dokter Umum,Klinik Jaya Sentosa Bandung,"Sumurbandung, Kota Bandung",,dokter-umum,2025-06-15 02:54:53
dr. Citra Murni,Dokter Umum,RS Meloy Sangatta,"Sangatta Utara, Kabupaten Kutai Timur",,dokter-umum,2025-06-15 02:54:53
dr. Cynthia,Dokter Umum,RSIA Melinda,"Cicendo, Kota Bandung",,dokter-umum,2025-06-15 02:54:53
dr. Dahlia Bunjamin,Dokter Umum,RS Pondok Indah - Puri Indah,"Kembangan, Jakarta Barat",,dokter-umum,2025-06-15 02:54:53
dr. Dahlia Bunjamin,Dokter Umum,RS Pondok Indah - Puri Indah,"Kembangan, Jakarta Barat",,dokter-umum,2025-06-15 02:54:55
dr. Damar Andika,Dokter Umum,RS Muhammadiyah Ahmad Dahlan,"Mojoroto, Kota Kediri",,dokter-umum,2025-06-15 02:54:55
dr. Dana Puspita Putri Anggun Sari,Dokter Umum,Prime Care Clinic Samarinda,"Samarinda Kota, Kota Samarinda",,dokter-umum,2025-06-15 02:54:55
dr. Danar Aji Priambodo,Dokter Umum,Siloam Hospitals Bangka,"Pangkalan Baru,  Kabupaten Bangka Tengah",,dokter-umum,2025-06-15 02:54:55
dr. Daniel Linardi,Dokter Umum,RSU dr. Moedjito Dwidjosiswojo,"Jombang , Kabupaten Jombang",,dokter-umum,2025-06-15 02:54:55
dr. David Susilo,Dokter Umum,RS Santo Borromeus,"Coblong, Kota Bandung",,dokter-umum,2025-06-15 02:54:55
dr. David Susilo,Dokter Umum,RS Santo Borromeus,"Coblong, Kota Bandung",,dokter-umum,2025-06-15 02:54:55
dr. David Susilo,Dokter Umum,RS Santo Borromeus,"Coblong, Kota Bandung",,dokter-umum,2025-06-15 02:54:55
dr. David Susilo,Dokter Umum,RS Santo Borromeus,"Coblong, Kota Bandung",,dokter-umum,2025-06-15 02:54:55
dr. David Susilo,Dokter Umum,RS Santo Borromeus,"Coblong, Kota Bandung",,dokter-umum,2025-06-15 02:54:55
dr. Denny Mukhtar,Dokter Umum,Klinik Citama Tugu Macan,"Bojonggede, Kabupaten Bogor",,dokter-umum,2025-06-15 02:54:58
dr. Denny Mukhtar,Dokter Umum,Klinik Citama Tugu Macan,"Bojonggede, Kabupaten Bogor",,dokter-umum,2025-06-15 02:54:58
dr. Desmonda Suhari,Dokter Umum,Mayapada Hospital Kuningan,"Setiabudi, Jakarta Selatan",,dokter-umum,2025-06-15 02:54:58
dr. Dewa Ayu Megayanti,Dokter Umum,Siloam Hospitals Denpasar,"Kuta, Kabupaten Badung",,dokter-umum,2025-06-15 02:54:58
dr. Dewa Ayu Megayanti,Dokter Umum,Siloam Hospitals Denpasar,"Kuta, Kabupaten Badung",,dokter-umum,2025-06-15 02:54:58
dr. Dewa Ayu Megayanti,Dokter Umum,Siloam Hospitals Denpasar,"Kuta, Kabupaten Badung",,dokter-umum,2025-06-15 02:54:58
dr. Dewa Ayu Megayanti,Dokter Umum,Siloam Hospitals Denpasar,"Kuta, Kabupaten Badung",,dokter-umum,2025-06-15 02:54:58
dr. Dewa Ayu Megayanti,Dokter Umum,Siloam Hospitals Denpasar,"Kuta, Kabupaten Badung",,dokter-umum,2025-06-15 02:54:58
dr. Dewi Nur Fatimah,Dokter Umum,RS Mitra Keluarga Kenjeran,"Mulyorejo, Kota Surabaya",,dokter-umum,2025-06-15 02:54:58
dr. Dewi Sartika,Dokter Umum,RS Permata Dalima Serpong,"Serpong, Tangerang Selatan",,dokter-umum,2025-06-15 02:54:58
dr. Dhanis Sartika,Dokter Umum,RS Restu Ibu Balikpapan,"Balikpapan Tengah, Kota Balikpapan",,dokter-umum,2025-06-15 02:55:00
dr. Dhea Julya Raina,Dokter Umum,RSIA Bunda Suryatni,"Tanah Sareal, Bogor",,dokter-umum,2025-06-15 02:55:00
dr. Diaga,Dokter Umum,RSU St. Elisabeth Purwokerto,"Purwokerto Timur, Kabupaten Banyumas",,dokter-umum,2025-06-15 02:55:00
dr. Diah Sukma,Dokter Umum,Klinik dr. Yati Zarnudji,"Cibinong, Kabupaten Bogor",,dokter-umum,2025-06-15 02:55:00
dr. Dian Safitri Putri Nastiti,Dokter Umum,RS Islam Jombang,"Jombang , Kabupaten Jombang",,dokter-umum,2025-06-15 02:55:00
dr. Dian Wulandaru Sukmaning,Dokter Umum,RS Mitra Keluarga Bintaro,"Pondok Aren, Tangerang Selatan",,dokter-umum,2025-06-15 02:55:00
dr. Diana Kususma,Dokter Umum,RS Mitra Keluarga Kemayoran,"Kemayoran, Jakarta Pusat",,dokter-umum,2025-06-15 02:55:00
dr. Difa Pradana,Dokter Umum,RS Tria Dipa,"Pancoran, Jakarta Selatan",,dokter-umum,2025-06-15 02:55:00
dr. Dimas Agung Saputra,Dokter Umum,Siloam Hospitals Sriwijaya Palembang,"Ilir Barat I, Kota Palembang",,dokter-umum,2025-06-15 02:55:00
dr. Diva Farica Sholihah,Dokter Umum,RS Permata Bekasi,"Mustika Jaya, Bekasi",,dokter-umum,2025-06-15 02:55:00
dr. Donna Eveline Prisca Panduu,Dokter Umum,Eka Hospital Bekasi,"Tarumajaya, Kabupaten Bekasi",,dokter-umum,2025-06-15 02:55:03
dr. Donna Eveline Prisca Panduu,Dokter Umum,Eka Hospital Bekasi,"Tarumajaya, Kabupaten Bekasi",,dokter-umum,2025-06-15 02:55:03
dr. Donna Eveline Prisca Panduu,Dokter Umum,Eka Hospital Bekasi,"Tarumajaya, Kabupaten Bekasi",,dokter-umum,2025-06-15 02:55:03
dr. Donna Eveline Prisca Panduu,Dokter Umum,Eka Hospital Bekasi,"Tarumajaya, Kabupaten Bekasi",,dokter-umum,2025-06-15 02:55:03
dr. Donna Eveline Prisca Panduu,Dokter Umum,Eka Hospital Bekasi,"Tarumajaya, Kabupaten Bekasi",,dokter-umum,2025-06-15 02:55:03
dr. Dwi Eva,Dokter Umum,RS Telogorejo,"Semarang Tengah, Kota Semarang",,dokter-umum,2025-06-15 02:55:03
dr. Dwi Fadli,Dokter Umum,RSIA Bina Medika,"Pondok Aren, Tangerang Selatan",,dokter-umum,2025-06-15 02:55:03
dr. Dwi Katarina,Dokter Umum,RS Permata Pamulang,"Pamulang, Tangerang Selatan",,dokter-umum,2025-06-15 02:55:03
dr. Dwi Notosusanto,Dokter Umum,RS Buah Hati Ciputat,"Ciputat, Tangerang Selatan",,dokter-umum,2025-06-15 02:55:03
dr. Dwi Suci Hariyanti,Dokter Umum,Klinik dr. Popy Istianti,"Serpong, Tangerang Selatan",,dokter-umum,2025-06-15 02:55:03
dr. Dwicky Riezkhi,Dokter Umum,RS Misi Lebak,"Rangkasbitung, Kabupaten Lebak",,dokter-umum,2025-06-15 02:55:05
dr. Dwipa Ansori,Dokter Umum,Klinik Pratama Medika Kramat Jati,"Kramat Jati, Jakarta Timur",,dokter-umum,2025-06-15 02:55:05
dr. Dwitya Atmaka Kertiyasa,Dokter Umum,Siloam Hospitals ASRI,"Pancoran, Jakarta Selatan",,dokter-umum,2025-06-15 02:55:05
dr. Early Nurhana K,Dokter Umum,Klinik Jati Elok,"Pagedangan, Kabupaten Tangerang",,dokter-umum,2025-06-15 02:55:05
dr. Efani Erfin,Dokter Umum,RS MMC,"Setiabudi, Jakarta Selatan",,dokter-umum,2025-06-15 02:55:05
dr. Ekajanti Tantomo,Dokter Umum,Siloam Hospitals Lippo Village,"Kelapa Dua, Kabupaten Tangerang",,dokter-umum,2025-06-15 02:55:05
dr. Ekky Wibisono,Dokter Umum,RS Awal Bros Pekanbaru,"Bukit Raya, Kota Pekanbaru",,dokter-umum,2025-06-15 02:55:05
dr. Eko Andawismono,Dokter Umum,Pamulang Medical Center,"Pamulang, Tangerang Selatan",,dokter-umum,2025-06-15 02:55:05
dr. Elfia Noerdin,Dokter Umum,RS Prikasih,"Cilandak, Jakarta Selatan",,dokter-umum,2025-06-15 02:55:05
dr. Elisabeth Mariska Natasha H,Dokter Umum,RSU Hasanah Graha Afiah,"Sukmajaya, Depok",,dokter-umum,2025-06-15 02:55:05
dr. Elly Lestari Kabakoran,Dokter Umum,Klinik Mitra Kondang Utama,"Karawang Timur, Kabupaten Karawang",,dokter-umum,2025-06-15 02:55:08
dr. Elridha ainun sari,Dokter Umum,RSIA JWCC Asih,"Kebayoran Baru, Jakarta Selatan",,dokter-umum,2025-06-15 02:55:08
dr. Endah Kusuma Wardani,Dokter Umum,RS Lira Medika,"Karawang Timur, Kabupaten Karawang",,dokter-umum,2025-06-15 02:55:08
dr. Ericka Hartanto,Dokter Umum,Siloam Hospitals Semarang,"Semarang Selatan, Kota Semarang",,dokter-umum,2025-06-15 02:55:08
dr. Erinne,Dokter Umum,RS Santa Maria Pekanbaru,"Seukajadi, Kota Pekanbaru",,dokter-umum,2025-06-15 02:55:08
dr. Erisa Senthya,Dokter Umum,RS Awal Bros Pekanbaru,"Bukit Raya, Kota Pekanbaru",,dokter-umum,2025-06-15 02:55:08
dr. Eriskop Sianturi,Dokter Umum,Charitas Hospital KM 7,"Sukarame, Kota Palembang",,dokter-umum,2025-06-15 02:55:08
dr. Erza Pinayungan,Dokter Umum,RSIA Muslimat Jombang,"Jombang , Kabupaten Jombang",,dokter-umum,2025-06-15 02:55:08
dr. Ester Puti Andyni Manalu,Dokter Umum,Eka Hospital Bekasi,"Tarumajaya, Kabupaten Bekasi",,dokter-umum,2025-06-15 02:55:08
dr. Esy Fatrisia Yonesi,Dokter Umum,Klinik Medikids by MHDC Bekasi,"Bekasi Utara, Bekasi",,dokter-umum,2025-06-15 02:55:08
dr. Eva Octavia,Dokter Umum,RS Mitra Keluarga Bekasi Timur,"Bekasi Timur, Bekasi",,dokter-umum,2025-06-15 02:55:10
dr. Ezra Gde Asa H,Dokter Umum,RS Panti Waluyo,"Laweyan, Kota Surakarta",,dokter-umum,2025-06-15 02:55:10
dr. Fachrezi Khatami,Dokter Umum,Siloam Hospitals Sriwijaya Palembang,"Ilir Barat I, Kota Palembang",,dokter-umum,2025-06-15 02:55:10
dr. Fadhil Muammar,Dokter Umum,RS Orthopedi & Traumatologi Surabaya,"Lakarsantri, Kota Surabaya",,dokter-umum,2025-06-15 02:55:10
dr. Faisal Sugiarto Hutapea,Dokter Umum,Bogor Senior Hospital,"Bogor Selatan, Bogor",,dokter-umum,2025-06-15 02:55:10
dr. Fajar Nugraha Mulya Loe,Dokter Umum,RS Bina Husada,"Cibinong, Kabupaten Bogor",,dokter-umum,2025-06-15 02:55:10
dr. Fandy Varianto,Dokter Umum,Siloam Hospitals Lippo Village,"Kelapa Dua, Kabupaten Tangerang",,dokter-umum,2025-06-15 02:55:10
dr. Fandy Varianto,Dokter Umum,Siloam Hospitals Lippo Village,"Kelapa Dua, Kabupaten Tangerang",,dokter-umum,2025-06-15 02:55:10
dr. Fandy Varianto,Dokter Umum,Siloam Hospitals Lippo Village,"Kelapa Dua, Kabupaten Tangerang",,dokter-umum,2025-06-15 02:55:10
dr. Fandy Varianto,Dokter Umum,Siloam Hospitals Lippo Village,"Kelapa Dua, Kabupaten Tangerang",,dokter-umum,2025-06-15 02:55:10
dr. Fandy Varianto,Dokter Umum,Siloam Hospitals Lippo Village,"Kelapa Dua, Kabupaten Tangerang",,dokter-umum,2025-06-15 02:55:13
dr. Fandy Varianto,Dokter Umum,Siloam Hospitals Lippo Village,"Kelapa Dua, Kabupaten Tangerang",,dokter-umum,2025-06-15 02:55:13
dr. Fandy Varianto,Dokter Umum,Siloam Hospitals Lippo Village,"Kelapa Dua, Kabupaten Tangerang",,dokter-umum,2025-06-15 02:55:13
dr. Fandy Varianto,Dokter Umum,Siloam Hospitals Lippo Village,"Kelapa Dua, Kabupaten Tangerang",,dokter-umum,2025-06-15 02:55:13
dr. Fandy Varianto,Dokter Umum,Siloam Hospitals Lippo Village,"Kelapa Dua, Kabupaten Tangerang",,dokter-umum,2025-06-15 02:55:13
dr. Fandy Varianto,Dokter Umum,Siloam Hospitals Lippo Village,"Kelapa Dua, Kabupaten Tangerang",,dokter-umum,2025-06-15 02:55:13
dr. Fandy Varianto,Dokter Umum,Siloam Hospitals Lippo Village,"Kelapa Dua, Kabupaten Tangerang",,dokter-umum,2025-06-15 02:55:13
dr. Fandy Varianto,Dokter Umum,Siloam Hospitals Lippo Village,"Kelapa Dua, Kabupaten Tangerang",,dokter-umum,2025-06-15 02:55:13
dr. Fandy Varianto,Dokter Umum,Siloam Hospitals Lippo Village,"Kelapa Dua, Kabupaten Tangerang",,dokter-umum,2025-06-15 02:55:13
dr. Faris,Dokter Umum,RS Islam Bogor,"Tanah Sareal, Bogor",,dokter-umum,2025-06-15 02:55:13
dr. Farizky Anka Azdani,Dokter Umum,Klinik Pratama Rawat Jalan Hanuro,"Jatiasih, Bekasi",,dokter-umum,2025-06-15 02:55:15
dr. Febri Kurniawarsih,Dokter Umum,Pratama St. Carolus SAMADI Klender,"Duren Sawit, Jakarta Timur",,dokter-umum,2025-06-15 02:55:15
dr. Febrian Moris,Dokter Umum,RS Anugerah Bunda Khatulistiwa,"Pontianak Tenggara, Kota Pontianak",,dokter-umum,2025-06-15 02:55:15
dr. Felix Gunawa,Dokter Umum,Eka Hospital Bekasi,"Tarumajaya, Kabupaten Bekasi",,dokter-umum,2025-06-15 02:55:15
dr. Felix Gunawan,Dokter Umum,Eka Hospital Bekasi,"Tarumajaya, Kabupaten Bekasi",,dokter-umum,2025-06-15 02:55:15
dr. Felix Gunawan,Dokter Umum,Eka Hospital Bekasi,"Tarumajaya, Kabupaten Bekasi",,dokter-umum,2025-06-15 02:55:15
dr. Felix Gunawan,Dokter Umum,Eka Hospital Bekasi,"Tarumajaya, Kabupaten Bekasi",,dokter-umum,2025-06-15 02:55:15
dr. Felix Gunawan,Dokter Umum,Eka Hospital Bekasi,"Tarumajaya, Kabupaten Bekasi",,dokter-umum,2025-06-15 02:55:15
dr. Felix Gunawan,Dokter Umum,Eka Hospital Bekasi,"Tarumajaya, Kabupaten Bekasi",,dokter-umum,2025-06-15 02:55:15
dr. Ferdinand Yusuf Pranowo,Dokter Umum,RS Samarinda Medika Citra,"Samarinda Ulu, Kota Samarinda",,dokter-umum,2025-06-15 02:55:15
dr. Fifky Pantow,Dokter Umum,Siloam Hospitals TB Simatupang,"Cilandak, Jakarta Selatan",,dokter-umum,2025-06-15 02:55:18
dr. Fikri Akbar Alfarizi,Dokter Umum,RSU San Medical Center,"Cikampek, Kabupaten Karawang",,dokter-umum,2025-06-15 02:55:18
dr. Firdaus Nurdin,Dokter Umum,RSIA Zainab,"Sail, Kota Pekanbaru",,dokter-umum,2025-06-15 02:55:18
dr. Firdaus Nurdin,Dokter Umum,RSIA Zainab,"Sail, Kota Pekanbaru",,dokter-umum,2025-06-15 02:55:18
dr. Florence Wohon,Dokter Umum,Siloam Hospitals Manado,"Wenang, Kota Manado",,dokter-umum,2025-06-15 02:55:18
dr. Florencia Pauliana Wijanarko,Dokter Umum,Siloam Hospitals Lippo Village,"Kelapa Dua, Kabupaten Tangerang",,dokter-umum,2025-06-15 02:55:18
dr. Fransiskus,Dokter Umum,RS Pluit,"Penjaringan, Jakarta Utara",,dokter-umum,2025-06-15 02:55:18
dr. Frenstan,Dokter Umum,Siloam Hospitals Kebon Jeruk,"Kebon Jeruk, Jakarta Barat",,dokter-umum,2025-06-15 02:55:18
dr. Frida Ayu Nawangsih,Dokter Umum,RS Kartika Husada Jati Asih,"Jatiasih, Bekasi",,dokter-umum,2025-06-15 02:55:18
dr. Fullarini,Dokter Umum,RSU Islam Harapan Anda Tegal,"Tegal Selatan, Kota Tegal",,dokter-umum,2025-06-15 02:55:18
dr. Gabrielle J.Hartono,Dokter Umum,National Hospital,"Wiyung, Kota Surabaya",,dokter-umum,2025-06-15 02:55:20
dr. Galih Pamungkas,Dokter Umum,RS Jasa Kartini,"Tawang, Kota Tasikmalaya",,dokter-umum,2025-06-15 02:55:20
dr. Geovanni Jessica,Dokter Umum,RS St. Elisabeth Semarang,"Candisari, Kota Semarang",,dokter-umum,2025-06-15 02:55:20
dr. Grace Nathasya,Dokter Umum,Siloam Hospitals Kebon Jeruk,"Kebon Jeruk, Jakarta Barat",,dokter-umum,2025-06-15 02:55:20
dr. Gracenidy Mutiara Hermawan,Dokter Umum,RS Mitra Keluarga Kalideres,"Kalideres, Jakarta Barat",,dokter-umum,2025-06-15 02:55:20
dr. Habryan Praditya Putra,Dokter Umum,RS Mitra Keluarga Bekasi,"Bekasi Selatan, Bekasi",,dokter-umum,2025-06-15 02:55:20
dr. Handono,Dokter Umum,RS Mitra Keluarga Cikarang,"Cikarang Utara, Kabupaten Bekasi",,dokter-umum,2025-06-15 02:55:20
dr. Handono,Dokter Umum,RS Mitra Keluarga Cikarang,"Cikarang Utara, Kabupaten Bekasi",,dokter-umum,2025-06-15 02:55:20
dr. Hanry Tanto,Dokter Umum,Siloam Hospitals Sriwijaya Palembang,"Ilir Barat I, Kota Palembang",,dokter-umum,2025-06-15 02:55:20
dr. Hans Eldith Monintja,Dokter Umum,RSIA Permata Serdang,"Kramatwatu, Kabupaten Serang",,dokter-umum,2025-06-15 02:55:20
dr. Hansen Yonathan Firdaus,Dokter Umum,RS Mitra Keluarga Kalideres,"Kalideres, Jakarta Barat",,dokter-umum,2025-06-15 02:55:23
dr. Hardini,Dokter Umum,RS Mitra Keluarga Kemayoran,"Kemayoran, Jakarta Pusat",,dokter-umum,2025-06-15 02:55:23
dr. Harry Haryanto,Dokter Umum,Siloam Hospitals Dhirga Surya Medan,"Medan Petisah, Kota Medan",,dokter-umum,2025-06-15 02:55:23
dr. Harry Haryanto,Dokter Umum,Siloam Hospitals Dhirga Surya Medan,"Medan Petisah, Kota Medan",,dokter-umum,2025-06-15 02:55:23
dr. Helena Keicya Feinina Pasaribu,Dokter Umum,RS Awal Bros Batam,"Lubuk Baja, Kota Batam",,dokter-umum,2025-06-15 02:55:23
dr. Hendra Gusti Lambe,Dokter Umum,RS Cahya Kawaluyan,"Padalarang, Kabupaten Bandung Barat",,dokter-umum,2025-06-15 02:55:23
dr. Hernawati Haji Bagenda,Dokter Umum,Klinik Pratama Alobelo,"Ciputat Timur, Tangerang Selatan",,dokter-umum,2025-06-15 02:55:23
dr. Hetty Marpaung,Dokter Umum,RS Bayukarta,"Karawang Barat, Kabupaten Karawang",,dokter-umum,2025-06-15 02:55:23
dr. Hoerulli,Dokter Umum,RS Islam Bogor,"Tanah Sareal, Bogor",,dokter-umum,2025-06-15 02:55:23
dr. Hotma Tumpal Aruan,Dokter Umum,Klinik Kusuma Medical Center Batukajang,"Batu Sopang, Kabupaten Paser",,dokter-umum,2025-06-15 02:55:23
dr. Hotma Tumpal Aruan,Dokter Umum,Klinik Kusuma Medical Center Batukajang,"Batu Sopang, Kabupaten Paser",,dokter-umum,2025-06-15 02:55:25
dr. Husam Hilal Alkatiri,Dokter Umum,RS Antam Medika,"Pulo Gadung, Jakarta Timur",,dokter-umum,2025-06-15 02:55:25
dr. I Made Eryhrina Putra,Dokter Umum,BIMC Hospitals Nusa Dua,"Kuta Selatan, Kabupaten Badung",,dokter-umum,2025-06-15 02:55:25
dr. IKRIMA AINAL QALBI,Dokter Umum,RSIA Cicik,"Padang Timur, Kota Padang",,dokter-umum,2025-06-15 02:55:25
dr. IYUS YUSNIAH,Dokter Umum,RSIA Tumbuh Kembang,"Cimanggis, Depok",,dokter-umum,2025-06-15 02:55:25
dr. Illhan Setiawan,Dokter Umum,RS Mitra Keluarga Pratama Jatiasih,"Jatiasih, Bekasi",,dokter-umum,2025-06-15 02:55:25
dr. Imaduddin Baskoro Hadinegoro,Dokter Umum,RS Intan Husada Garut,"Tarogong Kidul, Kabupaten Garut",,dokter-umum,2025-06-15 02:55:25
dr. Iman Teguh Badruzzaman,Dokter Umum,RS. Hamori,"Pagaden, Kabupaten Subang",,dokter-umum,2025-06-15 02:55:25
dr. Inas Amalia Mahasin,Dokter Umum,RS Jati Sampurna,"Jatisampurna, Bekasi",,dokter-umum,2025-06-15 02:55:25
dr. Indah Suaciati,Dokter Umum,RS Medistra,"Setiabudi, Jakarta Selatan",,dokter-umum,2025-06-15 02:55:25
dr. Indira Diva Kinanti Putri,Dokter Umum,RS Mitra Keluarga Slawi,"Slawi, Tegal",,dokter-umum,2025-06-15 02:55:27
dr. Intan Asri Sarasati,Dokter Umum,RS Karunia Kasih,"Pondok Gede, Bekasi",,dokter-umum,2025-06-15 02:55:27
dr. Intan Asri Sarasati,Dokter Umum,RS Karunia Kasih,"Pondok Gede, Bekasi",,dokter-umum,2025-06-15 02:55:27
dr. Irene Aurelia Santoso Sp.A.,Dokter Umum,RS Mitra Keluarga Kenjeran,"Mulyorejo, Kota Surabaya",,dokter-umum,2025-06-15 02:55:27
dr. Irene Fransisca Gunalam,Dokter Umum,RS EMC Sentul,"Babakan Madang, Kabupaten Bogor",,dokter-umum,2025-06-15 02:55:27
dr. Irene Madurika Putri,Dokter Umum,Bali Royal Hospital,"Denpasar Timur, Kota Denpasar",,dokter-umum,2025-06-15 02:55:27
dr. Isna Maulida Hanum,Dokter Umum,RS PKU Muhammadiyah Gamping,"Gamping, Kabupaten Sleman",,dokter-umum,2025-06-15 02:55:27
dr. Ivan Harsa,Dokter Umum,Siloam Hospitals Yogyakarta,"Gondokusuman, Kota Yogyakarta",,dokter-umum,2025-06-15 02:55:27
dr. Ivan Onggo Saputro,Dokter Umum,Siloam Hospitals Semarang,"Semarang Selatan, Kota Semarang",,dokter-umum,2025-06-15 02:55:27
dr. JOHAN PANDUWINATA,Dokter Umum,Mayapada Hospital Tangerang,"Tangerang, Tangerang",,dokter-umum,2025-06-15 02:55:27
dr. Jason,Dokter Umum,RS Lira Medika,"Karawang Timur, Kabupaten Karawang",,dokter-umum,2025-06-15 02:55:30
dr. Jecsan Veriando S.,Dokter Umum,Klinik Mitra Kondang Utama,"Karawang Timur, Kabupaten Karawang",,dokter-umum,2025-06-15 02:55:30
dr. Jerry Widjaya,Dokter Umum,RS Keluarga Kita,"Curug, Kabupaten Tangerang",,dokter-umum,2025-06-15 02:55:30
dr. Jessica Adhyka Margareth,Dokter Umum,RS Mitra Keluarga Depok,"Pancoran Mas, Depok",,dokter-umum,2025-06-15 02:55:30
dr. Johanes santoso,Dokter Umum,RS Zahirah,"Jagakarsa, Jakarta Selatan",,dokter-umum,2025-06-15 02:55:30
dr. John Esmar Jikow Gultom,Dokter Umum,RS Mitra Medika Pontianak,"Pontianak Kota, Kota Pontianak",,dokter-umum,2025-06-15 02:55:30
dr. John Meredy Napitupulu,Dokter Umum,RS Roemani Muhammadiyah,"Semarang Selatan, Kota Semarang",,dokter-umum,2025-06-15 02:55:30
dr. Jourdan,Dokter Umum,RS PIK,"Penjaringan, Jakarta Utara",,dokter-umum,2025-06-15 02:55:30
dr. Karina Haque,Dokter Umum,RSIA Aisyiyah Samarinda,"Samarinda Kota, Kota Samarinda",,dokter-umum,2025-06-15 02:55:30
dr. Katarina Frenka Nadya Wijaya,Dokter Umum,RS Mitra Keluarga Cikarang,"Cikarang Utara, Kabupaten Bekasi",,dokter-umum,2025-06-15 02:55:30
dr. Khansa Salsabila,Dokter Umum,RS MMC,"Setiabudi, Jakarta Selatan",,dokter-umum,2025-06-15 02:55:32
dr. Khen Mikhael,Dokter Umum,Siloam Hospitals Ambon,"Sirimau, Kota Ambon",,dokter-umum,2025-06-15 02:55:32
dr. Khusnul Khotimah,Dokter Umum,RSIA Buah Hati Pamulang,"Pamulang, Tangerang Selatan",,dokter-umum,2025-06-15 02:55:32
dr. Khusnul Khotimah,Dokter Umum,RSIA Buah Hati Pamulang,"Pamulang, Tangerang Selatan",,dokter-umum,2025-06-15 02:55:32
dr. Khusnul Khotimah,Dokter Umum,RSIA Buah Hati Pamulang,"Pamulang, Tangerang Selatan",,dokter-umum,2025-06-15 02:55:32
dr. Khusnul Khotimah,Dokter Umum,RSIA Buah Hati Pamulang,"Pamulang, Tangerang Selatan",,dokter-umum,2025-06-15 02:55:32
dr. Kinanti Maura Sandradewi,Dokter Umum,RS St. Elisabeth Semarang,"Candisari, Kota Semarang",,dokter-umum,2025-06-15 02:55:32
dr. Kristin Gaby Rosari,Dokter Umum,RS Royal Surabaya,"Tenggilis Mejoyo, Kota Surabaya",,dokter-umum,2025-06-15 02:55:32
dr. Kusuma Muhammad Andhika,Dokter Umum,RS Pondok Indah - Pondok Indah,"Kebayoran Lama, Jakarta Selatan",,dokter-umum,2025-06-15 02:55:32
dr. LILY WINATA,Dokter Umum,Mayapada Hospital Tangerang,"Tangerang, Tangerang",,dokter-umum,2025-06-15 02:55:32
dr. Laurensia Sherly,Dokter Umum,Ciputra Hospital Citra Garden City Jakarta Barat,"Kalideres, Jakarta Barat",,dokter-umum,2025-06-15 02:55:35
dr. Laurentia Cindy Gani Wijaya,Dokter Umum,Siloam Hospitals Kebon Jeruk,"Kebon Jeruk, Jakarta Barat",,dokter-umum,2025-06-15 02:55:35
dr. Laurentia Cindy Gani Wijaya,Dokter Umum,Siloam Hospitals Kebon Jeruk,"Kebon Jeruk, Jakarta Barat",,dokter-umum,2025-06-15 02:55:35
dr. Laurentia Cindy Gani Wijaya,Dokter Umum,Siloam Hospitals Kebon Jeruk,"Kebon Jeruk, Jakarta Barat",,dokter-umum,2025-06-15 02:55:35
dr. Laurentia Cindy Gani Wijaya,Dokter Umum,Siloam Hospitals Kebon Jeruk,"Kebon Jeruk, Jakarta Barat",,dokter-umum,2025-06-15 02:55:35
dr. Laurentia Cindy Gani Wijaya,Dokter Umum,Siloam Hospitals Kebon Jeruk,"Kebon Jeruk, Jakarta Barat",,dokter-umum,2025-06-15 02:55:35
dr. Laurentia Cindy Gani Wijaya,Dokter Umum,Siloam Hospitals Kebon Jeruk,"Kebon Jeruk, Jakarta Barat",,dokter-umum,2025-06-15 02:55:35
dr. Laurentia Cindy Gani Wijaya,Dokter Umum,Siloam Hospitals Kebon Jeruk,"Kebon Jeruk, Jakarta Barat",,dokter-umum,2025-06-15 02:55:35
dr. Laurentia Cindy Gani Wijaya,Dokter Umum,Siloam Hospitals Kebon Jeruk,"Kebon Jeruk, Jakarta Barat",,dokter-umum,2025-06-15 02:55:35
dr. Laurentia Cindy Gani Wijaya,Dokter Umum,Siloam Hospitals Kebon Jeruk,"Kebon Jeruk, Jakarta Barat",,dokter-umum,2025-06-15 02:55:35
dr. Laurentia Cindy Gani Wijaya,Dokter Umum,Siloam Hospitals Kebon Jeruk,"Kebon Jeruk, Jakarta Barat",,dokter-umum,2025-06-15 02:55:37
dr. Laurentia Cindy Gani Wijaya,Dokter Umum,Siloam Hospitals Kebon Jeruk,"Kebon Jeruk, Jakarta Barat",,dokter-umum,2025-06-15 02:55:37
dr. Laurentia Cindy Gani Wijaya,Dokter Umum,Siloam Hospitals Kebon Jeruk,"Kebon Jeruk, Jakarta Barat",,dokter-umum,2025-06-15 02:55:37
dr. Laurentia Cindy Gani Wijaya,Dokter Umum,Siloam Hospitals Kebon Jeruk,"Kebon Jeruk, Jakarta Barat",,dokter-umum,2025-06-15 02:55:37
dr. Laurentia Cindy Gani Wijaya,Dokter Umum,Siloam Hospitals Kebon Jeruk,"Kebon Jeruk, Jakarta Barat",,dokter-umum,2025-06-15 02:55:37
dr. Laurentia Cindy Gani Wijaya,Dokter Umum,Siloam Hospitals Kebon Jeruk,"Kebon Jeruk, Jakarta Barat",,dokter-umum,2025-06-15 02:55:37
dr. Laurentia Cindy Gani Wijaya,Dokter Umum,Siloam Hospitals Kebon Jeruk,"Kebon Jeruk, Jakarta Barat",,dokter-umum,2025-06-15 02:55:37
dr. Laurentia Cindy Gani Wijaya,Dokter Umum,Siloam Hospitals Kebon Jeruk,"Kebon Jeruk, Jakarta Barat",,dokter-umum,2025-06-15 02:55:37
dr. Laurentia Cindy Gani Wijaya,Dokter Umum,Siloam Hospitals Kebon Jeruk,"Kebon Jeruk, Jakarta Barat",,dokter-umum,2025-06-15 02:55:37
dr. Laurentia Cindy Gani Wijaya,Dokter Umum,Siloam Hospitals Kebon Jeruk,"Kebon Jeruk, Jakarta Barat",,dokter-umum,2025-06-15 02:55:37
dr. Laurentia Cindy Gani Wijaya,Dokter Umum,Siloam Hospitals Kebon Jeruk,"Kebon Jeruk, Jakarta Barat",,dokter-umum,2025-06-15 02:55:40
dr. Laurentia Cindy Gani Wijaya,Dokter Umum,Siloam Hospitals Kebon Jeruk,"Kebon Jeruk, Jakarta Barat",,dokter-umum,2025-06-15 02:55:40
dr. Laurentia Cindy Gani Wijaya,Dokter Umum,Siloam Hospitals Kebon Jeruk,"Kebon Jeruk, Jakarta Barat",,dokter-umum,2025-06-15 02:55:40
dr. Laurentia Cindy Gani Wijaya,Dokter Umum,Siloam Hospitals Kebon Jeruk,"Kebon Jeruk, Jakarta Barat",,dokter-umum,2025-06-15 02:55:40
dr. Laurentia Cindy Gani Wijaya,Dokter Umum,Siloam Hospitals Kebon Jeruk,"Kebon Jeruk, Jakarta Barat",,dokter-umum,2025-06-15 02:55:40
dr. Laurentia Cindy Gani Wijaya,Dokter Umum,Siloam Hospitals Kebon Jeruk,"Kebon Jeruk, Jakarta Barat",,dokter-umum,2025-06-15 02:55:40
dr. Laurentia Cindy Gani Wijaya,Dokter Umum,Siloam Hospitals Kebon Jeruk,"Kebon Jeruk, Jakarta Barat",,dokter-umum,2025-06-15 02:55:40
dr. Laurentia Cindy Gani Wijaya,Dokter Umum,Siloam Hospitals Kebon Jeruk,"Kebon Jeruk, Jakarta Barat",,dokter-umum,2025-06-15 02:55:40
dr. Laurentia Cindy Gani Wijaya,Dokter Umum,Siloam Hospitals Kebon Jeruk,"Kebon Jeruk, Jakarta Barat",,dokter-umum,2025-06-15 02:55:40
dr. Laurentia Cindy Gani Wijaya,Dokter Umum,Siloam Hospitals Kebon Jeruk,"Kebon Jeruk, Jakarta Barat",,dokter-umum,2025-06-15 02:55:40
dr. Laurentia Cindy Gani Wijaya,Dokter Umum,Siloam Hospitals Kebon Jeruk,"Kebon Jeruk, Jakarta Barat",,dokter-umum,2025-06-15 02:55:42
dr. Laurentia Cindy Gani Wijaya,Dokter Umum,Siloam Hospitals Kebon Jeruk,"Kebon Jeruk, Jakarta Barat",,dokter-umum,2025-06-15 02:55:42
dr. Laurentia Cindy Gani Wijaya,Dokter Umum,Siloam Hospitals Kebon Jeruk,"Kebon Jeruk, Jakarta Barat",,dokter-umum,2025-06-15 02:55:42
dr. Laurentia Cindy Gani Wijaya,Dokter Umum,Siloam Hospitals Kebon Jeruk,"Kebon Jeruk, Jakarta Barat",,dokter-umum,2025-06-15 02:55:42
dr. Laurentia Cindy Gani Wijaya,Dokter Umum,Siloam Hospitals Kebon Jeruk,"Kebon Jeruk, Jakarta Barat",,dokter-umum,2025-06-15 02:55:42
dr. Laurentia Cindy Gani Wijaya,Dokter Umum,Siloam Hospitals Kebon Jeruk,"Kebon Jeruk, Jakarta Barat",,dokter-umum,2025-06-15 02:55:42
dr. Lenny Widyawati Intan Sari,Dokter Umum,RS Santa Clara,"Manguharjo, Kota Madiun",,dokter-umum,2025-06-15 02:55:42
dr. Leny Dwi Paramita Sari,Dokter Umum,RS Gatoel,"Prajurit Kulon, Kota Mojokerto",,dokter-umum,2025-06-15 02:55:42
dr. Leroy David Vincent,Dokter Umum,RS Mitra Keluarga Kelapa Gading,"Kelapa Gading, Jakarta Utara",,dokter-umum,2025-06-15 02:55:42
dr. Lidwina Chandra,Dokter Umum,RS Lira Medika,"Karawang Timur, Kabupaten Karawang",,dokter-umum,2025-06-15 02:55:42
dr. Lilian Anitasari,Dokter Umum,Klinik Annisa Kalimantan (Tabalong),"Murung Pudak, Kabupaten Tabalong",,dokter-umum,2025-06-15 02:55:45
dr. Liman Harijono,Dokter Umum,RS Royal Taruma,"Grogol Petamburan, Jakarta Barat",,dokter-umum,2025-06-15 02:55:45
dr. Lita Afrianty Puspitasari,Dokter Umum,Siloam Hospitals Kupang,"Oebobo, Kota Kupang",,dokter-umum,2025-06-15 02:55:45
dr. Livia Taniwangsa,Dokter Umum,RS TMC,"Cihideung, Kota Tasikmalaya",,dokter-umum,2025-06-15 02:55:45
dr. Luki M.,Dokter Umum,RS Petrokimia Gresik,"Gresik, Kabupaten Gresik",,dokter-umum,2025-06-15 02:55:45
dr. Lukluk Zamrotul Damayanti,Dokter Umum,Siloam Hospitals Purwakarta,"Bungursari, Kabupaten Purwakarta",,dokter-umum,2025-06-15 02:55:45
dr. Lukman Endro,Dokter Umum,Klinik Telagasari,"Talagasari, Kabupaten Karawang",,dokter-umum,2025-06-15 02:55:45
dr. Luxy Adrian Al Hadid,Dokter Umum,Klinik Pratama Rawat Jalan Hanuro,"Jatiasih, Bekasi",,dokter-umum,2025-06-15 02:55:45
dr. M Rizal Bayu,Dokter Umum,RS Roemani Muhammadiyah,"Semarang Selatan, Kota Semarang",,dokter-umum,2025-06-15 02:55:45
dr. MARIA LAURENSIA LINAWATI,Dokter Umum,Mayapada Hospital Tangerang,"Tangerang, Tangerang",,dokter-umum,2025-06-15 02:55:45
dr. MARIA LAURENSIA LINAWATI,Dokter Umum,Mayapada Hospital Tangerang,"Tangerang, Tangerang",,dokter-umum,2025-06-15 02:55:47
dr. Malikul Mansur,Dokter Umum,RS Rama Hadi Purwakarta,"Bungursari, Kabupaten Purwakarta",,dokter-umum,2025-06-15 02:55:47
dr. Mardlatillah,Dokter Umum,Siloam Hospitals Cinere ( RS Khusus Jantung Diagram Depok),"Cinere, Depok",,dokter-umum,2025-06-15 02:55:47
dr. Maria Griselda A.F,Dokter Umum,Prime Care Clinic Panglima Polim,"Kebayoran Baru, Jakarta Selatan",,dokter-umum,2025-06-15 02:55:47
dr. Maria I.W,Dokter Umum,RS Santo Borromeus,"Coblong, Kota Bandung",,dokter-umum,2025-06-15 02:55:47
dr. Maria Lioni,Dokter Umum,RS Pondok Indah - Puri Indah,"Kembangan, Jakarta Barat",,dokter-umum,2025-06-15 02:55:47
dr. Maria Lioni,Dokter Umum,RS Pondok Indah - Puri Indah,"Kembangan, Jakarta Barat",,dokter-umum,2025-06-15 02:55:47
dr. Maria Louise Rawis,Dokter Umum,RS Mitra Keluarga Tegal,"Tegal Barat, Kota Tegal",,dokter-umum,2025-06-15 02:55:47
dr. Maria Louise Rawis,Dokter Umum,RS Mitra Keluarga Tegal,"Tegal Barat, Kota Tegal",,dokter-umum,2025-06-15 02:55:47
dr. Maria Tri Irama Ratna Dyah Putranti,Dokter Umum,RS Panti Waluya Sawahan,"Klojen, Kota Malang",,dokter-umum,2025-06-15 02:55:47
dr. Marisabell Giovanni,Dokter Umum,RS Darmo,"Tegalsari, Kota Surabaya",,dokter-umum,2025-06-15 02:55:50
dr. Martin Yohanes Suryadinata,Dokter Umum,RS Mitra Keluarga Kenjeran,"Mulyorejo, Kota Surabaya",,dokter-umum,2025-06-15 02:55:50
dr. Maulan Saputra,Dokter Umum,RS Urip Sumoharjo,"Way Halim, Kota Bandar Lampung",,dokter-umum,2025-06-15 02:55:50
dr. Mela Melawati Cahyati MA,Dokter Umum,RSU Permata Bunda Ciamis,"Ciamis, Kabupaten Ciamis",,dokter-umum,2025-06-15 02:55:50
dr. Melisa Chakravitha,Dokter Umum,Siloam Hospitals Lippo Cikarang,"Cikarang Selatan, Kabupaten Bekasi",,dokter-umum,2025-06-15 02:55:50
dr. Mellyana Vivi Riyanti,Dokter Umum,Siloam Hospitals Surabaya,"Gubeng, Kota Surabaya",,dokter-umum,2025-06-15 02:55:50
dr. Mellyana Vivi Riyanti,Dokter Umum,Siloam Hospitals Surabaya,"Gubeng, Kota Surabaya",,dokter-umum,2025-06-15 02:55:50
dr. Mellyana Vivi Riyanti,Dokter Umum,Siloam Hospitals Surabaya,"Gubeng, Kota Surabaya",,dokter-umum,2025-06-15 02:55:50
dr. Mellyana Vivi Riyanti,Dokter Umum,Siloam Hospitals Surabaya,"Gubeng, Kota Surabaya",,dokter-umum,2025-06-15 02:55:50
dr. Mellyana Vivi Riyanti,Dokter Umum,Siloam Hospitals Surabaya,"Gubeng, Kota Surabaya",,dokter-umum,2025-06-15 02:55:50
dr. Meylina Fransisca,Dokter Umum,RS Mitra Keluarga Bekasi Timur,"Bekasi Timur, Bekasi",,dokter-umum,2025-06-15 02:55:52
dr. Michael Jansen Sulaiman,Dokter Umum,Siloam Hospitals Lippo Cikarang,"Cikarang Selatan, Kabupaten Bekasi",,dokter-umum,2025-06-15 02:55:52
dr. Micheylla Kusumaning Dewi,Dokter Umum,RS Pondok Indah - Pondok Indah,"Kebayoran Lama, Jakarta Selatan",,dokter-umum,2025-06-15 02:55:52
dr. Mirza Nurfadela,Dokter Umum,RS Al-Islam Bandung,"Rancasari, Kota Bandung",,dokter-umum,2025-06-15 02:55:52
dr. Moch Boy Wildan Sulaeman,Dokter Umum,RS Intan Husada Garut,"Tarogong Kidul, Kabupaten Garut",,dokter-umum,2025-06-15 02:55:52
dr. Mochamad Ari Wibowo,Dokter Umum,RSU Permata Bunda Ciamis,"Ciamis, Kabupaten Ciamis",,dokter-umum,2025-06-15 02:55:52
dr. Mochamad Devani setiadi,Dokter Umum,RS Khusus Bedah Halmahera Siaga,"Bandung Wetan, Kota Bandung",,dokter-umum,2025-06-15 02:55:52
dr. Moh. Shofiyuddin,Dokter Umum,RS Mitra Keluarga Bekasi Timur,"Bekasi Timur, Bekasi",,dokter-umum,2025-06-15 02:55:52
dr. Monica Adeline,Dokter Umum,RS Citra Harapan,"Medan Satria, Bekasi",,dokter-umum,2025-06-15 02:55:52
dr. Monica Hendri,Dokter Umum,Eka Hospital Bekasi,"Tarumajaya, Kabupaten Bekasi",,dokter-umum,2025-06-15 02:55:52
dr. Monica Hendri,Dokter Umum,Eka Hospital Bekasi,"Tarumajaya, Kabupaten Bekasi",,dokter-umum,2025-06-15 02:55:55
dr. Muhammad Almasyhur,Dokter Umum,Pamulang Medical Center,"Pamulang, Tangerang Selatan",,dokter-umum,2025-06-15 02:55:55
dr. Muhammad Bahtera Tri Abadi,Dokter Umum,RS Mitra Keluarga Bintaro,"Pondok Aren, Tangerang Selatan",,dokter-umum,2025-06-15 02:55:55
dr. Muhammad Dimas Afid Wicaksana,Dokter Umum,RSU Islam Klaten,"Klaten Utara, Kab Klaten",,dokter-umum,2025-06-15 02:55:55
dr. Muhammad Fajara Trenggalih,Dokter Umum,RSIA Melati Husada,"Klojen, Kota Malang",,dokter-umum,2025-06-15 02:55:55
dr. Muhammad Iqbal,Dokter Umum,RS Graha Husada Jepara,"Jepara, Kabupaten Jepara",,dokter-umum,2025-06-15 02:55:55
dr. Muhammad Orri Baskoro,Dokter Umum,Mayapada Hospital Kuningan,"Setiabudi, Jakarta Selatan",,dokter-umum,2025-06-15 02:55:55
dr. Muhammad Rizal Bayu W,Dokter Umum,RS Roemani Muhammadiyah,"Semarang Selatan, Kota Semarang",,dokter-umum,2025-06-15 02:55:55
dr. Muhammad Rizky Suryo Nugroho,Dokter Umum,RS Prima Pekanbaru,"Tampan, Kota Pekanbaru",,dokter-umum,2025-06-15 02:55:55
dr. Muhammad Romadoni,Dokter Umum,RS AR Bunda Prabumulih,"Prabumulih Timur, Kota Prabumulih",,dokter-umum,2025-06-15 02:55:55
dr. Muhammad Rosamanillah,Dokter Umum,RS Permata Cirebon,"Kedawung, Kabupaten Cirebon",,dokter-umum,2025-06-15 02:55:57
dr. NONAME,Dokter Umum,JIH Jogja,"Kecamatan Depok, Kabupaten Sleman",,dokter-umum,2025-06-15 02:55:57
dr. Nabila Maudy Salma,Dokter Umum,RSIA Buah Hati Pamulang,"Pamulang, Tangerang Selatan",,dokter-umum,2025-06-15 02:55:57
dr. Nanning Naimatuningsih,Dokter Umum,Klinik Kusuma Medical Center Batukajang,"Batu Sopang, Kabupaten Paser",,dokter-umum,2025-06-15 02:55:57
dr. Natashia Olivia Christian,Dokter Umum,Mayapada Hospital Jakarta Selatan,"Cilandak, Jakarta Selatan",,dokter-umum,2025-06-15 02:55:57
dr. Nenggi Nisa Nuraeni,Dokter Umum,RS. Hamori,"Pagaden, Kabupaten Subang",,dokter-umum,2025-06-15 02:55:57
dr. Ni Luh Putu Citramas Laras Diantika,Dokter Umum,Siloam Hospitals Sentosa Bekasi,"Bekasi Timur, Bekasi",,dokter-umum,2025-06-15 02:55:57
dr. Ni Made Erika Suciari,Dokter Umum,Kasih Ibu Hospital Tabanan,"Tabanan, Kabupaten Tabanan",,dokter-umum,2025-06-15 02:55:57
"dr. Ni Putu Putri Dewi, S.Ked",Dokter Umum,Bali Royal Hospital,"Denpasar Timur, Kota Denpasar",,dokter-umum,2025-06-15 02:55:57
dr. Nico Pangestu Halia,Dokter Umum,RS Mitra Keluarga Tegal,"Tegal Barat, Kota Tegal",,dokter-umum,2025-06-15 02:55:57
dr. Novary Djipung,Dokter Umum,RS Pertamina Tarakan,"Tarakan Barat, Kota Tarakan",,dokter-umum,2025-06-15 02:56:00
dr. Novia Annur Shabilla,Dokter Umum,RSIA Gladiool Magelang,"Magelang Tengah, Kota Magelang",,dokter-umum,2025-06-15 02:56:00
dr. Novianty,Dokter Umum,Charitas Hospital Palembang,"Ilir Timur I, Kota Palembang",,dokter-umum,2025-06-15 02:56:00
dr. Noviasih Tanoko,Dokter Umum,RS Mitra Keluarga Bekasi Timur,"Bekasi Timur, Bekasi",,dokter-umum,2025-06-15 02:56:00
dr. Novitasari,Dokter Umum,RS Mitra Medika Pontianak,"Pontianak Kota, Kota Pontianak",,dokter-umum,2025-06-15 02:56:00
dr. Novrizal M. Noer,Dokter Umum,RS Karya Medika II,"Tambun Selatan, Kabupaten Bekasi",,dokter-umum,2025-06-15 02:56:00
dr. Octaviany Gulom,Dokter Umum,Klinik Ar-Rahman Medika,"Telukjambe Timur, Kabupaten Karawang",,dokter-umum,2025-06-15 02:56:00
dr. Ohlyvia,Dokter Umum,RS Royal Prima Medan,"Medan Petisah, Kota Medan",,dokter-umum,2025-06-15 02:56:00
dr. Oktaviani Meiliza,Dokter Umum,RS Ali Sibroh Malisi,"Jagakarsa, Jakarta Selatan",,dokter-umum,2025-06-15 02:56:00
dr. Olivia Arista Gunawan,Dokter Umum,RS Indriati Baru Sukoharjo,"Grogol, Kab Sukoharjo",,dokter-umum,2025-06-15 02:56:00
dr. Olivia Arista Gunawan,Dokter Umum,RS Indriati Baru Sukoharjo,"Grogol, Kab Sukoharjo",,dokter-umum,2025-06-15 02:56:03
dr. PRISCILLIA CLAUDIA,Dokter Umum,RSU Bunda Thamrin Medan,"Medan Sunggal, Kota Medan",,dokter-umum,2025-06-15 02:56:03
dr. Palupi Nur Indayani,Dokter Umum,Siloam Hospitals Lippo Village,"Kelapa Dua, Kabupaten Tangerang",,dokter-umum,2025-06-15 02:56:03
dr. Pinkan Devyantary Wohon,Dokter Umum,National Hospital,"Wiyung, Kota Surabaya",,dokter-umum,2025-06-15 02:56:03
dr. Pitoko Wulan Widhi Hapsari,Dokter Umum,Klinik MHDC Kalibata City,"Pancoran, Jakarta Selatan",,dokter-umum,2025-06-15 02:56:03
dr. Prabaningtyas,Dokter Umum,RS Abdi Waluyo,"Menteng, Jakarta Pusat",,dokter-umum,2025-06-15 02:56:03
dr. Prayoga Putra Nugraha,Dokter Umum,JIH Jogja,"Kecamatan Depok, Kabupaten Sleman",,dokter-umum,2025-06-15 02:56:03
dr. Prianto,Dokter Umum,RSIA Bina Medika,"Pondok Aren, Tangerang Selatan",,dokter-umum,2025-06-15 02:56:03
dr. Prima Dewi Nur K,Dokter Umum,RS Pusat Pertamina,"Kebayoran Baru, Jakarta Selatan",,dokter-umum,2025-06-15 02:56:03
dr. Primananda Ayu Putri,Dokter Umum,RS Mustika Medika,"Mustika Jaya, Bekasi",,dokter-umum,2025-06-15 02:56:03
dr. Prita Saskya Prameswari,Dokter Umum,Siloam Hospitals Cinere ( RS Khusus Jantung Diagram Depok),"Cinere, Depok",,dokter-umum,2025-06-15 02:56:06
dr. Putri Erica Yulinafira,Dokter Umum,RS Yadika Pondok Bambu,"Duren Sawit, Jakarta Timur",,dokter-umum,2025-06-15 02:56:06
dr. Putri Nurbaeti,Dokter Umum,RS Syarif Hidayatullah,"Ciputat Timur, Tangerang Selatan",,dokter-umum,2025-06-15 02:56:06
dr. Putri Nurul Muthia,Dokter Umum,RSIA Bunda Suryatni,"Tanah Sareal, Bogor",,dokter-umum,2025-06-15 02:56:06
dr. Putrisuci Andyticha,Dokter Umum,Prime Care Clinic Panglima Polim,"Kebayoran Baru, Jakarta Selatan",,dokter-umum,2025-06-15 02:56:06
dr. Putrisuci Andyticha,Dokter Umum,Prime Care Clinic Panglima Polim,"Kebayoran Baru, Jakarta Selatan",,dokter-umum,2025-06-15 02:56:06
dr. RANIWARI FAJERIAH,Dokter Umum,Klinik Nafila Medika,"Telukjambe Timur, Kabupaten Karawang",,dokter-umum,2025-06-15 02:56:06
dr. REGINA DYAH PRADANI SARASWATI,Dokter Umum,RS Meilia,"Cimanggis, Depok",,dokter-umum,2025-06-15 02:56:06
dr. Rachmadhani Sudaryanto,Dokter Umum,RS Arafah Anwar Medika,"Sukodono, Kabupaten Sidoarjo",,dokter-umum,2025-06-15 02:56:06
dr. Rady Muhammad Yustiawardhana,Dokter Umum,RS Ichsan Medical Centre,"Ciputat, Tangerang Selatan",,dokter-umum,2025-06-15 02:56:06
dr. Rafeni Bunga Cikita,Dokter Umum,Mayapada Hospital Surabaya,"Sawahan, Kota Surabaya",,dokter-umum,2025-06-15 02:56:09
dr. Rafeni Bunga Cikita,Dokter Umum,Mayapada Hospital Surabaya,"Sawahan, Kota Surabaya",,dokter-umum,2025-06-15 02:56:09
dr. Rafika Iezza S,Dokter Umum,RS Lira Medika,"Karawang Timur, Kabupaten Karawang",,dokter-umum,2025-06-15 02:56:09
dr. Rafika Iezza S,Dokter Umum,RS Lira Medika,"Karawang Timur, Kabupaten Karawang",,dokter-umum,2025-06-15 02:56:09
dr. Rafika Iezza S,Dokter Umum,RS Lira Medika,"Karawang Timur, Kabupaten Karawang",,dokter-umum,2025-06-15 02:56:09
dr. Rafika Iezza S,Dokter Umum,RS Lira Medika,"Karawang Timur, Kabupaten Karawang",,dokter-umum,2025-06-15 02:56:09
dr. Rafika Iezza S,Dokter Umum,RS Lira Medika,"Karawang Timur, Kabupaten Karawang",,dokter-umum,2025-06-15 02:56:09
dr. Rafika Iezza S,Dokter Umum,RS Lira Medika,"Karawang Timur, Kabupaten Karawang",,dokter-umum,2025-06-15 02:56:09
dr. Rafli Fadlurahman,Dokter Umum,RS Sentra Medika Cisalak,"Sukmajaya, Depok",,dokter-umum,2025-06-15 02:56:09
dr. Ragilda Rachma,Dokter Umum,Persada Hospital,"Blimbing, Kota Malang",,dokter-umum,2025-06-15 02:56:09
dr. Ragilda Rachma,Dokter Umum,Persada Hospital,"Blimbing, Kota Malang",,dokter-umum,2025-06-15 02:56:12
dr. Rahmi Nurul Hikmah,Dokter Umum,RS Jantung dan Pembuluh Darah Tasikmalaya,"Cipedes, Kota Tasikmalaya",,dokter-umum,2025-06-15 02:56:12
dr. Ralian Novaldy,Dokter Umum,RS Urip Sumoharjo,"Way Halim, Kota Bandar Lampung",,dokter-umum,2025-06-15 02:56:12
dr. Randilutfi Santoso,Dokter Umum,RS Azra,"Bogor Utara, Bogor",,dokter-umum,2025-06-15 02:56:12
dr. Ratna Sammi Mulyana,Dokter Umum,Santosa Hospital Bandung Central,"Andir, Kota Bandung",,dokter-umum,2025-06-15 02:56:12
dr. Ratri Sonia Septiyani,Dokter Umum,RS Petukangan,"Pesanggrahan, Jakarta Selatan",,dokter-umum,2025-06-15 02:56:12
dr. Regina Enggeline,Dokter Umum,Tzu Chi Hospital,"Penjaringan, Jakarta Utara",,dokter-umum,2025-06-15 02:56:12
dr. Regina Mega Ayu Putri Santoso,Dokter Umum,RS Sentra Medika Cisalak,"Sukmajaya, Depok",,dokter-umum,2025-06-15 02:56:12
dr. Rendra Fariadi,Dokter Umum,RS Hermina Tasikmalaya,"Cipedes, Kota Tasikmalaya",,dokter-umum,2025-06-15 02:56:12
dr. Rendy,Dokter Umum,RS Orthopedi & Traumatologi Surabaya,"Lakarsantri, Kota Surabaya",,dokter-umum,2025-06-15 02:56:12
dr. Renti Kusumaningrum Samosir,Dokter Umum,RS Mitra Keluarga Delta Mas,"Cikarang Pusat, Kabupaten Bekasi",,dokter-umum,2025-06-15 02:56:14
dr. Resa Paksi Mandariska,Dokter Umum,RS Umi Barokah,"Boyolali, Kabupaten Boyolali",,dokter-umum,2025-06-15 02:56:14
dr. Retno Sulistianingsih,Dokter Umum,RS Juanda Kuningan,"Kuningan, Kabupaten Kuningan",,dokter-umum,2025-06-15 02:56:14
dr. Rezha Indrawan,Dokter Umum,National Hospital,"Wiyung, Kota Surabaya",,dokter-umum,2025-06-15 02:56:14
dr. Rezi Redianita Ratnasari,Dokter Umum,RS Petukangan,"Pesanggrahan, Jakarta Selatan",,dokter-umum,2025-06-15 02:56:14
dr. Riana Putri Moegandi,Dokter Umum,RS Pondok Indah - Pondok Indah,"Kebayoran Lama, Jakarta Selatan",,dokter-umum,2025-06-15 02:56:14
dr. Ricky Sunandar,Dokter Umum,Bali Royal Hospital,"Denpasar Timur, Kota Denpasar",,dokter-umum,2025-06-15 02:56:14
dr. Rido Rahmad Saputra,Dokter Umum,RS Sentosa Bogor,"Kemang, Kabupaten Bogor",,dokter-umum,2025-06-15 02:56:14
dr. Ridwan,Dokter Umum,Klinik Prima Husada Cibubur,"Ciracas, Jakarta Timur",,dokter-umum,2025-06-15 02:56:14
dr. Rika Hayati,Dokter Umum,RS Mekar Sari,"Bekasi Timur, Bekasi",,dokter-umum,2025-06-15 02:56:14
dr. Rio Rinaldi,Dokter Umum,Klinik Pratama Halomedika,"Tebet, Jakarta Selatan",,dokter-umum,2025-06-15 02:56:18
dr. Riswan Diharjo,Dokter Umum,Klinik Telagasari,"Talagasari, Kabupaten Karawang",,dokter-umum,2025-06-15 02:56:18
dr. Riyani Kastro,Dokter Umum,RS Meloy Sangatta,"Sangatta Utara, Kabupaten Kutai Timur",,dokter-umum,2025-06-15 02:56:18
dr. Riyani Kastro,Dokter Umum,RS Meloy Sangatta,"Sangatta Utara, Kabupaten Kutai Timur",,dokter-umum,2025-06-15 02:56:18
dr. Riza Revina,Dokter Umum,RS Mitra Keluarga Tegal,"Tegal Barat, Kota Tegal",,dokter-umum,2025-06-15 02:56:18
dr. Rizeria Rengganis Ajeng Utari P,Dokter Umum,RS Dirgahayu Samarinda,"Samarinda Ulu, Kota Samarinda",,dokter-umum,2025-06-15 02:56:18
dr. Rizka Hayu Fhatliyah,Dokter Umum,RSIA Permata Serdang,"Kramatwatu, Kabupaten Serang",,dokter-umum,2025-06-15 02:56:18
dr. Rizki Ananda Pahlevi Artha,Dokter Umum,RS Banyumanik 2,"Banyumanik, Kota Semarang",,dokter-umum,2025-06-15 02:56:18
dr. Roland Badia,Dokter Umum,Klinik Budi Asih,"Serang Baru, Kabupaten Bekasi",,dokter-umum,2025-06-15 02:56:18
dr. Rosmala Dewi,Dokter Umum,Klinik Rawat Inap Peduli Sehat,"Karangbahagia, Kabupaten Bekasi",,dokter-umum,2025-06-15 02:56:18
dr. Runi Arumndari,Dokter Umum,RSIA Kemang Medical Care,"Pasar Minggu, Jakarta Selatan",,dokter-umum,2025-06-15 02:56:20
dr. SARAH MAHANI SOMANTRI,Dokter Umum,Klinik Nafila Medika,"Telukjambe Timur, Kabupaten Karawang",,dokter-umum,2025-06-15 02:56:20
dr. SHEILA AGUSTINI,Dokter Umum,Mayapada Hospital Jakarta Selatan,"Cilandak, Jakarta Selatan",,dokter-umum,2025-06-15 02:56:20
dr. Safira Hani,Dokter Umum,RS Permata Bekasi,"Mustika Jaya, Bekasi",,dokter-umum,2025-06-15 02:56:20
dr. Sagita Hindra Pratama,Dokter Umum,RS Mitra Keluarga Tegal,"Tegal Barat, Kota Tegal",,dokter-umum,2025-06-15 02:56:20
dr. Sahat Parlindungan Sianturi,Dokter Umum,RS Santa Elisabeth Batam Kota,"Batam Kota, Kota Batam",,dokter-umum,2025-06-15 02:56:20
dr. Sani Sobriya Alala,Dokter Umum,Primaya Hospital Semarang,"Tembalang, Kota Semarang",,dokter-umum,2025-06-15 02:56:20
dr. Saratoga,Dokter Umum,RS Universitas Islam Indonesia,"Pandak, Kabupaten Bantul",,dokter-umum,2025-06-15 02:56:20
dr. Sebrin Fathia Rahman,Dokter Umum,RS Krakatau Medika,"Purwakarta, Kota Cilegon",,dokter-umum,2025-06-15 02:56:20
dr. Sellina Windri,Dokter Umum,RS Pondok Indah - Puri Indah,"Kembangan, Jakarta Barat",,dokter-umum,2025-06-15 02:56:20
dr. Selly Christine Waruw,Dokter Umum,RS Satya Negara,"Tanjung Priok, Jakarta Utara",,dokter-umum,2025-06-15 02:56:23
dr. Sem Oktavianus,Dokter Umum,Siloam Hospitals Yogyakarta,"Gondokusuman, Kota Yogyakarta",,dokter-umum,2025-06-15 02:56:23
dr. Sem Oktavianus,Dokter Umum,Siloam Hospitals Yogyakarta,"Gondokusuman, Kota Yogyakarta",,dokter-umum,2025-06-15 02:56:23
dr. Sem Oktavianus,Dokter Umum,Siloam Hospitals Yogyakarta,"Gondokusuman, Kota Yogyakarta",,dokter-umum,2025-06-15 02:56:23
dr. Septia Hesti Tuswibowo,Dokter Umum,Klinik Mitra Kondang Utama,"Karawang Timur, Kabupaten Karawang",,dokter-umum,2025-06-15 02:56:23
dr. Shania Indah Chineko,Dokter Umum,RS Pelita Insani,"Martapura, Kabupaten Banjar",,dokter-umum,2025-06-15 02:56:23
dr. Shecia Vinka Samosir,Dokter Umum,RS Mitra Keluarga Bintaro,"Pondok Aren, Tangerang Selatan",,dokter-umum,2025-06-15 02:56:23
dr. Shecia Vinka Samosir,Dokter Umum,RS Mitra Keluarga Bintaro,"Pondok Aren, Tangerang Selatan",,dokter-umum,2025-06-15 02:56:23
dr. Sheila Vinesa,Dokter Umum,RS Anugerah Bunda Khatulistiwa,"Pontianak Tenggara, Kota Pontianak",,dokter-umum,2025-06-15 02:56:23
"dr. Sinthya Dhewi, MARS",Dokter Umum,RS Pondok Indah - Pondok Indah,"Kebayoran Lama, Jakarta Selatan",,dokter-umum,2025-06-15 02:56:23
dr. Siska Dafita Wijaya,Dokter Umum,RS Lira Medika,"Karawang Timur, Kabupaten Karawang",,dokter-umum,2025-06-15 02:56:25
dr. Siska Dafita Wijaya,Dokter Umum,RS Lira Medika,"Karawang Timur, Kabupaten Karawang",,dokter-umum,2025-06-15 02:56:25
dr. Siska Dafita Wijaya,Dokter Umum,RS Lira Medika,"Karawang Timur, Kabupaten Karawang",,dokter-umum,2025-06-15 02:56:25
dr. Siska Wulandari,Dokter Umum,RSPKT Prima Sangatta,"Sangatta Utara, Kabupaten Kutai Timur",,dokter-umum,2025-06-15 02:56:25
dr. Siti Madinatul Munawarah,Dokter Umum,RS Helsa Jatirahayu,"Pondok Melati, Bekasi",,dokter-umum,2025-06-15 02:56:25
dr. Siti Okti Andarisya,Dokter Umum,RS Islam Assyifa,"Gunungpuyuh, Kota Sukabumi",,dokter-umum,2025-06-15 02:56:25
dr. Sri Malta,Dokter Umum,RSPKT Prima Sangatta,"Sangatta Utara, Kabupaten Kutai Timur",,dokter-umum,2025-06-15 02:56:25
dr. Sri Sulastri,Dokter Umum,RS Harapan Bunda Jakarta,"Ciracas, Jakarta Timur",,dokter-umum,2025-06-15 02:56:25
dr. Stefanus Wijaya Suwignyo,Dokter Umum,Mayapada Hospital Surabaya,"Sawahan, Kota Surabaya",,dokter-umum,2025-06-15 02:56:25
dr. Steffiany,Dokter Umum,Siloam Hospitals Bekasi Sepanjang Jaya,"Rawalumbu, Bekasi",,dokter-umum,2025-06-15 02:56:25
dr. Steffiany,Dokter Umum,Siloam Hospitals Bekasi Sepanjang Jaya,"Rawalumbu, Bekasi",,dokter-umum,2025-06-15 02:56:28
dr. Stevanie,Dokter Umum,RS Mitra Keluarga Kelapa Gading,"Kelapa Gading, Jakarta Utara",,dokter-umum,2025-06-15 02:56:28
dr. Stevanie Regina,Dokter Umum,RS Mentari,"Kelapa Dua, Kabupaten Tangerang",,dokter-umum,2025-06-15 02:56:28
dr. Suciana Ajrina Suyanto,Dokter Umum,Siloam Hospitals Putera Bahagia Cirebon,"Harjamukti, Kota Cirebon",,dokter-umum,2025-06-15 02:56:28
dr. Suciana Ajrina Suyanto,Dokter Umum,Siloam Hospitals Putera Bahagia Cirebon,"Harjamukti, Kota Cirebon",,dokter-umum,2025-06-15 02:56:28
dr. Sulistyaningsih Bungasari,Dokter Umum,Klinik Citra Medika,"Tanah Abang, Jakarta Pusat",,dokter-umum,2025-06-15 02:56:28
dr. Susianah Sarbana,Dokter Umum,MRCCC Siloam Hospitals Semanggi,"Setiabudi, Jakarta Selatan",,dokter-umum,2025-06-15 02:56:28
dr. Susianah Sarbana,Dokter Umum,MRCCC Siloam Hospitals Semanggi,"Setiabudi, Jakarta Selatan",,dokter-umum,2025-06-15 02:56:28
dr. Syafira Maulida,Dokter Umum,Klinik Medika Sudirman,"Purworejo, Kota Pasuruan",,dokter-umum,2025-06-15 02:56:28
dr. Syahrial M.. MARS,Dokter Umum,RS Pluit,"Penjaringan, Jakarta Utara",,dokter-umum,2025-06-15 02:56:28
dr. Sylvie Margharetha,Dokter Umum,RS Mitra Keluarga Bekasi Timur,"Bekasi Timur, Bekasi",,dokter-umum,2025-06-15 02:56:30
dr. T.Agung Praptono W,Dokter Umum,RS Mitra Keluarga Depok,"Pancoran Mas, Depok",,dokter-umum,2025-06-15 02:56:30
dr. TAUFIQUL CHAIR,Dokter Umum,Klinik Sehat Rabinza,"Rangkasbitung, Kabupaten Lebak",,dokter-umum,2025-06-15 02:56:30
dr. Theresia Julian,Dokter Umum,Siloam Hospitals Lippo Village,"Kelapa Dua, Kabupaten Tangerang",,dokter-umum,2025-06-15 02:56:30
dr. Tiara Anggun Nurarto,Dokter Umum,RS Pertamina Balongan,"Indramayu, Kabupaten Indramayu",,dokter-umum,2025-06-15 02:56:30
dr. Tilovi Gani Ciputra,Dokter Umum,RS Islam Fatimah Cilacap,"Cilacap Utara, Kabupaten Cilacap",,dokter-umum,2025-06-15 02:56:30
Dr. dr. Tony Chandra Sp. A,Dokter Umum,Siloam Hospitals Surabaya,"Gubeng, Kota Surabaya",,dokter-umum,2025-06-15 02:56:30
dr. Tri Milik Puspawati,Dokter Umum,RS Anugerah Bunda Khatulistiwa,"Pontianak Tenggara, Kota Pontianak",,dokter-umum,2025-06-15 02:56:30
dr. Tri Muhti Puja Kesuma,Dokter Umum,RS Ananda Tambun Selatan,"Tambun Selatan, Kabupaten Bekasi",,dokter-umum,2025-06-15 02:56:30
dr. Ulfi Ainun Hanifah,Dokter Umum,RS Lira Medika,"Karawang Timur, Kabupaten Karawang",,dokter-umum,2025-06-15 02:56:30
dr. Ulfi Ainun Hanifah,Dokter Umum,RS Lira Medika,"Karawang Timur, Kabupaten Karawang",,dokter-umum,2025-06-15 02:56:33
dr. Ulfi Ainun Hanifah,Dokter Umum,RS Lira Medika,"Karawang Timur, Kabupaten Karawang",,dokter-umum,2025-06-15 02:56:33
dr. Ulfi Ainun Hanifah,Dokter Umum,RS Lira Medika,"Karawang Timur, Kabupaten Karawang",,dokter-umum,2025-06-15 02:56:33
dr. Ulfi Ainun Hanifah,Dokter Umum,RS Lira Medika,"Karawang Timur, Kabupaten Karawang",,dokter-umum,2025-06-15 02:56:33
dr. Ulfi Ainun Hanifah,Dokter Umum,RS Lira Medika,"Karawang Timur, Kabupaten Karawang",,dokter-umum,2025-06-15 02:56:33
dr. Ulfi Ainun Hanifah,Dokter Umum,RS Lira Medika,"Karawang Timur, Kabupaten Karawang",,dokter-umum,2025-06-15 02:56:33
dr. Ulfi Ainun Hanifah,Dokter Umum,RS Lira Medika,"Karawang Timur, Kabupaten Karawang",,dokter-umum,2025-06-15 02:56:33
dr. Ulfi Ainun Hanifah,Dokter Umum,RS Lira Medika,"Karawang Timur, Kabupaten Karawang",,dokter-umum,2025-06-15 02:56:33
dr. Ulfi Ainun Hanifah,Dokter Umum,RS Lira Medika,"Karawang Timur, Kabupaten Karawang",,dokter-umum,2025-06-15 02:56:33
dr. Ulfi Ainun Hanifah,Dokter Umum,RS Lira Medika,"Karawang Timur, Kabupaten Karawang",,dokter-umum,2025-06-15 02:56:33
dr. Ulfi Ainun Hanifah,Dokter Umum,RS Lira Medika,"Karawang Timur, Kabupaten Karawang",,dokter-umum,2025-06-15 02:56:35
dr. Ulfi Ainun Hanifah,Dokter Umum,RS Lira Medika,"Karawang Timur, Kabupaten Karawang",,dokter-umum,2025-06-15 02:56:35
dr. Ulfi Ainun Hanifah,Dokter Umum,RS Lira Medika,"Karawang Timur, Kabupaten Karawang",,dokter-umum,2025-06-15 02:56:35
dr. Ulfi Ainun Hanifah,Dokter Umum,RS Lira Medika,"Karawang Timur, Kabupaten Karawang",,dokter-umum,2025-06-15 02:56:35
dr. Ulfi Ainun Hanifah,Dokter Umum,RS Lira Medika,"Karawang Timur, Kabupaten Karawang",,dokter-umum,2025-06-15 02:56:35
dr. Ulfi Ainun Hanifah,Dokter Umum,RS Lira Medika,"Karawang Timur, Kabupaten Karawang",,dokter-umum,2025-06-15 02:56:35
dr. Ulfi Ainun Hanifah,Dokter Umum,RS Lira Medika,"Karawang Timur, Kabupaten Karawang",,dokter-umum,2025-06-15 02:56:35
dr. Ulfi Ainun Hanifah,Dokter Umum,RS Lira Medika,"Karawang Timur, Kabupaten Karawang",,dokter-umum,2025-06-15 02:56:35
dr. Ulfi Ainun Hanifah,Dokter Umum,RS Lira Medika,"Karawang Timur, Kabupaten Karawang",,dokter-umum,2025-06-15 02:56:35
dr. Ulfi Ainun Hanifah,Dokter Umum,RS Lira Medika,"Karawang Timur, Kabupaten Karawang",,dokter-umum,2025-06-15 02:56:35
dr. Verdi Danutirto S.Ked.,Dokter Umum,RS Mitra Keluarga Bekasi,"Bekasi Selatan, Bekasi",,dokter-umum,2025-06-15 02:56:38
dr. Vidyanie Agustine,Dokter Umum,RSIA Grha Bunda,"Kiaracondong, Kota Bandung",,dokter-umum,2025-06-15 02:56:38
dr. Vinia Halim Kumala,Dokter Umum,Siloam Clinic Grand Galaxy,"Bekasi Selatan, Bekasi",,dokter-umum,2025-06-15 02:56:38
dr. Vivi Widjaja,Dokter Umum,RS Mitra Keluarga Waru,"Waru, Kabupaten Sidoarjo",,dokter-umum,2025-06-15 02:56:38
dr. Vivian Gunawan,Dokter Umum,RS Ridogalih,"Cikole, Kota Sukabumi",,dokter-umum,2025-06-15 02:56:38
dr. Vyda Zahra,Dokter Umum,RSU Aisyiyah Ponorogo,"Ponorogo, Kabupaten Ponorogo",,dokter-umum,2025-06-15 02:56:38
dr. Wahyu Ikhwan Nanda Mukhlish,Dokter Umum,RS Delta Surya,"Sidoarjo, Kabupaten Sidoarjo",,dokter-umum,2025-06-15 02:56:38
dr. Wigdio Almadany Susilo,Dokter Umum,RSIA Melati Children Hospital,"Klojen, Kota Malang",,dokter-umum,2025-06-15 02:56:38
dr. Yenisa Rahma Pradiasty,Dokter Umum,RS Mulia Pajajaran,"Bogor Utara, Bogor",,dokter-umum,2025-06-15 02:56:38
dr. Yepiyanti,Dokter Umum,RS Pinna,"Tambun Utara, Kabupaten Bekasi",,dokter-umum,2025-06-15 02:56:38
dr. Yoan Purnomo Dewi,Dokter Umum,Pramita Laboratory Clinic Cipto Mangunkusomo,"Kesambi, Kota Cirebon",,dokter-umum,2025-06-15 02:56:40
dr. Yolla Sri Agustina,Dokter Umum,RS Mitra Keluarga Delta Mas,"Cikarang Pusat, Kabupaten Bekasi",,dokter-umum,2025-06-15 02:56:40
dr. Yonatan Hendrawan,Dokter Umum,National Hospital,"Wiyung, Kota Surabaya",,dokter-umum,2025-06-15 02:56:40
dr. Yopy Iskandar,Dokter Umum,RS Karya Husada,"Cikampek, Kabupaten Karawang",,dokter-umum,2025-06-15 02:56:40
dr. Yorri Ananto Pratomo,Dokter Umum,Klinik Sapta Mitra Jakarta,"Duren Sawit, Jakarta Timur",,dokter-umum,2025-06-15 02:56:40
dr. Yosi Permana Sutardi,Dokter Umum,RS Lira Medika,"Karawang Timur, Kabupaten Karawang",,dokter-umum,2025-06-15 02:56:40
dr. Yuana Astaringga,Dokter Umum,RSIA Gladiool Magelang,"Magelang Tengah, Kota Magelang",,dokter-umum,2025-06-15 02:56:40
dr. Yusiska Wahyu Indrayani,Dokter Umum,RS dr. Oen Solo Baru,"Grogol, Kab Sukoharjo",,dokter-umum,2025-06-15 02:56:40
dr. Zainulhaqhambali,Dokter Umum,Klinik Pratama Rawat Inap Permata Bunda Wanajaya,"Cibitung, Kabupaten Bekasi",,dokter-umum,2025-06-15 02:56:40
dr. Zifyon Raja Ardho Marudut,Dokter Umum,RS Awal Bros Batam,"Lubuk Baja, Kota Batam",,dokter-umum,2025-06-15 02:56:40
dr. Zuhal Adkar Zulkarnain,Dokter Umum,RS Siti Khodijah Muhammadiyah Cabang Sepanjang,"Taman, Kabupaten Sidoarjo",,dokter-umum,2025-06-15 02:56:43
dr. daniel widi putra,Dokter Umum,Klinik PHC Tanjung Perak Surabaya,"Pabean Cantikan, Kota Surabaya",,dokter-umum,2025-06-15 02:56:43
dr. florentina sri utami,Dokter Umum,Klinik Amira,"Serpong, Tangerang Selatan",,dokter-umum,2025-06-15 02:56:43
dr. hendrawan ariwibowo,Dokter Umum,RSU St. Elisabeth Purwokerto,"Purwokerto Timur, Kabupaten Banyumas",,dokter-umum,2025-06-15 02:56:43
dr. kartika purnama sari,Dokter Umum,RS Pelita Insani,"Martapura, Kabupaten Banjar",,dokter-umum,2025-06-15 02:56:43
dr. nizai rama,Dokter Umum,RS Syafira,"Marpoyan Damai, Kota Pekanbaru",,dokter-umum,2025-06-15 02:56:43
dr. yuana astaringga,Dokter Umum,RSIA Gladiool Magelang,"Magelang Tengah, Kota Magelang",,dokter-umum,2025-06-15 02:56:43
dr. zunairi nur afifah,Dokter Umum,RSU Andhika,"Jagakarsa, Jakarta Selatan",,dokter-umum,2025-06-15 02:56:43
dr.Azka Faza,Dokter Umum,RSU San Medical Center,"Cikampek, Kabupaten Karawang",,dokter-umum,2025-06-15 02:56:43
dr.Azka Faza Fadhila,Dokter Umum,RSU San Medical Center,"Cikampek, Kabupaten Karawang",,dokter-umum,2025-06-15 02:56:43
dr.Desak Ayu Nyoman Irma Wedaswari,Dokter Umum,BIMC Hospitals Nusa Dua,"Kuta Selatan, Kabupaten Badung",,dokter-umum,2025-06-15 02:56:45
dr.H. Chairuddin Adnan,Dokter Umum,Pamulang Medical Center,"Pamulang, Tangerang Selatan",,dokter-umum,2025-06-15 02:56:45
dr.Iswahyudi RHS,Dokter Umum,RS Mulya Tangerang,"Pinang, Tangerang",,dokter-umum,2025-06-15 02:56:45
dr.MOCH BOY WILDAN SULAEMAN,Dokter Umum,RS Intan Husada Garut,"Tarogong Kidul, Kabupaten Garut",,dokter-umum,2025-06-15 02:56:45
dr.MOCH BOY WILDAN SULAEMAN,Dokter Umum,RS Intan Husada Garut,"Tarogong Kidul, Kabupaten Garut",,dokter-umum,2025-06-15 02:56:45
dr.Marisi Sihaloho,Dokter Umum,RS Citama,"Bojonggede, Kabupaten Bogor",,dokter-umum,2025-06-15 02:56:45
dr.Ocky Melati Indah Sari,Dokter Umum,RS Satya Negara,"Tanjung Priok, Jakarta Utara",,dokter-umum,2025-06-15 02:56:45
dr.PRAMUDYA SANDHIKA YUDHA SAPUTRA,Dokter Umum,RS Intan Husada Garut,"Tarogong Kidul, Kabupaten Garut",,dokter-umum,2025-06-15 02:56:45
dr.SYIFA FAUZIYAH SAFITHRI,Dokter Umum,RS Intan Husada Garut,"Tarogong Kidul, Kabupaten Garut",,dokter-umum,2025-06-15 02:56:45
dr.Tuesi,Dokter Umum,RS dr. Abdul Radjak Cengkareng,"Kalideres, Jakarta Barat",,dokter-umum,2025-06-15 02:56:45
dr.VEGI KURNIA PUTRI,Dokter Umum,RSIA Cicik,"Padang Timur, Kota Padang",,dokter-umum,2025-06-15 02:56:47
dr.VEGI KURNIA PUTRI,Dokter Umum,RSIA Cicik,"Padang Timur, Kota Padang",,dokter-umum,2025-06-15 02:56:47
dr.rmutia,Dokter Umum,RS PIK,"Penjaringan, Jakarta Utara",,dokter-umum,2025-06-15 02:56:47
drg. ANUGRAH SHINTAWATI,Dokter Umum,Klinik Sapta Mitra Jakarta,"Duren Sawit, Jakarta Timur",,dokter-umum,2025-06-15 02:56:47
drg. Dita Septianti,Dokter Umum,RS Dewi Sri,"Karawang Barat, Kabupaten Karawang",,dokter-umum,2025-06-15 02:56:47
drg. Evy Indriani Vyati,Dokter Umum,Siloam Hospitals Bogor,"Bogor Tengah, Bogor",,dokter-umum,2025-06-15 02:56:47
drg. Febria Angelina Purwono,Dokter Umum,Eka Hospital Bekasi,"Tarumajaya, Kabupaten Bekasi",,dokter-umum,2025-06-15 02:56:47
drg. Febria Angelina Purwono,Dokter Umum,Eka Hospital Bekasi,"Tarumajaya, Kabupaten Bekasi",,dokter-umum,2025-06-15 02:56:47
drg. Febria Angelina Purwono,Dokter Umum,Eka Hospital Bekasi,"Tarumajaya, Kabupaten Bekasi",,dokter-umum,2025-06-15 02:56:47
drg. Febria Angelina Purwono,Dokter Umum,Eka Hospital Bekasi,"Tarumajaya, Kabupaten Bekasi",,dokter-umum,2025-06-15 02:56:47
drg. Sylviana Hardanti,Dokter Umum,Eka Hospital Bekasi,"Tarumajaya, Kabupaten Bekasi",,dokter-umum,2025-06-15 02:56:52
drg. Sylviana Hardanti,Dokter Umum,Eka Hospital Bekasi,"Tarumajaya, Kabupaten Bekasi",,dokter-umum,2025-06-15 02:56:52
drg. Sylviana Hardanti,Dokter Umum,Eka Hospital Bekasi,"Tarumajaya, Kabupaten Bekasi",,dokter-umum,2025-06-15 02:56:52
drg. Tina Anggriany Handawi,Dokter Umum,RS Santo Borromeus,"Coblong, Kota Bandung",,dokter-umum,2025-06-15 02:56:52
drg. Tina Anggriany Handawi,Dokter Umum,RS Santo Borromeus,"Coblong, Kota Bandung",,dokter-umum,2025-06-15 02:56:52
dr erna,Dokter Umum,RS Gading Pluit,"Kelapa Gading, Jakarta Utara",,dokter-umum,2025-06-15 02:56:52
dr. vivi Widjaja,Dokter Umum,RS Mitra Keluarga Waru,"Waru, Kabupaten Sidoarjo",,dokter-umum,2025-06-15 02:56:52
A Juhaeti Halim S.Tr.Keb,Dokter Umum,Bidan AI JUHAETI HALIM S.Tr.Keb,"Panumbangan, Kabupaten Ciamis",,dokter-umum,2025-06-15 02:56:52
Dr. A Tazkiyah Batari Uleng,Dokter Umum,halodoc,"Setiabudi, Jakarta Selatan",,dokter-umum,2025-06-15 02:56:52
dr. A. A. Ardhi,Dokter Umum,halodoc,"Setiabudi, Jakarta Selatan",,dokter-umum,2025-06-15 02:56:52
dr. A. A. Gede Indrayana Putra,Dokter Umum,halodoc,"Setiabudi, Jakarta Selatan",,dokter-umum,2025-06-15 02:56:55
dr. A. A. N. Mika Dwi M.,Dokter Umum,dr. A. A. N. Mika Dwi M.,"Mengwi, Kabupaten Badung",,dokter-umum,2025-06-15 02:56:55
dr. A. Agung Sinta Widiani S.Ked,Dokter Umum,halodoc,"Setiabudi, Jakarta Selatan",,dokter-umum,2025-06-15 02:56:55
Dr. A. Asisa Permata Sari,Dokter Umum,halodoc,"Setiabudi, Jakarta Selatan",,dokter-umum,2025-06-15 02:56:55
dr. A. Budiono,Dokter Umum,Praktek Pribadi dr. A. Budiono,"Setiabudi, Jakarta Selatan",,dokter-umum,2025-06-15 02:56:55
Dr. A. Intan Parammata,Dokter Umum,halodoc,"Setiabudi, Jakarta Selatan",,dokter-umum,2025-06-15 02:56:55
dr. A. Mudrikah H. Dirgahayu,Dokter Umum,halodoc,"Setiabudi, Jakarta Selatan",,dokter-umum,2025-06-15 02:56:55
dr. A. Vawella Febria,Dokter Umum,halodoc,"Setiabudi, Jakarta Selatan",,dokter-umum,2025-06-15 02:56:55
dr. A.A. N. Mika Dwi M.,Dokter Umum,dr. A. A. N. Mika Dwi M.,"Mengwi, Kabupaten Badung",,dokter-umum,2025-06-15 02:56:55
dr. A.A. Nu'man,Dokter Umum,CAPTAIN SUNAT,"Bekasi Barat, Bekasi",,dokter-umum,2025-06-15 02:56:55
dr. ABDUL AZIZ ACHYAR,Dokter Umum,klinik dr. Abdul Aziz,"Bogor Barat, Bogor",,dokter-umum,2025-06-15 02:56:57
dr. ACHMAD BESAR NOOR,Dokter Umum,Klinik Yakrija,"Cakung, Jakarta Timur",,dokter-umum,2025-06-15 02:56:57
dr. ACHMAD BESAR NOOR,Dokter Umum,Klinik Yakrija,"Cakung, Jakarta Timur",,dokter-umum,2025-06-15 02:56:57
DR. ACHMAD RAFLI SP. A,Dokter Umum,Klinik Hanenda,"Pasar Rebo, Jakarta Timur",,dokter-umum,2025-06-15 02:56:57
Dr. ADI SURYA PRATAMA,Dokter Umum,klinik utama tomang,"Kalideres, Jakarta Barat",,dokter-umum,2025-06-15 02:56:57
dr. ADLINA PUTRIANTI,Dokter Umum,Klinik Pratama Zamzam Medika 1,"Cikarang Pusat, Kabupaten Bekasi",,dokter-umum,2025-06-15 02:56:57
dr. AFINA INSANI PRACOYO,Dokter Umum,Apotek Taruma,"Jatiasih, Bekasi",,dokter-umum,2025-06-15 02:56:57
Dr. AGRI BORNEOS SINULINGG,Dokter Umum,halodoc,"Setiabudi, Jakarta Selatan",,dokter-umum,2025-06-15 02:56:57
AHMAD SAEPUDIN DR,Dokter Umum,Bethsaida Clinic,"Serpong, Tangerang Selatan",,dokter-umum,2025-06-15 02:56:57
dr. ALIA CAROLINA,Dokter Umum,Praktek Umum dr. Alia Carolina,"Jatinegara, Jakarta Timur",,dokter-umum,2025-06-15 02:56:57
dr. ALMAS DWI ANGGINA,Dokter Umum,Klinik Citra Medika Narogong,"Babelan, Kabupaten Bekasi",,dokter-umum,2025-06-15 02:57:00
Dr. AMIR LUTFI,Dokter Umum,APOTEK ROXY,"Bekasi Selatan, Bekasi",,dokter-umum,2025-06-15 02:57:00
Dr. ANANTA BONAR SP. U,Dokter Umum,halodoc,"Setiabudi, Jakarta Selatan",,dokter-umum,2025-06-15 02:57:00
dr. ANDRA HIJRATUL SYAFA,Dokter Umum,Klinik Pratama Pertiwi Medika,"cikakak, Sukabumi",,dokter-umum,2025-06-15 02:57:00
dr. ANTONY,Dokter Umum,PRAKTEK UMUM & AKUPUNTUR DR ANTONY / dr Lasma Frisca,"Banyusari, Kabupaten Karawang",,dokter-umum,2025-06-15 02:57:00
Dr. ARIFIN MARTOYO,Dokter Umum,dr Arifin Martoyo,"Cilincing, Jakarta Utara",,dokter-umum,2025-06-15 02:57:00
dr. ARSYANI LIZARIA,Dokter Umum,KLINIK UTAMA ARDITA,"Cipayung, Jakarta Timur",,dokter-umum,2025-06-15 02:57:00
dr. ARY KAMAL FIRDAUS,Dokter Umum,RSKIA PKU Muhammadiyah Kota Gede,"Kalasan, Kabupaten Sleman",,dokter-umum,2025-06-15 02:57:00
DR ARY KUSUMA DEWI,Dokter Umum,KLINIK MARDI MULYA,"Mijen, Kota Semarang",,dokter-umum,2025-06-15 02:57:00
DR. ASTRID,Dokter Umum,Klinik dr Eko,"Rungkut, Kota Surabaya",,dokter-umum,2025-06-15 02:57:00
Dr. Aalia Fegitri,Dokter Umum,halodoc,"Setiabudi, Jakarta Selatan",,dokter-umum,2025-06-15 02:57:02
dr. Aang Rahardia,Dokter Umum,Klinik Karya Medika - Karawang,"Telukjambe Timur, Kabupaten Karawang",,dokter-umum,2025-06-15 02:57:02
dr. Abbas,Dokter Umum,APOTEK BERKAT CILEDUG,"Karang Tengah, Tangerang",,dokter-umum,2025-06-15 02:57:02
dr. Abdi Lesmana,Dokter Umum,DOKTER 24 JAM,"Sindang Jaya, Kabupaten Tangerang",,dokter-umum,2025-06-15 02:57:02
dr. Abdi Lesmana,Dokter Umum,Praktek dokter Abdi lesmana,"Cilodong, Depok",,dokter-umum,2025-06-15 02:57:02
dr. Abdi Lesmana,Dokter Umum,Praktek dokter Abdi lesmana,"Cilodong, Depok",,dokter-umum,2025-06-15 02:57:02
dr. Abdul Azis,Dokter Umum,halodoc,"Setiabudi, Jakarta Selatan",,dokter-umum,2025-06-15 02:57:02
dr. Abdul Aziz A.H.,Dokter Umum,Klinik Dr. Abdul Azis,"Bogor Timur, Bogor",,dokter-umum,2025-06-15 02:57:02
Abdul Aziz Siregar,Dokter Umum,halodoc,"Setiabudi, Jakarta Selatan",,dokter-umum,2025-06-15 02:57:02
dr. Abdul Halim,Dokter Umum,Klinik Dr. Abdul halim,"Cilimus, Kabupaten Kuningan",,dokter-umum,2025-06-15 02:57:02
dr. Abdul Halim,Dokter Umum,Klinik Dr. Abdul halim,"Cilimus, Kabupaten Kuningan",,dokter-umum,2025-06-15 02:57:05
Dr. Abdul Kadir,Dokter Umum,halodoc,"Setiabudi, Jakarta Selatan",,dokter-umum,2025-06-15 02:57:05
dr. Abdul Khalik,Dokter Umum,Kelinik GRAHA MEDIKA,"Cikarang Utara, Kabupaten Bekasi",,dokter-umum,2025-06-15 02:57:05
dr Abdul Qadim,Dokter Umum,halodoc,"Setiabudi, Jakarta Selatan",,dokter-umum,2025-06-15 02:57:05
Dr. Abdul Rahman,Dokter Umum,Klinik Dr Rahman Medical Center Pekayon.,"Bekasi Selatan, Bekasi",,dokter-umum,2025-06-15 02:57:05
dr. Abdul Rahman SH. MH.,Dokter Umum,Apotek Ridho ilahi,"Muara Beliti, Kabupaten Musi Rawas",,dokter-umum,2025-06-15 02:57:05
dr. Abdullah Alamudy,Dokter Umum,Apotek Bunda,"Karawang Barat, Kabupaten Karawang",,dokter-umum,2025-06-15 02:57:05
dr. Abdurrahman Afa Haridhi,Dokter Umum,halodoc,"Setiabudi, Jakarta Selatan",,dokter-umum,2025-06-15 02:57:05
Dr. Abednego,Dokter Umum,Klinik dr. Abednego,"Penjaringan, Jakarta Utara",,dokter-umum,2025-06-15 02:57:05
Dr. Abiyoga Basu Galindra Wicaksono,Dokter Umum,halodoc,"Setiabudi, Jakarta Selatan",,dokter-umum,2025-06-15 02:57:05
dr. Abraham MKK,Dokter Umum,halodoc,"Setiabudi, Jakarta Selatan",,dokter-umum,2025-06-15 02:57:07
Dr. Abrini Iwangga,Dokter Umum,halodoc,"Setiabudi, Jakarta Selatan",,dokter-umum,2025-06-15 02:57:07
dr. Acep S,Dokter Umum,Klinik Raudhatul Wahyu Assalam,"Babelan, Kabupaten Bekasi",,dokter-umum,2025-06-15 02:57:07
dr. Acep Sumantri MMRS,Dokter Umum,halodoc,"Setiabudi, Jakarta Selatan",,dokter-umum,2025-06-15 02:57:07
dr. Acep Syaefullah,Dokter Umum,Klinik Raudhatul Wahyu Assalam,"Babelan, Kabupaten Bekasi",,dokter-umum,2025-06-15 02:57:07
dr. Acep Syaepudin,Dokter Umum,Klinik Raudhatul Wahyu Assalam,"Babelan, Kabupaten Bekasi",,dokter-umum,2025-06-15 02:57:07
dr. Acep Syaepullah,Dokter Umum,Klinik Raudhatul Wahyu Assalam,"Babelan, Kabupaten Bekasi",,dokter-umum,2025-06-15 02:57:07
dr. Achlia Indriyanti,Dokter Umum,dr. Achilia Indayati,"Cempaka Putih, Jakarta Pusat",,dokter-umum,2025-06-15 02:57:07
Dr. Achmad Besar Noor,Dokter Umum,Balai Pengobatan Umum YAKRI,"Cempaka Putih, Jakarta Pusat",,dokter-umum,2025-06-15 02:57:07
dr. Achmad Mediana,Dokter Umum,Praktek dokter.,"Bukit Raya, Kota Pekanbaru",,dokter-umum,2025-06-15 02:57:07
dr. Achmad Munif,Dokter Umum,RSUD dr. Abdul Rivai Berau,"Tanjung Redeb, Kabupaten Berau",,dokter-umum,2025-06-15 02:57:10
Dr. Achmad Rendy Oktaviandi,Dokter Umum,halodoc,"Setiabudi, Jakarta Selatan",,dokter-umum,2025-06-15 02:57:10
dr. Achmad Yunus,Dokter Umum,RSIA NUN SURABAYA -,"Bubutan, Kota Surabaya",,dokter-umum,2025-06-15 02:57:10
dr Achsan,Dokter Umum,Klinik Pratama Sentary Medika,"Serpong, Tangerang Selatan",,dokter-umum,2025-06-15 02:57:10
Dr. Achyarini Noviola,Dokter Umum,halodoc,"Setiabudi, Jakarta Selatan",,dokter-umum,2025-06-15 02:57:10
dr. Adang S Sp. PD,Dokter Umum,Apotek K-24,"Cipayung, Jakarta Timur",,dokter-umum,2025-06-15 02:57:10
dr. Ade Anggraini,Dokter Umum,dr.Ade Anggraini,"Cianjur, Kabupaten Cianjur",,dokter-umum,2025-06-15 02:57:10
dr. Ade Anggraini,Dokter Umum,dr.Ade Anggraini,"Cianjur, Kabupaten Cianjur",,dokter-umum,2025-06-15 02:57:10
dr. Ade Ayuningsih Utami,Dokter Umum,halodoc,"Setiabudi, Jakarta Selatan",,dokter-umum,2025-06-15 02:57:10
dr. Ade Betris Amigia,Dokter Umum,dr. Ade Betris Amigia,"Senen, Jakarta Pusat",,dokter-umum,2025-06-15 02:57:10
dr. Ade Candra Hendra Samodra,Dokter Umum,halodoc,"Setiabudi, Jakarta Selatan",,dokter-umum,2025-06-15 02:57:12
dr. Ade Dewi Naralia,Dokter Umum,halodoc,"Setiabudi, Jakarta Selatan",,dokter-umum,2025-06-15 02:57:12
dr. Ade Fitri Handayani Lubis,Dokter Umum,halodoc,"Setiabudi, Jakarta Selatan",,dokter-umum,2025-06-15 02:57:12
dr. Ade Ivandi,Dokter Umum,halodoc,"Setiabudi, Jakarta Selatan",,dokter-umum,2025-06-15 02:57:12
Dr. Ade Kurnia,Dokter Umum,halodoc,"Setiabudi, Jakarta Selatan",,dokter-umum,2025-06-15 02:57:12
Ade Nur Anwar,Dokter Umum,halodoc,"Setiabudi, Jakarta Selatan",,dokter-umum,2025-06-15 02:57:12
dr. Ade Priyatno,Dokter Umum,halodoc,"Setiabudi, Jakarta Selatan",,dokter-umum,2025-06-15 02:57:12
dr. Ade Sesmiza,Dokter Umum,halodoc,"Setiabudi, Jakarta Selatan",,dokter-umum,2025-06-15 02:57:12
dr. Adek Pitriani,Dokter Umum,halodoc,"Setiabudi, Jakarta Selatan",,dokter-umum,2025-06-15 02:57:12
dr. Adelia Florisa,Dokter Umum,KLinik Pratama TARS Tanah Tinggi,"Cipondoh, Tangerang",,dokter-umum,2025-06-15 02:57:12
Dr. Adelia Yuantika,Dokter Umum,halodoc,"Setiabudi, Jakarta Selatan",,dokter-umum,2025-06-15 02:57:15
dr. Adeline Sacharissa Firdaus,Dokter Umum,halodoc,"Setiabudi, Jakarta Selatan",,dokter-umum,2025-06-15 02:57:15
Adellia Dian Permatasari,Dokter Umum,halodoc,"Setiabudi, Jakarta Selatan",,dokter-umum,2025-06-15 02:57:15
dr. Adellia Tiara Suci,Dokter Umum,halodoc,"Setiabudi, Jakarta Selatan",,dokter-umum,2025-06-15 02:57:15
IPDA Dr. Adethya Evy Yuniar,Dokter Umum,halodoc,"Setiabudi, Jakarta Selatan",,dokter-umum,2025-06-15 02:57:15
Dr. Adhitya Pradana Sp. PD,Dokter Umum,RSU Comal Baru,"Ampelgading, Pemalang",,dokter-umum,2025-06-15 02:57:15
Dr. Adhitya Pratama,Dokter Umum,halodoc,"Setiabudi, Jakarta Selatan",,dokter-umum,2025-06-15 02:57:15
dr. Adhysti Warhanni,Dokter Umum,halodoc,"Setiabudi, Jakarta Selatan",,dokter-umum,2025-06-15 02:57:15
Dr. Adi Ahdiat,Dokter Umum,halodoc,"Setiabudi, Jakarta Selatan",,dokter-umum,2025-06-15 02:57:15
dr. Adi Putra Tandi,Dokter Umum,halodoc,"Setiabudi, Jakarta Selatan",,dokter-umum,2025-06-15 02:57:15
Dr. Adi Rahmawan Sp. OG,Dokter Umum,Klinik Cito,"Banyusari, Kabupaten Karawang",,dokter-umum,2025-06-15 02:57:17
dr. Adi Surya Ningsih K Sarumaha,Dokter Umum,halodoc,"Setiabudi, Jakarta Selatan",,dokter-umum,2025-06-15 02:57:17
dr. Adi Surya Pratama,Dokter Umum,klinik utama tomang,"Kalideres, Jakarta Barat",,dokter-umum,2025-06-15 02:57:17
dr. Adib Priambudi,Dokter Umum,DOKTER ADIB PRIAMBUDI,"Kramat, Tegal",,dokter-umum,2025-06-15 02:57:17
Dr. Adib Priyogo,Dokter Umum,halodoc,"Setiabudi, Jakarta Selatan",,dokter-umum,2025-06-15 02:57:17
Dr. Adik Mochamad Amrulloh,Dokter Umum,halodoc,"Setiabudi, Jakarta Selatan",,dokter-umum,2025-06-15 02:57:17
dr. Adilhara Alcitamesa Akal,Dokter Umum,halodoc,"Setiabudi, Jakarta Selatan",,dokter-umum,2025-06-15 02:57:17
Dr. Adillah Afrilia Syahwina Pado,Dokter Umum,halodoc,"Setiabudi, Jakarta Selatan",,dokter-umum,2025-06-15 02:57:17
dr. Adillia Yurivka Urvi Soni,Dokter Umum,PRAKTEK BERSAMA DOKTER SPESIALIS,"Pangkalan Kerinci, Kabupaten Pelalawan",,dokter-umum,2025-06-15 02:57:17
Dr. Adin Hidayat,Dokter Umum,dr. Adin Hidayat,"Matraman, Jakarta Timur",,dokter-umum,2025-06-15 02:57:17
Adinda Annisari,Dokter Umum,halodoc,"Setiabudi, Jakarta Selatan",,dokter-umum,2025-06-15 02:57:19
dr. Adinda Mulya Pertiwi,Dokter Umum,halodoc,"Setiabudi, Jakarta Selatan",,dokter-umum,2025-06-15 02:57:19
Dr. Adindia Noor Dini,Dokter Umum,Klinik DokterHub Kemayoran,"Kemayoran, Jakarta Pusat",,dokter-umum,2025-06-15 02:57:19
dr. Adini Arifah Ramadhani,Dokter Umum,halodoc,"Setiabudi, Jakarta Selatan",,dokter-umum,2025-06-15 02:57:19
dr. Adinta Agustia,Dokter Umum,halodoc,"Setiabudi, Jakarta Selatan",,dokter-umum,2025-06-15 02:57:19
dr. Adissa Sauri Ichsan Putri,Dokter Umum,halodoc,"Setiabudi, Jakarta Selatan",,dokter-umum,2025-06-15 02:57:19
Dr. Adistia Maulidiah M.K.M,Dokter Umum,halodoc,"Setiabudi, Jakarta Selatan",,dokter-umum,2025-06-15 02:57:19
Dr. Adit Muhammad Prasetya Hutagalung MKM,Dokter Umum,halodoc,"Setiabudi, Jakarta Selatan",,dokter-umum,2025-06-15 02:57:19
Dr. Aditiya Ronaldi M.K.M,Dokter Umum,halodoc,"Setiabudi, Jakarta Selatan",,dokter-umum,2025-06-15 02:57:19
dr. Aditiya Setyorini,Dokter Umum,halodoc,"Setiabudi, Jakarta Selatan",,dokter-umum,2025-06-15 02:57:19
dr. Aditya Arifudin Bachtiar,Dokter Umum,halodoc,"Setiabudi, Jakarta Selatan",,dokter-umum,2025-06-15 02:57:22
Dr. Aditya Azri Rizki M.K.M,Dokter Umum,halodoc,"Setiabudi, Jakarta Selatan",,dokter-umum,2025-06-15 02:57:22
dr. Aditya Cipta Kusuma,Dokter Umum,Karawang Jaya Medika,"Cilamaya Wetan, Kabupaten Karawang",,dokter-umum,2025-06-15 02:57:22
Dr. Aditya Cipta Kusuma,Dokter Umum,HLDR0142,"Klari, Kabupaten Karawang",,dokter-umum,2025-06-15 02:57:22
dr. Aditya Cipta Kusuma,Dokter Umum,Karawang Jaya Medika,"Cilamaya Wetan, Kabupaten Karawang",,dokter-umum,2025-06-15 02:57:22
dr. Aditya Cipta Kusuma,Dokter Umum,Karawang Jaya Medika,"Cilamaya Wetan, Kabupaten Karawang",,dokter-umum,2025-06-15 02:57:22
dr. Aditya Cipta Kusuma,Dokter Umum,Karawang Jaya Medika,"Cilamaya Wetan, Kabupaten Karawang",,dokter-umum,2025-06-15 02:57:22
dr. Aditya Cipta Kusuma,Dokter Umum,Karawang Jaya Medika,"Cilamaya Wetan, Kabupaten Karawang",,dokter-umum,2025-06-15 02:57:22
dr. Aditya Cipto Kusuma,Dokter Umum,Karawang Jaya Medika,"Cilamaya Wetan, Kabupaten Karawang",,dokter-umum,2025-06-15 02:57:22
Dr. Aditya Kristianto,Dokter Umum,halodoc,"Setiabudi, Jakarta Selatan",,dokter-umum,2025-06-15 02:57:22
dr. Aditya Paelo Rizki Sikumbang,Dokter Umum,RS PKU MUHAMMADIYAH WONOSOBO,"Kertek, Kabupaten Wonosobo",,dokter-umum,2025-06-15 02:57:24
dr. Aditya Rachman,Dokter Umum,Sismamedikal,"Sawah Besar, Jakarta Pusat",,dokter-umum,2025-06-15 02:57:24
dr. Aditya Rifqi Fauzi,Dokter Umum,halodoc,"Setiabudi, Jakarta Selatan",,dokter-umum,2025-06-15 02:57:24
dr. Aditya Wisnu Pratama,Dokter Umum,halodoc,"Setiabudi, Jakarta Selatan",,dokter-umum,2025-06-15 02:57:24
dr. Aditya Yanuardi,Dokter Umum,halodoc,"Setiabudi, Jakarta Selatan",,dokter-umum,2025-06-15 02:57:24
dr. Adji Juanita Chairina,Dokter Umum,CARDEA Physiotherapy & Pilates,"Kebayoran Baru, Jakarta Selatan",,dokter-umum,2025-06-15 02:57:24
dr. Adlina Putrianti,Dokter Umum,Klinik Pratama Zamzam Medika 1,"Cikarang Pusat, Kabupaten Bekasi",,dokter-umum,2025-06-15 02:57:24
dr. Adlina Putrianti,Dokter Umum,Klinik Pratama Zamzam Medika 1,"Cikarang Pusat, Kabupaten Bekasi",,dokter-umum,2025-06-15 02:57:24
dr. Adlina Putrianti,Dokter Umum,Klinik Pratama Zamzam Medika 1,"Cikarang Pusat, Kabupaten Bekasi",,dokter-umum,2025-06-15 02:57:24
Dr. Admireza Perdana Putri,Dokter Umum,halodoc,"Setiabudi, Jakarta Selatan",,dokter-umum,2025-06-15 02:57:24
Dr Adnan,Dokter Umum,0,"Bekasi Selatan, Bekasi",,dokter-umum,2025-06-15 02:57:27
Dr. Adnan S. Gunawan,Dokter Umum,dr. Adnan S. Gunawan,"Tanah Abang, Jakarta Pusat",,dokter-umum,2025-06-15 02:57:27
dr. Adnan S. Gunawan,Dokter Umum,dr. Adnan S. Gunawan,"Tanah Abang, Jakarta Pusat",,dokter-umum,2025-06-15 02:57:27
Dr. Adnan S. Gunawan,Dokter Umum,dr. Adnan S. Gunawan,"Tanah Abang, Jakarta Pusat",,dokter-umum,2025-06-15 02:57:27
Dr. Adnan S. Gunawan,Dokter Umum,dr. Adnan S. Gunawan,"Tanah Abang, Jakarta Pusat",,dokter-umum,2025-06-15 02:57:27
dr Adria Rusli,Dokter Umum,Apotek Roxy Mekarsari,"Bekasi Timur, Bekasi",,dokter-umum,2025-06-15 02:57:27
dr Adrian,Dokter Umum,Klinik Sentary Medika,"Serpong, Tangerang Selatan",,dokter-umum,2025-06-15 02:57:27
dr. Adrian Arief,Dokter Umum,halodoc,"Setiabudi, Jakarta Selatan",,dokter-umum,2025-06-15 02:57:27
dr. Adrian Febriadi,Dokter Umum,Klinik & Apotek Hilda Alnaira,"Koja, Jakarta Utara",,dokter-umum,2025-06-15 02:57:27
dr. Adrian Reynaldo S,Dokter Umum,halodoc,"Setiabudi, Jakarta Selatan",,dokter-umum,2025-06-15 02:57:27
Dr. Adriana Virani Jeumpa,Dokter Umum,halodoc,"Setiabudi, Jakarta Selatan",,dokter-umum,2025-06-15 02:57:29
dr. Adriani Ramad,Dokter Umum,KLINIK UTAMA RAWAT INAP AIRLANGGA,"Pasar Rebo, Jakarta Timur",,dokter-umum,2025-06-15 02:57:29
dr. Adrianus,Dokter Umum,Prodia Health Care,"Senen, Jakarta Pusat",,dokter-umum,2025-06-15 02:57:29
dr. Adrianus,Dokter Umum,dr. Adrianus,"Tegalsari, Kota Surabaya",,dokter-umum,2025-06-15 02:57:29
dr. Adrianus,Dokter Umum,dr. Adrianus,"Tegalsari, Kota Surabaya",,dokter-umum,2025-06-15 02:57:29
dr. Adrianus,Dokter Umum,dr. Adrianus,"Tegalsari, Kota Surabaya",,dokter-umum,2025-06-15 02:57:29
dr. Adrianus,Dokter Umum,dr. Adrianus,"Tegalsari, Kota Surabaya",,dokter-umum,2025-06-15 02:57:29
Dr. Adrianus,Dokter Umum,Kimia Farma Depok,"Sukmajaya, Depok",,dokter-umum,2025-06-15 02:57:29
dr. Adrianus Setyawan Adhiatma,Dokter Umum,halodoc,"Setiabudi, Jakarta Selatan",,dokter-umum,2025-06-15 02:57:29
Dr. Adriga Dirgandomo,Dokter Umum,Apotek Afifah Farma,"Cikarang Pusat, Kabupaten Bekasi",,dokter-umum,2025-06-15 02:57:29
dr. Adroew Pasca Perdana,Dokter Umum,halodoc,"Setiabudi, Jakarta Selatan",,dokter-umum,2025-06-15 02:57:32
Dr. Adryan M Pardede,Dokter Umum,Depok Medical Service,"Sukmajaya, Depok",,dokter-umum,2025-06-15 02:57:32
dr. Adryan M. Pardede,Dokter Umum,Depok Medical Service,"Sukmajaya, Depok",,dokter-umum,2025-06-15 02:57:32
dr. Adryan M. Pardede,Dokter Umum,Depok Medical Service,"Sukmajaya, Depok",,dokter-umum,2025-06-15 02:57:32
dr. Ady Fitra Saragih,Dokter Umum,halodoc,"Setiabudi, Jakarta Selatan",,dokter-umum,2025-06-15 02:57:32
dr. Affannul Hakim,Dokter Umum,halodoc,"Setiabudi, Jakarta Selatan",,dokter-umum,2025-06-15 02:57:32
dr. Afif Hammadi,Dokter Umum,halodoc,"Setiabudi, Jakarta Selatan",,dokter-umum,2025-06-15 02:57:32
dr. Afifah Nur Aliyyah,Dokter Umum,halodoc,"Setiabudi, Jakarta Selatan",,dokter-umum,2025-06-15 02:57:32
dr. Afifah Widyadhari,Dokter Umum,halodoc,"Setiabudi, Jakarta Selatan",,dokter-umum,2025-06-15 02:57:32
dr. Afra Bryges Tamia,Dokter Umum,halodoc,"Setiabudi, Jakarta Selatan",,dokter-umum,2025-06-15 02:57:32
dr. Afratsin Maisya Rahman,Dokter Umum,halodoc,"Setiabudi, Jakarta Selatan",,dokter-umum,2025-06-15 02:57:34
Dr. Afrieni,Dokter Umum,halodoc,"Setiabudi, Jakarta Selatan",,dokter-umum,2025-06-15 02:57:34
Dr. Afrinda Izzani Wijayanty,Dokter Umum,halodoc,"Setiabudi, Jakarta Selatan",,dokter-umum,2025-06-15 02:57:34
dr. Afriza Kartika Ritonga,Dokter Umum,Klinik Pratama Medisari 24 jam,"Cempaka Putih, Jakarta Pusat",,dokter-umum,2025-06-15 02:57:34
dr Afriza Kartika Ritonga,Dokter Umum,Klinik Pratama Medisari 24 jam,"Cempaka Putih, Jakarta Pusat",,dokter-umum,2025-06-15 02:57:34
dr. Aga Perdana,Dokter Umum,halodoc,"Setiabudi, Jakarta Selatan",,dokter-umum,2025-06-15 02:57:34
Agarina Her Visnhu P.,Dokter Umum,halodoc,"Setiabudi, Jakarta Selatan",,dokter-umum,2025-06-15 02:57:34
Dr. Ageng Rustino,Dokter Umum,Praktek Mandiri Dr. Ageng Rutrisno & Dr. Diana,"Koja, Jakarta Utara",,dokter-umum,2025-06-15 02:57:34
Dr. Ageng Rutrisno,Dokter Umum,Dr. Ageng Rutrisno,"Koja, Jakarta Utara",,dokter-umum,2025-06-15 02:57:34
Dr. Ageng Rutrisno,Dokter Umum,Praktek Mandiri Dr. Ageng Rutrisno & Dr. Diana,"Koja, Jakarta Utara",,dokter-umum,2025-06-15 02:57:34
Dr. Ageng Rutrisno,Dokter Umum,Dr. Ageng Rutrisno,"Koja, Jakarta Utara",,dokter-umum,2025-06-15 02:57:37
Dr. Ageng Rutrisno,Dokter Umum,Dr. Ageng Rutrisno,"Koja, Jakarta Utara",,dokter-umum,2025-06-15 02:57:37
Dr. Ageng Rutrisono,Dokter Umum,Dr. Ageng Rutrisno,"Koja, Jakarta Utara",,dokter-umum,2025-06-15 02:57:37
Dr. Ageng Rutsino,Dokter Umum,Dr. Ageng Rutrisno,"Koja, Jakarta Utara",,dokter-umum,2025-06-15 02:57:37
dr. Aggasi Syamsudin Pratama,Dokter Umum,RSUD Al Ihsan Provinsi Jawa Barat,"Baleendah, Kabupaten Bandung",,dokter-umum,2025-06-15 02:57:37
dr. Aghnia Cahyani Lestari,Dokter Umum,halodoc,"Setiabudi, Jakarta Selatan",,dokter-umum,2025-06-15 02:57:37
dr. Aghnia Putri Mahardiyanti,Dokter Umum,halodoc,"Setiabudi, Jakarta Selatan",,dokter-umum,2025-06-15 02:57:37
dr. Aghnia Rahmi,Dokter Umum,halodoc,"Setiabudi, Jakarta Selatan",,dokter-umum,2025-06-15 02:57:37
dr. Agi Azhari Sandini,Dokter Umum,halodoc,"Setiabudi, Jakarta Selatan",,dokter-umum,2025-06-15 02:57:37
dr. Agieska Amallia,Dokter Umum,halodoc,"Setiabudi, Jakarta Selatan",,dokter-umum,2025-06-15 02:57:37
Dr. Agil Wijaya M.Biomed,Dokter Umum,halodoc,"Setiabudi, Jakarta Selatan",,dokter-umum,2025-06-15 02:57:39
dr Agli,Dokter Umum,Apotek Ilham,"Tambun Selatan, Kabupaten Bekasi",,dokter-umum,2025-06-15 02:57:39
Dr. Agnes Poppy Melina,Dokter Umum,halodoc,"Setiabudi, Jakarta Selatan",,dokter-umum,2025-06-15 02:57:39
dr Agnes Rosina Hutagalung,Dokter Umum,0,"Bekasi Selatan, Bekasi",,dokter-umum,2025-06-15 02:57:39
dr. Agness Novrie,Dokter Umum,halodoc,"Setiabudi, Jakarta Selatan",,dokter-umum,2025-06-15 02:57:39
dr. Agnestia Selviani Tanic,Dokter Umum,halodoc,"Setiabudi, Jakarta Selatan",,dokter-umum,2025-06-15 02:57:39
dr. Agriyati Azmi,Dokter Umum,halodoc,"Setiabudi, Jakarta Selatan",,dokter-umum,2025-06-15 02:57:39
dr. Agum Tizy Sp. THT,Dokter Umum,APOTEK FARDIKA,"Metro Timur, Kota Metro",,dokter-umum,2025-06-15 02:57:39
dr. Agung,Dokter Umum,Klinik Kimia Farma Inhouse BPOM,"Johar Baru, Jakarta Pusat",,dokter-umum,2025-06-15 02:57:39
Dr. Agung Ali,Dokter Umum,halodoc,"Setiabudi, Jakarta Selatan",,dokter-umum,2025-06-15 02:57:39
dr. Agung Amelia,Dokter Umum,halodoc,"Setiabudi, Jakarta Selatan",,dokter-umum,2025-06-15 02:57:42
Dr. Agung Budi Perdana,Dokter Umum,halodoc,"Setiabudi, Jakarta Selatan",,dokter-umum,2025-06-15 02:57:42
dr. Agung Erlangga Efendi,Dokter Umum,RS Bhayangkara Brimob,"Cimanggis, Depok",,dokter-umum,2025-06-15 02:57:42
Dr. Agung Jaya Nugraha,Dokter Umum,halodoc,"Setiabudi, Jakarta Selatan",,dokter-umum,2025-06-15 02:57:42
dr. Agung Maulana Rahman,Dokter Umum,Klinik Mitra,"Cakung, Jakarta Timur",,dokter-umum,2025-06-15 02:57:42
dr. Agung Maulana Rahman,Dokter Umum,halodoc,"Setiabudi, Jakarta Selatan",,dokter-umum,2025-06-15 02:57:42
dr. Agung Maulana Rahman,Dokter Umum,halodoc,"Setiabudi, Jakarta Selatan",,dokter-umum,2025-06-15 02:57:42
dr. Agung S. Yah,Dokter Umum,Klinik pratama Prima Medika,"Cilamaya Wetan, Kabupaten Karawang",,dokter-umum,2025-06-15 02:57:42
dr. Agung Sabariyah,Dokter Umum,Klinik Utama Prima Medika Ciledug,"Ciledug, Tangerang",,dokter-umum,2025-06-15 02:57:42
dr. Agung Sabariyah,Dokter Umum,Klinik Utama Prima Medika Ciledug,"Ciledug, Tangerang",,dokter-umum,2025-06-15 02:57:42
Dr. Agung Setiawan,Dokter Umum,KLINIK CAHAYA BUNDA,"Batujajar, Kabupaten Bandung Barat",,dokter-umum,2025-06-15 02:57:44
dr. Agung Setiono,Dokter Umum,Klinik Abasya,"Kotabaru, Kabupaten Karawang",,dokter-umum,2025-06-15 02:57:44
dr. Agung Sintha Prajnyaswari,Dokter Umum,halodoc,"Setiabudi, Jakarta Selatan",,dokter-umum,2025-06-15 02:57:44
Dr. Agung Triatmojo,Dokter Umum,halodoc,"Setiabudi, Jakarta Selatan",,dokter-umum,2025-06-15 02:57:44
dr. Agung Utama,Dokter Umum,Praktek dokter.,"Bukit Raya, Kota Pekanbaru",,dokter-umum,2025-06-15 02:57:44
dr. Agung Wulan Rahman,Dokter Umum,Klinik Mitra,"Cakung, Jakarta Timur",,dokter-umum,2025-06-15 02:57:44
dr. Agus Andy Hendrayana,Dokter Umum,halodoc,"Setiabudi, Jakarta Selatan",,dokter-umum,2025-06-15 02:57:44
dr Agus BP,Dokter Umum,Apotek Pantura,"Patok Beusi, Kabupaten Subang",,dokter-umum,2025-06-15 02:57:44
Dr. Agus Cahyadi,Dokter Umum,halodoc,"Setiabudi, Jakarta Selatan",,dokter-umum,2025-06-15 02:57:44
Dr. Agus Junaedi,Dokter Umum,Klinik Harapan Baru Puri Kosambi -,"Klari, Kabupaten Karawang",,dokter-umum,2025-06-15 02:57:44
Dr. Agus Junaedi,Dokter Umum,Klinik Harapan Baru Puri Kosambi,"Klari, Kabupaten Karawang",,dokter-umum,2025-06-15 02:57:47
Dr. Agus Junaedi,Dokter Umum,Klinik Harapan Baru Puri Kosambi -,"Klari, Kabupaten Karawang",,dokter-umum,2025-06-15 02:57:47
Dr. Agus Karyawinata,Dokter Umum,Klinik Permata Husada,"Ranca Bungur, Kabupaten Bogor",,dokter-umum,2025-06-15 02:57:47
dr. Agus Pranawa,Dokter Umum,halodoc,"Setiabudi, Jakarta Selatan",,dokter-umum,2025-06-15 02:57:47
dr. Agus Rovikul Anwar,Dokter Umum,halodoc,"Setiabudi, Jakarta Selatan",,dokter-umum,2025-06-15 02:57:47
dr. Agus Salim,Dokter Umum,halodoc,"Setiabudi, Jakarta Selatan",,dokter-umum,2025-06-15 02:57:47
dr. Agus Spriatna,Dokter Umum,Klinik Jakamulya,"Bekasi Selatan, Bekasi",,dokter-umum,2025-06-15 02:57:47
dr. Agus Supriatna,Dokter Umum,Klinik Jakamulya,"Bekasi Selatan, Bekasi",,dokter-umum,2025-06-15 02:57:47
dr. Agus Susanto,Dokter Umum,Apotek Expo,"Tebet, Jakarta Selatan",,dokter-umum,2025-06-15 02:57:47
Dr. Agus Y.S. Mars,Dokter Umum,KLINIK UMUM MMC,"Tanjung Priok, Jakarta Utara",,dokter-umum,2025-06-15 02:57:47
Dr. Agustania BP,Dokter Umum,halodoc,"Setiabudi, Jakarta Selatan",,dokter-umum,2025-06-15 02:57:50
Dr. Agustian Syah Nur,Dokter Umum,Praktek dokter.,"Bukit Raya, Kota Pekanbaru",,dokter-umum,2025-06-15 02:57:50
"Dr. Agustiawan MKM, AIFO-K",Dokter Umum,halodoc,"Setiabudi, Jakarta Selatan",,dokter-umum,2025-06-15 02:57:50
Dr. Agustina Merdekawati,Dokter Umum,halodoc,"Setiabudi, Jakarta Selatan",,dokter-umum,2025-06-15 02:57:50
dr Agustina Tripujiastuti,Dokter Umum,halodoc,"Setiabudi, Jakarta Selatan",,dokter-umum,2025-06-15 02:57:50
dr. Agustini Pratiwi Kadir,Dokter Umum,halodoc,"Setiabudi, Jakarta Selatan",,dokter-umum,2025-06-15 02:57:50
dr. Agustinus Budi Santoso,Dokter Umum,Apotek Kencana Medika,"Rancaekek, Kabupaten Bandung",,dokter-umum,2025-06-15 02:57:50
Agustinus Siswanto,Dokter Umum,halodoc,"Setiabudi, Jakarta Selatan",,dokter-umum,2025-06-15 02:57:50
dr. Ahid Auliya Fahminisa,Dokter Umum,halodoc,"Setiabudi, Jakarta Selatan",,dokter-umum,2025-06-15 02:57:50
dr. Ahmad Amsori M.Kes,Dokter Umum,Praktek dokter.,"Bukit Raya, Kota Pekanbaru",,dokter-umum,2025-06-15 02:57:50
dr. Ahmad Barokah,Dokter Umum,halodoc,"Setiabudi, Jakarta Selatan",,dokter-umum,2025-06-15 02:57:52
Dr. Ahmad Dalma Haidar,Dokter Umum,halodoc,"Setiabudi, Jakarta Selatan",,dokter-umum,2025-06-15 02:57:52
Ahmad Fajri,Dokter Umum,halodoc,"Setiabudi, Jakarta Selatan",,dokter-umum,2025-06-15 02:57:52
Dr. Ahmad Fauzan Nizwar M,Dokter Umum,halodoc,"Setiabudi, Jakarta Selatan",,dokter-umum,2025-06-15 02:57:52
dr. Ahmad Hasanudin,Dokter Umum,halodoc,"Setiabudi, Jakarta Selatan",,dokter-umum,2025-06-15 02:57:52
dr. Ahmad Rizki Gusriadi,Dokter Umum,halodoc,"Setiabudi, Jakarta Selatan",,dokter-umum,2025-06-15 02:57:52
dr. Ahmad Safian Saputra,Dokter Umum,Klinik Umum Azlah,"Cakung, Jakarta Timur",,dokter-umum,2025-06-15 02:57:52
dr. Ahmad Sofian,Dokter Umum,Klinik Kurnia Syifa Medika,"Karawang Barat, Kabupaten Karawang",,dokter-umum,2025-06-15 02:57:52
Dr. Ahmad Sofian,Dokter Umum,Klinik Kurnia Syifa Medika,"Karawang Barat, Kabupaten Karawang",,dokter-umum,2025-06-15 02:57:52
dr. Ahmad Sofian,Dokter Umum,Klinik Kurnia Syifa Medika,"Karawang Barat, Kabupaten Karawang",,dokter-umum,2025-06-15 02:57:52
Dr. Ahmad Sofian,Dokter Umum,Klinik Kurnia Syifa Medika,"Karawang Barat, Kabupaten Karawang",,dokter-umum,2025-06-15 02:57:54
Dr. Ahmad Sofian Saputra,Dokter Umum,Klinik Umum Azlah,"Cakung, Jakarta Timur",,dokter-umum,2025-06-15 02:57:54
dr. Ahmad Sulaiman Saputra,Dokter Umum,Klinik Umum Azlah,"Cakung, Jakarta Timur",,dokter-umum,2025-06-15 02:57:54
dr. Ahmad Yusup,Dokter Umum,Klinik Permata Cipondoh,"Cipondoh, Tangerang",,dokter-umum,2025-06-15 02:57:54
dr. Ahmad Zaki Yamani,Dokter Umum,halodoc,"Setiabudi, Jakarta Selatan",,dokter-umum,2025-06-15 02:57:54
Dr. Ahmad Zuenni,Dokter Umum,Praktek dokter bersama-,"Ciawi, Kabupaten Bogor",,dokter-umum,2025-06-15 02:57:54
dr. Ai Irma Nurmalasari,Dokter Umum,halodoc,"Setiabudi, Jakarta Selatan",,dokter-umum,2025-06-15 02:57:54
Dr. Ai Sartika,Dokter Umum,halodoc,"Setiabudi, Jakarta Selatan",,dokter-umum,2025-06-15 02:57:54
dr. Aida Julia Ulfah,Dokter Umum,halodoc,"Setiabudi, Jakarta Selatan",,dokter-umum,2025-06-15 02:57:54
Dr. Aidila Fitriani,Dokter Umum,halodoc,"Setiabudi, Jakarta Selatan",,dokter-umum,2025-06-15 02:57:54
dr. Aini Nur Syafaah,Dokter Umum,halodoc,"Setiabudi, Jakarta Selatan",,dokter-umum,2025-06-15 02:57:57
dr. Ainul Fadlan,Dokter Umum,halodoc,"Setiabudi, Jakarta Selatan",,dokter-umum,2025-06-15 02:57:57
Dr. Ainul Nismala,Dokter Umum,halodoc,"Setiabudi, Jakarta Selatan",,dokter-umum,2025-06-15 02:57:57
dr. Airlangga Lubis,Dokter Umum,halodoc,"Setiabudi, Jakarta Selatan",,dokter-umum,2025-06-15 02:57:57
Aisya Gustiana,Dokter Umum,halodoc,"Setiabudi, Jakarta Selatan",,dokter-umum,2025-06-15 02:57:57
dr. Aisyah Mulqiah,Dokter Umum,halodoc,"Setiabudi, Jakarta Selatan",,dokter-umum,2025-06-15 02:57:57
dr. Aisyah Novita Dwipaputri,Dokter Umum,halodoc,"Setiabudi, Jakarta Selatan",,dokter-umum,2025-06-15 02:57:57
dr. Aisyah Rahmi,Dokter Umum,halodoc,"Setiabudi, Jakarta Selatan",,dokter-umum,2025-06-15 02:57:57
dr. Aisyah Shania,Dokter Umum,Prodia,"Makassar, Kota Makassar",,dokter-umum,2025-06-15 02:57:57
Dr. Aisyah Sri Delima,Dokter Umum,halodoc,"Setiabudi, Jakarta Selatan",,dokter-umum,2025-06-15 02:57:57
Dr. Aisyahra Prasisca,Dokter Umum,halodoc,"Setiabudi, Jakarta Selatan",,dokter-umum,2025-06-15 02:57:59
Dr. Ajeng Eka Putri Widianti,Dokter Umum,halodoc,"Setiabudi, Jakarta Selatan",,dokter-umum,2025-06-15 02:57:59
dr. Ajeng Muqhoddimatul Jannah,Dokter Umum,halodoc,"Setiabudi, Jakarta Selatan",,dokter-umum,2025-06-15 02:57:59
dr. Aji Romadona,Dokter Umum,Praktek dr. Aji Romadona,"Karawang Timur, Kabupaten Karawang",,dokter-umum,2025-06-15 02:57:59
dr. Aji Yusworo,Dokter Umum,Klinik Rawat Inap Permata Gading,"Balongpanggang, Kabupaten Gresik",,dokter-umum,2025-06-15 02:57:59
dr. Ajikwa Ari Widianto,Dokter Umum,KLINIK PRATAMA RAWAT INAP SAYANG BUNDA,"Jatiasih, Bekasi",,dokter-umum,2025-06-15 02:57:59
Dr. Ajikwa Ari Widianto,Dokter Umum,KLINIK PRATAMA RAWAT INAP SAYANG BUNDA,"Jatiasih, Bekasi",,dokter-umum,2025-06-15 02:57:59
dr. Ajikwa Ari Widianto,Dokter Umum,KLINIK PRATAMA RAWAT INAP SAYANG BUNDA,"Jatiasih, Bekasi",,dokter-umum,2025-06-15 02:57:59
dr. Akbar Yoga,Dokter Umum,RSUD Al Ihsan Provinsi Jawa Barat,"Baleendah, Kabupaten Bandung",,dokter-umum,2025-06-15 02:57:59
dr. Akhbar Fauzan Nainggolan,Dokter Umum,halodoc,"Setiabudi, Jakarta Selatan",,dokter-umum,2025-06-15 02:57:59
dr. Akhmad Fahrozy,Dokter Umum,halodoc,"Setiabudi, Jakarta Selatan",,dokter-umum,2025-06-15 02:58:02
dr. Akmal Siradj Prahendra,Dokter Umum,halodoc,"Setiabudi, Jakarta Selatan",,dokter-umum,2025-06-15 02:58:02
dr. Akmalia Fatimah,Dokter Umum,halodoc,"Setiabudi, Jakarta Selatan",,dokter-umum,2025-06-15 02:58:02
dr. Aktrine Pramudiyati,Dokter Umum,halodoc,"Setiabudi, Jakarta Selatan",,dokter-umum,2025-06-15 02:58:02
Dr. Al Bukhari,Dokter Umum,halodoc,"Setiabudi, Jakarta Selatan",,dokter-umum,2025-06-15 02:58:02
dr. Al-Sodiq,Dokter Umum,KLINIK PRATAMA AVINA,"Pondok Aren, Tangerang Selatan",,dokter-umum,2025-06-15 02:58:02
dr. Aladin,Dokter Umum,halodoc,"Setiabudi, Jakarta Selatan",,dokter-umum,2025-06-15 02:58:02
Dr. Alain Laurent,Dokter Umum,halodoc,"Setiabudi, Jakarta Selatan",,dokter-umum,2025-06-15 02:58:02
dr. Alam Akbar,Dokter Umum,KLINIK UTAMA RAWAT INAP AIRLANGGA,"Pasar Rebo, Jakarta Timur",,dokter-umum,2025-06-15 02:58:02
dr Albert Lim,Dokter Umum,Apotek Kimia Farma Ngesrep,"Banyumanik, Kota Semarang",,dokter-umum,2025-06-15 02:58:02
"Dr. Albert Susanto S.Ked.,M.M.",Dokter Umum,halodoc,"Setiabudi, Jakarta Selatan",,dokter-umum,2025-06-15 02:58:04
Dr. Albertus S. Agseyogi,Dokter Umum,halodoc,"Setiabudi, Jakarta Selatan",,dokter-umum,2025-06-15 02:58:04
Dr. Aldes Jumiana Sari,Dokter Umum,halodoc,"Setiabudi, Jakarta Selatan",,dokter-umum,2025-06-15 02:58:04
Dr. Aldi Setia,Dokter Umum,halodoc,"Setiabudi, Jakarta Selatan",,dokter-umum,2025-06-15 02:58:04
dr Aldian Mahendra Jatmiko,Dokter Umum,halodoc,"Setiabudi, Jakarta Selatan",,dokter-umum,2025-06-15 02:58:04
dr. Aldila,Dokter Umum,KMNC Rawamangun,"Pulo Gadung, Jakarta Timur",,dokter-umum,2025-06-15 02:58:04
dr. Aldila Ardine,Dokter Umum,halodoc,"Setiabudi, Jakarta Selatan",,dokter-umum,2025-06-15 02:58:04
dr. Aldila Savitri,Dokter Umum,halodoc,"Setiabudi, Jakarta Selatan",,dokter-umum,2025-06-15 02:58:04
dr. Aldora Putri Tammy,Dokter Umum,halodoc,"Setiabudi, Jakarta Selatan",,dokter-umum,2025-06-15 02:58:04
dr Alex Yanuar,Dokter Umum,Apotek Gunawan,"Tanah Abang, Jakarta Pusat",,dokter-umum,2025-06-15 02:58:04
Alex Yanuar,Dokter Umum,Apotek Gunawan,"Tanah Abang, Jakarta Pusat",,dokter-umum,2025-06-15 02:58:07
dr. Alexander Widya Chriswanto,Dokter Umum,halodoc,"Setiabudi, Jakarta Selatan",,dokter-umum,2025-06-15 02:58:07
dr. Alexis Fernando Pasaribu,Dokter Umum,halodoc,"Setiabudi, Jakarta Selatan",,dokter-umum,2025-06-15 02:58:07
dr. Aleyda,Dokter Umum,halodoc,"Setiabudi, Jakarta Selatan",,dokter-umum,2025-06-15 02:58:07
dr Alfa Karomah,Dokter Umum,halodoc,"Setiabudi, Jakarta Selatan",,dokter-umum,2025-06-15 02:58:07
dr. Alfian Adi Nugroho,Dokter Umum,Praktek dokter.,"Bukit Raya, Kota Pekanbaru",,dokter-umum,2025-06-15 02:58:07
Dr. Alfino Syahputra,Dokter Umum,halodoc,"Setiabudi, Jakarta Selatan",,dokter-umum,2025-06-15 02:58:07
Dr. Alfita Tiara Br Sembiring,Dokter Umum,halodoc,"Setiabudi, Jakarta Selatan",,dokter-umum,2025-06-15 02:58:07
dr. Alfivo Laurent Buana,Dokter Umum,RSU Islam CAWAS,"Klaten Selatan, Kab Klaten",,dokter-umum,2025-06-15 02:58:07
Dr. Alfrestica Debriaty Purba,Dokter Umum,halodoc,"Setiabudi, Jakarta Selatan",,dokter-umum,2025-06-15 02:58:07
Dr. Alfrida Ade Bunapa,Dokter Umum,halodoc,"Setiabudi, Jakarta Selatan",,dokter-umum,2025-06-15 02:58:09
dr. Ali Abdurrahman,Dokter Umum,halodoc,"Setiabudi, Jakarta Selatan",,dokter-umum,2025-06-15 02:58:09
Dr. Ali Syaugi Sp. A,Dokter Umum,halodoc,"Setiabudi, Jakarta Selatan",,dokter-umum,2025-06-15 02:58:09
Dr. Alief Budi Utomo,Dokter Umum,Apotek Kimia Farma Courtyard Galuh Mas,"Telukjambe Timur, Kabupaten Karawang",,dokter-umum,2025-06-15 02:58:09
Dr. Alief Firyasa Maulana M.MKes,Dokter Umum,halodoc,"Setiabudi, Jakarta Selatan",,dokter-umum,2025-06-15 02:58:09
dr. Alif Caesar R.P,Dokter Umum,halodoc,"Setiabudi, Jakarta Selatan",,dokter-umum,2025-06-15 02:58:09
Dr. Alifvia Nabdakh,Dokter Umum,halodoc,"Setiabudi, Jakarta Selatan",,dokter-umum,2025-06-15 02:58:09
Dr. Aliga Citra Ceptiani,Dokter Umum,Apotek Kawi Jaya,"Sukmajaya, Depok",,dokter-umum,2025-06-15 02:58:09
Dr. Alissa Yunitasari MM,Dokter Umum,halodoc,"Setiabudi, Jakarta Selatan",,dokter-umum,2025-06-15 02:58:09
dr. Aliya Fatimah,Dokter Umum,halodoc,"Setiabudi, Jakarta Selatan",,dokter-umum,2025-06-15 02:58:09
dr. Allycia Fellyna Rakhmah,Dokter Umum,RSUD Al Ihsan Provinsi Jawa Barat,"Baleendah, Kabupaten Bandung",,dokter-umum,2025-06-15 02:58:12
Dr. Alpasca Firdaus,Dokter Umum,halodoc,"Setiabudi, Jakarta Selatan",,dokter-umum,2025-06-15 02:58:12
Alvi Rizky Yuanita,Dokter Umum,halodoc,"Setiabudi, Jakarta Selatan",,dokter-umum,2025-06-15 02:58:12
dr. Alvin Alkhaliq,Dokter Umum,halodoc,"Setiabudi, Jakarta Selatan",,dokter-umum,2025-06-15 02:58:12
dr. Alvin Antonius,Dokter Umum,RSIA Viola,"Babelan, Kabupaten Bekasi",,dokter-umum,2025-06-15 02:58:12
dr. Alvin Trisnanto,Dokter Umum,halodoc,"Setiabudi, Jakarta Selatan",,dokter-umum,2025-06-15 02:58:12
dr. Alwi Muarif,Dokter Umum,Klinik Bhakti Utama Medika,"Ciracas, Jakarta Timur",,dokter-umum,2025-06-15 02:58:12
Dr. Alya Yomi Sari,Dokter Umum,halodoc,"Setiabudi, Jakarta Selatan",,dokter-umum,2025-06-15 02:58:12
dr. Amadea Noor Awalia,Dokter Umum,Rumah Sakit Emhaka,"Medan Satria, Bekasi",,dokter-umum,2025-06-15 02:58:12
dr. Amadea Noor Awalia,Dokter Umum,Rumah Sakit Emhaka,"Medan Satria, Bekasi",,dokter-umum,2025-06-15 02:58:12
dr. Amadea Noor Awalia,Dokter Umum,Rumah Sakit Emhaka,"Medan Satria, Bekasi",,dokter-umum,2025-06-15 02:58:14
dr. Amalia Azrina,Dokter Umum,halodoc,"Setiabudi, Jakarta Selatan",,dokter-umum,2025-06-15 02:58:14
Dr. Amalia Fachriyan Mahfudhah,Dokter Umum,halodoc,"Setiabudi, Jakarta Selatan",,dokter-umum,2025-06-15 02:58:14
dr. Amalia Firdaus,Dokter Umum,halodoc,"Setiabudi, Jakarta Selatan",,dokter-umum,2025-06-15 02:58:14
dr. Amalia Fitri Puspitasari,Dokter Umum,halodoc,"Setiabudi, Jakarta Selatan",,dokter-umum,2025-06-15 02:58:14
dr. Amalia Hanif,Dokter Umum,halodoc,"Setiabudi, Jakarta Selatan",,dokter-umum,2025-06-15 02:58:14
dr. Amalia Husna,Dokter Umum,halodoc,"Setiabudi, Jakarta Selatan",,dokter-umum,2025-06-15 02:58:14
dr. Amalia N,Dokter Umum,Klinik Pratama Patria Medika Cipayung,"Cipayung, Jakarta Timur",,dokter-umum,2025-06-15 02:58:14
Dr. Amalia Putri Ocean,Dokter Umum,halodoc,"Setiabudi, Jakarta Selatan",,dokter-umum,2025-06-15 02:58:14
Dr. Amanda Elma Monica,Dokter Umum,halodoc,"Setiabudi, Jakarta Selatan",,dokter-umum,2025-06-15 02:58:14
Amanda Putra,Dokter Umum,halodoc,"Setiabudi, Jakarta Selatan",,dokter-umum,2025-06-15 02:58:17
dr. Amanda Putra,Dokter Umum,halodoc,"Setiabudi, Jakarta Selatan",,dokter-umum,2025-06-15 02:58:17
dr. Amanda Ratih Rhamanissa Z,Dokter Umum,halodoc,"Setiabudi, Jakarta Selatan",,dokter-umum,2025-06-15 02:58:17
Dr. Amanda Safitria,Dokter Umum,halodoc,"Setiabudi, Jakarta Selatan",,dokter-umum,2025-06-15 02:58:17
Amanda Ulfah Demili,Dokter Umum,halodoc,"Setiabudi, Jakarta Selatan",,dokter-umum,2025-06-15 02:58:17
dr. Amba Putra,Dokter Umum,halodoc,"Setiabudi, Jakarta Selatan",,dokter-umum,2025-06-15 02:58:17
Dr. Amelia,Dokter Umum,halodoc,"Setiabudi, Jakarta Selatan",,dokter-umum,2025-06-15 02:58:17
dr. Amelia Dwi Heryani,Dokter Umum,halodoc,"Setiabudi, Jakarta Selatan",,dokter-umum,2025-06-15 02:58:17
dr. Amelia Fitra Khasanah,Dokter Umum,halodoc,"Setiabudi, Jakarta Selatan",,dokter-umum,2025-06-15 02:58:17
dr. Amelia Lucky Ragil Lupita,Dokter Umum,halodoc,"Setiabudi, Jakarta Selatan",,dokter-umum,2025-06-15 02:58:17
Dr. Amelia Meri Lestari M.M,Dokter Umum,halodoc,"Setiabudi, Jakarta Selatan",,dokter-umum,2025-06-15 02:58:19
Dr. Amelia Rachel,Dokter Umum,halodoc,"Setiabudi, Jakarta Selatan",,dokter-umum,2025-06-15 02:58:19
dr. Amelia Roseno,Dokter Umum,Klinik Shafa Medika,"Majalaya, Kabupaten Karawang",,dokter-umum,2025-06-15 02:58:19
dr. Amelia Rozano,Dokter Umum,Klinik Shafa Medika,"Majalaya, Kabupaten Karawang",,dokter-umum,2025-06-15 02:58:19
dr. Amelia Septy Mercury,Dokter Umum,KLINIK PRATAMA SETIA RUMANDA,"Matraman, Jakarta Timur",,dokter-umum,2025-06-15 02:58:19
Dr. Amelinda Syafrawi Dinata M.Biomed,Dokter Umum,halodoc,"Setiabudi, Jakarta Selatan",,dokter-umum,2025-06-15 02:58:19
dr. Ameliora Restky Sayety,Dokter Umum,halodoc,"Setiabudi, Jakarta Selatan",,dokter-umum,2025-06-15 02:58:19
dr. Ami Citraning Ayu,Dokter Umum,halodoc,"Setiabudi, Jakarta Selatan",,dokter-umum,2025-06-15 02:58:19
dr Aminah Cendrakasih,Dokter Umum,Klinik Aminah Cendrakasih,"Menteng, Jakarta Pusat",,dokter-umum,2025-06-15 02:58:19
dr. Aminah Noorully,Dokter Umum,Apotek Roxy Jatibaru,"Gambir, Jakarta Pusat",,dokter-umum,2025-06-15 02:58:19
dr. Amir Djohandsyah,Dokter Umum,Klinik Pratama Damayanti,"Gambir, Jakarta Pusat",,dokter-umum,2025-06-15 02:58:22
dr. Amir H. Rahim,Dokter Umum,Apotik Kelapa Gading Permai,"Kelapa Gading, Jakarta Utara",,dokter-umum,2025-06-15 02:58:22
dr. Amir H. Rahim,Dokter Umum,Apotik Kelapa Gading Permai,"Kelapa Gading, Jakarta Utara",,dokter-umum,2025-06-15 02:58:22
"Dr. Amir Hamigu MM, MARS",Dokter Umum,halodoc,"Setiabudi, Jakarta Selatan",,dokter-umum,2025-06-15 02:58:22
dr. Amirah Febrianti,Dokter Umum,halodoc,"Setiabudi, Jakarta Selatan",,dokter-umum,2025-06-15 02:58:22
dr. Amril,Dokter Umum,Apotek Kasih Ibu,"Pamanukan, Kabupaten Subang",,dokter-umum,2025-06-15 02:58:22
Dr. Amsal Amri,Dokter Umum,Dr. Amsal Amri,"Bogor Timur, Bogor",,dokter-umum,2025-06-15 02:58:22
dr. Amy Cansu Parera,Dokter Umum,halodoc,"Setiabudi, Jakarta Selatan",,dokter-umum,2025-06-15 02:58:22
dr. An nisa Firdausia,Dokter Umum,Prodia,"Makassar, Kota Makassar",,dokter-umum,2025-06-15 02:58:22
dr. Analisa Ilmiaty,Dokter Umum,halodoc,"Setiabudi, Jakarta Selatan",,dokter-umum,2025-06-15 02:58:22
Dr. Ananda Nabilla Setyani,Dokter Umum,halodoc,"Setiabudi, Jakarta Selatan",,dokter-umum,2025-06-15 02:58:24
dr. Ananda Ruti,Dokter Umum,Klinik Pratama Tsabita,"Bukit Raya, Kota Pekanbaru",,dokter-umum,2025-06-15 02:58:24
dr. Ananda Syah Putera,Dokter Umum,halodoc,"Setiabudi, Jakarta Selatan",,dokter-umum,2025-06-15 02:58:24
dr. Ananda Yulianti Azis,Dokter Umum,Klinik Fikri Medika 2,"Klari, Kabupaten Karawang",,dokter-umum,2025-06-15 02:58:24
Dr. Ananda Yuliarti Azis,Dokter Umum,Klinik Fikri Medika 2,"Klari, Kabupaten Karawang",,dokter-umum,2025-06-15 02:58:24
Dr. Ananda Yuliarti Azis,Dokter Umum,Klinik Fikri Medika 2,"Klari, Kabupaten Karawang",,dokter-umum,2025-06-15 02:58:24
dr. Anas Ferdiansyah,Dokter Umum,RS TNI AD Tingkat IV Kediri,"Badas, Kabupaten Kediri",,dokter-umum,2025-06-15 02:58:24
dr. Anasiyya Siti Luthfiyah,Dokter Umum,halodoc,"Setiabudi, Jakarta Selatan",,dokter-umum,2025-06-15 02:58:24
dr. Anastasia Riski Putri,Dokter Umum,Klinik Mitra Sehat Kabelan,"Setiabudi, Jakarta Selatan",,dokter-umum,2025-06-15 02:58:24
Dr. Anastasia Sandy C.,Dokter Umum,Prakter dr. Anastasia Sandy,"Tangerang, Tangerang",,dokter-umum,2025-06-15 02:58:24
Dr. Anastasia Sandy C.,Dokter Umum,Apotek Serpong,"Serpong, Tangerang Selatan",,dokter-umum,2025-06-15 02:58:27
dr. Anastazia Adeela,Dokter Umum,halodoc,"Setiabudi, Jakarta Selatan",,dokter-umum,2025-06-15 02:58:27
dr. Anathasia Christine Kurniawaty,Dokter Umum,halodoc,"Setiabudi, Jakarta Selatan",,dokter-umum,2025-06-15 02:58:27
Andalia Fitri Sp. PD,Dokter Umum,Apotik Fajar Sehat,"Jatisampurna, Bekasi",,dokter-umum,2025-06-15 02:58:27
dr. Andananto,Dokter Umum,RSU Islam CAWAS,"Klaten Selatan, Kab Klaten",,dokter-umum,2025-06-15 02:58:27
Dr. Andhi,Dokter Umum,Dr ANDHI,"Batujajar, Kabupaten Bandung Barat",,dokter-umum,2025-06-15 02:58:27
drg. Andhyta Rifda Ramadhani,Dokter Umum,halodoc,"Setiabudi, Jakarta Selatan",,dokter-umum,2025-06-15 02:58:27
Dr. Andi,Dokter Umum,Apotek Segar Bypass,"Tegalwaru, Kabupaten Karawang",,dokter-umum,2025-06-15 02:58:27
Dr. Andi,Dokter Umum,Klinik Dr. Hurus Diyanto,"Cimanggis, Depok",,dokter-umum,2025-06-15 02:58:27
dr. Andi Adnan,Dokter Umum,dr. Andi Adnan,"Kuaro, Kabupaten Paser",,dokter-umum,2025-06-15 02:58:27
Dr. Andi Ajeng Ismawati Ishak,Dokter Umum,halodoc,"Setiabudi, Jakarta Selatan",,dokter-umum,2025-06-15 02:58:30
Dr. Andi Alfiana,Dokter Umum,halodoc,"Setiabudi, Jakarta Selatan",,dokter-umum,2025-06-15 02:58:30
Dr. Andi Aynina Putri Aswati,Dokter Umum,halodoc,"Setiabudi, Jakarta Selatan",,dokter-umum,2025-06-15 02:58:30
"dr. Andi Gunawan Kwan, Sp.A , M.Biomed",Dokter Umum,"dr. Andi Gunawan Kwan, Sp.A , M.Biomed","Sukolilo, Kota Surabaya",,dokter-umum,2025-06-15 02:58:30
dr. Andi Haerunnisa,Dokter Umum,Praktek Umum dr Andi Haerunnisa,"Jatisampurna, Bekasi",,dokter-umum,2025-06-15 02:58:30
dr. Andi Haerunnisa,Dokter Umum,Praktek Umum dr Andi Haerunnisa,"Jatisampurna, Bekasi",,dokter-umum,2025-06-15 02:58:30
dr. Andi Haerunnisa,Dokter Umum,halodoc,"Setiabudi, Jakarta Selatan",,dokter-umum,2025-06-15 02:58:30
dr. Andi Herianto,Dokter Umum,halodoc,"Setiabudi, Jakarta Selatan",,dokter-umum,2025-06-15 02:58:30
Dr. Andi Hutri Wahyuni,Dokter Umum,halodoc,"Setiabudi, Jakarta Selatan",,dokter-umum,2025-06-15 02:58:30
dr. Andi Irawan Kisman,Dokter Umum,halodoc,"Setiabudi, Jakarta Selatan",,dokter-umum,2025-06-15 02:58:30
Dr. Andi Karlina Syahrir,Dokter Umum,halodoc,"Setiabudi, Jakarta Selatan",,dokter-umum,2025-06-15 02:58:32
Dr. Andi Makkawaru Chairul AIFO-K,Dokter Umum,halodoc,"Setiabudi, Jakarta Selatan",,dokter-umum,2025-06-15 02:58:32
Andi Muhammad Late Reza,Dokter Umum,halodoc,"Setiabudi, Jakarta Selatan",,dokter-umum,2025-06-15 02:58:32
Dr. Andi Mujtahida Barateng,Dokter Umum,halodoc,"Setiabudi, Jakarta Selatan",,dokter-umum,2025-06-15 02:58:32
Dr. Andi Mulia Hardiyanti,Dokter Umum,halodoc,"Setiabudi, Jakarta Selatan",,dokter-umum,2025-06-15 02:58:32
dr. Andi Nadya Risalina Irwansyah,Dokter Umum,halodoc,"Setiabudi, Jakarta Selatan",,dokter-umum,2025-06-15 02:58:32
dr. Andi Nurfatiha,Dokter Umum,halodoc,"Setiabudi, Jakarta Selatan",,dokter-umum,2025-06-15 02:58:32
Dr. Andi Priscillia Al-qodri,Dokter Umum,halodoc,"Setiabudi, Jakarta Selatan",,dokter-umum,2025-06-15 02:58:32
dr. Andi Putra Jayanegara,Dokter Umum,halodoc,"Setiabudi, Jakarta Selatan",,dokter-umum,2025-06-15 02:58:32
Andi Roy Situmorang,Dokter Umum,halodoc,"Setiabudi, Jakarta Selatan",,dokter-umum,2025-06-15 02:58:32
dr. Andi Wahyudi,Dokter Umum,halodoc,"Setiabudi, Jakarta Selatan",,dokter-umum,2025-06-15 02:58:35
dr. Andi Yusmawati,Dokter Umum,halodoc,"Setiabudi, Jakarta Selatan",,dokter-umum,2025-06-15 02:58:35
Andika Heriyandi,Dokter Umum,halodoc,"Setiabudi, Jakarta Selatan",,dokter-umum,2025-06-15 02:58:35
dr. Andika Putra Cipta,Dokter Umum,Klinik Pratama Sentra Medika Kebumen,"Prembun, Kabupaten Kebumen",,dokter-umum,2025-06-15 02:58:35
Dr. Andika Retno Ayuni,Dokter Umum,halodoc,"Setiabudi, Jakarta Selatan",,dokter-umum,2025-06-15 02:58:35
dr. Andikha Budi Hertanto,Dokter Umum,Klinik Pratama Kencana,"Tangerang, Tangerang",,dokter-umum,2025-06-15 02:58:35
dr. Andina Frastiningsih,Dokter Umum,halodoc,"Setiabudi, Jakarta Selatan",,dokter-umum,2025-06-15 02:58:35
Dr. Andini Kartika Sari,Dokter Umum,halodoc,"Setiabudi, Jakarta Selatan",,dokter-umum,2025-06-15 02:58:35
dr. Andini Larasati,Dokter Umum,halodoc,"Setiabudi, Jakarta Selatan",,dokter-umum,2025-06-15 02:58:35
dr. Andini Sabrina,Dokter Umum,halodoc,"Setiabudi, Jakarta Selatan",,dokter-umum,2025-06-15 02:58:35
dr. Andini Yuliana,Dokter Umum,halodoc,"Setiabudi, Jakarta Selatan",,dokter-umum,2025-06-15 02:58:37
Dr. Andisty Swandhani,Dokter Umum,"Apotek, Laboratorium Medis, dan Klinik Kimia Farma Grahayana","Telukjambe Timur, Kabupaten Karawang",,dokter-umum,2025-06-15 02:58:37
dr. Andre,Dokter Umum,halodoc,"Setiabudi, Jakarta Selatan",,dokter-umum,2025-06-15 02:58:37
Dr. Andre Erlis,Dokter Umum,halodoc,"Setiabudi, Jakarta Selatan",,dokter-umum,2025-06-15 02:58:37
dr. Andre Mahardhika Harsono,Dokter Umum,halodoc,"Setiabudi, Jakarta Selatan",,dokter-umum,2025-06-15 02:58:37
Dr. Andrea Agitha Tarigan,Dokter Umum,halodoc,"Setiabudi, Jakarta Selatan",,dokter-umum,2025-06-15 02:58:37
Dr. Andreago,Dokter Umum,halodoc,"Setiabudi, Jakarta Selatan",,dokter-umum,2025-06-15 02:58:37
dr. Andreas,Dokter Umum,halodoc,"Setiabudi, Jakarta Selatan",,dokter-umum,2025-06-15 02:58:37
dr. Andreas Andri Dwiwanto WW,Dokter Umum,halodoc,"Setiabudi, Jakarta Selatan",,dokter-umum,2025-06-15 02:58:37
dr. Andreas Gore,Dokter Umum,halodoc,"Setiabudi, Jakarta Selatan",,dokter-umum,2025-06-15 02:58:37
dr. Andreas Klemens Wienanda,Dokter Umum,halodoc,"Setiabudi, Jakarta Selatan",,dokter-umum,2025-06-15 02:58:40
dr. Andreas Stevan,Dokter Umum,Klinik Pratama Sutera Pharma,"Serpong Utara, Tangerang Selatan",,dokter-umum,2025-06-15 02:58:40
Dr. Andrew,Dokter Umum,halodoc,"Setiabudi, Jakarta Selatan",,dokter-umum,2025-06-15 02:58:40
dr. Andrew,Dokter Umum,Halodoc Teleconsultation,"Setiabudi, Jakarta Selatan",,dokter-umum,2025-06-15 02:58:40
dr. Andrew Hartono,Dokter Umum,halodoc,"Setiabudi, Jakarta Selatan",,dokter-umum,2025-06-15 02:58:40
dr. Andrew Lienata,Dokter Umum,halodoc,"Setiabudi, Jakarta Selatan",,dokter-umum,2025-06-15 02:58:40
dr. Andrew Rozaan F.,Dokter Umum,halodoc,"Setiabudi, Jakarta Selatan",,dokter-umum,2025-06-15 02:58:40
dr. Andrey Yonathan,Dokter Umum,halodoc,"Setiabudi, Jakarta Selatan",,dokter-umum,2025-06-15 02:58:40
dr. Andri Abdul Rahman,Dokter Umum,Klinik Pratama Mitrasehat Kita Bersama,"Tanjung Priok, Jakarta Utara",,dokter-umum,2025-06-15 02:58:40
Dr. Andri Dwi Putra Pasopati,Dokter Umum,halodoc,"Setiabudi, Jakarta Selatan",,dokter-umum,2025-06-15 02:58:40
dr Andri Firdaus,Dokter Umum,Apotek Kimia Farma Courtyard Galuh Mas,"Telukjambe Timur, Kabupaten Karawang",,dokter-umum,2025-06-15 02:58:43
dr. Andri Heriyanto,Dokter Umum,Sismamedikal,"Sawah Besar, Jakarta Pusat",,dokter-umum,2025-06-15 02:58:43
Dr. Androri Maya Gita Sari,Dokter Umum,halodoc,"Setiabudi, Jakarta Selatan",,dokter-umum,2025-06-15 02:58:43
Dr. Andry Lukandy,Dokter Umum,halodoc,"Setiabudi, Jakarta Selatan",,dokter-umum,2025-06-15 02:58:43
dr. Andry Mulyana,Dokter Umum,Klinik Pratama Metacare,"Kebayoran Baru, Jakarta Selatan",,dokter-umum,2025-06-15 02:58:43
dr. Andry Saputra,Dokter Umum,Klinik Rahma Medika,"Setu, Tangerang Selatan",,dokter-umum,2025-06-15 02:58:43
dr. Andry Saputra,Dokter Umum,dr. Andri Saputra,"Bekasi Barat, Bekasi",,dokter-umum,2025-06-15 02:58:43
dr. Andy,Dokter Umum,Praktek Dokter Andy,"Pademangan, Jakarta Utara",,dokter-umum,2025-06-15 02:58:43
dr. Andy,Dokter Umum,halodoc,"Setiabudi, Jakarta Selatan",,dokter-umum,2025-06-15 02:58:43
dr. Andy Gunawan,Dokter Umum,halodoc,"Setiabudi, Jakarta Selatan",,dokter-umum,2025-06-15 02:58:43
dr Andy Halomoan Simmarta Sp.OG,Dokter Umum,halodoc,"Setiabudi, Jakarta Selatan",,dokter-umum,2025-06-15 02:58:45
dr. Andy Hasan,Dokter Umum,halodoc,"Setiabudi, Jakarta Selatan",,dokter-umum,2025-06-15 02:58:45
dr. Andy Khalida Lembah,Dokter Umum,halodoc,"Setiabudi, Jakarta Selatan",,dokter-umum,2025-06-15 02:58:45
dr Andy Yusuf,Dokter Umum,halodoc,"Setiabudi, Jakarta Selatan",,dokter-umum,2025-06-15 02:58:45
dr. Ang Timotius Raymond Angkajaya,Dokter Umum,halodoc,"Setiabudi, Jakarta Selatan",,dokter-umum,2025-06-15 02:58:45
dr. Angela Ellena Citralestari,Dokter Umum,halodoc,"Setiabudi, Jakarta Selatan",,dokter-umum,2025-06-15 02:58:45
dr. Angela Gracia Abadi,Dokter Umum,Siloam Hospitals Makassar -,"Ujung Pandang, Kota Makassar",,dokter-umum,2025-06-15 02:58:45
dr. Angelica Anggunadi,Dokter Umum,Klinik Utama Motiva,"Kebayoran Baru, Jakarta Selatan",,dokter-umum,2025-06-15 02:58:45
Dr. Angelina Purnamasari Tanoeisan,Dokter Umum,halodoc,"Setiabudi, Jakarta Selatan",,dokter-umum,2025-06-15 02:58:45
dr. Angga Dominius,Dokter Umum,halodoc,"Setiabudi, Jakarta Selatan",,dokter-umum,2025-06-15 02:58:45
dr. Angga Meda Mahardhika,Dokter Umum,halodoc,"Setiabudi, Jakarta Selatan",,dokter-umum,2025-06-15 02:58:47
Dr. Angga Prama Syamsudi Putra,Dokter Umum,halodoc,"Setiabudi, Jakarta Selatan",,dokter-umum,2025-06-15 02:58:47
dr. Angga Pratama Putra,Dokter Umum,halodoc,"Setiabudi, Jakarta Selatan",,dokter-umum,2025-06-15 02:58:47
dr. Anggela Tiana,Dokter Umum,halodoc,"Setiabudi, Jakarta Selatan",,dokter-umum,2025-06-15 02:58:47
Dr. Anggi Larasati,Dokter Umum,halodoc,"Setiabudi, Jakarta Selatan",,dokter-umum,2025-06-15 02:58:47
Dr. Anggia Rohdila Sari,Dokter Umum,halodoc,"Setiabudi, Jakarta Selatan",,dokter-umum,2025-06-15 02:58:47
dr. Anggia Shinta Wijaya Kusuma,Dokter Umum,halodoc,"Setiabudi, Jakarta Selatan",,dokter-umum,2025-06-15 02:58:47
dr. Anggie Pradetya Maharani,Dokter Umum,halodoc,"Setiabudi, Jakarta Selatan",,dokter-umum,2025-06-15 02:58:47
Dr. Anggita Madhyaratri,Dokter Umum,halodoc,"Setiabudi, Jakarta Selatan",,dokter-umum,2025-06-15 02:58:47
dr. Anggun Ayuningtyas,Dokter Umum,halodoc,"Setiabudi, Jakarta Selatan",,dokter-umum,2025-06-15 02:58:47
Dr. Anggun Permata Sari M.Biomed,Dokter Umum,halodoc,"Setiabudi, Jakarta Selatan",,dokter-umum,2025-06-15 02:58:50
Anggun Rahmati,Dokter Umum,halodoc,"Setiabudi, Jakarta Selatan",,dokter-umum,2025-06-15 02:58:50
dr. Anggun Valensia Manja,Dokter Umum,halodoc,"Setiabudi, Jakarta Selatan",,dokter-umum,2025-06-15 02:58:50
dr. Angieta Sari Ramadhan,Dokter Umum,halodoc,"Setiabudi, Jakarta Selatan",,dokter-umum,2025-06-15 02:58:50
Dr. Ani Kurnia Liriahaq,Dokter Umum,halodoc,"Setiabudi, Jakarta Selatan",,dokter-umum,2025-06-15 02:58:50
dr. Ani Nuraini,Dokter Umum,Apotik Rajapolah,"Rajapolah, Kabupaten Tasikmalaya",,dokter-umum,2025-06-15 02:58:50
Anik Alfiyani,Dokter Umum,halodoc,"Setiabudi, Jakarta Selatan",,dokter-umum,2025-06-15 02:58:50
dr. Anike Putri,Dokter Umum,Klinik Karya Medika - Karawang,"Telukjambe Timur, Kabupaten Karawang",,dokter-umum,2025-06-15 02:58:50
dr. Aninda Vikhanti,Dokter Umum,halodoc,"Setiabudi, Jakarta Selatan",,dokter-umum,2025-06-15 02:58:50
Dr. Anindhi Rahmawati,Dokter Umum,Klinik Bregas Mulya,"Slawi, Tegal",,dokter-umum,2025-06-15 02:58:50
dr. Anindhiani Aparamitha Sari,Dokter Umum,halodoc,"Setiabudi, Jakarta Selatan",,dokter-umum,2025-06-15 02:58:52
dr. Anindya Riezkaa B.,Dokter Umum,halodoc,"Setiabudi, Jakarta Selatan",,dokter-umum,2025-06-15 02:58:52
Dr. Anis,Dokter Umum,Klinik Pratama Rawat Inap Griya Husada,"Bekasi Utara, Bekasi",,dokter-umum,2025-06-15 02:58:52
Dr. Anis Trisnawati Putri,Dokter Umum,halodoc,"Setiabudi, Jakarta Selatan",,dokter-umum,2025-06-15 02:58:52
dr. Anisa Faqih,Dokter Umum,Prakter Dokter dr. Reza Fauzi,"Medan Satria, Bekasi",,dokter-umum,2025-06-15 02:58:52
dr. Anisa Fatin,Dokter Umum,dr Reza Fauzi,"Bekasi Selatan, Bekasi",,dokter-umum,2025-06-15 02:58:52
Dr. Anisa Fauziah,Dokter Umum,halodoc,"Setiabudi, Jakarta Selatan",,dokter-umum,2025-06-15 02:58:52
Dr. Anisa Tia Efitasari,Dokter Umum,Rumah Vaksinasi Cibubur,"Ciracas, Jakarta Timur",,dokter-umum,2025-06-15 02:58:52
dr. Anisa Tri Astuti,Dokter Umum,halodoc,"Setiabudi, Jakarta Selatan",,dokter-umum,2025-06-15 02:58:52
Dr. Anissa Resprita Wicaksani,Dokter Umum,halodoc,"Setiabudi, Jakarta Selatan",,dokter-umum,2025-06-15 02:58:52
Dr. Anisya Aftariza,Dokter Umum,halodoc,"Setiabudi, Jakarta Selatan",,dokter-umum,2025-06-15 02:58:55
Dr. Anisya Ulfianurtetha,Dokter Umum,halodoc,"Setiabudi, Jakarta Selatan",,dokter-umum,2025-06-15 02:58:55
Anita Agustria,Dokter Umum,halodoc,"Setiabudi, Jakarta Selatan",,dokter-umum,2025-06-15 02:58:55
dr. Anita Ginanjar Sari,Dokter Umum,halodoc,"Setiabudi, Jakarta Selatan",,dokter-umum,2025-06-15 02:58:55
Dr. Anita Lia Arsanti Wangsa Marapati,Dokter Umum,halodoc,"Setiabudi, Jakarta Selatan",,dokter-umum,2025-06-15 02:58:55
dr. Anita Muhtar,Dokter Umum,halodoc,"Setiabudi, Jakarta Selatan",,dokter-umum,2025-06-15 02:58:55
dr. Anita Octaviani Lestary,Dokter Umum,halodoc,"Setiabudi, Jakarta Selatan",,dokter-umum,2025-06-15 02:58:55
Dr. Anita Resnawati,Dokter Umum,halodoc,"Setiabudi, Jakarta Selatan",,dokter-umum,2025-06-15 02:58:55
Dr. Anita Sari,Dokter Umum,halodoc,"Setiabudi, Jakarta Selatan",,dokter-umum,2025-06-15 02:58:55
dr. Anityo Nugroho,Dokter Umum,dr. Anityo Nugroho,"Gianyar, Kabupaten Gianyar",,dokter-umum,2025-06-15 02:58:55
Dr. Anna Ariane,Dokter Umum,RSCM KENCANA,"Cempaka Putih, Jakarta Pusat",,dokter-umum,2025-06-15 02:58:57
Dr. Anna Maria,Dokter Umum,Klinik Mitra Medika Tambakan,"Jalan Cagak, Kabupaten Subang",,dokter-umum,2025-06-15 02:58:57
Dr. Anna Maria,Dokter Umum,halodoc,"Setiabudi, Jakarta Selatan",,dokter-umum,2025-06-15 02:58:57
dr. Anna O,Dokter Umum,Klinik Pratama Bhakti Medika,"Tanjung Priok, Jakarta Utara",,dokter-umum,2025-06-15 02:58:57
dr. Anna Octaviana,Dokter Umum,Klinik Pratama Bhakti Medika,"Tanjung Priok, Jakarta Utara",,dokter-umum,2025-06-15 02:58:57
dr. Anna Romaida,Dokter Umum,halodoc,"Setiabudi, Jakarta Selatan",,dokter-umum,2025-06-15 02:58:57
dr. Annas Abdurrahman Asmiragani,Dokter Umum,halodoc,"Setiabudi, Jakarta Selatan",,dokter-umum,2025-06-15 02:58:57
dr. Annastasia Riski Putri,Dokter Umum,halodoc,"Setiabudi, Jakarta Selatan",,dokter-umum,2025-06-15 02:58:57
dr Anneke,Dokter Umum,Apotek Bina Sehat Pharma,"Semarang Utara, Kota Semarang",,dokter-umum,2025-06-15 02:58:57
Dr. Annes Tasya Putri,Dokter Umum,halodoc,"Setiabudi, Jakarta Selatan",,dokter-umum,2025-06-15 02:58:57
Dr. Annida Al Islami Maulida,Dokter Umum,Apotek Kimia Farma Ciaul,"Cikole, Kota Sukabumi",,dokter-umum,2025-06-15 02:59:00
Dr. Annisa Aulia Fitri,Dokter Umum,halodoc,"Setiabudi, Jakarta Selatan",,dokter-umum,2025-06-15 02:59:00
dr. Annisa Bakri,Dokter Umum,halodoc,"Setiabudi, Jakarta Selatan",,dokter-umum,2025-06-15 02:59:00
dr. Annisa Farah Fadhilah,Dokter Umum,halodoc,"Setiabudi, Jakarta Selatan",,dokter-umum,2025-06-15 02:59:00
Dr. Annisa Fauziah,Dokter Umum,halodoc,"Setiabudi, Jakarta Selatan",,dokter-umum,2025-06-15 02:59:00
dr. Annisa Iftitahuljanah,Dokter Umum,KLINIK PERMATA HATI CILILIN,"Margahayu, Kabupaten Bandung",,dokter-umum,2025-06-15 02:59:00
dr. Annisa Intan Pratiwi,Dokter Umum,halodoc,"Setiabudi, Jakarta Selatan",,dokter-umum,2025-06-15 02:59:00
dr. Annisa Mardhiyah,Dokter Umum,halodoc,"Setiabudi, Jakarta Selatan",,dokter-umum,2025-06-15 02:59:00
Dr. Annisa Mardhiyyah,Dokter Umum,halodoc,"Setiabudi, Jakarta Selatan",,dokter-umum,2025-06-15 02:59:00
Dr. Annisa Mega Lisna,Dokter Umum,halodoc,"Setiabudi, Jakarta Selatan",,dokter-umum,2025-06-15 02:59:00
dr. Annisa Meitriastari,Dokter Umum,Pramita Laboratorium,"Setiabudi, Jakarta Selatan",,dokter-umum,2025-06-15 02:59:02
dr. Annisa Metiriasari,Dokter Umum,Pramita Laboratorium,"Setiabudi, Jakarta Selatan",,dokter-umum,2025-06-15 02:59:02
dr. Annisa Nur Mutia S.Ked,Dokter Umum,halodoc,"Setiabudi, Jakarta Selatan",,dokter-umum,2025-06-15 02:59:02
dr. Annisa Nurida M.Kes,Dokter Umum,halodoc,"Setiabudi, Jakarta Selatan",,dokter-umum,2025-06-15 02:59:02
Annisa Rahmani,Dokter Umum,halodoc,"Setiabudi, Jakarta Selatan",,dokter-umum,2025-06-15 02:59:02
dr. Annisa Rahmawati,Dokter Umum,Klinik Ahmad Yani Medika,"Karawang Barat, Kabupaten Karawang",,dokter-umum,2025-06-15 02:59:02
Dr. Annisa Ramadhani,Dokter Umum,halodoc,"Setiabudi, Jakarta Selatan",,dokter-umum,2025-06-15 02:59:02
dr. Annisa Rusfiana,Dokter Umum,halodoc,"Setiabudi, Jakarta Selatan",,dokter-umum,2025-06-15 02:59:02
dr. Annisa Sarfina Djunaedy,Dokter Umum,halodoc,"Setiabudi, Jakarta Selatan",,dokter-umum,2025-06-15 02:59:02
dr. Annisa Sukma Wati,Dokter Umum,halodoc,"Setiabudi, Jakarta Selatan",,dokter-umum,2025-06-15 02:59:02
Dr. Annisa Zhafirah Nurfiani,Dokter Umum,halodoc,"Setiabudi, Jakarta Selatan",,dokter-umum,2025-06-15 02:59:05
dr. Annisaa Rahmawati,Dokter Umum,Klinik Ahmad Yani Medika,"Karawang Barat, Kabupaten Karawang",,dokter-umum,2025-06-15 02:59:05
dr. Annisha Rizki Dyati Putri,Dokter Umum,halodoc,"Setiabudi, Jakarta Selatan",,dokter-umum,2025-06-15 02:59:05
Annishya Sari Parmana,Dokter Umum,halodoc,"Setiabudi, Jakarta Selatan",,dokter-umum,2025-06-15 02:59:05
dr. Annisyafitri,Dokter Umum,Klinik Pratama dr. Annisyafitri,"Cibinong, Kabupaten Bogor",,dokter-umum,2025-06-15 02:59:05
dr. Annita Sari,Dokter Umum,Medika Utama 2,"Mulyorejo, Kota Surabaya",,dokter-umum,2025-06-15 02:59:05
dr. Annita Sari,Dokter Umum,Klinik Medika Utama 2,"Mulyorejo, Kota Surabaya",,dokter-umum,2025-06-15 02:59:05
Dr. Anny Alfianti,Dokter Umum,halodoc,"Setiabudi, Jakarta Selatan",,dokter-umum,2025-06-15 02:59:05
dr. Anok Agung Sp. OG,Dokter Umum,Klinik Utama Pinang Sari I,"Pinang, Tangerang",,dokter-umum,2025-06-15 02:59:05
Dr. Anor R. MA,Dokter Umum,KLINIK PRATAMA ARCAMANIK ENDAH,"Arcamanik, Kota Bandung",,dokter-umum,2025-06-15 02:59:05
Dr. Anre Khaliq Aswan,Dokter Umum,halodoc,"Setiabudi, Jakarta Selatan",,dokter-umum,2025-06-15 02:59:07
Dr. Ansieta Vinsencia Ciputri Bulu Olu,Dokter Umum,halodoc,"Setiabudi, Jakarta Selatan",,dokter-umum,2025-06-15 02:59:07
dr. Anthony,Dokter Umum,halodoc,"Setiabudi, Jakarta Selatan",,dokter-umum,2025-06-15 02:59:07
Dr. Antika Putri Wahyuni,Dokter Umum,halodoc,"Setiabudi, Jakarta Selatan",,dokter-umum,2025-06-15 02:59:07
dr. Anton M.Biomed (AAM),Dokter Umum,halodoc,"Setiabudi, Jakarta Selatan",,dokter-umum,2025-06-15 02:59:07
dr. Anton Budi Harja,Dokter Umum,Apotek Dan Klinik Budi Asih 2,"Cikarang Pusat, Kabupaten Bekasi",,dokter-umum,2025-06-15 02:59:07
dr. Anton Cahaya Widjaja,Dokter Umum,Prodia Puri Indah,"Kembangan, Jakarta Barat",,dokter-umum,2025-06-15 02:59:07
dr. Anton Cahaya Wijaya,Dokter Umum,Bio Medika,"Kebon Jeruk, Jakarta Barat",,dokter-umum,2025-06-15 02:59:07
Dr. Anton Christian Ompu Sunggu,Dokter Umum,halodoc,"Setiabudi, Jakarta Selatan",,dokter-umum,2025-06-15 02:59:07
dr. Anton R.,Dokter Umum,dr. Anton R,"Sukmajaya, Depok",,dokter-umum,2025-06-15 02:59:07
dr. Anton Rompies,Dokter Umum,dr. Anton Rompies,"Sukmajaya, Depok",,dokter-umum,2025-06-15 02:59:10
dr. Anton Rompis,Dokter Umum,dr. Anton R,"Sukmajaya, Depok",,dokter-umum,2025-06-15 02:59:10
dr. Antonio Paulus Aditya Nugroho Sp. B,Dokter Umum,halodoc,"Setiabudi, Jakarta Selatan",,dokter-umum,2025-06-15 02:59:10
Dr. Antonius P.,Dokter Umum,dr. Antonius P,"Pulo Gadung, Jakarta Timur",,dokter-umum,2025-06-15 02:59:10
Dr. Antonius P.,Dokter Umum,dr. Antonius P,"Pulo Gadung, Jakarta Timur",,dokter-umum,2025-06-15 02:59:10
Dr. Antonius P.,Dokter Umum,dr. Antonius P,"Pulo Gadung, Jakarta Timur",,dokter-umum,2025-06-15 02:59:10
dr. Antonius Sinaga,Dokter Umum,KUSUMA MEDIKA,"Angsana, Kabupaten Tanah Bumbu",,dokter-umum,2025-06-15 02:59:10
dr. Antonius Wahyudi,Dokter Umum,LAB PRODIA KUDUS,"Senen, Jakarta Pusat",,dokter-umum,2025-06-15 02:59:10
dr. Anugerah Ariestiany,Dokter Umum,halodoc,"Setiabudi, Jakarta Selatan",,dokter-umum,2025-06-15 02:59:10
Dr. Anugerah Barita Firman,Dokter Umum,halodoc,"Setiabudi, Jakarta Selatan",,dokter-umum,2025-06-15 02:59:10
dr. Anugerah Indah Sari,Dokter Umum,halodoc,"Setiabudi, Jakarta Selatan",,dokter-umum,2025-06-15 02:59:12
Dr. Anwar Soleh,Dokter Umum,Praktek dokter anwar Soleh,"Balaraja, Kabupaten Tangerang",,dokter-umum,2025-06-15 02:59:12
dr Anzarnialis Haidir,Dokter Umum,Dokter Gigi Anzarnialis Haidir,"Medan Area, Kota Medan",,dokter-umum,2025-06-15 02:59:12
Dr. Aoulia Ajeng Rahmawati,Dokter Umum,halodoc,"Setiabudi, Jakarta Selatan",,dokter-umum,2025-06-15 02:59:12
dr. Apri Haryono Hafid,Dokter Umum,halodoc,"Setiabudi, Jakarta Selatan",,dokter-umum,2025-06-15 02:59:12
Dr. Aprianto Jefry Sinaga,Dokter Umum,halodoc,"Setiabudi, Jakarta Selatan",,dokter-umum,2025-06-15 02:59:12
dr. Aprillia Puspasari,Dokter Umum,halodoc,"Setiabudi, Jakarta Selatan",,dokter-umum,2025-06-15 02:59:12
dr. Aprilyan Laras,Dokter Umum,halodoc,"Setiabudi, Jakarta Selatan",,dokter-umum,2025-06-15 02:59:12
Aprima Visgint,Dokter Umum,halodoc,"Setiabudi, Jakarta Selatan",,dokter-umum,2025-06-15 02:59:12
dr. Aqidatul Islamiyyati Elqowiyya,Dokter Umum,halodoc,"Setiabudi, Jakarta Selatan",,dokter-umum,2025-06-15 02:59:12
Dr. Aqmarina Nadhira Gowat,Dokter Umum,halodoc,"Setiabudi, Jakarta Selatan",,dokter-umum,2025-06-15 02:59:15
Dr. Ara Baysari,Dokter Umum,halodoc,"Setiabudi, Jakarta Selatan",,dokter-umum,2025-06-15 02:59:15
Dr. Arda Fatkhul Khoiriyah,Dokter Umum,halodoc,"Setiabudi, Jakarta Selatan",,dokter-umum,2025-06-15 02:59:15
dr. Arda yunita Subardi,Dokter Umum,MMC Clinic,"Tambun Selatan, Kabupaten Bekasi",,dokter-umum,2025-06-15 02:59:15
Ardhila Aida Nirmala,Dokter Umum,halodoc,"Setiabudi, Jakarta Selatan",,dokter-umum,2025-06-15 02:59:15
dr. Ardho Mahamada,Dokter Umum,halodoc,"Setiabudi, Jakarta Selatan",,dokter-umum,2025-06-15 02:59:15
dr. Ardi Yudha Febrianto,Dokter Umum,Klinik Inpres Medika,"Larangan, Tangerang",,dokter-umum,2025-06-15 02:59:15
dr. Ardiansyah MARS,Dokter Umum,Klinik Almahira,"Sukatani, Kabupaten Bekasi",,dokter-umum,2025-06-15 02:59:15
Dr. Ardita Fransiska Pratiwi,Dokter Umum,halodoc,"Setiabudi, Jakarta Selatan",,dokter-umum,2025-06-15 02:59:15
dr. Ardjianto Irwanto,Dokter Umum,Apotek K24,"Banjarbaru Selatan, Kota Banjarbaru",,dokter-umum,2025-06-15 02:59:15
Dr. Arfa Berrina,Dokter Umum,halodoc,"Setiabudi, Jakarta Selatan",,dokter-umum,2025-06-15 02:59:17
dr. Ari Erna,Dokter Umum,halodoc,"Setiabudi, Jakarta Selatan",,dokter-umum,2025-06-15 02:59:17
Dr. Ari Sudhewa,Dokter Umum,Doktor Ari Sudhewa & Associates,"Abiansemal, Kabupaten Badung",,dokter-umum,2025-06-15 02:59:17
Dr. Ari Wahyudi Tamrin,Dokter Umum,halodoc,"Setiabudi, Jakarta Selatan",,dokter-umum,2025-06-15 02:59:17
dr. Ariduan Agusviayo,Dokter Umum,Klinik Inpres Medika,"Larangan, Tangerang",,dokter-umum,2025-06-15 02:59:17
dr. Arie,Dokter Umum,Apotek keenan farma 1,"Tambun Utara, Kabupaten Bekasi",,dokter-umum,2025-06-15 02:59:17
dr. Arief Budiman,Dokter Umum,halodoc,"Setiabudi, Jakarta Selatan",,dokter-umum,2025-06-15 02:59:17
Dr. Arief Ihza Prima,Dokter Umum,halodoc,"Setiabudi, Jakarta Selatan",,dokter-umum,2025-06-15 02:59:17
dr. Arief Lukman Hakim,Dokter Umum,Klinik NAMIRA - Cikarang Barat,"Setu, Kabupaten Bekasi",,dokter-umum,2025-06-15 02:59:17
dr. Arief Meiji Surya,Dokter Umum,halodoc,"Setiabudi, Jakarta Selatan",,dokter-umum,2025-06-15 02:59:17
dr. Arief Soemarjo Sp. KFR,Dokter Umum,Flex Free Musculoskeletal Rehabilitation Clinic,"Kelapa Gading, Jakarta Utara",,dokter-umum,2025-06-15 02:59:19
Dr. Arief Tri Wibowo,Dokter Umum,halodoc,"Setiabudi, Jakarta Selatan",,dokter-umum,2025-06-15 02:59:19
dr. Ariel Valentino Soetedjo,Dokter Umum,RS St. Carolus Salemba,"Senen, Jakarta Pusat",,dokter-umum,2025-06-15 02:59:19
dr. Arien Rianti Mandasari Rachman,Dokter Umum,halodoc,"Setiabudi, Jakarta Selatan",,dokter-umum,2025-06-15 02:59:19
Dr. Aries Langoday,Dokter Umum,halodoc,"Setiabudi, Jakarta Selatan",,dokter-umum,2025-06-15 02:59:19
dr. Arif Bima Al Birru,Dokter Umum,halodoc,"Setiabudi, Jakarta Selatan",,dokter-umum,2025-06-15 02:59:19
dr. Arif Budi Santoso AIFO-K,Dokter Umum,Klinik Zara Cikeas,"Bogor Timur, Bogor",,dokter-umum,2025-06-15 02:59:19
Dr. Arif Mustofa,Dokter Umum,KLINIK DR ARIF MUSTOFA,"Bekasi Barat, Bekasi",,dokter-umum,2025-06-15 02:59:19
dr. Arif Tantri Hartoyo,Dokter Umum,APOTEK FARMALIFE,"Cempaka Putih, Jakarta Pusat",,dokter-umum,2025-06-15 02:59:19
Dr. Arifin Martoyo,Dokter Umum,dr Arifin Martoyo,"Cilincing, Jakarta Utara",,dokter-umum,2025-06-15 02:59:19
Dr. Arifin Martoyo,Dokter Umum,dr Arifin Martoyo,"Cilincing, Jakarta Utara",,dokter-umum,2025-06-15 02:59:22
Dr. Arifin Martoyo,Dokter Umum,dr Arifin Martoyo,"Cilincing, Jakarta Utara",,dokter-umum,2025-06-15 02:59:22
Dr. Arifina Utami,Dokter Umum,halodoc,"Setiabudi, Jakarta Selatan",,dokter-umum,2025-06-15 02:59:22
dr. Arini,Dokter Umum,dr.Arini,"Bekasi Timur, Bekasi",,dokter-umum,2025-06-15 02:59:22
dr. Arini,Dokter Umum,dr.Arini,"Bekasi Timur, Bekasi",,dokter-umum,2025-06-15 02:59:22
dr. Arini,Dokter Umum,dr.Arini,"Bekasi Timur, Bekasi",,dokter-umum,2025-06-15 02:59:22
dr. Arini Aditya Amri,Dokter Umum,dr.Arini,"Bekasi Timur, Bekasi",,dokter-umum,2025-06-15 02:59:22
dr. Arintha Pratamasari,Dokter Umum,halodoc,"Setiabudi, Jakarta Selatan",,dokter-umum,2025-06-15 02:59:22
Dr. Arip Budiman,Dokter Umum,Apotek Kencana Medika,"Rancaekek, Kabupaten Bandung",,dokter-umum,2025-06-15 02:59:22
dr. Arip Hidayat,Dokter Umum,halodoc,"Setiabudi, Jakarta Selatan",,dokter-umum,2025-06-15 02:59:22
dr. Aris Gunawan,Dokter Umum,halodoc,"Setiabudi, Jakarta Selatan",,dokter-umum,2025-06-15 02:59:24
dr. Aris Trisnawati,Dokter Umum,halodoc,"Setiabudi, Jakarta Selatan",,dokter-umum,2025-06-15 02:59:24
Dr. Aris Triyanto,Dokter Umum,Praktek dokter.,"Bukit Raya, Kota Pekanbaru",,dokter-umum,2025-06-15 02:59:24
dr. Arisita Andy Putri,Dokter Umum,halodoc,"Setiabudi, Jakarta Selatan",,dokter-umum,2025-06-15 02:59:24
dr. Aristia Putri Kusumawardani,Dokter Umum,halodoc,"Setiabudi, Jakarta Selatan",,dokter-umum,2025-06-15 02:59:24
dr. Ariyanti,Dokter Umum,Klinik Medika Sari,"Bogor Selatan, Bogor",,dokter-umum,2025-06-15 02:59:24
Dr. Arizal Novrianto Rachman,Dokter Umum,halodoc,"Setiabudi, Jakarta Selatan",,dokter-umum,2025-06-15 02:59:24
dr. Arizka Yuli Maulani Khasanah,Dokter Umum,halodoc,"Setiabudi, Jakarta Selatan",,dokter-umum,2025-06-15 02:59:24
dr. Arli Harfiani,Dokter Umum,halodoc,"Setiabudi, Jakarta Selatan",,dokter-umum,2025-06-15 02:59:24
Armansyah Br Situbara Dr,Dokter Umum,Brawijaya Hospital Sawangan,"Bojongsari, Depok",,dokter-umum,2025-06-15 02:59:24
Dr. Arnaldo Trisnawan Panjaitan,Dokter Umum,halodoc,"Setiabudi, Jakarta Selatan",,dokter-umum,2025-06-15 02:59:27
Dr. Arni Lasari Hutagalung,Dokter Umum,halodoc,"Setiabudi, Jakarta Selatan",,dokter-umum,2025-06-15 02:59:27
Dr. Arrafie Fikri Al Dzaky,Dokter Umum,halodoc,"Setiabudi, Jakarta Selatan",,dokter-umum,2025-06-15 02:59:27
dr. Arry Wijaya,Dokter Umum,halodoc,"Setiabudi, Jakarta Selatan",,dokter-umum,2025-06-15 02:59:27
Dr. Artha Pratiwi S,Dokter Umum,halodoc,"Setiabudi, Jakarta Selatan",,dokter-umum,2025-06-15 02:59:27
dr. Arum Dinanda,Dokter Umum,halodoc,"Setiabudi, Jakarta Selatan",,dokter-umum,2025-06-15 02:59:27
dr. Arum Pelangi,Dokter Umum,halodoc,"Setiabudi, Jakarta Selatan",,dokter-umum,2025-06-15 02:59:27
dr. Arung Sabarriyah,Dokter Umum,Klinik Utama Prima Medika Ciledug,"Ciledug, Tangerang",,dokter-umum,2025-06-15 02:59:27
Dr. Ary Titis Rio Pambudi MARS,Dokter Umum,halodoc,"Setiabudi, Jakarta Selatan",,dokter-umum,2025-06-15 02:59:27
dr. Ary Titis Rio Pambudi,Dokter Umum,halodoc,"Setiabudi, Jakarta Selatan",,dokter-umum,2025-06-15 02:59:27
dr. Arya,Dokter Umum,Klinik Ciskul,"Arcamanik, Kota Bandung",,dokter-umum,2025-06-15 02:59:30
dr. Arya Maulana,Dokter Umum,halodoc,"Setiabudi, Jakarta Selatan",,dokter-umum,2025-06-15 02:59:30
dr. Aryananda,Dokter Umum,halodoc,"Setiabudi, Jakarta Selatan",,dokter-umum,2025-06-15 02:59:30
Aryn Virgianti Rafiqo,Dokter Umum,halodoc,"Setiabudi, Jakarta Selatan",,dokter-umum,2025-06-15 02:59:30
Dr. Aryo,Dokter Umum,Klinik Dawa,"Beji, Depok",,dokter-umum,2025-06-15 02:59:30
dr. Aryo S.,Dokter Umum,Klinik Kimia Farma KS Tubun,"Palmerah, Jakarta Barat",,dokter-umum,2025-06-15 02:59:30
dr. Asap Riansyah,Dokter Umum,Klinik Mahardhika Medika,"Klari, Kabupaten Karawang",,dokter-umum,2025-06-15 02:59:30
Dr Asep,Dokter Umum,Klinik Mahardhika Medika,"Klari, Kabupaten Karawang",,dokter-umum,2025-06-15 02:59:30
dr. Asep Aziz Purnama,Dokter Umum,halodoc,"Setiabudi, Jakarta Selatan",,dokter-umum,2025-06-15 02:59:30
Dr. Asep Hermawan,Dokter Umum,Praktek dokter.,"Bukit Raya, Kota Pekanbaru",,dokter-umum,2025-06-15 02:59:30
dr. Asep Kosasih,Dokter Umum,APOTEK ALIYYA,"Ciamis, Kabupaten Ciamis",,dokter-umum,2025-06-15 02:59:32
dr. Asep Riansyah,Dokter Umum,Klinik Mahardhika Medika,"Klari, Kabupaten Karawang",,dokter-umum,2025-06-15 02:59:32
dr. Asep Riansyah,Dokter Umum,Klinik Pratama Mahardika Medika,"Klari, Kabupaten Karawang",,dokter-umum,2025-06-15 02:59:32
dr. Asep Riansyah,Dokter Umum,Klinik Pratama Mahardika Medika,"Klari, Kabupaten Karawang",,dokter-umum,2025-06-15 02:59:32
dr. Asep Riansyah Sp.A,Dokter Umum,Central Medika Badami,"Telukjambe Barat, Kabupaten Karawang",,dokter-umum,2025-06-15 02:59:32
dr. Asep Riansyah,Dokter Umum,Klinik Pratama Mahardika Medika,"Klari, Kabupaten Karawang",,dokter-umum,2025-06-15 02:59:32
Dr. Asep Riansyah,Dokter Umum,Klinik Mahardhika Medika.,"Klari, Kabupaten Karawang",,dokter-umum,2025-06-15 02:59:32
dr. Asep Riansyah,Dokter Umum,Klinik Mahardhika Medika,"Klari, Kabupaten Karawang",,dokter-umum,2025-06-15 02:59:32
dr. Asep Syaepullah,Dokter Umum,Klinik Raudhatul Wahyu Assalam,"Babelan, Kabupaten Bekasi",,dokter-umum,2025-06-15 02:59:32
dr. Asepky Zakia,Dokter Umum,halodoc,"Setiabudi, Jakarta Selatan",,dokter-umum,2025-06-15 02:59:32
dr. Asih Ernawati,Dokter Umum,Prakter dr. Asih Ernawati,"Bojongmangu, Kabupaten Bekasi",,dokter-umum,2025-06-15 02:59:35
dr. Asih Kurnia,Dokter Umum,halodoc,"Setiabudi, Jakarta Selatan",,dokter-umum,2025-06-15 02:59:35
dr. Asnhy Anggun Dien Putri,Dokter Umum,halodoc,"Setiabudi, Jakarta Selatan",,dokter-umum,2025-06-15 02:59:35
dr. Asri Darma S.,Dokter Umum,Klinik Pratama Yakri,"Cilincing, Jakarta Utara",,dokter-umum,2025-06-15 02:59:35
Dr. Asri Isnaini,Dokter Umum,halodoc,"Setiabudi, Jakarta Selatan",,dokter-umum,2025-06-15 02:59:35
Dr. Asri Ramadhani,Dokter Umum,halodoc,"Setiabudi, Jakarta Selatan",,dokter-umum,2025-06-15 02:59:35
Dr. Assyifa Fadila,Dokter Umum,halodoc,"Setiabudi, Jakarta Selatan",,dokter-umum,2025-06-15 02:59:35
Dr. Astalitha Lorel Tania,Dokter Umum,halodoc,"Setiabudi, Jakarta Selatan",,dokter-umum,2025-06-15 02:59:35
dr. Astari Asrini,Dokter Umum,halodoc,"Setiabudi, Jakarta Selatan",,dokter-umum,2025-06-15 02:59:35
dr. Astari Febyane Putri,Dokter Umum,halodoc,"Setiabudi, Jakarta Selatan",,dokter-umum,2025-06-15 02:59:35
Dr. Asthi Aryanti,Dokter Umum,halodoc,"Setiabudi, Jakarta Selatan",,dokter-umum,2025-06-15 02:59:37
Dr. Astri Aninda Niagawati,Dokter Umum,halodoc,"Setiabudi, Jakarta Selatan",,dokter-umum,2025-06-15 02:59:37
Dr. Astri Hastuti,Dokter Umum,halodoc,"Setiabudi, Jakarta Selatan",,dokter-umum,2025-06-15 02:59:37
Dr. Astri Kartika Sari,Dokter Umum,halodoc,"Setiabudi, Jakarta Selatan",,dokter-umum,2025-06-15 02:59:37
Astri Rahayu,Dokter Umum,halodoc,"Setiabudi, Jakarta Selatan",,dokter-umum,2025-06-15 02:59:37
dr. Astrid Altaira Chandra,Dokter Umum,halodoc,"Setiabudi, Jakarta Selatan",,dokter-umum,2025-06-15 02:59:37
dr. Astrid Amanda WP,Dokter Umum,halodoc,"Setiabudi, Jakarta Selatan",,dokter-umum,2025-06-15 02:59:37
Dr. Astrid K,Dokter Umum,Yayasan Nirmala Jakarta,"Kramat Jati, Jakarta Timur",,dokter-umum,2025-06-15 02:59:37
dr. Astrid Tanumihardja,Dokter Umum,Klinik dr Astrid Tanumihardja,"Kelapa Gading, Jakarta Utara",,dokter-umum,2025-06-15 02:59:37
dr. Astruti MKM,Dokter Umum,Praktek Dokter Umum dr Astuti,"Mustika Jaya, Bekasi",,dokter-umum,2025-06-15 02:59:37
dr. Astuti,Dokter Umum,halodoc,"Setiabudi, Jakarta Selatan",,dokter-umum,2025-06-15 02:59:40
dr. Astuti MKM,Dokter Umum,Praktek Dokter Umum dr Astuti,"Mustika Jaya, Bekasi",,dokter-umum,2025-06-15 02:59:40
Aswir Vembrinaldi,Dokter Umum,halodoc,"Setiabudi, Jakarta Selatan",,dokter-umum,2025-06-15 02:59:40
dr. Asyrin Tangko,Dokter Umum,Klinik Wawondula,"Wotu, Kabupaten Luwu Timur",,dokter-umum,2025-06-15 02:59:40
dr. Athikah Rahmadani,Dokter Umum,halodoc,"Setiabudi, Jakarta Selatan",,dokter-umum,2025-06-15 02:59:40
dr. Atika Delly Putri,Dokter Umum,halodoc,"Setiabudi, Jakarta Selatan",,dokter-umum,2025-06-15 02:59:40
dr. Atika Hanifah,Dokter Umum,halodoc,"Setiabudi, Jakarta Selatan",,dokter-umum,2025-06-15 02:59:40
Dr. Atika Nurul Ilmi,Dokter Umum,halodoc,"Setiabudi, Jakarta Selatan",,dokter-umum,2025-06-15 02:59:40
dr. Atika Putri Paranadia,Dokter Umum,halodoc,"Setiabudi, Jakarta Selatan",,dokter-umum,2025-06-15 02:59:40
dr. Atikah Insani Taqwa,Dokter Umum,halodoc,"Setiabudi, Jakarta Selatan",,dokter-umum,2025-06-15 02:59:40
dr. Atikah Najla Rodhiah,Dokter Umum,halodoc,"Setiabudi, Jakarta Selatan",,dokter-umum,2025-06-15 02:59:42
Dr. Aulia Afifah,Dokter Umum,halodoc,"Setiabudi, Jakarta Selatan",,dokter-umum,2025-06-15 02:59:42
dr. Aulia Akbar,Dokter Umum,halodoc,"Setiabudi, Jakarta Selatan",,dokter-umum,2025-06-15 02:59:42
dr. Aulia Anugerah Jamil,Dokter Umum,halodoc,"Setiabudi, Jakarta Selatan",,dokter-umum,2025-06-15 02:59:42
dr. Aulia Dini Rachmadanti,Dokter Umum,Klinik Safira,"Kembangan, Jakarta Barat",,dokter-umum,2025-06-15 02:59:42
dr. Aulia Dini Rachmadanti,Dokter Umum,Klinik Safira,"Kembangan, Jakarta Barat",,dokter-umum,2025-06-15 02:59:42
"dr. Aulia Febriana Romadhona C.H, C.HKn",Dokter Umum,halodoc,"Setiabudi, Jakarta Selatan",,dokter-umum,2025-06-15 02:59:42
dr. Aulia Hikmah,Dokter Umum,halodoc,"Setiabudi, Jakarta Selatan",,dokter-umum,2025-06-15 02:59:42
Aulia Husna Cahyaningtyas,Dokter Umum,halodoc,"Setiabudi, Jakarta Selatan",,dokter-umum,2025-06-15 02:59:42
dr. Aulia Rahma Noviastuti,Dokter Umum,halodoc,"Setiabudi, Jakarta Selatan",,dokter-umum,2025-06-15 02:59:42
dr Aulia Rahmi Gasani,Dokter Umum,Klinik Pratama Imani Medika,"Rawalumbu, Bekasi",,dokter-umum,2025-06-15 02:59:45
Dr. Aulia Rezha Yomitra,Dokter Umum,halodoc,"Setiabudi, Jakarta Selatan",,dokter-umum,2025-06-15 02:59:45
Dr. Aulia Urrachman S,Dokter Umum,halodoc,"Setiabudi, Jakarta Selatan",,dokter-umum,2025-06-15 02:59:45
dr. Aulian Mediansyah,Dokter Umum,halodoc,"Setiabudi, Jakarta Selatan",,dokter-umum,2025-06-15 02:59:45
dr. Auliana Multazam,Dokter Umum,halodoc,"Setiabudi, Jakarta Selatan",,dokter-umum,2025-06-15 02:59:45
Dr. Auliya Sauma,Dokter Umum,halodoc,"Setiabudi, Jakarta Selatan",,dokter-umum,2025-06-15 02:59:45
Dr. Auliya Yasmin Uzair,Dokter Umum,halodoc,"Setiabudi, Jakarta Selatan",,dokter-umum,2025-06-15 02:59:45
dr. Aulya Fairuz,Dokter Umum,Klinik Mitrasana,"Cempaka Putih, Jakarta Pusat",,dokter-umum,2025-06-15 02:59:45
dr. Auof Lian Pradiyana,Dokter Umum,Klinik Pratama Sifa Medicka,"Darma, Kabupaten Kuningan",,dokter-umum,2025-06-15 02:59:45
Dr. Aup,Dokter Umum,Klinik Lacasino,"Panakkukang, Kota Makassar",,dokter-umum,2025-06-15 02:59:45
Aurisa Winda Kusumawardani,Dokter Umum,halodoc,"Setiabudi, Jakarta Selatan",,dokter-umum,2025-06-15 02:59:47
dr. Ausliarini Satrio,Dokter Umum,Sasana Husada Clinic,"Kebayoran Baru, Jakarta Selatan",,dokter-umum,2025-06-15 02:59:47
dr. Avelina,Dokter Umum,Triwidya Klinik,"Sukaraja, Kabupaten Bogor",,dokter-umum,2025-06-15 02:59:47
Dr. Avino Mulana Fikri,Dokter Umum,halodoc,"Setiabudi, Jakarta Selatan",,dokter-umum,2025-06-15 02:59:47
dr. Avissa Fadlika Dausawati,Dokter Umum,halodoc,"Setiabudi, Jakarta Selatan",,dokter-umum,2025-06-15 02:59:47
Dr. Avri Madona Yolanda Panggabean,Dokter Umum,halodoc,"Setiabudi, Jakarta Selatan",,dokter-umum,2025-06-15 02:59:47
dr. Awaluddin Idris,Dokter Umum,RS Provita,"Jayapura Utara, Kota Jayapura",,dokter-umum,2025-06-15 02:59:47
Dr. Awaluddin Salam,Dokter Umum,halodoc,"Setiabudi, Jakarta Selatan",,dokter-umum,2025-06-15 02:59:47
Dr. Axel Ivander,Dokter Umum,halodoc,"Setiabudi, Jakarta Selatan",,dokter-umum,2025-06-15 02:59:47
Dr. Axel Jusuf,Dokter Umum,halodoc,"Setiabudi, Jakarta Selatan",,dokter-umum,2025-06-15 02:59:47
Dr. Aya Selfira Farella,Dokter Umum,halodoc,"Setiabudi, Jakarta Selatan",,dokter-umum,2025-06-15 02:59:50
Ayang Prima Lestari,Dokter Umum,halodoc,"Setiabudi, Jakarta Selatan",,dokter-umum,2025-06-15 02:59:50
"dr. Ayly Soekanto, M.Kes",Dokter Umum,dr. Ayly Soekanto,"Sukomanunggal, Kota Surabaya",,dokter-umum,2025-06-15 02:59:50
dr. Ayly Soekarno,Dokter Umum,halodoc,"Setiabudi, Jakarta Selatan",,dokter-umum,2025-06-15 02:59:50
Dr. Ayu Ekamila Sp.A,Dokter Umum,Klinik Johar Medika-,"Johar Baru, Jakarta Pusat",,dokter-umum,2025-06-15 02:59:50
dr. Ayu Mulyalestari,Dokter Umum,Klinik Pratama Yunda,"Babelan, Kabupaten Bekasi",,dokter-umum,2025-06-15 02:59:50
dr. Ayu Mustikarini,Dokter Umum,KLINIK SILMI MEDIKA,"Menteng, Jakarta Pusat",,dokter-umum,2025-06-15 02:59:50
dr. Ayu Mustikarini,Dokter Umum,KLINIK SILMI MEDIKA,"Menteng, Jakarta Pusat",,dokter-umum,2025-06-15 02:59:50
dr. Ayu Mustikarini,Dokter Umum,Klinik Karya Medika - Karawang,"Telukjambe Timur, Kabupaten Karawang",,dokter-umum,2025-06-15 02:59:50
dr. Ayu Mustikarini,Dokter Umum,KLINIK SILMI MEDIKA,"Menteng, Jakarta Pusat",,dokter-umum,2025-06-15 02:59:50
dr. Ayu Mustikarini,Dokter Umum,KLINIK SILMI MEDIKA,"Menteng, Jakarta Pusat",,dokter-umum,2025-06-15 02:59:52
dr. Ayu Nurhasanah Apriani,Dokter Umum,halodoc,"Setiabudi, Jakarta Selatan",,dokter-umum,2025-06-15 02:59:52
Dr. Ayu Ratnasari,Dokter Umum,halodoc,"Setiabudi, Jakarta Selatan",,dokter-umum,2025-06-15 02:59:52
Dr. Ayu Sarrah Sofyan,Dokter Umum,halodoc,"Setiabudi, Jakarta Selatan",,dokter-umum,2025-06-15 02:59:52
Dr. Ayu Suci Nurmalasari,Dokter Umum,halodoc,"Setiabudi, Jakarta Selatan",,dokter-umum,2025-06-15 02:59:52
Ayu Suci Pratiwi,Dokter Umum,halodoc,"Setiabudi, Jakarta Selatan",,dokter-umum,2025-06-15 02:59:52
Dr. Ayu Syartika,Dokter Umum,halodoc,"Setiabudi, Jakarta Selatan",,dokter-umum,2025-06-15 02:59:52
Dr. Ayu Syartika,Dokter Umum,halodoc,"Setiabudi, Jakarta Selatan",,dokter-umum,2025-06-15 02:59:52
dr. Ayu Wijayanti,Dokter Umum,halodoc,"Setiabudi, Jakarta Selatan",,dokter-umum,2025-06-15 02:59:52
dr. Ayu Yuli Asih,Dokter Umum,halodoc,"Setiabudi, Jakarta Selatan",,dokter-umum,2025-06-15 02:59:52
dr. Ayuning Intan Mahardini,Dokter Umum,Klinik Pratama Bunda Ika,"Cipayung, Jakarta Timur",,dokter-umum,2025-06-15 02:59:55
dr. Ayuning Intan Mahardini,Dokter Umum,Klinik Pratama Bunda Ika,"Cipayung, Jakarta Timur",,dokter-umum,2025-06-15 02:59:55
dr. Ayuning Tyas,Dokter Umum,halodoc,"Setiabudi, Jakarta Selatan",,dokter-umum,2025-06-15 02:59:55
Dr. Ayunita Tri Wiratama Sp. THT,Dokter Umum,apotek kimia farma -,"Cihara, Kabupaten Lebak",,dokter-umum,2025-06-15 02:59:55
dr. Azhar Gunawan,Dokter Umum,dr. Azhar gunawan,"Gempol, Kabupaten Cirebon",,dokter-umum,2025-06-15 02:59:55
dr Azhar Satrio Wibisono,Dokter Umum,halodoc,"Setiabudi, Jakarta Selatan",,dokter-umum,2025-06-15 02:59:55
dr. Azita Aliya Putri,Dokter Umum,halodoc,"Setiabudi, Jakarta Selatan",,dokter-umum,2025-06-15 02:59:55
dr Azizah,Dokter Umum,Klinik Pratama Smile Aesthetic & Family Medical,"Kebayoran Baru, Jakarta Selatan",,dokter-umum,2025-06-15 02:59:55
Azizah Gusuma Harlis,Dokter Umum,halodoc,"Setiabudi, Jakarta Selatan",,dokter-umum,2025-06-15 02:59:55
dr. Azizah Ridwan,Dokter Umum,Prodia Widyahusada,"Bandung Kulon, Kota Bandung",,dokter-umum,2025-06-15 02:59:55
dr. Azizah Sari Wiyatofani,Dokter Umum,halodoc,"Setiabudi, Jakarta Selatan",,dokter-umum,2025-06-15 02:59:57
Dr. Azizha Ros Lutfia,Dokter Umum,halodoc,"Setiabudi, Jakarta Selatan",,dokter-umum,2025-06-15 02:59:57
dr. Azka Faridah,Dokter Umum,halodoc,"Setiabudi, Jakarta Selatan",,dokter-umum,2025-06-15 02:59:57
dr. Azlina Darsaniya Wandawa,Dokter Umum,halodoc,"Setiabudi, Jakarta Selatan",,dokter-umum,2025-06-15 02:59:57
Azrin Agmalina,Dokter Umum,halodoc,"Setiabudi, Jakarta Selatan",,dokter-umum,2025-06-15 02:59:57
dr. B. Bambang Witjahjo M.Kes,Dokter Umum,dr R B Bambang Witjahjo,"Setiabudi, Jakarta Selatan",,dokter-umum,2025-06-15 02:59:57
dr. BAMBANG SUBIJANTO,Dokter Umum,dr Bambang Subijanto,"Tegalsari, Kota Surabaya",,dokter-umum,2025-06-15 02:59:57
dr. BAYU AKHIRUDIN AMIR,Dokter Umum,PRAKTEK MANDIRI dr. BAYU AKHIRUDIN AMIR,"Mampang Prapatan, Jakarta Selatan",,dokter-umum,2025-06-15 02:59:57
dr. BAYUNENGSIH,Dokter Umum,Praktek dokter.,"Bukit Raya, Kota Pekanbaru",,dokter-umum,2025-06-15 02:59:57
dr BELLA RESDIANI FAJRILAH,Dokter Umum,kimia farma purwakarta,"Purbaratu, Kota Tasikmalaya",,dokter-umum,2025-06-15 02:59:57
dr. BELLINDA,Dokter Umum,Klinik Dokter Umum Dr Bellinda,"Bekasi Barat, Bekasi",,dokter-umum,2025-06-15 03:00:00
Dr. Baby Ivonne Susan K,Dokter Umum,Klinik Baby Medical Center,"Babelan, Kabupaten Bekasi",,dokter-umum,2025-06-15 03:00:00
dr. Bagus Hanggara,Dokter Umum,TERATAI AESTHETIC AGRA MAKMUR,"Kota Arga Makmur, Kabupaten Bengkulu Utara",,dokter-umum,2025-06-15 03:00:00
dr. Bagus Indra Cahya,Dokter Umum,halodoc,"Setiabudi, Jakarta Selatan",,dokter-umum,2025-06-15 03:00:00
dr. Bahauddinul Haq,Dokter Umum,Prakter dr. Bahaudinul Haq,"Kramat Jati, Jakarta Timur",,dokter-umum,2025-06-15 03:00:00
Dr. Bahesty Cut Nyak Din,Dokter Umum,halodoc,"Setiabudi, Jakarta Selatan",,dokter-umum,2025-06-15 03:00:00
dr Bahrumsyah,Dokter Umum,Apotek Putri Damai,"Koja, Jakarta Utara",,dokter-umum,2025-06-15 03:00:00
dr. Baitika Havatunnufus,Dokter Umum,RS. Mitra Plumbon Patrol,"Setiabudi, Jakarta Selatan",,dokter-umum,2025-06-15 03:00:00
dr. Balqis Al Sakina Zahra,Dokter Umum,KLINIK YKPI,"Koja, Jakarta Utara",,dokter-umum,2025-06-15 03:00:00
dr. Balqis Okta Putri,Dokter Umum,halodoc,"Setiabudi, Jakarta Selatan",,dokter-umum,2025-06-15 03:00:00
Dr. Bambang S,Dokter Umum,APOTEK ALDI,"Pesanggrahan, Jakarta Selatan",,dokter-umum,2025-06-15 03:00:02
dr. Bambang,Dokter Umum,Apotek Yenny,"Ciracas, Jakarta Timur",,dokter-umum,2025-06-15 03:00:02
Dr. Bambang,Dokter Umum,Apotik Alam Farma,"Cimanggis, Depok",,dokter-umum,2025-06-15 03:00:02
dr. Bambang ED.,Dokter Umum,Klinik Pratama Kharisma,"Makasar, Jakarta Timur",,dokter-umum,2025-06-15 03:00:02
Dr. Bambang Subijnato,Dokter Umum,Apotek Pahala,"Taman, Kabupaten Sidoarjo",,dokter-umum,2025-06-15 03:00:02
Dr. Bambang Suprayogi,Dokter Umum,Klinik Utama Sejahtera Ciracas,"Ciracas, Jakarta Timur",,dokter-umum,2025-06-15 03:00:02
dr. Bambang Susanto,Dokter Umum,APOTEK ALDI,"Pesanggrahan, Jakarta Selatan",,dokter-umum,2025-06-15 03:00:02
dr. Bambang Suyamto Sp. THT,Dokter Umum,dr Bambang Subijanto,"Tegalsari, Kota Surabaya",,dokter-umum,2025-06-15 03:00:02
dr. Bambang Witjahjo,Dokter Umum,dr R B Bambang Witjahjo,"Setiabudi, Jakarta Selatan",,dokter-umum,2025-06-15 03:00:02
Dr. Bambang Yuliarto,Dokter Umum,DPM (Dokter Praktik Mandiri) dr. Bambang Yuliarto,"Ciracas, Jakarta Timur",,dokter-umum,2025-06-15 03:00:02
dr. Bara Langi Tambing,Dokter Umum,"Praktek dr. Bara Langi Tambing, Sp.A","Bekasi Selatan, Bekasi",,dokter-umum,2025-06-15 03:00:05
dr. Bara Langi Tambing Sp. A,Dokter Umum,Apotek K24,"Banjarbaru Selatan, Kota Banjarbaru",,dokter-umum,2025-06-15 03:00:05
Dr. Bara Tracy Lovita,Dokter Umum,halodoc,"Setiabudi, Jakarta Selatan",,dokter-umum,2025-06-15 03:00:05
dr. Bariah Pangastutiningtyas,Dokter Umum,dr.Barkah pangastutiningtyas,"Jaken, Kabupaten Pati",,dokter-umum,2025-06-15 03:00:05
dr. Baringin Manik,Dokter Umum,dr. Baringin Manik,"Tanah Sareal, Bogor",,dokter-umum,2025-06-15 03:00:05
Dr. Baringin Manik,Dokter Umum,dr. Baringin Manik,"Tanah Sareal, Bogor",,dokter-umum,2025-06-15 03:00:05
Dr. Barkah Tri Aji,Dokter Umum,dr. Barkah Tri Aji,"Sidayu, Kabupaten Gresik",,dokter-umum,2025-06-15 03:00:05
dr Basra Ahmad Amru,Dokter Umum,halodoc,"Setiabudi, Jakarta Selatan",,dokter-umum,2025-06-15 03:00:05
Dr. Basundara Aditya Hernawan,Dokter Umum,halodoc,"Setiabudi, Jakarta Selatan",,dokter-umum,2025-06-15 03:00:05
dr. Batara Perkasa,Dokter Umum,halodoc,"Setiabudi, Jakarta Selatan",,dokter-umum,2025-06-15 03:00:05
dr. Batari Nandini,Dokter Umum,halodoc,"Setiabudi, Jakarta Selatan",,dokter-umum,2025-06-15 03:00:07
dr. Bathara Mardiono Manurung,Dokter Umum,halodoc,"Setiabudi, Jakarta Selatan",,dokter-umum,2025-06-15 03:00:07
Bayu Aji Perdana,Dokter Umum,halodoc,"Setiabudi, Jakarta Selatan",,dokter-umum,2025-06-15 03:00:07
dr. Bayu Awanggasari,Dokter Umum,Klinik Duta Sehat,"Bekasi Utara, Bekasi",,dokter-umum,2025-06-15 03:00:07
dr. Bayu Kurniawan F.,Dokter Umum,halodoc,"Setiabudi, Jakarta Selatan",,dokter-umum,2025-06-15 03:00:07
Dr. Bayu Prawira Hie,Dokter Umum,halodoc,"Setiabudi, Jakarta Selatan",,dokter-umum,2025-06-15 03:00:07
Dr. Bayu Prawira Hie,Dokter Umum,halodoc,"Setiabudi, Jakarta Selatan",,dokter-umum,2025-06-15 03:00:07
dr. Bayu Wicaksono,Dokter Umum,halodoc,"Setiabudi, Jakarta Selatan",,dokter-umum,2025-06-15 03:00:07
dr. Bayu Zeva Wirasakti,Dokter Umum,halodoc,"Setiabudi, Jakarta Selatan",,dokter-umum,2025-06-15 03:00:07
Dr. Bazilah Dayana,Dokter Umum,APOTEK ROXY,"Bekasi Selatan, Bekasi",,dokter-umum,2025-06-15 03:00:07
dr. Beatriani Efendi,Dokter Umum,halodoc,"Setiabudi, Jakarta Selatan",,dokter-umum,2025-06-15 03:00:10
Dr. Bebby ALvi,Dokter Umum,Klinik Pratama Promed,"Tanah Sareal, Bogor",,dokter-umum,2025-06-15 03:00:10
dr. Bebby Alvi Nesya,Dokter Umum,Klinik Tiara Dokter 24 Jam,"Kebayoran Baru, Jakarta Selatan",,dokter-umum,2025-06-15 03:00:10
Dr. Bella Agiussela,Dokter Umum,halodoc,"Setiabudi, Jakarta Selatan",,dokter-umum,2025-06-15 03:00:10
Dr. Bella Karina Ekry Saputri,Dokter Umum,halodoc,"Setiabudi, Jakarta Selatan",,dokter-umum,2025-06-15 03:00:10
dr. Bella Melinda,Dokter Umum,halodoc,"Setiabudi, Jakarta Selatan",,dokter-umum,2025-06-15 03:00:10
Dr. Bella Septiani Turnip,Dokter Umum,halodoc,"Setiabudi, Jakarta Selatan",,dokter-umum,2025-06-15 03:00:10
Dr. Bella Tandika,Dokter Umum,Dr Tan Ting Li / Bella Tandika,"Payung Sekaki, Kota Pekanbaru",,dokter-umum,2025-06-15 03:00:10
dr. Bellatrix Bonisa,Dokter Umum,halodoc,"Setiabudi, Jakarta Selatan",,dokter-umum,2025-06-15 03:00:10
dr. Bellinda,Dokter Umum,Klinik Dokter Umum Dr Bellinda,"Bekasi Barat, Bekasi",,dokter-umum,2025-06-15 03:00:10
Dr. Bembi,Dokter Umum,RS St. Carolus Salemba,"Senen, Jakarta Pusat",,dokter-umum,2025-06-15 03:00:12
Dr. Bendy Dwi Irawan,Dokter Umum,halodoc,"Setiabudi, Jakarta Selatan",,dokter-umum,2025-06-15 03:00:12
dr. Benedicta Tampubolon,Dokter Umum,halodoc,"Setiabudi, Jakarta Selatan",,dokter-umum,2025-06-15 03:00:12
dr. Benita Gianina Antonius,Dokter Umum,halodoc,"Setiabudi, Jakarta Selatan",,dokter-umum,2025-06-15 03:00:12
Dr. Benny Novrianto,Dokter Umum,halodoc,"Setiabudi, Jakarta Selatan",,dokter-umum,2025-06-15 03:00:12
dr. Benny Prasetya,Dokter Umum,Klinik Pratama Sholihin Medical Center,"Bekasi Timur, Bekasi",,dokter-umum,2025-06-15 03:00:12
dr. Benny Prasetya,Dokter Umum,Klinik Pratama Sholihin,"Bekasi Timur, Bekasi",,dokter-umum,2025-06-15 03:00:12
dr. Benny Sahrial Sp. THT-KL,Dokter Umum,Klinik Oilia Medical Centre Rorotan,"Cilincing, Jakarta Utara",,dokter-umum,2025-06-15 03:00:12
dr. Berkatty Widiastuti,Dokter Umum,halodoc,"Setiabudi, Jakarta Selatan",,dokter-umum,2025-06-15 03:00:12
dr Berlian Maurice Hendrawati,Dokter Umum,praktek dokter umum 24 jam,"Cilincing, Jakarta Utara",,dokter-umum,2025-06-15 03:00:12
dr. Berliana Silalahi,Dokter Umum,halodoc,"Setiabudi, Jakarta Selatan",,dokter-umum,2025-06-15 03:00:15
dr. Berlianie Dea Baby Ulimaz,Dokter Umum,halodoc,"Setiabudi, Jakarta Selatan",,dokter-umum,2025-06-15 03:00:15
dr. Bernadetta M. Jenny,Dokter Umum,Klinik Marsani,"Cilamaya Wetan, Kabupaten Karawang",,dokter-umum,2025-06-15 03:00:15
dr. Bernard Sandi Pudjokusumo,Dokter Umum,imuni - Vaksinasi di Rumah,"Tanjung Priok, Jakarta Utara",,dokter-umum,2025-06-15 03:00:15
dr. Bernardus Chrisna Bayu,Dokter Umum,RS PANTI RAHAYU,"Purwodadi, Kabupaten Grobogan",,dokter-umum,2025-06-15 03:00:15
dr. Bernardus Sandi P.,Dokter Umum,imuni - Vaksinasi di Rumah,"Tanjung Priok, Jakarta Utara",,dokter-umum,2025-06-15 03:00:15
dr. Bernardus Sandi Pudjokusumo,Dokter Umum,Imuni - Klinik Vaksinasi,"Cempaka Putih, Jakarta Pusat",,dokter-umum,2025-06-15 03:00:15
dr. Bernardus Sandi Pudjokusumo,Dokter Umum,imuni - Vaksinasi di Rumah,"Tanjung Priok, Jakarta Utara",,dokter-umum,2025-06-15 03:00:15
dr. Bernardus Sandi Pudjosukmono,Dokter Umum,imuni - Vaksinasi di Rumah,"Tanjung Priok, Jakarta Utara",,dokter-umum,2025-06-15 03:00:15
dr. Bernardus Sandi udjokusumo,Dokter Umum,imuni - Vaksinasi di Rumah,"Tanjung Priok, Jakarta Utara",,dokter-umum,2025-06-15 03:00:15
Dr. Bertha Cahyapuri,Dokter Umum,halodoc,"Setiabudi, Jakarta Selatan",,dokter-umum,2025-06-15 03:00:17
Bertharia Nainggolan,Dokter Umum,halodoc,"Setiabudi, Jakarta Selatan",,dokter-umum,2025-06-15 03:00:17
dr. Beta Krisnanovita,Dokter Umum,halodoc,"Setiabudi, Jakarta Selatan",,dokter-umum,2025-06-15 03:00:17
dr. Betania,Dokter Umum,Klinik Pratama Sawangan Medika,"Pancoran Mas, Depok",,dokter-umum,2025-06-15 03:00:17
Dr. Betaria Marito Hutauruk,Dokter Umum,halodoc,"Setiabudi, Jakarta Selatan",,dokter-umum,2025-06-15 03:00:17
dr. Betty Susilaningtyas,Dokter Umum,Klinik Duta Medika,"Batuceper, Tangerang",,dokter-umum,2025-06-15 03:00:17
Dr. Between Lutam MKK,Dokter Umum,dr. Between Lutam,"Bekasi Timur, Bekasi",,dokter-umum,2025-06-15 03:00:17
dr. Bhakti Wiranti,Dokter Umum,halodoc,"Setiabudi, Jakarta Selatan",,dokter-umum,2025-06-15 03:00:17
dr. Bhakti Wiranti,Dokter Umum,Klinik Mutiara Sehat (Bidan Sri Anggi),"Klari, Kabupaten Karawang",,dokter-umum,2025-06-15 03:00:17
Dr. Bhakti Wiranti,Dokter Umum,Klinik Mutiara Sehat (Bidan Sri Anggi),"Klari, Kabupaten Karawang",,dokter-umum,2025-06-15 03:00:17
dr. Bhakti Wiranti,Dokter Umum,Klinik Mutiara Sehat (Bidan Sri Anggi),"Klari, Kabupaten Karawang",,dokter-umum,2025-06-15 03:00:20
dr. Bhakti Wiranti,Dokter Umum,Klinik Mutiara Sehat (Bidan Sri Anggi),"Klari, Kabupaten Karawang",,dokter-umum,2025-06-15 03:00:20
dr. Bhakti Wiranti,Dokter Umum,Klinik Mutiara Sehat (Bidan Sri Anggi),"Klari, Kabupaten Karawang",,dokter-umum,2025-06-15 03:00:20
dr. Bhethari Ayu Kusuma Wardani,Dokter Umum,halodoc,"Setiabudi, Jakarta Selatan",,dokter-umum,2025-06-15 03:00:20
Dr. Bianti Putri Sekarani,Dokter Umum,halodoc,"Setiabudi, Jakarta Selatan",,dokter-umum,2025-06-15 03:00:20
Dr. Billi Gavrila,Dokter Umum,halodoc,"Setiabudi, Jakarta Selatan",,dokter-umum,2025-06-15 03:00:20
Billy Duarsa,Dokter Umum,halodoc,"Setiabudi, Jakarta Selatan",,dokter-umum,2025-06-15 03:00:20
Dr. Billy Swaskop Somalinggi,Dokter Umum,halodoc,"Setiabudi, Jakarta Selatan",,dokter-umum,2025-06-15 03:00:20
dr. Billyanto Tanzil,Dokter Umum,halodoc,"Setiabudi, Jakarta Selatan",,dokter-umum,2025-06-15 03:00:20
Bima Bayu Putra,Dokter Umum,halodoc,"Setiabudi, Jakarta Selatan",,dokter-umum,2025-06-15 03:00:20
Dr. Binarri Augustya,Dokter Umum,halodoc,"Setiabudi, Jakarta Selatan",,dokter-umum,2025-06-15 03:00:22
Dr. Bintari Setyaningrum,Dokter Umum,Praktek dokter.,"Bukit Raya, Kota Pekanbaru",,dokter-umum,2025-06-15 03:00:22
Dr. Bioladwiko,Dokter Umum,halodoc,"Setiabudi, Jakarta Selatan",,dokter-umum,2025-06-15 03:00:22
dr. Biondi Siahaan,Dokter Umum,halodoc,"Setiabudi, Jakarta Selatan",,dokter-umum,2025-06-15 03:00:22
dr. Bismel Kasri Hanza,Dokter Umum,halodoc,"Setiabudi, Jakarta Selatan",,dokter-umum,2025-06-15 03:00:22
Bisri Agus Setiawan,Dokter Umum,halodoc,"Setiabudi, Jakarta Selatan",,dokter-umum,2025-06-15 03:00:22
dr. Bob Biantoro,Dokter Umum,dr. Bob Biantoro,"Sukun, Kota Malang",,dokter-umum,2025-06-15 03:00:22
dr. Bob Biantoro,Dokter Umum,dr. Bob Biantoro,"Sukun, Kota Malang",,dokter-umum,2025-06-15 03:00:22
dr. Bobzi Razvidi,Dokter Umum,Klinik Pratama Zahira,"Klari, Kabupaten Karawang",,dokter-umum,2025-06-15 03:00:22
dr. Bontor Daniel Sinaga,Dokter Umum,halodoc,"Setiabudi, Jakarta Selatan",,dokter-umum,2025-06-15 03:00:22
Dr. Boy Simarmata,Dokter Umum,halodoc,"Setiabudi, Jakarta Selatan",,dokter-umum,2025-06-15 03:00:25
dr. Brama Anggono,Dokter Umum,Klinik Pelita Sehat,"Bojongloa Kidul, Kota Bandung",,dokter-umum,2025-06-15 03:00:25
dr. Bramandus Sandi Pudjokusumo,Dokter Umum,Imuni - Klinik Vaksinasi,"Cempaka Putih, Jakarta Pusat",,dokter-umum,2025-06-15 03:00:25
Dr. Bramastia Riswandha Pratomo,Dokter Umum,halodoc,"Setiabudi, Jakarta Selatan",,dokter-umum,2025-06-15 03:00:25
dr. Brenda Carolinsia,Dokter Umum,halodoc,"Setiabudi, Jakarta Selatan",,dokter-umum,2025-06-15 03:00:25
Dr. Brenda Sandra Desogria,Dokter Umum,Sismapharma,"Cempaka Putih, Jakarta Pusat",,dokter-umum,2025-06-15 03:00:25
dr Briliant Kharisma Apritadila,Dokter Umum,Apotek dan Klinik Kimia Farma Kosambi,"Klari, Kabupaten Karawang",,dokter-umum,2025-06-15 03:00:25
Dr. Brilli Bagus Dipo,Dokter Umum,ALBERT MEDICAL CENTER,"Senen, Jakarta Pusat",,dokter-umum,2025-06-15 03:00:25
dr. Brilliant Ibnu Sina,Dokter Umum,halodoc,"Setiabudi, Jakarta Selatan",,dokter-umum,2025-06-15 03:00:25
Brina Selvicki Rihulay,Dokter Umum,halodoc,"Setiabudi, Jakarta Selatan",,dokter-umum,2025-06-15 03:00:25
dr. Budi Gunawan,Dokter Umum,Klinik dr.Budi Gunawan,"Gambir, Jakarta Pusat",,dokter-umum,2025-06-15 03:00:27
Dr. Budi Hartati,Dokter Umum,Dr. Budi Hartati,"Cempaka Putih, Jakarta Pusat",,dokter-umum,2025-06-15 03:00:27
Dr. Budi Hartati,Dokter Umum,Dr. Budi Hartati,"Cempaka Putih, Jakarta Pusat",,dokter-umum,2025-06-15 03:00:27
dr. Budi Kurniawan,Dokter Umum,Klinik Pratama Yakri,"Cilincing, Jakarta Utara",,dokter-umum,2025-06-15 03:00:27
Dr. Budi Kurniawan,Dokter Umum,Klinik Pratama Yakri,"Cilincing, Jakarta Utara",,dokter-umum,2025-06-15 03:00:27
dr. Budi Kurniawan,Dokter Umum,halodoc,"Setiabudi, Jakarta Selatan",,dokter-umum,2025-06-15 03:00:27
dr. Budi Kurniawan,Dokter Umum,Klinik Pratama Yakri,"Cilincing, Jakarta Utara",,dokter-umum,2025-06-15 03:00:27
Dr. Budi Kurniawan,Dokter Umum,Klinik Pratama Yakri,"Cilincing, Jakarta Utara",,dokter-umum,2025-06-15 03:00:27
Dr. Budi Santoso,Dokter Umum,Dr Budi Santoso,"Tanjung Priok, Jakarta Utara",,dokter-umum,2025-06-15 03:00:27
dr. Budianto,Dokter Umum,Klinik Mutiara Sehat (Bidan Sri Anggi),"Klari, Kabupaten Karawang",,dokter-umum,2025-06-15 03:00:27
Dr. Budiyanto MARS,Dokter Umum,halodoc,"Setiabudi, Jakarta Selatan",https://d1ojs48v3n42tp.cloudfront.net/personnels/159469_10-1-2025_14-12-43.jpeg,dokter-umum,2025-06-15 03:00:30
Dr. Budiyanto MARS,Dokter Umum,halodoc,"Setiabudi, Jakarta Selatan",,dokter-umum,2025-06-15 03:00:30
dr. Budiyanto MARS,Dokter Umum,Apotek Qita Sehat,"Karawang Timur, Kabupaten Karawang",,dokter-umum,2025-06-15 03:00:30
dr. Bulan Handestiany,Dokter Umum,halodoc,"Setiabudi, Jakarta Selatan",,dokter-umum,2025-06-15 03:00:30
dr. Bunga Aline Ditha,Dokter Umum,halodoc,"Setiabudi, Jakarta Selatan",,dokter-umum,2025-06-15 03:00:30
dr. Bunga Mayapada,Dokter Umum,Klinik Kimia Farma Setiabudi,"Cidadap, Kota Bandung",,dokter-umum,2025-06-15 03:00:30
Dr. Bunga Tamara Putri,Dokter Umum,halodoc,"Setiabudi, Jakarta Selatan",,dokter-umum,2025-06-15 03:00:30
dr. Byan Anggara,Dokter Umum,Klinik Griya Medika,"Tanah Abang, Jakarta Pusat",,dokter-umum,2025-06-15 03:00:30
dr. Byan Anggara,Dokter Umum,Klinik Griya Medika,"Tanah Abang, Jakarta Pusat",,dokter-umum,2025-06-15 03:00:30
dr. C. Heryawan,Dokter Umum,halodoc,"Setiabudi, Jakarta Selatan",,dokter-umum,2025-06-15 03:00:30
dr. C. Krismini DI MARS,Dokter Umum,Health Care Clinic,"Tambun Utara, Kabupaten Bekasi",,dokter-umum,2025-06-15 03:00:32
dr. CAHALFA SHINTA Sp. OG,Dokter Umum,Klinik Mommies,"Gubeng, Kota Surabaya",,dokter-umum,2025-06-15 03:00:32
dr. CAHYA DINATA,Dokter Umum,Praktek dokter.,"Bukit Raya, Kota Pekanbaru",,dokter-umum,2025-06-15 03:00:32
DR. CARLA C.M. LEVARA,Dokter Umum,Poliklinik dr Carla C.M Levara,"Cilincing, Jakarta Utara",,dokter-umum,2025-06-15 03:00:32
dr. CECEP RISWANDI,Dokter Umum,Praktek dokter.,"Bukit Raya, Kota Pekanbaru",,dokter-umum,2025-06-15 03:00:32
dr. CHRISTOPHER A. MANUKILEY,Dokter Umum,Praktek Pribadi dr.  CHRISTOPHER A. MANUKILEY,"Langkapura, Kota Bandar Lampung",,dokter-umum,2025-06-15 03:00:32
Dr. Cacuk Awang Mahendra,Dokter Umum,halodoc,"Setiabudi, Jakarta Selatan",,dokter-umum,2025-06-15 03:00:32
dr. Caecilia Linda,Dokter Umum,halodoc,"Setiabudi, Jakarta Selatan",,dokter-umum,2025-06-15 03:00:32
Dr. Cahyangi Abi Saka Dipl.AAAM,Dokter Umum,halodoc,"Setiabudi, Jakarta Selatan",,dokter-umum,2025-06-15 03:00:32
Dr. Cahyani Kusuma Dewi,Dokter Umum,Klinik Pola,"Pasar Minggu, Jakarta Selatan",,dokter-umum,2025-06-15 03:00:32
Dr. Caisar Dewi Maulina,Dokter Umum,halodoc,"Setiabudi, Jakarta Selatan",https://d1ojs48v3n42tp.cloudfront.net/personnels/631692_10-1-2025_14-14-44.jpeg,dokter-umum,2025-06-15 03:00:35
dr. Caleria Ajeng Givita,Dokter Umum,halodoc,"Setiabudi, Jakarta Selatan",,dokter-umum,2025-06-15 03:00:35
dr. Calvin Ienawi,Dokter Umum,halodoc,"Setiabudi, Jakarta Selatan",,dokter-umum,2025-06-15 03:00:35
Dr. Calvindo Dwi Nanda,Dokter Umum,halodoc,"Setiabudi, Jakarta Selatan",,dokter-umum,2025-06-15 03:00:35
dr. Camelia Chitra,Dokter Umum,APOTEK JAYA,"Banjarmasin Barat, Kota Banjarmasin",,dokter-umum,2025-06-15 03:00:35
dr. Candra Fitri,Dokter Umum,RSUD Al Ihsan Provinsi Jawa Barat,"Baleendah, Kabupaten Bandung",,dokter-umum,2025-06-15 03:00:35
dr. Caprisia Tiaravicka Hasanah,Dokter Umum,halodoc,"Setiabudi, Jakarta Selatan",,dokter-umum,2025-06-15 03:00:35
dr. Carla C.M. Levara MKK,Dokter Umum,Poliklinik dr Carla C.M Levara,"Cilincing, Jakarta Utara",,dokter-umum,2025-06-15 03:00:35
Dr. Carla C.M. Levara,Dokter Umum,Poliklinik dr Carla C.M Levara,"Cilincing, Jakarta Utara",,dokter-umum,2025-06-15 03:00:35
Dr. Carmelita,Dokter Umum,halodoc,"Setiabudi, Jakarta Selatan",,dokter-umum,2025-06-15 03:00:35
Dr. Carolina,Dokter Umum,halodoc,"Setiabudi, Jakarta Selatan",,dokter-umum,2025-06-15 03:00:37
Dr. Carolina,Dokter Umum,halodoc,"Setiabudi, Jakarta Selatan",,dokter-umum,2025-06-15 03:00:37
Dr. Carolina Irianny,Dokter Umum,halodoc,"Setiabudi, Jakarta Selatan",,dokter-umum,2025-06-15 03:00:37
Dr. Castigliano Liadylova,Dokter Umum,halodoc,"Setiabudi, Jakarta Selatan",,dokter-umum,2025-06-15 03:00:37
dr. Cecilia Casandra Uneputty,Dokter Umum,halodoc,"Setiabudi, Jakarta Selatan",,dokter-umum,2025-06-15 03:00:37
dr. Cecilia Sintike Akay,Dokter Umum,halodoc,"Setiabudi, Jakarta Selatan",,dokter-umum,2025-06-15 03:00:37
Dr. Cecillia Yuniati,Dokter Umum,halodoc,"Setiabudi, Jakarta Selatan",,dokter-umum,2025-06-15 03:00:37
Cellia Riantiany Hernawan,Dokter Umum,halodoc,"Setiabudi, Jakarta Selatan",,dokter-umum,2025-06-15 03:00:37
Dr. Cendy Andestria,Dokter Umum,halodoc,"Setiabudi, Jakarta Selatan",,dokter-umum,2025-06-15 03:00:37
"dr. Cendy Juliana M.Biomed, AIFO",Dokter Umum,halodoc,"Setiabudi, Jakarta Selatan",,dokter-umum,2025-06-15 03:00:37
dr. Ceny Permatasari,Dokter Umum,halodoc,"Setiabudi, Jakarta Selatan",,dokter-umum,2025-06-15 03:00:40
dr. Chaerunnisa,Dokter Umum,RSUD Al Ihsan Provinsi Jawa Barat,"Baleendah, Kabupaten Bandung",,dokter-umum,2025-06-15 03:00:40
Chaesar Abdil Bar,Dokter Umum,halodoc,"Setiabudi, Jakarta Selatan",,dokter-umum,2025-06-15 03:00:40
dr. Chahyadi,Dokter Umum,halodoc,"Setiabudi, Jakarta Selatan",,dokter-umum,2025-06-15 03:00:40
dr. Chahyadi,Dokter Umum,dr. Chahyadi,"Bogor Barat, Bogor",,dokter-umum,2025-06-15 03:00:40
dr. Chairany Cikaisela,Dokter Umum,halodoc,"Setiabudi, Jakarta Selatan",,dokter-umum,2025-06-15 03:00:40
dr. Chairia Yetisyam Hasibuan,Dokter Umum,halodoc,"Setiabudi, Jakarta Selatan",,dokter-umum,2025-06-15 03:00:40
dr. Chairil Anwar Ph.D,Dokter Umum,APOTEK METASARI,"Kalidoni, Kota Palembang",,dokter-umum,2025-06-15 03:00:40
dr Chandra,Dokter Umum,Klinik Pratama Sholihin Medical Center,"Bekasi Timur, Bekasi",,dokter-umum,2025-06-15 03:00:40
dr Chandra Megah,Dokter Umum,halodoc,"Setiabudi, Jakarta Selatan",,dokter-umum,2025-06-15 03:00:40
dr. Chandra Nugraha Ds,Dokter Umum,halodoc,"Setiabudi, Jakarta Selatan",,dokter-umum,2025-06-15 03:00:42
dr. Chandra Putra,Dokter Umum,halodoc,"Setiabudi, Jakarta Selatan",,dokter-umum,2025-06-15 03:00:42
Dr. Chandra Wahyudi,Dokter Umum,halodoc,"Setiabudi, Jakarta Selatan",,dokter-umum,2025-06-15 03:00:42
dr. Chandra Wirawan,Dokter Umum,halodoc,"Setiabudi, Jakarta Selatan",,dokter-umum,2025-06-15 03:00:42
dr. Channesya Meilinsye,Dokter Umum,halodoc,"Setiabudi, Jakarta Selatan",,dokter-umum,2025-06-15 03:00:42
dr. Charolina Margaretha Anggraini,Dokter Umum,halodoc,"Setiabudi, Jakarta Selatan",,dokter-umum,2025-06-15 03:00:42
Dr. Chelsea Kristiniawati Putri,Dokter Umum,halodoc,"Setiabudi, Jakarta Selatan",,dokter-umum,2025-06-15 03:00:42
Dr. Chelsea Priskilla Budiono,Dokter Umum,halodoc,"Setiabudi, Jakarta Selatan",,dokter-umum,2025-06-15 03:00:42
Dr. Chelyne Felisitas Sundalangi,Dokter Umum,halodoc,"Setiabudi, Jakarta Selatan",,dokter-umum,2025-06-15 03:00:42
dr Chesa Galuh R,Dokter Umum,Klinik Pratama YAKKUM,"Banjarnegara, Kabupaten Banjarnegara",,dokter-umum,2025-06-15 03:00:42
dr. Chika Dhia Salsabila,Dokter Umum,halodoc,"Setiabudi, Jakarta Selatan",,dokter-umum,2025-06-15 03:00:45
Dr. Chika Marzelina,Dokter Umum,halodoc,"Setiabudi, Jakarta Selatan",,dokter-umum,2025-06-15 03:00:45
Dr. Chintia Dyah Ayuning Putri,Dokter Umum,halodoc,"Setiabudi, Jakarta Selatan",,dokter-umum,2025-06-15 03:00:45
dr. Chintya Ayu,Dokter Umum,Amalia Medica dr. Luhung,"Klojen, Kota Malang",,dokter-umum,2025-06-15 03:00:45
Dr. Chintya Ditaloca,Dokter Umum,halodoc,"Setiabudi, Jakarta Selatan",,dokter-umum,2025-06-15 03:00:45
Dr. Chita Nufrika,Dokter Umum,halodoc,"Setiabudi, Jakarta Selatan",,dokter-umum,2025-06-15 03:00:45
dr Choddidjah M. Kes PA,Dokter Umum,Apotek Kimia Farma Kranggan,"Jatisampurna, Bekasi",,dokter-umum,2025-06-15 03:00:45
Dr. dr. Chodidjah M.Kes.PA,Dokter Umum,halodoc,"Setiabudi, Jakarta Selatan",,dokter-umum,2025-06-15 03:00:45
dr. Chrisanty Azzahra Yudyasari,Dokter Umum,halodoc,"Setiabudi, Jakarta Selatan",,dokter-umum,2025-06-15 03:00:45
dr. Christ Sandy Prasetya,Dokter Umum,halodoc,"Setiabudi, Jakarta Selatan",,dokter-umum,2025-06-15 03:00:45
Dr. Christanti Eliavani,Dokter Umum,halodoc,"Setiabudi, Jakarta Selatan",,dokter-umum,2025-06-15 03:00:47
Dr. Christera Monika Dos Santos Filipe,Dokter Umum,halodoc,"Setiabudi, Jakarta Selatan",,dokter-umum,2025-06-15 03:00:47
dr. Christi Angelia Arung Labi,Dokter Umum,halodoc,"Setiabudi, Jakarta Selatan",,dokter-umum,2025-06-15 03:00:47
dr. Christian Adiputra Wijaya,Dokter Umum,halodoc,"Setiabudi, Jakarta Selatan",,dokter-umum,2025-06-15 03:00:47
dr. Christian Demon Laba Kleden,Dokter Umum,halodoc,"Setiabudi, Jakarta Selatan",,dokter-umum,2025-06-15 03:00:47
dr. Christian Korompis,Dokter Umum,halodoc,"Setiabudi, Jakarta Selatan",,dokter-umum,2025-06-15 03:00:47
dr. Christian Tanaya,Dokter Umum,halodoc,"Setiabudi, Jakarta Selatan",,dokter-umum,2025-06-15 03:00:47
dr. Christika Aulya So,Dokter Umum,halodoc,"Setiabudi, Jakarta Selatan",,dokter-umum,2025-06-15 03:00:47
dr. Christin,Dokter Umum,Apotek Kimia Farma Galuh Mas,"Telukjambe Timur, Kabupaten Karawang",,dokter-umum,2025-06-15 03:00:47
dr Christin Tatukude,Dokter Umum,Laboratorium Klinik Kimia Farma.,"Subang, Kabupaten Subang",,dokter-umum,2025-06-15 03:00:47
dr. Christina Dian Rinesti,Dokter Umum,halodoc,"Setiabudi, Jakarta Selatan",,dokter-umum,2025-06-15 03:00:50
Dr. Christine Angelina Purba,Dokter Umum,halodoc,"Setiabudi, Jakarta Selatan",,dokter-umum,2025-06-15 03:00:50
dr. Christine Handayani,Dokter Umum,APOTEK GADI LAMBA 1,"Pasar Rebo, Jakarta Timur",,dokter-umum,2025-06-15 03:00:50
dr. Christine Kuswandani,Dokter Umum,apotek kimia farma -,"Cihara, Kabupaten Lebak",,dokter-umum,2025-06-15 03:00:50
Dr. Christine Kuswardani,Dokter Umum,Kimia Farma Ahmad Yani By Pass Karawang,"Karawang Barat, Kabupaten Karawang",,dokter-umum,2025-06-15 03:00:50
Dr. Christine Lieana,Dokter Umum,halodoc,"Setiabudi, Jakarta Selatan",,dokter-umum,2025-06-15 03:00:50
Christine Natalina Elysabeth,Dokter Umum,halodoc,"Setiabudi, Jakarta Selatan",,dokter-umum,2025-06-15 03:00:50
dr. Christine Verina,Dokter Umum,halodoc,"Setiabudi, Jakarta Selatan",,dokter-umum,2025-06-15 03:00:50
Dr. Christmas Jilly Suatan,Dokter Umum,halodoc,"Setiabudi, Jakarta Selatan",,dokter-umum,2025-06-15 03:00:50
dr. Christoper A Manukiley,Dokter Umum,Praktek dokter.,"Bukit Raya, Kota Pekanbaru",,dokter-umum,2025-06-15 03:00:50
Dr. Christoper Immanuel Bangun,Dokter Umum,halodoc,"Setiabudi, Jakarta Selatan",,dokter-umum,2025-06-15 03:00:52
dr. Chyntia Tiara Putri,Dokter Umum,halodoc,"Setiabudi, Jakarta Selatan",,dokter-umum,2025-06-15 03:00:52
Dr. Cici Ervanita,Dokter Umum,halodoc,"Setiabudi, Jakarta Selatan",,dokter-umum,2025-06-15 03:00:52
dr. Cici Irawanti Putri,Dokter Umum,halodoc,"Setiabudi, Jakarta Selatan",,dokter-umum,2025-06-15 03:00:52
dr. Cici Julia,Dokter Umum,APOTEK YENNY.,"Cikande, Kabupaten Serang",,dokter-umum,2025-06-15 03:00:52
Dr. Cici Rahmah Yulianti,Dokter Umum,halodoc,"Setiabudi, Jakarta Selatan",,dokter-umum,2025-06-15 03:00:52
dr. Cicilia Susyanne,Dokter Umum,Praktek dokter.,"Bukit Raya, Kota Pekanbaru",,dokter-umum,2025-06-15 03:00:52
dr. Cik Elber,Dokter Umum,RSUD Al Ihsan Provinsi Jawa Barat,"Baleendah, Kabupaten Bandung",,dokter-umum,2025-06-15 03:00:52
dr. Cindi Neriza Dwi Putri,Dokter Umum,halodoc,"Setiabudi, Jakarta Selatan",,dokter-umum,2025-06-15 03:00:52
dr. Cindra Pramesthi Wandansari,Dokter Umum,halodoc,"Setiabudi, Jakarta Selatan",,dokter-umum,2025-06-15 03:00:52
Dr. Cindy,Dokter Umum,klinik kirana medika,"Pancoran, Jakarta Selatan",,dokter-umum,2025-06-15 03:00:55
dr. Cindy,Dokter Umum,Klinik Cahaya Mitra,"Setiabudi, Jakarta Selatan",,dokter-umum,2025-06-15 03:00:55
dr. Cindy Claudia Pandoyo Putri,Dokter Umum,halodoc,"Setiabudi, Jakarta Selatan",,dokter-umum,2025-06-15 03:00:55
dr. Cindy Claudia Pandoyo Putri,Dokter Umum,Apotek Halomedika Rancasari Bandung,"Rancasari, Kota Bandung",,dokter-umum,2025-06-15 03:00:55
dr. Cindy Riannie,Dokter Umum,halodoc,"Setiabudi, Jakarta Selatan",,dokter-umum,2025-06-15 03:00:55
Dr. Cindy Savira,Dokter Umum,halodoc,"Setiabudi, Jakarta Selatan",,dokter-umum,2025-06-15 03:00:55
dr. Cindy Yenita Iskandar,Dokter Umum,halodoc,"Setiabudi, Jakarta Selatan",,dokter-umum,2025-06-15 03:00:55
dr. Cintya Riska Prathiwi,Dokter Umum,halodoc,"Setiabudi, Jakarta Selatan",,dokter-umum,2025-06-15 03:00:55
dr. Citra Angelin,Dokter Umum,halodoc,"Setiabudi, Jakarta Selatan",,dokter-umum,2025-06-15 03:00:55
dr. Citra Anggar Kasih Masang,Dokter Umum,Halodoc Teleconsultation,"Setiabudi, Jakarta Selatan",,dokter-umum,2025-06-15 03:00:55
dr. Citra Dewi Hartati,Dokter Umum,Praktek dokter umum - Pondok Melati,"Pondok Melati, Bekasi",,dokter-umum,2025-06-15 03:00:58
dr. Citra Husna Pratiwi,Dokter Umum,halodoc,"Setiabudi, Jakarta Selatan",,dokter-umum,2025-06-15 03:00:58
dr. Citra Latika Agustia,Dokter Umum,halodoc,"Setiabudi, Jakarta Selatan",,dokter-umum,2025-06-15 03:00:58
dr Citra Leoni,Dokter Umum,halodoc,"Setiabudi, Jakarta Selatan",,dokter-umum,2025-06-15 03:00:58
dr. Clara Angelica Rotoro,Dokter Umum,halodoc,"Setiabudi, Jakarta Selatan",,dokter-umum,2025-06-15 03:00:58
Clara Gunawan,Dokter Umum,halodoc,"Setiabudi, Jakarta Selatan",,dokter-umum,2025-06-15 03:00:58
Dr. Clara Santi Trisnawati,Dokter Umum,halodoc,"Setiabudi, Jakarta Selatan",,dokter-umum,2025-06-15 03:00:58
dr. Clara Soraya,Dokter Umum,halodoc,"Setiabudi, Jakarta Selatan",,dokter-umum,2025-06-15 03:00:58
Dr. Clarissa,Dokter Umum,halodoc,"Setiabudi, Jakarta Selatan",,dokter-umum,2025-06-15 03:00:58
Dr. Claudia Clarissa,Dokter Umum,halodoc,"Setiabudi, Jakarta Selatan",,dokter-umum,2025-06-15 03:00:58
Dr. Claudia Lintang Septaviori,Dokter Umum,halodoc,"Setiabudi, Jakarta Selatan",,dokter-umum,2025-06-15 03:01:00
dr. Claudia Marissa,Dokter Umum,halodoc,"Setiabudi, Jakarta Selatan",,dokter-umum,2025-06-15 03:01:00
dr. Claudia Marissa,Dokter Umum,halodoc,"Setiabudi, Jakarta Selatan",,dokter-umum,2025-06-15 03:01:00
dr. Claudia Rosela,Dokter Umum,halodoc,"Setiabudi, Jakarta Selatan",,dokter-umum,2025-06-15 03:01:00
dr. Constantine Heryawan,Dokter Umum,Klinik Pratama Jasmine Care,"Pademangan, Jakarta Utara",,dokter-umum,2025-06-15 03:01:00
dr. Cornelia Radiktya,Dokter Umum,halodoc,"Setiabudi, Jakarta Selatan",,dokter-umum,2025-06-15 03:01:00
dr. Corry Fesa Syantora,Dokter Umum,halodoc,"Setiabudi, Jakarta Selatan",,dokter-umum,2025-06-15 03:01:00
dr. Corry Ida Hinaya Zalukhu,Dokter Umum,halodoc,"Setiabudi, Jakarta Selatan",,dokter-umum,2025-06-15 03:01:00
Dr. Cristofher Sitanggang,Dokter Umum,halodoc,"Setiabudi, Jakarta Selatan",,dokter-umum,2025-06-15 03:01:00
dr. Cun Tigor,Dokter Umum,halodoc,"Setiabudi, Jakarta Selatan",,dokter-umum,2025-06-15 03:01:00
dr. Cut Khairiyannisa,Dokter Umum,halodoc,"Setiabudi, Jakarta Selatan",,dokter-umum,2025-06-15 03:01:03
dr. Cut Meutia I.P,Dokter Umum,halodoc,"Setiabudi, Jakarta Selatan",,dokter-umum,2025-06-15 03:01:03
dr. Cut Nindya Rizky,Dokter Umum,halodoc,"Setiabudi, Jakarta Selatan",,dokter-umum,2025-06-15 03:01:03
Dr. Cynthia Angela,Dokter Umum,halodoc,"Setiabudi, Jakarta Selatan",,dokter-umum,2025-06-15 03:01:03
dr. Cynthia Arsita M.Biomed,Dokter Umum,halodoc,"Setiabudi, Jakarta Selatan",,dokter-umum,2025-06-15 03:01:03
Dr. Cynthia Imadiyar Pratama MMRS,Dokter Umum,halodoc,"Setiabudi, Jakarta Selatan",,dokter-umum,2025-06-15 03:01:03
dr. Cynthia Kristi,Dokter Umum,halodoc,"Setiabudi, Jakarta Selatan",,dokter-umum,2025-06-15 03:01:03
Dr. D Pirade,Dokter Umum,Praktek dokter.,"Bukit Raya, Kota Pekanbaru",,dokter-umum,2025-06-15 03:01:03
Dr. DARMAN,Dokter Umum,dr. Darman,"Pademangan, Jakarta Utara",,dokter-umum,2025-06-15 03:01:03
Dr. DARTUTIK,Dokter Umum,Klinik Pratama INTERMEDICA,"Jatisampurna, Bekasi",,dokter-umum,2025-06-15 03:01:03
dr. DEDEN BONNI KOSWARA,Dokter Umum,KLINIK AURELIA,"Salam, Kabupaten Magelang",,dokter-umum,2025-06-15 03:01:05
DR. DEDI KURNIAWAN SAPUTRA,Dokter Umum,Klinik Mon Cheri (Growth Together),"Karawang Barat, Kabupaten Karawang",,dokter-umum,2025-06-15 03:01:05
dr. DENY EVANDER P,Dokter Umum,Abdul Karim Klinik,"Babelan, Kabupaten Bekasi",,dokter-umum,2025-06-15 03:01:05
dr. DEWI HERLIYANTI NOVALITA,Dokter Umum,Klinik Pratama Avira,"Jatinegara, Jakarta Timur",,dokter-umum,2025-06-15 03:01:05
drg. DHARMAWAN GOZALI,Dokter Umum,DHARMA DENTAL CLINIC 2,"Klari, Kabupaten Karawang",,dokter-umum,2025-06-15 03:01:05
dr. DHARMAWAN PRADANA HARLA,Dokter Umum,RSU MITRA PEDAN,"Cawas, Klaten",,dokter-umum,2025-06-15 03:01:05
DOKTER ICHI MAYANGSARI,Dokter Umum,MAHARANNY MEDIKA,"Kemayoran, Jakarta Pusat",,dokter-umum,2025-06-15 03:01:05
DR FELIX CANDRA SUTANTO,Dokter Umum,Apotek Roxy Kaliabang,"Bekasi Utara, Bekasi",,dokter-umum,2025-06-15 03:01:05
DR HALODOC,Dokter Umum,APOTEK ROXY,"Bekasi Selatan, Bekasi",,dokter-umum,2025-06-15 03:01:05
DR HEPPY YHOS W,Dokter Umum,KLINIK GRIYA MEDIKA -,"Karawang Timur, Kabupaten Karawang",,dokter-umum,2025-06-15 03:01:05
DR IRVNA SPDV,Dokter Umum,APOTEK ROXY JATIASIH,"Jatiasih, Bekasi",,dokter-umum,2025-06-15 03:01:08
DR LASMIDA RUTH,Dokter Umum,APOTEK ROXY,"Bekasi Selatan, Bekasi",,dokter-umum,2025-06-15 03:01:08
DR PETER ENG,Dokter Umum,Rumah Sakit Mount Elizabeth,"Setiabudi, Jakarta Selatan",,dokter-umum,2025-06-15 03:01:08
DR SYAMSINAR HARAHAP,Dokter Umum,Klinik Indosehat 2003,"Tanjung Priok, Jakarta Utara",,dokter-umum,2025-06-15 03:01:08
DR. SITI JULIANTI BR PINEМ,Dokter Umum,Klinik Harapan Baru Puri Kosambi -,"Klari, Kabupaten Karawang",,dokter-umum,2025-06-15 03:01:08
dr. DWINOVA,Dokter Umum,KLINIK IHSAN MEDIKA,"Tapos, Depok",,dokter-umum,2025-06-15 03:01:08
dr. Dachniar Dwi Astuti,Dokter Umum,halodoc,"Setiabudi, Jakarta Selatan",,dokter-umum,2025-06-15 03:01:08
Dr. Daisy Ratna Yahdini,Dokter Umum,halodoc,"Setiabudi, Jakarta Selatan",,dokter-umum,2025-06-15 03:01:08
dr. Dalia Noviyanti Sumpena Putri,Dokter Umum,halodoc,"Setiabudi, Jakarta Selatan",,dokter-umum,2025-06-15 03:01:08
Dr. Damme Indra,Dokter Umum,halodoc,"Setiabudi, Jakarta Selatan",,dokter-umum,2025-06-15 03:01:08
dr. Damme Indra,Dokter Umum,halodoc,"Setiabudi, Jakarta Selatan",,dokter-umum,2025-06-15 03:01:10
dr. Dana Irnanda,Dokter Umum,halodoc,"Setiabudi, Jakarta Selatan",,dokter-umum,2025-06-15 03:01:10
dr. Dana Zakiyyah Rifai,Dokter Umum,halodoc,"Setiabudi, Jakarta Selatan",,dokter-umum,2025-06-15 03:01:10
dr. Danang Andi Raharjo,Dokter Umum,halodoc,"Setiabudi, Jakarta Selatan",,dokter-umum,2025-06-15 03:01:10
Dr. Danang Nugroho,Dokter Umum,halodoc,"Setiabudi, Jakarta Selatan",,dokter-umum,2025-06-15 03:01:10
dr. Danar Januari,Dokter Umum,halodoc,"Setiabudi, Jakarta Selatan",,dokter-umum,2025-06-15 03:01:10
Dr. Danar Pratama Putra,Dokter Umum,halodoc,"Setiabudi, Jakarta Selatan",,dokter-umum,2025-06-15 03:01:10
"Dandi Kurniawan STr, Kes",Dokter Umum,halodoc,"Setiabudi, Jakarta Selatan",,dokter-umum,2025-06-15 03:01:10
Dr. Daniel Adi Satrio,Dokter Umum,halodoc,"Setiabudi, Jakarta Selatan",,dokter-umum,2025-06-15 03:01:10
dr Daniel Anggi Sitorus,Dokter Umum,halodoc,"Setiabudi, Jakarta Selatan",,dokter-umum,2025-06-15 03:01:10
Daniel Derian Chrisandi,Dokter Umum,halodoc,"Setiabudi, Jakarta Selatan",,dokter-umum,2025-06-15 03:01:13
dr. Daniel Dwi Utomo,Dokter Umum,halodoc,"Setiabudi, Jakarta Selatan",,dokter-umum,2025-06-15 03:01:13
dr. Daniel Kusnadi,Dokter Umum,halodoc,"Setiabudi, Jakarta Selatan",,dokter-umum,2025-06-15 03:01:13
dr. Daniel Oktaria Mufti,Dokter Umum,halodoc,"Setiabudi, Jakarta Selatan",,dokter-umum,2025-06-15 03:01:13
dr. Daniel Ronadi,Dokter Umum,halodoc,"Setiabudi, Jakarta Selatan",,dokter-umum,2025-06-15 03:01:13
dr. Daniel S,Dokter Umum,Rumah Vaksin,"Gambir, Jakarta Pusat",,dokter-umum,2025-06-15 03:01:13
Dr. Daniel S. Susanto,Dokter Umum,Dunia Sehat,"Penjaringan, Jakarta Utara",,dokter-umum,2025-06-15 03:01:13
dr Danisa Oktaverina,Dokter Umum,0,"Bekasi Selatan, Bekasi",,dokter-umum,2025-06-15 03:01:13
dr. Dannia Riski Ariani,Dokter Umum,Klinik Inpres Medika,"Larangan, Tangerang",,dokter-umum,2025-06-15 03:01:13
dr. Danny Amanati Aisya,Dokter Umum,halodoc,"Setiabudi, Jakarta Selatan",,dokter-umum,2025-06-15 03:01:13
Dr. Danny Wiradharma,Dokter Umum,Apotik Kelapa Gading Permai,"Kelapa Gading, Jakarta Utara",,dokter-umum,2025-06-15 03:01:16
Dr. Danu Purnama Aji,Dokter Umum,halodoc,"Setiabudi, Jakarta Selatan",,dokter-umum,2025-06-15 03:01:16
dr Danu Purnama Aji,Dokter Umum,Apotik Kimia Farma Tulung Agung,"Kintamani, Kabupaten Bangli",,dokter-umum,2025-06-15 03:01:16
dr. Daphine Satria,Dokter Umum,Siti Azaria Clinic,"Karawang Timur, Kabupaten Karawang",,dokter-umum,2025-06-15 03:01:16
Dr. Dara Ananda Saraswati,Dokter Umum,halodoc,"Setiabudi, Jakarta Selatan",,dokter-umum,2025-06-15 03:01:16
Dr. Dara India Diniarti Sp. A,Dokter Umum,BWCC Bekasi,"Bekasi Selatan, Bekasi",,dokter-umum,2025-06-15 03:01:16
Dr. Dara Kencana,Dokter Umum,halodoc,"Setiabudi, Jakarta Selatan",,dokter-umum,2025-06-15 03:01:16
Dr. Dara Mustika Dewi,Dokter Umum,dr.Dara Mustika Dewi,"Karawang Timur, Kabupaten Karawang",,dokter-umum,2025-06-15 03:01:16
dr. Dara Mustika Dewi,Dokter Umum,Klinik Pratama Rawat Inap Mustika,"Ciampel, Kabupaten Karawang",,dokter-umum,2025-06-15 03:01:16
Dr. Dara Mustika Dewi,Dokter Umum,dr.Dara Mustika Dewi,"Karawang Timur, Kabupaten Karawang",,dokter-umum,2025-06-15 03:01:16
dr. Dara Mustika Dewi,Dokter Umum,Klinik Pratama Mustika,"Ciampel, Kabupaten Karawang",,dokter-umum,2025-06-15 03:01:18
Dr. Dara Mustika Dewi,Dokter Umum,Klinik Pratama Mustika,"Ciampel, Kabupaten Karawang",,dokter-umum,2025-06-15 03:01:18
dr. Dara Rifqotussunniyah,Dokter Umum,halodoc,"Setiabudi, Jakarta Selatan",,dokter-umum,2025-06-15 03:01:18
dr. Darari Genadita,Dokter Umum,halodoc,"Setiabudi, Jakarta Selatan",,dokter-umum,2025-06-15 03:01:18
dr. Darwin Ferdinan Salim,Dokter Umum,Apotek Cardea,"Karawaci, Tangerang",,dokter-umum,2025-06-15 03:01:18
dr. Darwin Ferdinan Salim,Dokter Umum,Apotek Cardea,"Karawaci, Tangerang",,dokter-umum,2025-06-15 03:01:18
Dr. Darwis,Dokter Umum,Teratai Medical Centre,"Medan Maimun, Kota Medan",,dokter-umum,2025-06-15 03:01:18
Daryuni,Dokter Umum,halodoc,"Setiabudi, Jakarta Selatan",,dokter-umum,2025-06-15 03:01:18
dr. Dasta Senorita Ginting,Dokter Umum,halodoc,"Setiabudi, Jakarta Selatan",,dokter-umum,2025-06-15 03:01:18
dr. Dave Kennedy,Dokter Umum,halodoc,"Setiabudi, Jakarta Selatan",,dokter-umum,2025-06-15 03:01:18
Dr. David MMRS,Dokter Umum,dr. David,"Donomulyo, Kabupaten Malang",,dokter-umum,2025-06-15 03:01:21
dr. David Samalo,Dokter Umum,halodoc,"Setiabudi, Jakarta Selatan",,dokter-umum,2025-06-15 03:01:21
dr. David Saragih,Dokter Umum,halodoc,"Setiabudi, Jakarta Selatan",,dokter-umum,2025-06-15 03:01:21
dr. David Simorangkir Sp. OT,Dokter Umum,Neurofit Clinic Stroke and Physiotherapy Center,"Tambun Selatan, Kabupaten Bekasi",,dokter-umum,2025-06-15 03:01:21
dr. Davin,Dokter Umum,halodoc,"Setiabudi, Jakarta Selatan",,dokter-umum,2025-06-15 03:01:21
Davin Widodo,Dokter Umum,halodoc,"Setiabudi, Jakarta Selatan",,dokter-umum,2025-06-15 03:01:21
dr. Dayita Wedyasantika,Dokter Umum,halodoc,"Setiabudi, Jakarta Selatan",,dokter-umum,2025-06-15 03:01:21
Dr. Dayu Andriawan,Dokter Umum,halodoc,"Setiabudi, Jakarta Selatan",,dokter-umum,2025-06-15 03:01:21
Dr. Dea Anenta Veonika M.Gz,Dokter Umum,halodoc,"Setiabudi, Jakarta Selatan",,dokter-umum,2025-06-15 03:01:21
dr. Dea Aninditha,Dokter Umum,halodoc,"Setiabudi, Jakarta Selatan",,dokter-umum,2025-06-15 03:01:21
Dr. Dea Gratia Putri Saragih,Dokter Umum,halodoc,"Setiabudi, Jakarta Selatan",,dokter-umum,2025-06-15 03:01:23
Dr. Deah Risba,Dokter Umum,halodoc,"Setiabudi, Jakarta Selatan",,dokter-umum,2025-06-15 03:01:23
dr. Deasy Ulan Cahya,Dokter Umum,KLINIK HARAPAN MEDICAL CENTER,"Tarumajaya, Kabupaten Bekasi",,dokter-umum,2025-06-15 03:01:23
dr. Deasy Ulan Cahya,Dokter Umum,KLINIK HARAPAN MEDICAL CENTER,"Tarumajaya, Kabupaten Bekasi",,dokter-umum,2025-06-15 03:01:23
dr. Debby Alvi Nesya,Dokter Umum,KLINIK PRATAMA SARTIKA - Kramat Jati - Jakarta Timur -,"Kramat Jati, Jakarta Timur",,dokter-umum,2025-06-15 03:01:23
dr. Debby Amanda,Dokter Umum,halodoc,"Setiabudi, Jakarta Selatan",,dokter-umum,2025-06-15 03:01:23
Dr. Debby Deriyanthi,Dokter Umum,halodoc,"Setiabudi, Jakarta Selatan",,dokter-umum,2025-06-15 03:01:23
Dr. Debby Elviolita,Dokter Umum,halodoc,"Setiabudi, Jakarta Selatan",,dokter-umum,2025-06-15 03:01:23
dr. Debby Karlina,Dokter Umum,Klinik Tiara Dokter 24 Jam,"Kebayoran Baru, Jakarta Selatan",,dokter-umum,2025-06-15 03:01:23
dr. Debby Sofiana,Dokter Umum,pratama cahaya Medika,"Bantarujeg, Kabupaten Majalengka",,dokter-umum,2025-06-15 03:01:23
dr Debby Sofiana,Dokter Umum,Klinik Pratama Citra Kebon Jeruk,"Kebon Jeruk, Jakarta Barat",,dokter-umum,2025-06-15 03:01:26
Dr. Debela Okta Belita,Dokter Umum,Apotek & Klinik Zahra Medika 1,"Cikarang Barat, Kabupaten Bekasi",,dokter-umum,2025-06-15 03:01:26
Dr. Debela Okta Belita,Dokter Umum,Apotek & Klinik Zahra Medika 1,"Cikarang Barat, Kabupaten Bekasi",,dokter-umum,2025-06-15 03:01:26
dr. Debela Okta Belita,Dokter Umum,Apotek & Klinik Zahra Medika 1,"Cikarang Barat, Kabupaten Bekasi",,dokter-umum,2025-06-15 03:01:26
Dr. Debi Lailatul Rahmi,Dokter Umum,halodoc,"Setiabudi, Jakarta Selatan",,dokter-umum,2025-06-15 03:01:26
dr. Debora,Dokter Umum,GWS Medika Kalibata,"Pancoran, Jakarta Selatan",,dokter-umum,2025-06-15 03:01:26
dr. Deby Andita,Dokter Umum,halodoc,"Setiabudi, Jakarta Selatan",,dokter-umum,2025-06-15 03:01:26
dr. Dechrist Yohanes,Dokter Umum,Apotek Anugerah Bahagia,"Cempaka Putih, Jakarta Pusat",,dokter-umum,2025-06-15 03:01:26
Dr. Deddi Eka Putra Rangan,Dokter Umum,Apotik Subur Jaya,"Kelapa Gading, Jakarta Utara",,dokter-umum,2025-06-15 03:01:26
Dr. Deddi Ekaputra Rangan,Dokter Umum,Apotek Kimia Farma Express Rest Area KM88,"Sukasari, Kabupaten Purwakarta",,dokter-umum,2025-06-15 03:01:26
Dr. Deddi Ekaputra Rangan,Dokter Umum,Apotek Sabang,"Menteng, Jakarta Pusat",,dokter-umum,2025-06-15 03:01:28
Dr. Dede Prayudha,Dokter Umum,halodoc,"Setiabudi, Jakarta Selatan",,dokter-umum,2025-06-15 03:01:28
dr. Dede Tardiana,Dokter Umum,KLINIK PRATAMA 24 JAM,"Cibinong, Kabupaten Bogor",,dokter-umum,2025-06-15 03:01:28
Dr. Dede Yusniawati,Dokter Umum,halodoc,"Setiabudi, Jakarta Selatan",,dokter-umum,2025-06-15 03:01:28
dr. Dede Yusuf Fahma Razi,Dokter Umum,halodoc,"Setiabudi, Jakarta Selatan",,dokter-umum,2025-06-15 03:01:28
Dedek Putrawan,Dokter Umum,halodoc,"Setiabudi, Jakarta Selatan",,dokter-umum,2025-06-15 03:01:28
dr. Deden Habibrata,Dokter Umum,halodoc,"Setiabudi, Jakarta Selatan",,dokter-umum,2025-06-15 03:01:28
Dr. Dedi Kumbara,Dokter Umum,Klinik Anisah,"Telukjambe Timur, Kabupaten Karawang",,dokter-umum,2025-06-15 03:01:28
Dr. Dedi Kumbara,Dokter Umum,Klinik Anisah,"Telukjambe Timur, Kabupaten Karawang",,dokter-umum,2025-06-15 03:01:28
dr. Dedi Kurnia Sumarna,Dokter Umum,Dedy Kurnia PS,"Darma, Kabupaten Kuningan",,dokter-umum,2025-06-15 03:01:28
dr. Defa Rahmatun Nisaa,Dokter Umum,Apotek Jatiseeng,"Lemahabang, Kabupaten Cirebon",,dokter-umum,2025-06-15 03:01:31
Dr. Definalia,Dokter Umum,halodoc,"Setiabudi, Jakarta Selatan",,dokter-umum,2025-06-15 03:01:31
Dr. Deka Yuli Fadillah,Dokter Umum,halodoc,"Setiabudi, Jakarta Selatan",,dokter-umum,2025-06-15 03:01:31
Dr. Dela Destiani Aji,Dokter Umum,halodoc,"Setiabudi, Jakarta Selatan",,dokter-umum,2025-06-15 03:01:31
Dr. Deliana Tarigan M.Biomed,Dokter Umum,halodoc,"Setiabudi, Jakarta Selatan",,dokter-umum,2025-06-15 03:01:31
Dr. Della Bintari Pratiwi,Dokter Umum,halodoc,"Setiabudi, Jakarta Selatan",,dokter-umum,2025-06-15 03:01:31
Dr. Della Sylviani,Dokter Umum,halodoc,"Setiabudi, Jakarta Selatan",,dokter-umum,2025-06-15 03:01:31
Della Wachdatul Angela,Dokter Umum,halodoc,"Setiabudi, Jakarta Selatan",,dokter-umum,2025-06-15 03:01:31
dr. Delly Noer Oktaviani,Dokter Umum,Klinik Kadisha &AMP,"Tambang, Kabupaten Kampar",,dokter-umum,2025-06-15 03:01:31
dr. Delta Novita Sari,Dokter Umum,Klinik Teluk Jambe Medika,"Telukjambe Timur, Kabupaten Karawang",,dokter-umum,2025-06-15 03:01:31
dr Delta Novita Sari,Dokter Umum,halodoc,"Setiabudi, Jakarta Selatan",,dokter-umum,2025-06-15 03:01:33
dr. Delvi Okvitatimur Islami,Dokter Umum,halodoc,"Setiabudi, Jakarta Selatan",,dokter-umum,2025-06-15 03:01:33
dr. Denada Florencia Leona,Dokter Umum,halodoc,"Setiabudi, Jakarta Selatan",,dokter-umum,2025-06-15 03:01:33
Dr. Denanda Rahayu,Dokter Umum,halodoc,"Setiabudi, Jakarta Selatan",,dokter-umum,2025-06-15 03:01:33
Dr. Denara Eka Safitri,Dokter Umum,halodoc,"Setiabudi, Jakarta Selatan",,dokter-umum,2025-06-15 03:01:33
dr. Dendy Pranata,Dokter Umum,halodoc,"Setiabudi, Jakarta Selatan",,dokter-umum,2025-06-15 03:01:33
Dr. Deni Irwandi,Dokter Umum,halodoc,"Setiabudi, Jakarta Selatan",,dokter-umum,2025-06-15 03:01:33
dr. Deni Kuriawan,Dokter Umum,Klinik Ketanggungan Medical Center (KMC),"Ketanggungan, Kabupaten Brebes",,dokter-umum,2025-06-15 03:01:33
dr. Deni Saputra,Dokter Umum,halodoc,"Setiabudi, Jakarta Selatan",,dokter-umum,2025-06-15 03:01:33
dr. Denie Rahmad,Dokter Umum,halodoc,"Setiabudi, Jakarta Selatan",,dokter-umum,2025-06-15 03:01:33
dr. Denny Emilius,Dokter Umum,halodoc,"Setiabudi, Jakarta Selatan",,dokter-umum,2025-06-15 03:01:36
dr. Denny Susian,Dokter Umum,RS Emanuel,"Purworejo Klampok, Kabupaten Banjarnegara",,dokter-umum,2025-06-15 03:01:36
dr. Denny Sutanto,Dokter Umum,halodoc,"Setiabudi, Jakarta Selatan",,dokter-umum,2025-06-15 03:01:36
Dr. Denny Takbir Fikriandani,Dokter Umum,Praktik Mandiri dr. Denny Takbir Fikriandani,"Sukaluyu, Kabupaten Cianjur",,dokter-umum,2025-06-15 03:01:36
dr. Denok Kosasi,Dokter Umum,halodoc,"Setiabudi, Jakarta Selatan",,dokter-umum,2025-06-15 03:01:36
dr. Denta Handa Priyambara,Dokter Umum,Praktek Dr.Denta Handa Priyambara,"Boyolali, Kabupaten Boyolali",,dokter-umum,2025-06-15 03:01:36
dr. Denta Handa Priyambara,Dokter Umum,Praktek Dr.Denta Handa Priyambara,"Boyolali, Kabupaten Boyolali",,dokter-umum,2025-06-15 03:01:36
dr. Denty Hawafirdaus,Dokter Umum,halodoc,"Setiabudi, Jakarta Selatan",,dokter-umum,2025-06-15 03:01:36
dr. Deny Evander P,Dokter Umum,Abdul Karim Klinik,"Babelan, Kabupaten Bekasi",,dokter-umum,2025-06-15 03:01:36
dr. Deny Evander P,Dokter Umum,Abdul Karim Klinik,"Babelan, Kabupaten Bekasi",,dokter-umum,2025-06-15 03:01:36
Dr. Deny Febriwijaya Romadhani,Dokter Umum,halodoc,"Setiabudi, Jakarta Selatan",,dokter-umum,2025-06-15 03:01:38
dr. Deo Sanjaya,Dokter Umum,halodoc,"Setiabudi, Jakarta Selatan",,dokter-umum,2025-06-15 03:01:38
dr. Dera Seta Saputri,Dokter Umum,halodoc,"Setiabudi, Jakarta Selatan",,dokter-umum,2025-06-15 03:01:38
dr. Deri Nopriansyah,Dokter Umum,halodoc,"Setiabudi, Jakarta Selatan",,dokter-umum,2025-06-15 03:01:38
Dr. Dermawan C. Nadeak,Dokter Umum,"dr. Dermawan C. Nadeak, Sp. GK","Senen, Jakarta Pusat",,dokter-umum,2025-06-15 03:01:38
Dr. Derryl Falary,Dokter Umum,halodoc,"Setiabudi, Jakarta Selatan",,dokter-umum,2025-06-15 03:01:38
dr. Desak Gede Yuliana Eka Pratiwi,Dokter Umum,Klinik Utama Vidyan Medika,"Blahbatuh, Kabupaten Gianyar",,dokter-umum,2025-06-15 03:01:38
Dr. Desi Arisanti,Dokter Umum,halodoc,"Setiabudi, Jakarta Selatan",,dokter-umum,2025-06-15 03:01:38
dr. Desi Fatmawati,Dokter Umum,Klinik Assyabil Medika.,"Cikarang Utara, Kabupaten Bekasi",,dokter-umum,2025-06-15 03:01:38
dr. Desi Indah Lais,Dokter Umum,halodoc,"Setiabudi, Jakarta Selatan",,dokter-umum,2025-06-15 03:01:38
dr. Desi M.,Dokter Umum,Klinik Pratama Rawat Inap DETO,"Kendal, Kabupaten Kendal",,dokter-umum,2025-06-15 03:01:41
dr. Desi Natalia Purba,Dokter Umum,halodoc,"Setiabudi, Jakarta Selatan",,dokter-umum,2025-06-15 03:01:41
Dr. Desianti,Dokter Umum,halodoc,"Setiabudi, Jakarta Selatan",,dokter-umum,2025-06-15 03:01:41
dr. Deskhilandi Nugroho,Dokter Umum,halodoc,"Setiabudi, Jakarta Selatan",,dokter-umum,2025-06-15 03:01:41
Dr. Desra Aufar Alwafi,Dokter Umum,halodoc,"Setiabudi, Jakarta Selatan",,dokter-umum,2025-06-15 03:01:41
dr. Desri Sevti Eka Putri,Dokter Umum,halodoc,"Setiabudi, Jakarta Selatan",,dokter-umum,2025-06-15 03:01:41
Dr. Desri Zelpian Putra,Dokter Umum,halodoc,"Setiabudi, Jakarta Selatan",,dokter-umum,2025-06-15 03:01:41
dr. Desslyn Raffly,Dokter Umum,halodoc,"Setiabudi, Jakarta Selatan",,dokter-umum,2025-06-15 03:01:41
Dr. Dessy Marshelia,Dokter Umum,halodoc,"Setiabudi, Jakarta Selatan",,dokter-umum,2025-06-15 03:01:41
dr. Destiana Lisnawati,Dokter Umum,halodoc,"Setiabudi, Jakarta Selatan",,dokter-umum,2025-06-15 03:01:41
dr. Destika Purnamasari,Dokter Umum,halodoc,"Setiabudi, Jakarta Selatan",,dokter-umum,2025-06-15 03:01:43
Dr. Desvi Anggrianda MARS,Dokter Umum,halodoc,"Setiabudi, Jakarta Selatan",,dokter-umum,2025-06-15 03:01:43
Dr. Desy Andriyani,Dokter Umum,0,"Bekasi Selatan, Bekasi",,dokter-umum,2025-06-15 03:01:43
Dr. Desy Natalia,Dokter Umum,halodoc,"Setiabudi, Jakarta Selatan",,dokter-umum,2025-06-15 03:01:43
dr. Desy Sheila Rosa,Dokter Umum,halodoc,"Setiabudi, Jakarta Selatan",,dokter-umum,2025-06-15 03:01:43
Dr. Desy Tiovanda Lumban Gaol,Dokter Umum,halodoc,"Setiabudi, Jakarta Selatan",,dokter-umum,2025-06-15 03:01:43
dr. Devi,Dokter Umum,Klinik Anggrek,"Serang, Kota Serang",,dokter-umum,2025-06-15 03:01:43
dr. Devi Agustiani,Dokter Umum,halodoc,"Setiabudi, Jakarta Selatan",,dokter-umum,2025-06-15 03:01:43
dr. Devi Almaliza Oktary,Dokter Umum,halodoc,"Setiabudi, Jakarta Selatan",,dokter-umum,2025-06-15 03:01:43
Dr. Devi Arnes,Dokter Umum,halodoc,"Setiabudi, Jakarta Selatan",,dokter-umum,2025-06-15 03:01:43
dr. Devi Idham,Dokter Umum,DD KLINIK ROROTAN.,"Cilincing, Jakarta Utara",,dokter-umum,2025-06-15 03:01:46
dr. Devi Marluvi,Dokter Umum,Laboratorium Klinik Pratama Rawat Inap Devi Medika,"Bekasi Timur, Bekasi",,dokter-umum,2025-06-15 03:01:46
dr. Devi Ninditya Kumala,Dokter Umum,halodoc,"Setiabudi, Jakarta Selatan",,dokter-umum,2025-06-15 03:01:46
dr. Devi Putri,Dokter Umum,halodoc,"Setiabudi, Jakarta Selatan",,dokter-umum,2025-06-15 03:01:46
dr. Deviana Mutiara Auliarahma,Dokter Umum,halodoc,"Setiabudi, Jakarta Selatan",,dokter-umum,2025-06-15 03:01:46
dr. Devimia Merryanti,Dokter Umum,halodoc,"Setiabudi, Jakarta Selatan",,dokter-umum,2025-06-15 03:01:46
dr. Devimma Shary,Dokter Umum,halodoc,"Setiabudi, Jakarta Selatan",,dokter-umum,2025-06-15 03:01:46
dr. Devina Gita Lestari,Dokter Umum,halodoc,"Setiabudi, Jakarta Selatan",,dokter-umum,2025-06-15 03:01:46
dr. Devina Hangganararas,Dokter Umum,halodoc,"Setiabudi, Jakarta Selatan",,dokter-umum,2025-06-15 03:01:46
dr. Devina Juanita,Dokter Umum,halodoc,"Setiabudi, Jakarta Selatan",,dokter-umum,2025-06-15 03:01:46
dr. Devina Sagitania,Dokter Umum,halodoc,"Setiabudi, Jakarta Selatan",,dokter-umum,2025-06-15 03:01:49
Dr. Devistarina R,Dokter Umum,Praktek dokter.,"Bukit Raya, Kota Pekanbaru",,dokter-umum,2025-06-15 03:01:49
dr. Devy Melati,Dokter Umum,halodoc,"Setiabudi, Jakarta Selatan",,dokter-umum,2025-06-15 03:01:49
Dr. Dewa Ayu Istri Agung Trisna Diana,Dokter Umum,halodoc,"Setiabudi, Jakarta Selatan",,dokter-umum,2025-06-15 03:01:49
dr. Dewanta Tjandra,Dokter Umum,Praktek Dokter Dewanta Tjandra,"Medan Kota, Kota Medan",,dokter-umum,2025-06-15 03:01:49
Dr. Dewanti Permatasari,Dokter Umum,halodoc,"Setiabudi, Jakarta Selatan",,dokter-umum,2025-06-15 03:01:49
dr. Dewi Afifah Amir,Dokter Umum,DOKTER 24 JAM RAKHA MEDIKA,"Ilir Timur I, Kota Palembang",,dokter-umum,2025-06-15 03:01:49
dr. Dewi Anggraeni,Dokter Umum,Praktek dokter bersama-,"Ciawi, Kabupaten Bogor",,dokter-umum,2025-06-15 03:01:49
dr. Dewi Anggrahenny,Dokter Umum,Praktek dokter bersama-,"Ciawi, Kabupaten Bogor",,dokter-umum,2025-06-15 03:01:49
Dr Dewi Ayu Kusuma,Dokter Umum,halodoc,"Setiabudi, Jakarta Selatan",,dokter-umum,2025-06-15 03:01:49
dr. Dewi Inong Irana Sp. DV,Dokter Umum,Praktek dokter.,"Bukit Raya, Kota Pekanbaru",,dokter-umum,2025-06-15 03:01:51
Dr Dewi Lusyati,Dokter Umum,APOTEK ROXY,"Bekasi Selatan, Bekasi",,dokter-umum,2025-06-15 03:01:51
dr. Dewi Lutpiyah,Dokter Umum,halodoc,"Setiabudi, Jakarta Selatan",,dokter-umum,2025-06-15 03:01:51
Dr. Dewi Mas Rolya Ivani,Dokter Umum,halodoc,"Setiabudi, Jakarta Selatan",,dokter-umum,2025-06-15 03:01:51
dr. Dewi Mashita Arfani,Dokter Umum,halodoc,"Setiabudi, Jakarta Selatan",,dokter-umum,2025-06-15 03:01:51
dr. Dewi Mutiah Patria Bakti Anurogo,Dokter Umum,halodoc,"Setiabudi, Jakarta Selatan",,dokter-umum,2025-06-15 03:01:51
dr. Dewi Prasetyo,Dokter Umum,dr Dewi Prasetyo,"Cempaka Putih, Jakarta Pusat",,dokter-umum,2025-06-15 03:01:51
dr. Dewi Purnamasari,Dokter Umum,halodoc,"Setiabudi, Jakarta Selatan",,dokter-umum,2025-06-15 03:01:51
dr. Dewi Renaningtyas,Dokter Umum,halodoc,"Setiabudi, Jakarta Selatan",,dokter-umum,2025-06-15 03:01:51
dr. Dewi Renaningtyas,Dokter Umum,halodoc,"Setiabudi, Jakarta Selatan",,dokter-umum,2025-06-15 03:01:51
Dr. Dewi Riana MKK,Dokter Umum,halodoc,"Setiabudi, Jakarta Selatan",,dokter-umum,2025-06-15 03:01:54
Dr. Dewi Rosa,Dokter Umum,Praktek Dokter Umum.,"Cilincing, Jakarta Utara",,dokter-umum,2025-06-15 03:01:54
Dr. Dewi Sartika,Dokter Umum,Klinik Pratama Tanjung,"Cikarang Utara, Kabupaten Bekasi",,dokter-umum,2025-06-15 03:01:54
Dr. Dewi Sartika,Dokter Umum,halodoc,"Setiabudi, Jakarta Selatan",,dokter-umum,2025-06-15 03:01:54
Dr. Dewi Setiawati,Dokter Umum,Wirahusada Medical Center,"Setiabudi, Jakarta Selatan",,dokter-umum,2025-06-15 03:01:54
Dr. Dewi Syartika,Dokter Umum,halodoc,"Setiabudi, Jakarta Selatan",,dokter-umum,2025-06-15 03:01:54
dr. Dewi Tannia,Dokter Umum,Klinik Prima,"Tambora, Jakarta Barat",,dokter-umum,2025-06-15 03:01:54
dr. Dewil Foenda Apriliani,Dokter Umum,halodoc,"Setiabudi, Jakarta Selatan",,dokter-umum,2025-06-15 03:01:54
dr. Dewil Yolanda Novi Anwar,Dokter Umum,halodoc,"Setiabudi, Jakarta Selatan",,dokter-umum,2025-06-15 03:01:54
dr. Dexel Simbolon,Dokter Umum,halodoc,"Setiabudi, Jakarta Selatan",,dokter-umum,2025-06-15 03:01:54
dr. Deya Seisora Ismet,Dokter Umum,halodoc,"Setiabudi, Jakarta Selatan",,dokter-umum,2025-06-15 03:01:56
dr. Deyang Wangi Prawiro Pinundhi,Dokter Umum,halodoc,"Setiabudi, Jakarta Selatan",,dokter-umum,2025-06-15 03:01:56
Dr. Dhamar Sakti Wiyono Putro,Dokter Umum,halodoc,"Setiabudi, Jakarta Selatan",,dokter-umum,2025-06-15 03:01:56
Dr. Dhamar Sakti Wiyono Putro,Dokter Umum,halodoc,"Setiabudi, Jakarta Selatan",,dokter-umum,2025-06-15 03:01:56
dr. Dhania Rizky Indriani Prasetijo,Dokter Umum,Klinik Budi Rahayu,"Ranca Bungur, Kabupaten Bogor",,dokter-umum,2025-06-15 03:01:56
dr. Dhanty Mukhsina,Dokter Umum,halodoc,"Setiabudi, Jakarta Selatan",,dokter-umum,2025-06-15 03:01:56
dr. Dharma Budi Patriadi Sp. A,Dokter Umum,dr. Dharma Budi Patriadi Sp. A,"Wanareja, Kabupaten Cilacap",,dokter-umum,2025-06-15 03:01:56
Dr. Dhea Ersa Lestari,Dokter Umum,halodoc,"Setiabudi, Jakarta Selatan",,dokter-umum,2025-06-15 03:01:56
dr. Dhea Melia Putri,Dokter Umum,halodoc,"Setiabudi, Jakarta Selatan",,dokter-umum,2025-06-15 03:01:56
dr. Dhian Eka Putri,Dokter Umum,dr. Dhian Eka P,"Tanah Abang, Jakarta Pusat",,dokter-umum,2025-06-15 03:01:56
dr. Dhian Eka Putri,Dokter Umum,dr. Dhian Eka P,"Tanah Abang, Jakarta Pusat",,dokter-umum,2025-06-15 03:01:59
dr. Dhian Eka Putri,Dokter Umum,dr. Dhian Eka P,"Tanah Abang, Jakarta Pusat",,dokter-umum,2025-06-15 03:01:59
dr. Dhian Eka Putri,Dokter Umum,dr. Dhian Eka P,"Tanah Abang, Jakarta Pusat",,dokter-umum,2025-06-15 03:01:59
dr. Dhian Eka Putri,Dokter Umum,dr. Dhian Eka P,"Tanah Abang, Jakarta Pusat",,dokter-umum,2025-06-15 03:01:59
dr. Dhika Prihati Prameiswari,Dokter Umum,halodoc,"Setiabudi, Jakarta Selatan",,dokter-umum,2025-06-15 03:01:59
dr. Dhika Yulisa Putri,Dokter Umum,halodoc,"Setiabudi, Jakarta Selatan",,dokter-umum,2025-06-15 03:01:59
dr Dhimas Ali Irfan,Dokter Umum,Rumah Sakit Akademik UGM,"Gamping, Kabupaten Sleman",,dokter-umum,2025-06-15 03:01:59
dr. Dhimas Prayoga,Dokter Umum,halodoc,"Setiabudi, Jakarta Selatan",,dokter-umum,2025-06-15 03:01:59
dr. Dhita Amanda,Dokter Umum,halodoc,"Setiabudi, Jakarta Selatan",,dokter-umum,2025-06-15 03:01:59
dr. Dhita Pradhipta,Dokter Umum,halodoc,"Setiabudi, Jakarta Selatan",,dokter-umum,2025-06-15 03:01:59
Dr. Dhiyaul Athifah M. Jasri,Dokter Umum,halodoc,"Setiabudi, Jakarta Selatan",,dokter-umum,2025-06-15 03:02:01
dr Diah,Dokter Umum,Mahakam,"Kebayoran Baru, Jakarta Selatan",,dokter-umum,2025-06-15 03:02:01
Dr. Diah Ardiana,Dokter Umum,Praktek dokter mandiri,"Cileunyi, Kabupaten Bandung",,dokter-umum,2025-06-15 03:02:01
dr. Diah Ayu Rachmasari,Dokter Umum,halodoc,"Setiabudi, Jakarta Selatan",,dokter-umum,2025-06-15 03:02:01
dr. Diah Verawati,Dokter Umum,halodoc,"Setiabudi, Jakarta Selatan",,dokter-umum,2025-06-15 03:02:01
dr Dian,Dokter Umum,Klinik Pratama Ekra Diandra,"Seukajadi, Kota Pekanbaru",,dokter-umum,2025-06-15 03:02:01
Dr. Dian Andalina Putri,Dokter Umum,halodoc,"Setiabudi, Jakarta Selatan",,dokter-umum,2025-06-15 03:02:01
dr. Dian Anggita Kristiana,Dokter Umum,halodoc,"Setiabudi, Jakarta Selatan",,dokter-umum,2025-06-15 03:02:01
dr. Dian Ardiana,Dokter Umum,halodoc,"Setiabudi, Jakarta Selatan",,dokter-umum,2025-06-15 03:02:01
Dr. Dian Astriany Nurmufidah,Dokter Umum,halodoc,"Setiabudi, Jakarta Selatan",,dokter-umum,2025-06-15 03:02:01
dr. Dian Ayu Wulansari,Dokter Umum,halodoc,"Setiabudi, Jakarta Selatan",,dokter-umum,2025-06-15 03:02:04
dr Dian Damaiyanti,Dokter Umum,Klinik dr.Dian Damaiyanti,"Bantarkawung, Kabupaten Brebes",,dokter-umum,2025-06-15 03:02:04
dr. Dian Fofana Diarra,Dokter Umum,halodoc,"Setiabudi, Jakarta Selatan",,dokter-umum,2025-06-15 03:02:04
dr. Dian Hartisa,Dokter Umum,Klinik Villa Bekasi Indah,"Bantar Gebang, Bekasi",,dokter-umum,2025-06-15 03:02:04
dr. Dian Herasari,Dokter Umum,Laboratorium Medis Prodia,"Semarang Selatan, Kota Semarang",,dokter-umum,2025-06-15 03:02:04
dr Dian Nurul Al-Amin Sp. THT,Dokter Umum,halodoc,"Setiabudi, Jakarta Selatan",,dokter-umum,2025-06-15 03:02:04
dr. Dian Oftafia,Dokter Umum,Klinik Pratama Bina Sehat Sejahtera,"Pondok Melati, Bekasi",,dokter-umum,2025-06-15 03:02:04
Dr. Dian Radiana,Dokter Umum,IZHAR FARMA,"Cempaka Putih, Jakarta Pusat",,dokter-umum,2025-06-15 03:02:04
Dr. Dian Sartika,Dokter Umum,Apotek Albarokah Raden Saleh,"Sukmajaya, Depok",,dokter-umum,2025-06-15 03:02:04
dr. Dian Shartika Manullang,Dokter Umum,halodoc,"Setiabudi, Jakarta Selatan",,dokter-umum,2025-06-15 03:02:04
dr. Dian Sintya,Dokter Umum,halodoc,"Setiabudi, Jakarta Selatan",,dokter-umum,2025-06-15 03:02:07
dr. Diana Astria,Dokter Umum,halodoc,"Setiabudi, Jakarta Selatan",,dokter-umum,2025-06-15 03:02:07
dr Diana Kusuma,Dokter Umum,halodoc,"Setiabudi, Jakarta Selatan",,dokter-umum,2025-06-15 03:02:07
Dr. Diana Melisa,Dokter Umum,halodoc,"Setiabudi, Jakarta Selatan",,dokter-umum,2025-06-15 03:02:07
Diana Trendana,Dokter Umum,Kimia Farma Cisauk,"Cisauk, Kabupaten Tangerang",,dokter-umum,2025-06-15 03:02:07
dr. Diandra Priambodo,Dokter Umum,Klinik Pratama Smile Aesthetic & Family Medical,"Kebayoran Baru, Jakarta Selatan",,dokter-umum,2025-06-15 03:02:07
dr Diandra Priambodo,Dokter Umum,Klinik Pratama Smile Aesthetic & Family Medical,"Kebayoran Baru, Jakarta Selatan",,dokter-umum,2025-06-15 03:02:07
dr. Diandra Sabrina N.K,Dokter Umum,halodoc,"Setiabudi, Jakarta Selatan",,dokter-umum,2025-06-15 03:02:07
dr. Diani Wulan Dona,Dokter Umum,halodoc,"Setiabudi, Jakarta Selatan",,dokter-umum,2025-06-15 03:02:07
dr. Diaz Randanil,Dokter Umum,halodoc,"Setiabudi, Jakarta Selatan",,dokter-umum,2025-06-15 03:02:07
dr. Dice Wulandary,Dokter Umum,halodoc,"Setiabudi, Jakarta Selatan",,dokter-umum,2025-06-15 03:02:09
Dr. Dickson,Dokter Umum,halodoc,"Setiabudi, Jakarta Selatan",,dokter-umum,2025-06-15 03:02:09
Dr. Dicky Febrian,Dokter Umum,halodoc,"Setiabudi, Jakarta Selatan",,dokter-umum,2025-06-15 03:02:09
dr. Dicky Saragih,Dokter Umum,halodoc,"Setiabudi, Jakarta Selatan",,dokter-umum,2025-06-15 03:02:09
Dr. Dicky Tumewu,Dokter Umum,APOTEK LIDO,"Koja, Jakarta Utara",,dokter-umum,2025-06-15 03:02:09
dr. DickyTumewu,Dokter Umum,APOTEK LIDO,"Koja, Jakarta Utara",,dokter-umum,2025-06-15 03:02:09
dr. Dico Fatejarum,Dokter Umum,halodoc,"Setiabudi, Jakarta Selatan",,dokter-umum,2025-06-15 03:02:09
Dr. Didik,Dokter Umum,Apotek Duta Farma,"Kendal, Kabupaten Kendal",,dokter-umum,2025-06-15 03:02:09
dr. Didik B.,Dokter Umum,Apotek Duta Farma,"Kendal, Kabupaten Kendal",,dokter-umum,2025-06-15 03:02:09
dr Didik Kunariadi Wijayanto M.P.H,Dokter Umum,KLINIK UTAMA RAWAT INAP AIRLANGGA,"Pasar Rebo, Jakarta Timur",,dokter-umum,2025-06-15 03:02:09
dr. Didy Purwanto,Dokter Umum,Prakter dr. Didy Purwanto,"Kebayoran Baru, Jakarta Selatan",,dokter-umum,2025-06-15 03:02:12
dr. Didy Purwanto,Dokter Umum,Prakter dr. Didy Purwanto,"Kebayoran Baru, Jakarta Selatan",,dokter-umum,2025-06-15 03:02:12
dr. Diella Natasha Wijaya,Dokter Umum,halodoc,"Setiabudi, Jakarta Selatan",,dokter-umum,2025-06-15 03:02:12
Dr. Diena Amalia Purwanto,Dokter Umum,halodoc,"Setiabudi, Jakarta Selatan",,dokter-umum,2025-06-15 03:02:12
dr. Diena Haniefa,Dokter Umum,halodoc,"Setiabudi, Jakarta Selatan",,dokter-umum,2025-06-15 03:02:12
Dr. Dieni Rahmatika Apris,Dokter Umum,halodoc,"Setiabudi, Jakarta Selatan",,dokter-umum,2025-06-15 03:02:12
dr Dika Puspita Dewi,Dokter Umum,Klinik Musytasyfah,"Majalaya, Kabupaten Karawang",,dokter-umum,2025-06-15 03:02:12
dr. Dika Puspita Dewi,Dokter Umum,Klinik Musytasyfah,"Majalaya, Kabupaten Karawang",,dokter-umum,2025-06-15 03:02:12
dr. Dika Puspita Dewi,Dokter Umum,Klinik Musytasyfah,"Majalaya, Kabupaten Karawang",,dokter-umum,2025-06-15 03:02:12
dr. Dika Puspita Dewi,Dokter Umum,Klinik Musytasyfah,"Majalaya, Kabupaten Karawang",,dokter-umum,2025-06-15 03:02:12
dr. Dika Puspita Dewi,Dokter Umum,Klinik Musytasyfah,"Majalaya, Kabupaten Karawang",,dokter-umum,2025-06-15 03:02:14
Dr. Dika Puspita Dewi,Dokter Umum,Klinik Musytasyfah,"Majalaya, Kabupaten Karawang",,dokter-umum,2025-06-15 03:02:14
dr. Dika Puspita Dewi,Dokter Umum,Klinik Musytasyfah,"Majalaya, Kabupaten Karawang",,dokter-umum,2025-06-15 03:02:14
dr. Dika Puspita Dewi,Dokter Umum,Klinik Musytasyfah,"Majalaya, Kabupaten Karawang",,dokter-umum,2025-06-15 03:02:14
dr. Dika Puspita Dewi,Dokter Umum,Klinik Musytasyfah,"Majalaya, Kabupaten Karawang",,dokter-umum,2025-06-15 03:02:14
dr. Dika Puspita Dewi,Dokter Umum,Klinik Musytasyfah,"Majalaya, Kabupaten Karawang",,dokter-umum,2025-06-15 03:02:14
dr. Dika Puspita Dewi,Dokter Umum,Klinik Musytasyfah,"Majalaya, Kabupaten Karawang",,dokter-umum,2025-06-15 03:02:14
dr. Dika Puspita Dewi,Dokter Umum,Klinik Musytasyfah,"Majalaya, Kabupaten Karawang",,dokter-umum,2025-06-15 03:02:14
Dr. Dika Puspita Dewi,Dokter Umum,Klinik Musytasyfah,"Majalaya, Kabupaten Karawang",,dokter-umum,2025-06-15 03:02:14
dr. Dika Puspita Dewi,Dokter Umum,Klinik Musytasyfah,"Majalaya, Kabupaten Karawang",,dokter-umum,2025-06-15 03:02:14
Dr. Dili Ynati,Dokter Umum,Balai Pengobatan Kliniku,"Cilincing, Jakarta Utara",,dokter-umum,2025-06-15 03:02:17
Dr. Dimas Aji Kusuma,Dokter Umum,halodoc,"Setiabudi, Jakarta Selatan",,dokter-umum,2025-06-15 03:02:17
Dr. Dimas Cahyo Samudra,Dokter Umum,halodoc,"Setiabudi, Jakarta Selatan",,dokter-umum,2025-06-15 03:02:17
dr. Dimas Tri Anantyo Sp.A,Dokter Umum,"Praktek Dokter dr. Dimas Tri Anantyo, Sp.A","Candisari, Kota Semarang",,dokter-umum,2025-06-15 03:02:17
dr. Dimas Widi Nugraha,Dokter Umum,klinik medika pratama,"Babelan, Kabupaten Bekasi",,dokter-umum,2025-06-15 03:02:17
dr. Dina Mardiana,Dokter Umum,Apotek Rosa,"Rajabasa, Kota Bandar Lampung",,dokter-umum,2025-06-15 03:02:17
dr. Dina Mianda S,Dokter Umum,halodoc,"Setiabudi, Jakarta Selatan",,dokter-umum,2025-06-15 03:02:17
dr. Dina Nurhasanah,Dokter Umum,halodoc,"Setiabudi, Jakarta Selatan",,dokter-umum,2025-06-15 03:02:17
dr. Dina Widyaningrum,Dokter Umum,Praktek dokter mandiri,"Cileunyi, Kabupaten Bandung",,dokter-umum,2025-06-15 03:02:17
Dr. Dinah Zhafira Qubro,Dokter Umum,halodoc,"Setiabudi, Jakarta Selatan",,dokter-umum,2025-06-15 03:02:17
dr. Dinar Sayarini Utami Putri,Dokter Umum,halodoc,"Setiabudi, Jakarta Selatan",,dokter-umum,2025-06-15 03:02:19
dr Dinda Dwi,Dokter Umum,halodoc,"Setiabudi, Jakarta Selatan",,dokter-umum,2025-06-15 03:02:19
dr. Dinda Pradnya Paramitha Paturusi,Dokter Umum,halodoc,"Setiabudi, Jakarta Selatan",,dokter-umum,2025-06-15 03:02:19
dr. Dinda Putri Faurin,Dokter Umum,halodoc,"Setiabudi, Jakarta Selatan",,dokter-umum,2025-06-15 03:02:19
dr. Dinda Putri Sofiani,Dokter Umum,halodoc,"Setiabudi, Jakarta Selatan",,dokter-umum,2025-06-15 03:02:19
"drg. Dinda R Istianti, MM",Dokter Umum,Dokter Gigi Pintu Air Dan Apotek Tirta Jaya,"Neglasari, Tangerang",,dokter-umum,2025-06-15 03:02:19
Dr. Dini Amalia,Dokter Umum,halodoc,"Setiabudi, Jakarta Selatan",,dokter-umum,2025-06-15 03:02:19
dr. Dini Fitriani Kamaruddin,Dokter Umum,halodoc,"Setiabudi, Jakarta Selatan",,dokter-umum,2025-06-15 03:02:19
Dr. Dini Irani,Dokter Umum,Apotek Gita Farma,"Bojongloa Kaler, Kota Bandung",,dokter-umum,2025-06-15 03:02:19
dr. Dini Iriani,Dokter Umum,dr. Dini Iriani,"Kemayoran, Jakarta Pusat",,dokter-umum,2025-06-15 03:02:19
Dr. Dini Iriani,Dokter Umum,Apotek Gita Farma,"Bojongloa Kaler, Kota Bandung",,dokter-umum,2025-06-15 03:02:22
Dr. Dini Iriani,Dokter Umum,Apotek Gita Farma,"Bojongloa Kaler, Kota Bandung",,dokter-umum,2025-06-15 03:02:22
dr. Dini Mudira Sari,Dokter Umum,halodoc,"Setiabudi, Jakarta Selatan",,dokter-umum,2025-06-15 03:02:22
dr. Dini Noviani Pratiwi,Dokter Umum,halodoc,"Setiabudi, Jakarta Selatan",,dokter-umum,2025-06-15 03:02:22
dr. Dini Raikhani Danial,Dokter Umum,halodoc,"Setiabudi, Jakarta Selatan",,dokter-umum,2025-06-15 03:02:22
Dr. Dinni Royana Al Asy'ari,Dokter Umum,halodoc,"Setiabudi, Jakarta Selatan",,dokter-umum,2025-06-15 03:02:22
dr. Dinny Noviawati,Dokter Umum,Klinik Utama dr. Misbah Yossudarso Rumbai Pekanbaru,"Rumbai, Kota Pekanbaru",,dokter-umum,2025-06-15 03:02:22
dr. Dinny Noviawaty,Dokter Umum,Klinik Utama dr. Misbah Yossudarso Rumbai Pekanbaru,"Rumbai, Kota Pekanbaru",,dokter-umum,2025-06-15 03:02:22
dr Dino Luthfi Jauhar,Dokter Umum,Apotek Prima Medika,"Margahayu, Kabupaten Bandung",,dokter-umum,2025-06-15 03:02:22
dr. Dino Luthfi Jauhar,Dokter Umum,Klinik Karya Medika - Karawang,"Telukjambe Timur, Kabupaten Karawang",,dokter-umum,2025-06-15 03:02:22
dr. Dino Luthfi Jauhar,Dokter Umum,Apotek Prima Medika,"Margahayu, Kabupaten Bandung",,dokter-umum,2025-06-15 03:02:24
dr. Dino Surya Werdhatama,Dokter Umum,Klinik Mitra Medika,"Ciracas, Jakarta Timur",,dokter-umum,2025-06-15 03:02:24
dr. Diny Febriany Hasanah,Dokter Umum,halodoc,"Setiabudi, Jakarta Selatan",,dokter-umum,2025-06-15 03:02:24
Dr. Dio Digdaya,Dokter Umum,halodoc,"Setiabudi, Jakarta Selatan",,dokter-umum,2025-06-15 03:02:24
Dione Sophia Magdalena,Dokter Umum,halodoc,"Setiabudi, Jakarta Selatan",,dokter-umum,2025-06-15 03:02:24
Dr. Diono,Dokter Umum,apotek amelia,"Cempaka Putih, Jakarta Pusat",,dokter-umum,2025-06-15 03:02:24
dr. Dionysius Beni Nugroho,Dokter Umum,halodoc,"Setiabudi, Jakarta Selatan",,dokter-umum,2025-06-15 03:02:24
dr. Diputra Prima Perkasa,Dokter Umum,halodoc,"Setiabudi, Jakarta Selatan",,dokter-umum,2025-06-15 03:02:24
dr. Disky Sanjaya Mukti,Dokter Umum,Praktek Dokter Umum.,"Cilincing, Jakarta Utara",,dokter-umum,2025-06-15 03:02:24
Dr. Disky Sanjaya Mukti,Dokter Umum,Praktek Dokter Disky,"Solear, Kabupaten Tangerang",,dokter-umum,2025-06-15 03:02:24
dr. Dita Alvietdiar,Dokter Umum,halodoc,"Setiabudi, Jakarta Selatan",,dokter-umum,2025-06-15 03:02:27
dr. Dita Maharani,Dokter Umum,halodoc,"Setiabudi, Jakarta Selatan",,dokter-umum,2025-06-15 03:02:27
dr. Ditha Yusdiyanti,Dokter Umum,halodoc,"Setiabudi, Jakarta Selatan",,dokter-umum,2025-06-15 03:02:27
dr. Ditta Shabrina Suhada,Dokter Umum,halodoc,"Setiabudi, Jakarta Selatan",,dokter-umum,2025-06-15 03:02:27
dr. Diyah Arum Setiasih,Dokter Umum,halodoc,"Setiabudi, Jakarta Selatan",,dokter-umum,2025-06-15 03:02:27
Dr. Diyana,Dokter Umum,RUMAH VAKSINASI BEKASI,"Bekasi Utara, Bekasi",,dokter-umum,2025-06-15 03:02:27
dr. Djohan Hadi,Dokter Umum,halodoc,"Setiabudi, Jakarta Selatan",,dokter-umum,2025-06-15 03:02:27
dr. Djuita Dwi Praharty KW,Dokter Umum,halodoc,"Setiabudi, Jakarta Selatan",,dokter-umum,2025-06-15 03:02:27
Dr. Djumrat Hadi,Dokter Umum,Firdaus Medika Praktek Dokter dan Laboratorium,"Bantar Gebang, Bekasi",,dokter-umum,2025-06-15 03:02:27
dr. Doddy Tanujaya,Dokter Umum,Praktek Pribadi dr. Doddy Tanujaya,"Setiabudi, Jakarta Selatan",,dokter-umum,2025-06-15 03:02:27
dr. Dodi Maulana,Dokter Umum,halodoc,"Setiabudi, Jakarta Selatan",,dokter-umum,2025-06-15 03:02:30
dr. Dodi Muhamad,Dokter Umum,Klinik Ciskul,"Arcamanik, Kota Bandung",,dokter-umum,2025-06-15 03:02:30
dr. Dodi Novriadi,Dokter Umum,halodoc,"Setiabudi, Jakarta Selatan",,dokter-umum,2025-06-15 03:02:30
dr. Dody Chandra,Dokter Umum,halodoc,"Setiabudi, Jakarta Selatan",,dokter-umum,2025-06-15 03:02:30
dr. Dody Mulyadi,Dokter Umum,Health Care Clinic,"Tambun Utara, Kabupaten Bekasi",,dokter-umum,2025-06-15 03:02:30
Dokter,Dokter Umum,Halomedika Tebet,"Tebet, Jakarta Selatan",,dokter-umum,2025-06-15 03:02:30
Dokter Halodoc-Connect,Dokter Umum,halodoc,"Setiabudi, Jakarta Selatan",,dokter-umum,2025-06-15 03:02:30
Dokter MCU,Dokter Umum,RSUD Tanjung Priok.,"Tanjung Priok, Jakarta Utara",,dokter-umum,2025-06-15 03:02:30
Dr. Dominikus Evano Putra,Dokter Umum,halodoc,"Setiabudi, Jakarta Selatan",,dokter-umum,2025-06-15 03:02:30
Drg. Don Aditjipto,Dokter Umum,Dental Room,"Wiyung, Kota Surabaya",,dokter-umum,2025-06-15 03:02:30
Dr. Doni Lukas Damari,Dokter Umum,halodoc,"Setiabudi, Jakarta Selatan",,dokter-umum,2025-06-15 03:02:32
dr. Donies Ariwibowo,Dokter Umum,Klinik Pratama Cipinang,"Pulo Gadung, Jakarta Timur",,dokter-umum,2025-06-15 03:02:32
dr. Donna Hermawati MSi.Med,Dokter Umum,halodoc,"Setiabudi, Jakarta Selatan",,dokter-umum,2025-06-15 03:02:32
dr. Donni Wesli Simbolon,Dokter Umum,Klinik Pratama CKM Medika,"Karawang Timur, Kabupaten Karawang",,dokter-umum,2025-06-15 03:02:32
dr. Donnis Kurniyanto,Dokter Umum,halodoc,"Setiabudi, Jakarta Selatan",,dokter-umum,2025-06-15 03:02:32
dr. Donny Hasli Simbolon,Dokter Umum,Klinik Pratama CKM Medika,"Karawang Timur, Kabupaten Karawang",,dokter-umum,2025-06-15 03:02:32
Dr Abdul Radjak,Dokter Umum,Klinik Pratama  DR. Abdul Radjak,"Kemayoran, Jakarta Pusat",,dokter-umum,2025-06-15 03:02:32
Dr Asep Riansyah,Dokter Umum,Klinik Mahardhika Medika.,"Klari, Kabupaten Karawang",,dokter-umum,2025-06-15 03:02:32
Dr Bagus,Dokter Umum,Klinik Bakti Keluarga,"Bekasi Selatan, Bekasi",,dokter-umum,2025-06-15 03:02:32
Dr Bambang,Dokter Umum,Klinik Citra Utama,"Seberang Ulu I, Kota Palembang",,dokter-umum,2025-06-15 03:02:32
Dr. Dr Darari Genadita,Dokter Umum,Dr Darari Genadita,"Pondok Gede, Bekasi",,dokter-umum,2025-06-15 03:02:35
Dr Ellen,Dokter Umum,Apotek Kasih -,"Mustika Jaya, Bekasi",,dokter-umum,2025-06-15 03:02:35
Dr John S Halliday,Dokter Umum,PENGOBATAN LUAR INDONESIA,"Tanah Abang, Jakarta Pusat",,dokter-umum,2025-06-15 03:02:35
Dr John S Halliday,Dokter Umum,PENGOBATAN LUAR INDONESIA,"Tanah Abang, Jakarta Pusat",,dokter-umum,2025-06-15 03:02:35
Dr John S Halliday,Dokter Umum,PENGOBATAN LUAR INDONESIA,"Tanah Abang, Jakarta Pusat",,dokter-umum,2025-06-15 03:02:35
Dr M Rafky,Dokter Umum,Klinik Griya Medika,"Tanah Abang, Jakarta Pusat",,dokter-umum,2025-06-15 03:02:35
Dr Melisa,Dokter Umum,DNF Medika,"Kelapa Gading, Jakarta Utara",,dokter-umum,2025-06-15 03:02:35
Dr Mila Rizki Adila,Dokter Umum,Apotek Berkat XX Koja,"Koja, Jakarta Utara",,dokter-umum,2025-06-15 03:02:35
Dr Mohamed Saiful Bahar Mohd Kassim,Dokter Umum,halodoc,"Setiabudi, Jakarta Selatan",,dokter-umum,2025-06-15 03:02:35
Dr Muhammad Zaky,Dokter Umum,Klinik Utama Prabeswari,"Pondok Gede, Bekasi",,dokter-umum,2025-06-15 03:02:35
Dr Nadya Safira,Dokter Umum,0,"Bekasi Selatan, Bekasi",,dokter-umum,2025-06-15 03:02:37
Dr Susatyo P. Hadi,Dokter Umum,Dr Susatyo P. Hadi,"Cempaka Putih, Jakarta Pusat",,dokter-umum,2025-06-15 03:02:37
Dr Teguh H,Dokter Umum,Rumah Khitan,"Setiabudi, Jakarta Selatan",,dokter-umum,2025-06-15 03:02:37
Dr Yogka wirahayu,Dokter Umum,APOTIK PIMISI,"Pademangan, Jakarta Utara",,dokter-umum,2025-06-15 03:02:37
Dr nyoman.dharmasakti,Dokter Umum,halodoc,"Setiabudi, Jakarta Selatan",,dokter-umum,2025-06-15 03:02:37
Dr. Abdul Mukti Zamzami,Dokter Umum,halodoc,"Setiabudi, Jakarta Selatan",,dokter-umum,2025-06-15 03:02:37
Dr. Ade Dayangsuri,Dokter Umum,halodoc,"Setiabudi, Jakarta Selatan",,dokter-umum,2025-06-15 03:02:37
Dr. Ade Irwanto,Dokter Umum,halodoc,"Setiabudi, Jakarta Selatan",,dokter-umum,2025-06-15 03:02:37
Dr. Affan Naufal AKhmad,Dokter Umum,halodoc,"Setiabudi, Jakarta Selatan",,dokter-umum,2025-06-15 03:02:37
Dr. Agem Tarhimul Mushlih,Dokter Umum,halodoc,"Setiabudi, Jakarta Selatan",,dokter-umum,2025-06-15 03:02:37
Dr. Agil Widjaya,Dokter Umum,halodoc,"Setiabudi, Jakarta Selatan",,dokter-umum,2025-06-15 03:02:40
Dr. Akiko Saraswati Atmojo,Dokter Umum,halodoc,"Setiabudi, Jakarta Selatan",,dokter-umum,2025-06-15 03:02:40
Dr. Amelia Marsha Triani,Dokter Umum,halodoc,"Setiabudi, Jakarta Selatan",,dokter-umum,2025-06-15 03:02:40
Dr. Anastasia Anggun Triastuti,Dokter Umum,halodoc,"Setiabudi, Jakarta Selatan",,dokter-umum,2025-06-15 03:02:40
Dr. Andi Andriansyah Wijaya,Dokter Umum,halodoc,"Setiabudi, Jakarta Selatan",,dokter-umum,2025-06-15 03:02:40
Dr. Arie Aditya Paramitha,Dokter Umum,halodoc,"Setiabudi, Jakarta Selatan",,dokter-umum,2025-06-15 03:02:40
Dr. Arif Abdullah Azam,Dokter Umum,halodoc,"Setiabudi, Jakarta Selatan",,dokter-umum,2025-06-15 03:02:40
Dr. Arif Gusaseano,Dokter Umum,halodoc,"Setiabudi, Jakarta Selatan",,dokter-umum,2025-06-15 03:02:40
Dr. Armahida Kusriana M.Kes,Dokter Umum,halodoc,"Setiabudi, Jakarta Selatan",,dokter-umum,2025-06-15 03:02:40
Dr. Astria Kendrayani,Dokter Umum,halodoc,"Setiabudi, Jakarta Selatan",,dokter-umum,2025-06-15 03:02:40
Dr. Atika Cahyani Putri,Dokter Umum,halodoc,"Setiabudi, Jakarta Selatan",,dokter-umum,2025-06-15 03:02:42
Dr. Audrey desiree,Dokter Umum,halodoc,"Setiabudi, Jakarta Selatan",,dokter-umum,2025-06-15 03:02:42
Dr. Avicennia Nandira Munandar,Dokter Umum,halodoc,"Setiabudi, Jakarta Selatan",,dokter-umum,2025-06-15 03:02:42
Dr. Ayunda Prameswari,Dokter Umum,halodoc,"Setiabudi, Jakarta Selatan",,dokter-umum,2025-06-15 03:02:42
Dr. Azmil Permatasari,Dokter Umum,halodoc,"Setiabudi, Jakarta Selatan",,dokter-umum,2025-06-15 03:02:42
Dr. Belinda Sentosa,Dokter Umum,halodoc,"Setiabudi, Jakarta Selatan",,dokter-umum,2025-06-15 03:02:42
Dr. Caixar Agus S.,Dokter Umum,halodoc,"Setiabudi, Jakarta Selatan",,dokter-umum,2025-06-15 03:02:42
Dr. Carlos H Ferdinandus,Dokter Umum,halodoc,"Setiabudi, Jakarta Selatan",,dokter-umum,2025-06-15 03:02:42
Dr. Chairunisa Aliya Amani,Dokter Umum,0,"Bekasi Selatan, Bekasi",,dokter-umum,2025-06-15 03:02:42
Dr. Clarissa Yudakusuma,Dokter Umum,halodoc,"Setiabudi, Jakarta Selatan",,dokter-umum,2025-06-15 03:02:42
Dr. Danissa,Dokter Umum,halodoc,"Setiabudi, Jakarta Selatan",,dokter-umum,2025-06-15 03:02:45
Dr. Deri Andriyanto,Dokter Umum,halodoc,"Setiabudi, Jakarta Selatan",,dokter-umum,2025-06-15 03:02:45
Dr. Derly Barino Hasdi,Dokter Umum,halodoc,"Setiabudi, Jakarta Selatan",,dokter-umum,2025-06-15 03:02:45
Dr. Dewi Nanseti,Dokter Umum,halodoc,"Setiabudi, Jakarta Selatan",,dokter-umum,2025-06-15 03:02:45
Dr. Dian Mahyuni,Dokter Umum,halodoc,"Setiabudi, Jakarta Selatan",,dokter-umum,2025-06-15 03:02:45
Dr. Dorine Istimawarum,Dokter Umum,halodoc,"Setiabudi, Jakarta Selatan",,dokter-umum,2025-06-15 03:02:45
Dr. Dwi Ditha Emelia,Dokter Umum,halodoc,"Setiabudi, Jakarta Selatan",,dokter-umum,2025-06-15 03:02:45
Dr. Emildha Dwi Agustina,Dokter Umum,halodoc,"Setiabudi, Jakarta Selatan",,dokter-umum,2025-06-15 03:02:45
Dr. Ester Prasetya,Dokter Umum,halodoc,"Setiabudi, Jakarta Selatan",,dokter-umum,2025-06-15 03:02:45
Dr. Eustella,Dokter Umum,halodoc,"Setiabudi, Jakarta Selatan",,dokter-umum,2025-06-15 03:02:45
Dr. Faisal Zakiri,Dokter Umum,halodoc,"Setiabudi, Jakarta Selatan",,dokter-umum,2025-06-15 03:02:48
Dr. Febrian Moris,Dokter Umum,halodoc,"Setiabudi, Jakarta Selatan",,dokter-umum,2025-06-15 03:02:48
Dr. Fitri Iriyani,Dokter Umum,halodoc,"Setiabudi, Jakarta Selatan",,dokter-umum,2025-06-15 03:02:48
Dr. Fitriana Rahmayanti,Dokter Umum,halodoc,"Setiabudi, Jakarta Selatan",,dokter-umum,2025-06-15 03:02:48
Dr. G. Healtha Billy Pagestu,Dokter Umum,halodoc,"Setiabudi, Jakarta Selatan",,dokter-umum,2025-06-15 03:02:48
"Dr. H. Uun Kusdhany, MKM.",Dokter Umum,"Dr. H. Uun Kusdhany, MKM.","Bekasi Barat, Bekasi",,dokter-umum,2025-06-15 03:02:48
Dr. Hafid Aji Prasetyo,Dokter Umum,halodoc,"Setiabudi, Jakarta Selatan",,dokter-umum,2025-06-15 03:02:48
Dr. Hani Rahmantyo Akbar,Dokter Umum,halodoc,"Setiabudi, Jakarta Selatan",,dokter-umum,2025-06-15 03:02:48
Dr. Harris hakim Dilhan,Dokter Umum,halodoc,"Setiabudi, Jakarta Selatan",,dokter-umum,2025-06-15 03:02:48
dr. Dr. Hj. Imtikhananik,Dokter Umum,Dr. Hj. Imtikhananik (Bu Nanik),"Kota Blora, Kabupaten Blora",,dokter-umum,2025-06-15 03:02:48
Dr. Ifan Romli Sp.A,Dokter Umum,halodoc,"Setiabudi, Jakarta Selatan",,dokter-umum,2025-06-15 03:02:50
Dr. Ikhlas Taufik,Dokter Umum,halodoc,"Setiabudi, Jakarta Selatan",,dokter-umum,2025-06-15 03:02:50
Dr. Ilham Akbar,Dokter Umum,Klinik Nadhifa Al Ghiffari,"Batununggal, Kota Bandung",,dokter-umum,2025-06-15 03:02:50
Dr. Ima Sri Wahyuni,Dokter Umum,halodoc,"Setiabudi, Jakarta Selatan",,dokter-umum,2025-06-15 03:02:50
Dr. Jessica Kireina,Dokter Umum,halodoc,"Setiabudi, Jakarta Selatan",,dokter-umum,2025-06-15 03:02:50
Dr. Jessy Widiyanti,Dokter Umum,halodoc,"Setiabudi, Jakarta Selatan",,dokter-umum,2025-06-15 03:02:50
Dr. Jonardi Frans Widarma,Dokter Umum,halodoc,"Setiabudi, Jakarta Selatan",,dokter-umum,2025-06-15 03:02:50
Dr. Made Sugita,Dokter Umum,halodoc,"Setiabudi, Jakarta Selatan",,dokter-umum,2025-06-15 03:02:50
Dr. Maghfirah,Dokter Umum,halodoc,"Setiabudi, Jakarta Selatan",,dokter-umum,2025-06-15 03:02:50
Dr. Maria Kurniati Ester Payong,Dokter Umum,halodoc,"Setiabudi, Jakarta Selatan",,dokter-umum,2025-06-15 03:02:50
Dr. Maria Magdalena Sihandartiwi,Dokter Umum,RS St. Carolus Salemba,"Senen, Jakarta Pusat",,dokter-umum,2025-06-15 03:02:53
Dr. Maria Nisaul Arif,Dokter Umum,Dr. Maria Nisaul Arif Praktek,"Pakisaji, Kabupaten Malang",,dokter-umum,2025-06-15 03:02:53
Dr. Mayinda,Dokter Umum,halodoc,"Setiabudi, Jakarta Selatan",,dokter-umum,2025-06-15 03:02:53
Dr. Mediarisca,Dokter Umum,halodoc,"Setiabudi, Jakarta Selatan",,dokter-umum,2025-06-15 03:02:53
Dr. Megan Grishelda Purnomo,Dokter Umum,halodoc,"Setiabudi, Jakarta Selatan",,dokter-umum,2025-06-15 03:02:53
Dr. Melisa Citra Ika Mulya,Dokter Umum,halodoc,"Setiabudi, Jakarta Selatan",,dokter-umum,2025-06-15 03:02:53
Dr. Mella Wariska,Dokter Umum,halodoc,"Setiabudi, Jakarta Selatan",,dokter-umum,2025-06-15 03:02:53
Dr. Mellia Wida Masita,Dokter Umum,halodoc,"Setiabudi, Jakarta Selatan",,dokter-umum,2025-06-15 03:02:53
Dr. Meri Susanti,Dokter Umum,halodoc,"Setiabudi, Jakarta Selatan",,dokter-umum,2025-06-15 03:02:53
Dr. Meta Mediana,Dokter Umum,halodoc,"Setiabudi, Jakarta Selatan",,dokter-umum,2025-06-15 03:02:53
Dr. Mira Yustika Susilo,Dokter Umum,halodoc,"Setiabudi, Jakarta Selatan",,dokter-umum,2025-06-15 03:02:55
Dr. Mochammad Aditya Rachman,Dokter Umum,halodoc,"Setiabudi, Jakarta Selatan",,dokter-umum,2025-06-15 03:02:55
Dr. Muhammad Hafiz,Dokter Umum,halodoc,"Setiabudi, Jakarta Selatan",,dokter-umum,2025-06-15 03:02:55
Dr. Muhammad Rizal,Dokter Umum,halodoc,"Setiabudi, Jakarta Selatan",,dokter-umum,2025-06-15 03:02:55
Dr. Natalia,Dokter Umum,halodoc,"Setiabudi, Jakarta Selatan",,dokter-umum,2025-06-15 03:02:55
Dr. Naufal Fadhil,Dokter Umum,halodoc,"Setiabudi, Jakarta Selatan",,dokter-umum,2025-06-15 03:02:55
Dr. Neny Rif'ah,Dokter Umum,halodoc,"Setiabudi, Jakarta Selatan",,dokter-umum,2025-06-15 03:02:55
Dr. Ni Kadek Sasmita Prayasti,Dokter Umum,halodoc,"Setiabudi, Jakarta Selatan",,dokter-umum,2025-06-15 03:02:55
Dr. Ni Nyoman Widya Kusuma Wardani,Dokter Umum,halodoc,"Setiabudi, Jakarta Selatan",,dokter-umum,2025-06-15 03:02:55
Dr. Novia Rahmawati P,Dokter Umum,Praktek dr. Novia Rahmawati P,"Gunung Sindur, Kabupaten Bogor",,dokter-umum,2025-06-15 03:02:55
Dr. Nuri Amelia Rahmah,Dokter Umum,halodoc,"Setiabudi, Jakarta Selatan",,dokter-umum,2025-06-15 03:02:58
Dr. Nurul Afni Zaini,Dokter Umum,halodoc,"Setiabudi, Jakarta Selatan",,dokter-umum,2025-06-15 03:02:58
Dr. Parlindungan Manik,Dokter Umum,Dr. Parlindungan Manik,"Kelapa Gading, Jakarta Utara",,dokter-umum,2025-06-15 03:02:58
Dr. Paul Yoke Limuria,Dokter Umum,halodoc,"Setiabudi, Jakarta Selatan",,dokter-umum,2025-06-15 03:02:58
Dr. Pram Galuh S.Ked,Dokter Umum,halodoc,"Setiabudi, Jakarta Selatan",,dokter-umum,2025-06-15 03:02:58
Dr. Putri Camila Rasyid,Dokter Umum,halodoc,"Setiabudi, Jakarta Selatan",,dokter-umum,2025-06-15 03:02:58
Dr. Putri Mariagrace Bintang,Dokter Umum,halodoc,"Setiabudi, Jakarta Selatan",,dokter-umum,2025-06-15 03:02:58
Dr. Qonissa,Dokter Umum,halodoc,"Setiabudi, Jakarta Selatan",,dokter-umum,2025-06-15 03:02:58
Dr. Rachmat Setiyadi,Dokter Umum,halodoc,"Setiabudi, Jakarta Selatan",,dokter-umum,2025-06-15 03:02:58
Dr. Rahma Yunita,Dokter Umum,halodoc,"Setiabudi, Jakarta Selatan",,dokter-umum,2025-06-15 03:02:58
gene Dr. Raka Aji,Dokter Umum,halodoc,"Setiabudi, Jakarta Selatan",,dokter-umum,2025-06-15 03:03:00
Dr. Raka Aji,Dokter Umum,halodoc,"Setiabudi, Jakarta Selatan",,dokter-umum,2025-06-15 03:03:00
Dr. Riawati,Dokter Umum,halodoc,"Setiabudi, Jakarta Selatan",,dokter-umum,2025-06-15 03:03:00
Dr. Richard Kevin,Dokter Umum,halodoc,"Setiabudi, Jakarta Selatan",,dokter-umum,2025-06-15 03:03:00
Dr. Rika Hayati,Dokter Umum,halodoc,"Setiabudi, Jakarta Selatan",,dokter-umum,2025-06-15 03:03:00
Dr. Rino Iswandi,Dokter Umum,halodoc,"Setiabudi, Jakarta Selatan",,dokter-umum,2025-06-15 03:03:00
Dr. Rista Sp. A,Dokter Umum,halodoc,"Setiabudi, Jakarta Selatan",,dokter-umum,2025-06-15 03:03:00
Dr. Rizki Kurniawan,Dokter Umum,halodoc,"Setiabudi, Jakarta Selatan",,dokter-umum,2025-06-15 03:03:00
Dr. Rudi Thenggono,Dokter Umum,halodoc,"Setiabudi, Jakarta Selatan",,dokter-umum,2025-06-15 03:03:00
Dr. Safira,Dokter Umum,halodoc,"Setiabudi, Jakarta Selatan",,dokter-umum,2025-06-15 03:03:00
Dr. Safira Sukma,Dokter Umum,halodoc,"Setiabudi, Jakarta Selatan",,dokter-umum,2025-06-15 03:03:03
Dr. Salwa Badruddin,Dokter Umum,halodoc,"Setiabudi, Jakarta Selatan",,dokter-umum,2025-06-15 03:03:03
Dr. Sefila Agus S,Dokter Umum,halodoc,"Setiabudi, Jakarta Selatan",,dokter-umum,2025-06-15 03:03:03
Dr. Septian Dewi Periska,Dokter Umum,halodoc,"Setiabudi, Jakarta Selatan",,dokter-umum,2025-06-15 03:03:03
Dr. Shinta Kartika Sari,Dokter Umum,halodoc,"Setiabudi, Jakarta Selatan",,dokter-umum,2025-06-15 03:03:03
Dr. Singgih Pratama,Dokter Umum,halodoc,"Setiabudi, Jakarta Selatan",,dokter-umum,2025-06-15 03:03:03
Dr. Sulung Ade Pratama,Dokter Umum,halodoc,"Setiabudi, Jakarta Selatan",,dokter-umum,2025-06-15 03:03:03
Dr. Susan,Dokter Umum,halodoc,"Setiabudi, Jakarta Selatan",,dokter-umum,2025-06-15 03:03:03
Dr. Syafira Maulida,Dokter Umum,halodoc,"Setiabudi, Jakarta Selatan",,dokter-umum,2025-06-15 03:03:03
Dr. Trisna Zulia Bahri,Dokter Umum,halodoc,"Setiabudi, Jakarta Selatan",,dokter-umum,2025-06-15 03:03:03
Dr. Vanency Loardy,Dokter Umum,halodoc,"Setiabudi, Jakarta Selatan",,dokter-umum,2025-06-15 03:03:05
Dr. Vania Firliyanti,Dokter Umum,halodoc,"Setiabudi, Jakarta Selatan",,dokter-umum,2025-06-15 03:03:05
Dr. Wahyu Saputra,Dokter Umum,halodoc,"Setiabudi, Jakarta Selatan",,dokter-umum,2025-06-15 03:03:05
Dr. Widya Ayu Nurahma,Dokter Umum,halodoc,"Setiabudi, Jakarta Selatan",,dokter-umum,2025-06-15 03:03:05
Dr. Wulan,Dokter Umum,halodoc,"Setiabudi, Jakarta Selatan",,dokter-umum,2025-06-15 03:03:05
Dr. Wulan Anggraini,Dokter Umum,halodoc,"Setiabudi, Jakarta Selatan",,dokter-umum,2025-06-15 03:03:05
Dr. Yonathan Akbar,Dokter Umum,halodoc,"Setiabudi, Jakarta Selatan",,dokter-umum,2025-06-15 03:03:05
Dr. Zaidan Jauhari,Dokter Umum,halodoc,"Setiabudi, Jakarta Selatan",,dokter-umum,2025-06-15 03:03:05
Dr. Zaim,Dokter Umum,halodoc,"Setiabudi, Jakarta Selatan",,dokter-umum,2025-06-15 03:03:05
Dr. kartika Raharja Siniwi,Dokter Umum,halodoc,"Setiabudi, Jakarta Selatan",,dokter-umum,2025-06-15 03:03:05
dr. Dudi Gunawan,Dokter Umum,halodoc,"Setiabudi, Jakarta Selatan",,dokter-umum,2025-06-15 03:03:08
Dr. Duma Lamriris Panjaitan MARS,Dokter Umum,halodoc,"Setiabudi, Jakarta Selatan",,dokter-umum,2025-06-15 03:03:08
Dr. Duma Rosita M,Dokter Umum,Apotek Cinta Sehat II,"Periuk, Tangerang",,dokter-umum,2025-06-15 03:03:08
Dr. Duma Rosita M,Dokter Umum,Apotek Cinta Sehat II,"Periuk, Tangerang",,dokter-umum,2025-06-15 03:03:08
dr Duma Rosita M,Dokter Umum,Klinik Apotek Kimia Farma Periuk,"Periuk, Tangerang",,dokter-umum,2025-06-15 03:03:08
dr. Duma Rosita M.,Dokter Umum,dr Duma Rosita M,"Tangerang, Tangerang",,dokter-umum,2025-06-15 03:03:08
Dr. Durra Sadrina Hasan,Dokter Umum,halodoc,"Setiabudi, Jakarta Selatan",,dokter-umum,2025-06-15 03:03:08
dr. Dwi Anggraeni,Dokter Umum,Apotik Jatisari,"Jatisampurna, Bekasi",,dokter-umum,2025-06-15 03:03:08
dr. Dwi Anik Sp. A,Dokter Umum,APOTEK JOGLO SEHAT,"Kokop, Kabupaten Bangkalan",,dokter-umum,2025-06-15 03:03:08
dr Dwi Ansetyo,Dokter Umum,Kimia Farma Bandung,"Andir, Kota Bandung",,dokter-umum,2025-06-15 03:03:08
dr. Dwi Bandang Saskia,Dokter Umum,halodoc,"Setiabudi, Jakarta Selatan",,dokter-umum,2025-06-15 03:03:10
dr. Dwi Fitria Nova,Dokter Umum,halodoc,"Setiabudi, Jakarta Selatan",,dokter-umum,2025-06-15 03:03:10
dr. Dwi Haryanti Ramadhani,Dokter Umum,Klinik Pratama Medisari 24 jam,"Cempaka Putih, Jakarta Pusat",,dokter-umum,2025-06-15 03:03:10
Dr. Dwi Indri Astutik MARS,Dokter Umum,Praktek Dokter Umum.,"Cilincing, Jakarta Utara",,dokter-umum,2025-06-15 03:03:10
Dr. Dwi Intan Hardianti,Dokter Umum,halodoc,"Setiabudi, Jakarta Selatan",,dokter-umum,2025-06-15 03:03:10
dr. Dwi Lestari,Dokter Umum,Apotek Manfaat Insani,"Setiabudi, Jakarta Selatan",,dokter-umum,2025-06-15 03:03:10
dr. Dwi Lestari,Dokter Umum,halodoc,"Setiabudi, Jakarta Selatan",,dokter-umum,2025-06-15 03:03:10
dr. Dwi Meutia Julyta,Dokter Umum,halodoc,"Setiabudi, Jakarta Selatan",,dokter-umum,2025-06-15 03:03:10
dr. Dwi Nur Saputri Hairullah,Dokter Umum,halodoc,"Setiabudi, Jakarta Selatan",,dokter-umum,2025-06-15 03:03:10
dr. Dwi Purbo Rahayu,Dokter Umum,halodoc,"Setiabudi, Jakarta Selatan",,dokter-umum,2025-06-15 03:03:10
dr. Dwi Putra,Dokter Umum,Praktek dokter.,"Bukit Raya, Kota Pekanbaru",,dokter-umum,2025-06-15 03:03:13
dr. Dwi Rahayu,Dokter Umum,RSUD Al Ihsan Provinsi Jawa Barat,"Baleendah, Kabupaten Bandung",,dokter-umum,2025-06-15 03:03:13
dr. Dwi Rahayu,Dokter Umum,halodoc,"Setiabudi, Jakarta Selatan",,dokter-umum,2025-06-15 03:03:13
dr. Dwi Ris Santi,Dokter Umum,halodoc,"Setiabudi, Jakarta Selatan",,dokter-umum,2025-06-15 03:03:13
Dr. Dwi Rosalina Febrina,Dokter Umum,Apotek K-24,"Cipayung, Jakarta Timur",,dokter-umum,2025-06-15 03:03:13
Dr. Dwi Ruth Rahayu M.Kes,Dokter Umum,halodoc,"Setiabudi, Jakarta Selatan",,dokter-umum,2025-06-15 03:03:13
Dr. Dwi Suseno,Dokter Umum,Apotik Rini,"Pulo Gadung, Jakarta Timur",,dokter-umum,2025-06-15 03:03:13
dr. Dwi Taufik Oktariansyah,Dokter Umum,halodoc,"Setiabudi, Jakarta Selatan",,dokter-umum,2025-06-15 03:03:13
dr. Dwi Tirta Perwitasari,Dokter Umum,halodoc,"Setiabudi, Jakarta Selatan",,dokter-umum,2025-06-15 03:03:13
dr. Dwi Wahyuni,Dokter Umum,halodoc,"Setiabudi, Jakarta Selatan",,dokter-umum,2025-06-15 03:03:13
Dr. Dwiastri Iris S,Dokter Umum,halodoc,"Setiabudi, Jakarta Selatan",,dokter-umum,2025-06-15 03:03:15
Dr. Dwiastri Iris S,Dokter Umum,halodoc,"Setiabudi, Jakarta Selatan",,dokter-umum,2025-06-15 03:03:15
Dr. Dwifa Nursuci Dhanti,Dokter Umum,halodoc,"Setiabudi, Jakarta Selatan",,dokter-umum,2025-06-15 03:03:15
Dr. Dwika Rahmana,Dokter Umum,halodoc,"Setiabudi, Jakarta Selatan",,dokter-umum,2025-06-15 03:03:15
Dr. Dwiki Surya Prayoga,Dokter Umum,halodoc,"Setiabudi, Jakarta Selatan",,dokter-umum,2025-06-15 03:03:15
Dr. Dwiki Widyanugraha,Dokter Umum,halodoc,"Setiabudi, Jakarta Selatan",,dokter-umum,2025-06-15 03:03:15
dr. Dyah,Dokter Umum,Maduseno Medical Centre,"Jatiasih, Bekasi",,dokter-umum,2025-06-15 03:03:15
dr. Dyah Anjani Utami,Dokter Umum,halodoc,"Setiabudi, Jakarta Selatan",,dokter-umum,2025-06-15 03:03:15
dr. Dyah Anugrah Pratama,Dokter Umum,halodoc,"Setiabudi, Jakarta Selatan",,dokter-umum,2025-06-15 03:03:15
Dr. Dyah Prabaningrum,Dokter Umum,halodoc,"Setiabudi, Jakarta Selatan",,dokter-umum,2025-06-15 03:03:15
dr. Dyah Rahayu Utami,Dokter Umum,halodoc,"Setiabudi, Jakarta Selatan",,dokter-umum,2025-06-15 03:03:18
drg. Dyah Siswa Padipta Sari,Dokter Umum,Sozo Dental PIK,"Penjaringan, Jakarta Utara",,dokter-umum,2025-06-15 03:03:18
Dr. Dylla Oksari Dyana,Dokter Umum,halodoc,"Setiabudi, Jakarta Selatan",,dokter-umum,2025-06-15 03:03:18
dr. Dymas Rachma Kumala,Dokter Umum,halodoc,"Setiabudi, Jakarta Selatan",,dokter-umum,2025-06-15 03:03:18
dr. Dzaki Adhi Wicaksana,Dokter Umum,RSU MITRA PEDAN,"Cawas, Klaten",,dokter-umum,2025-06-15 03:03:18
Dzakiyah Nurul Isra,Dokter Umum,halodoc,"Setiabudi, Jakarta Selatan",,dokter-umum,2025-06-15 03:03:18
Dzikra Ulfah,Dokter Umum,halodoc,"Setiabudi, Jakarta Selatan",,dokter-umum,2025-06-15 03:03:18
dr. Dzulfiqar,Dokter Umum,halodoc,"Setiabudi, Jakarta Selatan",,dokter-umum,2025-06-15 03:03:18
Dr. Dzulhijjahyanti,Dokter Umum,halodoc,"Setiabudi, Jakarta Selatan",,dokter-umum,2025-06-15 03:03:18
dr. Dzulqarnain Andira M.H,Dokter Umum,halodoc,"Setiabudi, Jakarta Selatan",,dokter-umum,2025-06-15 03:03:18
dr. EDOARDO MAHENDARA A,Dokter Umum,Klinik Pratama Indosehat 2003 Cilincing,"Cilincing, Jakarta Utara",,dokter-umum,2025-06-15 03:03:21
dr. EFFENDY RASIM,Dokter Umum,Apotek Berkat XX Koja,"Koja, Jakarta Utara",,dokter-umum,2025-06-15 03:03:21
dr. EKO ARIZAL,Dokter Umum,Klinik Pratama Patria Medika Cipayung,"Cipayung, Jakarta Timur",,dokter-umum,2025-06-15 03:03:21
dr. EKO SETIAWAN,Dokter Umum,RSUD Datu Kandang Haji Balangan,"Paringin, Balangan",,dokter-umum,2025-06-15 03:03:21
dr. EKO WAHYUDI,Dokter Umum,APOTEK BUDI MULIA,"Matraman, Jakarta Timur",,dokter-umum,2025-06-15 03:03:21
dr. ELDESRA MAHYORI,Dokter Umum,dr Eldesra Mahyori,"Cempaka Putih, Jakarta Pusat",,dokter-umum,2025-06-15 03:03:21
Dr. ELITA PUSPASARI,Dokter Umum,RSU Sarila Husada,"Sragen, Kabupaten Sragen",,dokter-umum,2025-06-15 03:03:21
dr. ENDANG SYAEFUL MUHYI,Dokter Umum,halodoc,"Setiabudi, Jakarta Selatan",,dokter-umum,2025-06-15 03:03:21
dr. ENI SUSANTI MAWARDI,Dokter Umum,Praktek dokter.,"Bukit Raya, Kota Pekanbaru",,dokter-umum,2025-06-15 03:03:21
dr. ENIELIN SASA KRISTANTI HUTAR,Dokter Umum,Klinik Medira,"Pasar Minggu, Jakarta Selatan",,dokter-umum,2025-06-15 03:03:21
dr. ERNAWATY,Dokter Umum,Apotek Kimia Farma Bendungan Hilir,"Tanah Abang, Jakarta Pusat",,dokter-umum,2025-06-15 03:03:23
Dr. EVA MOSFAYANI MM,Dokter Umum,Klinik Al muslimun,"Bekasi Timur, Bekasi",,dokter-umum,2025-06-15 03:03:23
Dr. EVA NURHASANAH K.,Dokter Umum,IZHAR FARMA,"Cempaka Putih, Jakarta Pusat",,dokter-umum,2025-06-15 03:03:23
dr. Eben Ezer,Dokter Umum,halodoc,"Setiabudi, Jakarta Selatan",,dokter-umum,2025-06-15 03:03:23
Dr. Echa Okta Anggraini,Dokter Umum,halodoc,"Setiabudi, Jakarta Selatan",,dokter-umum,2025-06-15 03:03:23
dr. Echa Putri Nesia,Dokter Umum,halodoc,"Setiabudi, Jakarta Selatan",,dokter-umum,2025-06-15 03:03:23
Dr. Eda Mirinda,Dokter Umum,halodoc,"Setiabudi, Jakarta Selatan",,dokter-umum,2025-06-15 03:03:23
dr. Edaang Syaeful Muhyi,Dokter Umum,KLINIK ANUGRAH SEHAT MEDIKA,"Karawang Timur, Kabupaten Karawang",,dokter-umum,2025-06-15 03:03:23
dr Edang Poerwati Sp. A,Dokter Umum,halodoc,"Setiabudi, Jakarta Selatan",,dokter-umum,2025-06-15 03:03:23
dr Eddi Miharja,Dokter Umum,praktek dr. Eddi Mihardja,"Antapani, Kota Bandung",,dokter-umum,2025-06-15 03:03:23
dr. Eddy M.Biomed,Dokter Umum,Praktek Umum dr. Eddy M.Biomed,"Binjai Utara, Kota Binjai",,dokter-umum,2025-06-15 03:03:26
dr. Eddy Putra,Dokter Umum,Praktek Umum dr.Eddy Putra,"Medan Amplas, Kota Medan",,dokter-umum,2025-06-15 03:03:26
Dr. Eddy Sutrisno Sp. OG,Dokter Umum,APOTEK GRAHA ESTETIKA,"Pekanbaru Kota, Kota Pekanbaru",,dokter-umum,2025-06-15 03:03:26
dr Edelwis Christine,Dokter Umum,BALAI MULYA RASA,"Bogor Barat, Bogor",,dokter-umum,2025-06-15 03:03:26
dr. Edelyne Chelsea,Dokter Umum,halodoc,"Setiabudi, Jakarta Selatan",,dokter-umum,2025-06-15 03:03:26
dr. Edho Biondi Joris,Dokter Umum,halodoc,"Setiabudi, Jakarta Selatan",,dokter-umum,2025-06-15 03:03:26
Dr. Edi Madi Isa,Dokter Umum,Klinik Umum Putra Medica,"Tambun Utara, Kabupaten Bekasi",,dokter-umum,2025-06-15 03:03:26
dr. Edira Soegiarto,Dokter Umum,Klinik Pratama Bina Kasih,"Kelapa Gading, Jakarta Utara",,dokter-umum,2025-06-15 03:03:26
dr. Edison Sahputra,Dokter Umum,Klinik Pratama Yakri,"Cilincing, Jakarta Utara",,dokter-umum,2025-06-15 03:03:26
dr. Edison Sahputra,Dokter Umum,Klinik Pratama Yakri,"Cilincing, Jakarta Utara",,dokter-umum,2025-06-15 03:03:26
dr. Edison Saputra,Dokter Umum,Klinik Pratama Yakri,"Cilincing, Jakarta Utara",,dokter-umum,2025-06-15 03:03:29
Dr. Editya Fukata M.Biomed,Dokter Umum,halodoc,"Setiabudi, Jakarta Selatan",,dokter-umum,2025-06-15 03:03:29
Dr. Edo Febrian A,Dokter Umum,halodoc,"Setiabudi, Jakarta Selatan",,dokter-umum,2025-06-15 03:03:29
dr. Edrizal Anis,Dokter Umum,KLINIK PROMEDIS -,"Bogor Utara, Bogor",,dokter-umum,2025-06-15 03:03:29
dr. Edu William Nataniel,Dokter Umum,dr. Edu William Nataniel,"Karangbahagia, Kabupaten Bekasi",,dokter-umum,2025-06-15 03:03:29
dr. Edveleen Simbolon,Dokter Umum,halodoc,"Setiabudi, Jakarta Selatan",,dokter-umum,2025-06-15 03:03:29
dr. Edwar Ivan Adreas,Dokter Umum,ERHACLINIC,"Pontianak Kota, Kota Pontianak",,dokter-umum,2025-06-15 03:03:29
dr. Edward J. Terisno,Dokter Umum,halodoc,"Setiabudi, Jakarta Selatan",,dokter-umum,2025-06-15 03:03:29
Dr. Edward Nurzali M.M.,Dokter Umum,halodoc,"Setiabudi, Jakarta Selatan",,dokter-umum,2025-06-15 03:03:29
Dr. Edward Tirtananda Wikanta,Dokter Umum,halodoc,"Setiabudi, Jakarta Selatan",,dokter-umum,2025-06-15 03:03:29
Dr. Edwin Destra AIFO-K,Dokter Umum,halodoc,"Setiabudi, Jakarta Selatan",,dokter-umum,2025-06-15 03:03:31
dr. Edy Kurniawan,Dokter Umum,halodoc,"Setiabudi, Jakarta Selatan",,dokter-umum,2025-06-15 03:03:31
Dr. Effendy,Dokter Umum,Praktek dokter mandiri,"Cileunyi, Kabupaten Bandung",,dokter-umum,2025-06-15 03:03:31
dr. Efti Daiyah,Dokter Umum,halodoc,"Setiabudi, Jakarta Selatan",,dokter-umum,2025-06-15 03:03:31
Dr. Ega Arnyasmara,Dokter Umum,halodoc,"Setiabudi, Jakarta Selatan",,dokter-umum,2025-06-15 03:03:31
dr. Ega Gumilang Sugiarto,Dokter Umum,halodoc,"Setiabudi, Jakarta Selatan",,dokter-umum,2025-06-15 03:03:31
dr. Eiman B. Manurung,Dokter Umum,halodoc,"Setiabudi, Jakarta Selatan",,dokter-umum,2025-06-15 03:03:31
dr. Eisy Marina,Dokter Umum,NUR EFAN MEDIKA,"Karawang Timur, Kabupaten Karawang",,dokter-umum,2025-06-15 03:03:31
dr. Eka Amanda Faradillah,Dokter Umum,halodoc,"Setiabudi, Jakarta Selatan",,dokter-umum,2025-06-15 03:03:31
dr. Eka Cahya Yunita,Dokter Umum,halodoc,"Setiabudi, Jakarta Selatan",,dokter-umum,2025-06-15 03:03:31
dr Eka Dyah,Dokter Umum,halodoc,"Setiabudi, Jakarta Selatan",,dokter-umum,2025-06-15 03:03:34
dr. Eka Gandara Putra,Dokter Umum,Praktek Dokter Bersama dr. Hamidi & drg. Eka Gandara,"Cicurug, Kabupaten Sukabumi",,dokter-umum,2025-06-15 03:03:34
dr. Eka Kartika,Dokter Umum,Prodia Kebayoran Lama,"Kebayoran Lama, Jakarta Selatan",,dokter-umum,2025-06-15 03:03:34
dr. Eka Lustikawati,Dokter Umum,halodoc,"Setiabudi, Jakarta Selatan",,dokter-umum,2025-06-15 03:03:34
dr. Eka Purnama Sahra Nasution,Dokter Umum,halodoc,"Setiabudi, Jakarta Selatan",,dokter-umum,2025-06-15 03:03:34
dr. Eka Putra,Dokter Umum,halodoc,"Setiabudi, Jakarta Selatan",,dokter-umum,2025-06-15 03:03:34
dr. Eka Putri Sundari,Dokter Umum,halodoc,"Setiabudi, Jakarta Selatan",,dokter-umum,2025-06-15 03:03:34
dr. Eka Resti Julvanita Devi,Dokter Umum,halodoc,"Setiabudi, Jakarta Selatan",,dokter-umum,2025-06-15 03:03:34
dr. Eka Satya Nugraha,Dokter Umum,halodoc,"Setiabudi, Jakarta Selatan",,dokter-umum,2025-06-15 03:03:34
dr. Eka Septiani,Dokter Umum,halodoc,"Setiabudi, Jakarta Selatan",,dokter-umum,2025-06-15 03:03:34
Dr. Eka Sri Susanti,Dokter Umum,halodoc,"Setiabudi, Jakarta Selatan",,dokter-umum,2025-06-15 03:03:36
dr. Eka Sri Wahyuni,Dokter Umum,halodoc,"Setiabudi, Jakarta Selatan",,dokter-umum,2025-06-15 03:03:36
Dr. Eka Sri Wulandari,Dokter Umum,halodoc,"Setiabudi, Jakarta Selatan",,dokter-umum,2025-06-15 03:03:36
dr. Eka Triyani,Dokter Umum,dr. Eka Triyani,"Jatiasih, Bekasi",,dokter-umum,2025-06-15 03:03:36
Eka Wijaya Warmandana,Dokter Umum,halodoc,"Setiabudi, Jakarta Selatan",,dokter-umum,2025-06-15 03:03:36
dr. Eko Budi Heryanto,Dokter Umum,Klinik utama keluarga mulia,"Matraman, Jakarta Timur",,dokter-umum,2025-06-15 03:03:36
dr. Eko Dibyo Hery Ruswanto,Dokter Umum,halodoc,"Setiabudi, Jakarta Selatan",,dokter-umum,2025-06-15 03:03:36
Dr. Eko Fakhruddin,Dokter Umum,Klinik Nurmala Medika.,"Cakung, Jakarta Timur",,dokter-umum,2025-06-15 03:03:36
Dr. Eko Ivan Harjono,Dokter Umum,halodoc,"Setiabudi, Jakarta Selatan",,dokter-umum,2025-06-15 03:03:36
dr. Eko Rizal,Dokter Umum,Klinik Pratama Patria Medika Cipayung,"Cipayung, Jakarta Timur",,dokter-umum,2025-06-15 03:03:36
Dr. Eko Setiaji,Dokter Umum,Praktek dokter.,"Bukit Raya, Kota Pekanbaru",,dokter-umum,2025-06-15 03:03:39
dr. Eko Wahyudi,Dokter Umum,Klinik Budi Mulia,"Pangkalan Kerinci, Kabupaten Pelalawan",,dokter-umum,2025-06-15 03:03:39
dr. Eko Wahyudi,Dokter Umum,Klinik Budi Mulia,"Pangkalan Kerinci, Kabupaten Pelalawan",,dokter-umum,2025-06-15 03:03:39
Eko Wahyudi,Dokter Umum,Klinik Budi Mulia,"Pangkalan Kerinci, Kabupaten Pelalawan",,dokter-umum,2025-06-15 03:03:39
dr. Eky Kamalluddin,Dokter Umum,RSUD Al Ihsan Provinsi Jawa Barat,"Baleendah, Kabupaten Bandung",,dokter-umum,2025-06-15 03:03:39
dr. El Shita Nur Amalia,Dokter Umum,halodoc,"Setiabudi, Jakarta Selatan",,dokter-umum,2025-06-15 03:03:39
dr. Eladwipa Efriliani,Dokter Umum,halodoc,"Setiabudi, Jakarta Selatan",,dokter-umum,2025-06-15 03:03:39
Dr. Elang Rizky Ridhoka,Dokter Umum,halodoc,"Setiabudi, Jakarta Selatan",,dokter-umum,2025-06-15 03:03:39
dr. Elba Fitrah Febriana,Dokter Umum,halodoc,"Setiabudi, Jakarta Selatan",,dokter-umum,2025-06-15 03:03:39
Dr. Elda Siska Nofryeni,Dokter Umum,halodoc,"Setiabudi, Jakarta Selatan",,dokter-umum,2025-06-15 03:03:39
Dr. Elden,Dokter Umum,Dr. Elden,"Cempaka Putih, Jakarta Pusat",,dokter-umum,2025-06-15 03:03:41
Dr. Elden,Dokter Umum,Dr. Elden,"Cempaka Putih, Jakarta Pusat",,dokter-umum,2025-06-15 03:03:41
Dr. Elden,Dokter Umum,Dr. Elden,"Cempaka Putih, Jakarta Pusat",,dokter-umum,2025-06-15 03:03:41
dr. Elena Wandantyas,Dokter Umum,halodoc,"Setiabudi, Jakarta Selatan",,dokter-umum,2025-06-15 03:03:41
dr. Elfa Rizki Muhammad,Dokter Umum,Apotek Roxy Seroja,"Bekasi Utara, Bekasi",,dokter-umum,2025-06-15 03:03:41
dr. Elfrida Sihaloho,Dokter Umum,halodoc,"Setiabudi, Jakarta Selatan",,dokter-umum,2025-06-15 03:03:41
Dr. Elfrida Sp. A,Dokter Umum,apotek kebon bawang,"Tanjung Priok, Jakarta Utara",,dokter-umum,2025-06-15 03:03:41
dr. Elga Natazia,Dokter Umum,halodoc,"Setiabudi, Jakarta Selatan",,dokter-umum,2025-06-15 03:03:41
dr. Elida Marpaung M.Biomed,Dokter Umum,halodoc,"Setiabudi, Jakarta Selatan",,dokter-umum,2025-06-15 03:03:41
dr. Eliot Hughes Tiven,Dokter Umum,Klinik Inpres Medika,"Larangan, Tangerang",,dokter-umum,2025-06-15 03:03:41
dr. Elis Tresia,Dokter Umum,halodoc,"Setiabudi, Jakarta Selatan",,dokter-umum,2025-06-15 03:03:44
dr. Elisabet Henny Yanti,Dokter Umum,halodoc,"Setiabudi, Jakarta Selatan",,dokter-umum,2025-06-15 03:03:44
dr. Elisabeth,Dokter Umum,Klinik Pratama Rawat Inap Asia Raya,"Tabukan Utara, Kabupaten Kepulauan Sangihe",,dokter-umum,2025-06-15 03:03:44
dr. Elisabeth Retno Beuwati S,Dokter Umum,APOTEK LIDO,"Koja, Jakarta Utara",,dokter-umum,2025-06-15 03:03:44
dr. Elisabeth Retno Beuwati S,Dokter Umum,APOTEK LIDO,"Koja, Jakarta Utara",,dokter-umum,2025-06-15 03:03:44
dr. Elisabeth Sintauli Sitorus,Dokter Umum,halodoc,"Setiabudi, Jakarta Selatan",,dokter-umum,2025-06-15 03:03:44
dr. Elisabeth Stefani,Dokter Umum,halodoc,"Setiabudi, Jakarta Selatan",,dokter-umum,2025-06-15 03:03:44
Dr. Eliska Yanti,Dokter Umum,halodoc,"Setiabudi, Jakarta Selatan",,dokter-umum,2025-06-15 03:03:44
dr. Elissa Dewi Lisencia,Dokter Umum,halodoc,"Setiabudi, Jakarta Selatan",,dokter-umum,2025-06-15 03:03:44
dr. Elita Winda,Dokter Umum,halodoc,"Setiabudi, Jakarta Selatan",,dokter-umum,2025-06-15 03:03:44
dr. Eliza,Dokter Umum,RSUD Al Ihsan Provinsi Jawa Barat,"Baleendah, Kabupaten Bandung",,dokter-umum,2025-06-15 03:03:46
dr. Elizabeth,Dokter Umum,Prodia Pluit,"Penjaringan, Jakarta Utara",,dokter-umum,2025-06-15 03:03:46
dr. Elizabeth,Dokter Umum,halodoc,"Setiabudi, Jakarta Selatan",,dokter-umum,2025-06-15 03:03:46
dr. Elizabeth Dian Novita,Dokter Umum,Sistem Klinik Assist.id,"Pekanbaru Kota, Kota Pekanbaru",,dokter-umum,2025-06-15 03:03:46
"Dr. Elizabeth Sulastri Nugraheni MHPE, FFRI",Dokter Umum,halodoc,"Setiabudi, Jakarta Selatan",,dokter-umum,2025-06-15 03:03:46
dr. Elizabeth Valentina,Dokter Umum,halodoc,"Setiabudi, Jakarta Selatan",,dokter-umum,2025-06-15 03:03:46
Dr. Ella Agnes,Dokter Umum,halodoc,"Setiabudi, Jakarta Selatan",,dokter-umum,2025-06-15 03:03:46
dr. Ella Nayola,Dokter Umum,halodoc,"Setiabudi, Jakarta Selatan",,dokter-umum,2025-06-15 03:03:46
dr. Ellen Anggraini Putri,Dokter Umum,halodoc,"Setiabudi, Jakarta Selatan",,dokter-umum,2025-06-15 03:03:46
Dr. Ellen K,Dokter Umum,Apotek Kasih -,"Mustika Jaya, Bekasi",,dokter-umum,2025-06-15 03:03:46
dr. Ellen Kurniati,Dokter Umum,dr. Ellen Kurniati,"Medan Satria, Bekasi",,dokter-umum,2025-06-15 03:03:49
dr. Ellen Kwesley,Dokter Umum,halodoc,"Setiabudi, Jakarta Selatan",,dokter-umum,2025-06-15 03:03:49
dr. Elly Ferial,Dokter Umum,0,"Bekasi Selatan, Bekasi",,dokter-umum,2025-06-15 03:03:49
Dr. Elma Sandya Putri,Dokter Umum,halodoc,"Setiabudi, Jakarta Selatan",,dokter-umum,2025-06-15 03:03:49
dr. Elman B. Manurung,Dokter Umum,halodoc,"Setiabudi, Jakarta Selatan",,dokter-umum,2025-06-15 03:03:49
Elrica Stella Octaviani,Dokter Umum,halodoc,"Setiabudi, Jakarta Selatan",,dokter-umum,2025-06-15 03:03:49
dr. Elsa Ameliana,Dokter Umum,halodoc,"Setiabudi, Jakarta Selatan",,dokter-umum,2025-06-15 03:03:49
Dr. Elsa Amimi,Dokter Umum,halodoc,"Setiabudi, Jakarta Selatan",,dokter-umum,2025-06-15 03:03:49
dr. Elsa Devina,Dokter Umum,halodoc,"Setiabudi, Jakarta Selatan",,dokter-umum,2025-06-15 03:03:49
dr. Elsa Hufaidah,Dokter Umum,halodoc,"Setiabudi, Jakarta Selatan",,dokter-umum,2025-06-15 03:03:49
dr. Elsa Lase M.Biomed,Dokter Umum,halodoc,"Setiabudi, Jakarta Selatan",,dokter-umum,2025-06-15 03:03:51
Dr. Elsa Patricia Anisah,Dokter Umum,halodoc,"Setiabudi, Jakarta Selatan",,dokter-umum,2025-06-15 03:03:51
dr. Elsa Tjahya,Dokter Umum,halodoc,"Setiabudi, Jakarta Selatan",,dokter-umum,2025-06-15 03:03:51
dr. Elsi Wineri,Dokter Umum,halodoc,"Setiabudi, Jakarta Selatan",,dokter-umum,2025-06-15 03:03:51
dr. Elsje Jonathan,Dokter Umum,dr. Elsje Jonathan,"Setiabudi, Jakarta Selatan",,dokter-umum,2025-06-15 03:03:51
dr. Elvia Yudiarti,Dokter Umum,Praktek dokter.,"Bukit Raya, Kota Pekanbaru",,dokter-umum,2025-06-15 03:03:51
dr. Elvira Bernadetta,Dokter Umum,halodoc,"Setiabudi, Jakarta Selatan",,dokter-umum,2025-06-15 03:03:51
Dr. Elvitri,Dokter Umum,halodoc,"Setiabudi, Jakarta Selatan",,dokter-umum,2025-06-15 03:03:51
Dr. Elvy Janowati,Dokter Umum,halodoc,"Setiabudi, Jakarta Selatan",,dokter-umum,2025-06-15 03:03:51
dr. Ely Yuliana Sp. A,Dokter Umum,Apotek Kondang sehat,"Jatiasih, Bekasi",,dokter-umum,2025-06-15 03:03:51
Dr. Elysabeth Maharani Christie,Dokter Umum,halodoc,"Setiabudi, Jakarta Selatan",,dokter-umum,2025-06-15 03:03:54
Dr Eman miwardi Sp. PD,Dokter Umum,Apotek Pondok Gede Farma,"Pondok Gede, Bekasi",,dokter-umum,2025-06-15 03:03:54
dr. Emi Latifah,Dokter Umum,halodoc,"Setiabudi, Jakarta Selatan",,dokter-umum,2025-06-15 03:03:54
Dr. Emi Puspita,Dokter Umum,Apotek Hana Medika,"Bogor Barat, Bogor",,dokter-umum,2025-06-15 03:03:54
Emilia Rosita,Dokter Umum,halodoc,"Setiabudi, Jakarta Selatan",,dokter-umum,2025-06-15 03:03:54
Emiliana Kartika,Dokter Umum,halodoc,"Setiabudi, Jakarta Selatan",,dokter-umum,2025-06-15 03:03:54
dr. Emin Nuriman,Dokter Umum,Praktek dokter.,"Bukit Raya, Kota Pekanbaru",,dokter-umum,2025-06-15 03:03:54
dr. Emir Fakhriza Purba,Dokter Umum,halodoc,"Setiabudi, Jakarta Selatan",,dokter-umum,2025-06-15 03:03:54
dr. Emirita Wulan Pradeta,Dokter Umum,halodoc,"Setiabudi, Jakarta Selatan",,dokter-umum,2025-06-15 03:03:54
dr. Emma Enggar Safitri,Dokter Umum,halodoc,"Setiabudi, Jakarta Selatan",,dokter-umum,2025-06-15 03:03:54
Dr. Emmanuel Ricky Cristyanto,Dokter Umum,halodoc,"Setiabudi, Jakarta Selatan",,dokter-umum,2025-06-15 03:03:56
dr. Emmi Suparti,Dokter Umum,Prakter dr. Emmi Suparti,"Muara Gembong, Kabupaten Bekasi",,dokter-umum,2025-06-15 03:03:56
dr. Emmi Suparti,Dokter Umum,Prakter dr. Emmi Suparti,"Muara Gembong, Kabupaten Bekasi",,dokter-umum,2025-06-15 03:03:56
dr. Emmi Suparti. T,Dokter Umum,Prakter dr. Emmi Suparti,"Muara Gembong, Kabupaten Bekasi",,dokter-umum,2025-06-15 03:03:56
dr. Emmi Suparti. T,Dokter Umum,Prakter dr. Emmi Suparti,"Muara Gembong, Kabupaten Bekasi",,dokter-umum,2025-06-15 03:03:56
dr. Emmy Noor Rahmah,Dokter Umum,halodoc,"Setiabudi, Jakarta Selatan",,dokter-umum,2025-06-15 03:03:56
dr. Emn Nuriman,Dokter Umum,Praktek dokter.,"Bukit Raya, Kota Pekanbaru",,dokter-umum,2025-06-15 03:03:56
dr. Emy Widyarti MPH,Dokter Umum,halodoc,"Setiabudi, Jakarta Selatan",,dokter-umum,2025-06-15 03:03:56
dr. Encen H,Dokter Umum,KLINIK FADILA MEDICA,"Babakan Cikao, Kabupaten Purwakarta",,dokter-umum,2025-06-15 03:03:56
Dr. Endah Armelya Sari,Dokter Umum,halodoc,"Setiabudi, Jakarta Selatan",,dokter-umum,2025-06-15 03:03:56
dr. Endah Zakiyah Amini,Dokter Umum,halodoc,"Setiabudi, Jakarta Selatan",,dokter-umum,2025-06-15 03:03:59
Dr. Endang,Dokter Umum,Apotek Kasih -,"Mustika Jaya, Bekasi",,dokter-umum,2025-06-15 03:03:59
Dr. Endang Darmawan,Dokter Umum,dr Endang Darmawan,"Setiabudi, Jakarta Selatan",,dokter-umum,2025-06-15 03:03:59
dr. Endang Ediningsih,Dokter Umum,dr Endang Ediningsih,"Setiabudi, Jakarta Selatan",,dokter-umum,2025-06-15 03:03:59
dr. Endang Susilowati,Dokter Umum,Praktek dokter mandiri,"Cileunyi, Kabupaten Bandung",,dokter-umum,2025-06-15 03:03:59
dr. Endang Syaeful Muhyi,Dokter Umum,KLINIK ANUGRAH SEHAT MEDIKA,"Karawang Timur, Kabupaten Karawang",,dokter-umum,2025-06-15 03:03:59
dr. Endang Syaeful Muhyi,Dokter Umum,Praktek dokter.,"Bukit Raya, Kota Pekanbaru",,dokter-umum,2025-06-15 03:03:59
dr. Endang Syaeful Muhyi,Dokter Umum,KLINIK ANUGRAH SEHAT MEDIKA,"Karawang Timur, Kabupaten Karawang",,dokter-umum,2025-06-15 03:03:59
dr. Endang Syaeful Muhyi,Dokter Umum,KLINIK ANUGERAH SEHAT,"Batujajar, Kabupaten Bandung Barat",,dokter-umum,2025-06-15 03:03:59
Dr. Endang Syaeful Muhyi,Dokter Umum,Praktek dr. Endang Syaeful Muhyi,"Karawang Barat, Kabupaten Karawang",,dokter-umum,2025-06-15 03:03:59
dr. Endang Syaeful Muhyi,Dokter Umum,KLINIK ANUGRAH SEHAT MEDIKA,"Karawang Timur, Kabupaten Karawang",,dokter-umum,2025-06-15 03:04:01
drg. Endang. Sri Wahyuni,Dokter Umum,Praktek Dokter Gigi..,"Gambir, Jakarta Pusat",,dokter-umum,2025-06-15 03:04:01
dr. Endar Maskendar,Dokter Umum,Klinik Pratama Bina Sehat Sejahtera,"Pondok Melati, Bekasi",,dokter-umum,2025-06-15 03:04:01
dr Endar Rahayu,Dokter Umum,halodoc,"Setiabudi, Jakarta Selatan",,dokter-umum,2025-06-15 03:04:01
dr. Endin Nokik Stujanna PhD,Dokter Umum,halodoc,"Setiabudi, Jakarta Selatan",,dokter-umum,2025-06-15 03:04:01
dr. Engki Aditya Putra,Dokter Umum,halodoc,"Setiabudi, Jakarta Selatan",,dokter-umum,2025-06-15 03:04:01
Dr. Eni Agustina,Dokter Umum,Klinik Kusuma Medika.,"Telukjambe Timur, Kabupaten Karawang",,dokter-umum,2025-06-15 03:04:01
Dr. Eni Gustina,Dokter Umum,Klinik Kusuma Medika.,"Telukjambe Timur, Kabupaten Karawang",,dokter-umum,2025-06-15 03:04:01
dr. Eni Kustanti,Dokter Umum,dr. Eni Kustanti,"Cilebar, Kabupaten Karawang",,dokter-umum,2025-06-15 03:04:01
dr. Eni Susanti Marwadi,Dokter Umum,Dokter Eni Susanti Mawardi,"Klari, Kabupaten Karawang",,dokter-umum,2025-06-15 03:04:01
Dr. Enneo Gishara Sp. B (K),Dokter Umum,Apotek Alpro,"Pademangan, Jakarta Utara",,dokter-umum,2025-06-15 03:04:04
dr. Enny Hardi,Dokter Umum,Klinik Medikita,"Kalideres, Jakarta Barat",,dokter-umum,2025-06-15 03:04:04
Dr. Enrico Esbianto Syahputra,Dokter Umum,halodoc,"Setiabudi, Jakarta Selatan",,dokter-umum,2025-06-15 03:04:04
Dr. Enrico Fermi Hutagalung,Dokter Umum,halodoc,"Setiabudi, Jakarta Selatan",,dokter-umum,2025-06-15 03:04:04
dr. Enry Fernando Joshua Sidauruk,Dokter Umum,halodoc,"Setiabudi, Jakarta Selatan",,dokter-umum,2025-06-15 03:04:04
dr. Entan Teram Zettira,Dokter Umum,halodoc,"Setiabudi, Jakarta Selatan",,dokter-umum,2025-06-15 03:04:04
dr. Eny Purwantiningsih,Dokter Umum,halodoc,"Setiabudi, Jakarta Selatan",,dokter-umum,2025-06-15 03:04:04
Dr. Epi Panjaitan Sp. DVE,Dokter Umum,halodoc,"Setiabudi, Jakarta Selatan",,dokter-umum,2025-06-15 03:04:04
Dr. Epistel,Dokter Umum,dr.Trio Raharjo,"Kramat, Tegal",,dokter-umum,2025-06-15 03:04:04
Dr. Epostel,Dokter Umum,Apotek Trio Farma,"Cempaka Putih, Jakarta Pusat",,dokter-umum,2025-06-15 03:04:04
dr. Erda Patricia Rahman,Dokter Umum,Praktek dokter.,"Bukit Raya, Kota Pekanbaru",,dokter-umum,2025-06-15 03:04:07
dr. Erdina Hana Jelita,Dokter Umum,halodoc,"Setiabudi, Jakarta Selatan",,dokter-umum,2025-06-15 03:04:07
dr. Erfa Suryadi Chindi,Dokter Umum,halodoc,"Setiabudi, Jakarta Selatan",,dokter-umum,2025-06-15 03:04:07
dr. Eri Arifah B.,Dokter Umum,Prakter dr. Eri Arifah,"Sawah Besar, Jakarta Pusat",,dokter-umum,2025-06-15 03:04:07
dr. Eri Suhaeri,Dokter Umum,RSUD Al Ihsan Provinsi Jawa Barat,"Baleendah, Kabupaten Bandung",,dokter-umum,2025-06-15 03:04:07
dr. Eric Phangestu,Dokter Umum,halodoc,"Setiabudi, Jakarta Selatan",,dokter-umum,2025-06-15 03:04:07
dr. Erik Firman,Dokter Umum,Apotek Familia,"Pasar Minggu, Jakarta Selatan",,dokter-umum,2025-06-15 03:04:07
dr. Erina Steviana,Dokter Umum,halodoc,"Setiabudi, Jakarta Selatan",,dokter-umum,2025-06-15 03:04:07
dr. Erina Widya Apriani,Dokter Umum,halodoc,"Setiabudi, Jakarta Selatan",,dokter-umum,2025-06-15 03:04:07
dr. Erinda Kusuma Wardani,Dokter Umum,halodoc,"Setiabudi, Jakarta Selatan",,dokter-umum,2025-06-15 03:04:07
dr. Erizvina Marisa Anggraeni,Dokter Umum,halodoc,"Setiabudi, Jakarta Selatan",,dokter-umum,2025-06-15 03:04:09
dr. Erlan Anugrah Pratama,Dokter Umum,halodoc,"Setiabudi, Jakarta Selatan",,dokter-umum,2025-06-15 03:04:09
Dr. Erlang Setiawan,Dokter Umum,Dr. ERLANG SETIAWAN,"Beji, Depok",,dokter-umum,2025-06-15 03:04:09
Dr. Erlang Setiawan,Dokter Umum,Dr. ERLANG SETIAWAN,"Beji, Depok",,dokter-umum,2025-06-15 03:04:09
dr. Erlina Anggarini,Dokter Umum,halodoc,"Setiabudi, Jakarta Selatan",,dokter-umum,2025-06-15 03:04:09
dr. Ernawaty Nusyirwan,Dokter Umum,Praktek Dokter Umum Dr. Ernawaty Nusyirwan,"Pulo Gadung, Jakarta Timur",,dokter-umum,2025-06-15 03:04:09
dr. Ernawaty Nusyirwan,Dokter Umum,Praktek dokter.,"Bukit Raya, Kota Pekanbaru",,dokter-umum,2025-06-15 03:04:09
dr. Ernaway Nusyirwan,Dokter Umum,Praktek Dokter Umum.,"Cilincing, Jakarta Utara",,dokter-umum,2025-06-15 03:04:09
dr Ernestha Clarissa,Dokter Umum,halodoc,"Setiabudi, Jakarta Selatan",,dokter-umum,2025-06-15 03:04:09
dr. Erni Nawati,Dokter Umum,halodoc,"Setiabudi, Jakarta Selatan",,dokter-umum,2025-06-15 03:04:09
dr Ernita Harman,Dokter Umum,APOTEK LIDO,"Koja, Jakarta Utara",,dokter-umum,2025-06-15 03:04:12
Dr. Ernita Sari,Dokter Umum,halodoc,"Setiabudi, Jakarta Selatan",,dokter-umum,2025-06-15 03:04:12
Dr. Ernomo A. S.,Dokter Umum,dr. Ernomo A.S,"Cileunyi, Kabupaten Bandung",,dokter-umum,2025-06-15 03:04:12
Dr. Ershad Nashir,Dokter Umum,Apotek Berkah Sehat,"Babakan Madang, Kabupaten Bogor",,dokter-umum,2025-06-15 03:04:12
dr. Ervan Leo Prasetyo,Dokter Umum,klinik utama tomang,"Kalideres, Jakarta Barat",,dokter-umum,2025-06-15 03:04:12
dr. Erwin,Dokter Umum,apotek kimia farma -,"Cihara, Kabupaten Lebak",,dokter-umum,2025-06-15 03:04:12
dr. Erwin Anitama Ismail,Dokter Umum,RSU PKU Muhammadiyah Kutowinangun,"Kutowinangun, Kabupaten Kebumen",,dokter-umum,2025-06-15 03:04:12
dr. Erwin Dipraja,Dokter Umum,halodoc,"Setiabudi, Jakarta Selatan",,dokter-umum,2025-06-15 03:04:12
dr. Erwin Kristianto Simangunsong,Dokter Umum,halodoc,"Setiabudi, Jakarta Selatan",,dokter-umum,2025-06-15 03:04:12
dr. Erwin Muliono,Dokter Umum,dr.Erwin Muliono,"Soreang, Kabupaten Bandung",,dokter-umum,2025-06-15 03:04:12
Dr. Erwin Purnama,Dokter Umum,halodoc,"Setiabudi, Jakarta Selatan",,dokter-umum,2025-06-15 03:04:14
dr. Ery Oktadiputra,Dokter Umum,halodoc,"Setiabudi, Jakarta Selatan",,dokter-umum,2025-06-15 03:04:14
Dr. Esa Kurnia,Dokter Umum,halodoc,"Setiabudi, Jakarta Selatan",,dokter-umum,2025-06-15 03:04:14
Dr. Esamida Br Sembiring,Dokter Umum,halodoc,"Setiabudi, Jakarta Selatan",,dokter-umum,2025-06-15 03:04:14
dr. Esha Putriningtyas Setiawan,Dokter Umum,halodoc,"Setiabudi, Jakarta Selatan",,dokter-umum,2025-06-15 03:04:14
dr. Esmayanti Puspito,Dokter Umum,halodoc,"Setiabudi, Jakarta Selatan",,dokter-umum,2025-06-15 03:04:14
dr. Essy M,Dokter Umum,Klinik Nur Efan Medika,"Telukjambe Barat, Kabupaten Karawang",,dokter-umum,2025-06-15 03:04:14
dr. Essy Marina,Dokter Umum,NUR EFAN MEDIKA,"Karawang Timur, Kabupaten Karawang",,dokter-umum,2025-06-15 03:04:14
dr. Essy Marina,Dokter Umum,NUR EFAN MEDIKA,"Karawang Timur, Kabupaten Karawang",,dokter-umum,2025-06-15 03:04:14
dr. Essy Yulina,Dokter Umum,NUR EFAN MEDIKA,"Karawang Timur, Kabupaten Karawang",,dokter-umum,2025-06-15 03:04:14
Dr. Estadiah Suci Ramadhani,Dokter Umum,halodoc,"Setiabudi, Jakarta Selatan",,dokter-umum,2025-06-15 03:04:17
dr. Ester Rita,Dokter Umum,halodoc,"Setiabudi, Jakarta Selatan",,dokter-umum,2025-06-15 03:04:17
dr. Ester Sumara Dolok Saribu,Dokter Umum,halodoc,"Setiabudi, Jakarta Selatan",,dokter-umum,2025-06-15 03:04:17
dr. Ester Sumara Dolok Saribu,Dokter Umum,halodoc,"Setiabudi, Jakarta Selatan",,dokter-umum,2025-06-15 03:04:17
Dr. Esterlita Dessy Djuliana,Dokter Umum,halodoc,"Setiabudi, Jakarta Selatan",,dokter-umum,2025-06-15 03:04:17
Dr. Esther Apriliany Sulistijono,Dokter Umum,halodoc,"Setiabudi, Jakarta Selatan",,dokter-umum,2025-06-15 03:04:17
Dr. Esther Damayanti,Dokter Umum,halodoc,"Setiabudi, Jakarta Selatan",,dokter-umum,2025-06-15 03:04:17
Dr. Esther Damayanti,Dokter Umum,halodoc,"Setiabudi, Jakarta Selatan",,dokter-umum,2025-06-15 03:04:17
Dr. Esti Herawati,Dokter Umum,Praktek Mandiri Dr Esti Herawati,"Setiabudi, Jakarta Selatan",,dokter-umum,2025-06-15 03:04:17
Dr. Esti Herawati,Dokter Umum,Praktek Mandiri Dr Esti Herawati,"Setiabudi, Jakarta Selatan",,dokter-umum,2025-06-15 03:04:17
dr. Esti Herawati,Dokter Umum,Praktek Mandiri Dr Esti Herawati,"Setiabudi, Jakarta Selatan",,dokter-umum,2025-06-15 03:04:19
Dr. Esti Herawati,Dokter Umum,Praktek Mandiri Dr Esti Herawati,"Setiabudi, Jakarta Selatan",,dokter-umum,2025-06-15 03:04:19
dr. Esti Herawati,Dokter Umum,Praktek Mandiri Dr Esti Herawati,"Setiabudi, Jakarta Selatan",,dokter-umum,2025-06-15 03:04:19
Dr. Esya Puteri Oktaregina,Dokter Umum,halodoc,"Setiabudi, Jakarta Selatan",,dokter-umum,2025-06-15 03:04:19
dr. Eti Astuti,Dokter Umum,KLINIK ASTUTI MEDIKA PRATAMA,"Grogol Petamburan, Jakarta Barat",,dokter-umum,2025-06-15 03:04:19
dr. Euis Maya Savira,Dokter Umum,halodoc,"Setiabudi, Jakarta Selatan",,dokter-umum,2025-06-15 03:04:19
dr. Eunike Brigita H. Pontoh,Dokter Umum,halodoc,"Setiabudi, Jakarta Selatan",,dokter-umum,2025-06-15 03:04:19
Dr. Eunike Malau,Dokter Umum,halodoc,"Setiabudi, Jakarta Selatan",,dokter-umum,2025-06-15 03:04:19
dr. Eva Aprilia,Dokter Umum,halodoc,"Setiabudi, Jakarta Selatan",,dokter-umum,2025-06-15 03:04:19
dr Eva Astria Sp.A,Dokter Umum,APOTEK K-24 KOL. SUGIONO,"Purworejo, Kabupaten Purworejo",,dokter-umum,2025-06-15 03:04:19
dr. Eva Hanifah,Dokter Umum,halodoc,"Setiabudi, Jakarta Selatan",,dokter-umum,2025-06-15 03:04:22
dr. Eva Karmelia,Dokter Umum,halodoc,"Setiabudi, Jakarta Selatan",,dokter-umum,2025-06-15 03:04:22
dr. Eva Mulyani Ariani,Dokter Umum,Klinik Cava Medika,"Bekasi Utara, Bekasi",,dokter-umum,2025-06-15 03:04:22
dr. Eva Murfayani MM,Dokter Umum,Klinik Al-Muslimun,"Mustika Jaya, Bekasi",,dokter-umum,2025-06-15 03:04:22
Dr. Eva Musfayani,Dokter Umum,Klinik Al muslimun,"Bekasi Timur, Bekasi",,dokter-umum,2025-06-15 03:04:22
dr. Eva Musfayani,Dokter Umum,Klinik Al-Muslimun,"Mustika Jaya, Bekasi",,dokter-umum,2025-06-15 03:04:22
dr. Eva Nurhasanah Kusumah,Dokter Umum,dr. Eva Nurhasanah Kusumah,"Telukjambe Barat, Kabupaten Karawang",,dokter-umum,2025-06-15 03:04:22
dr. Eva Nurhasanah Kusumah,Dokter Umum,dr. Eva Nurhasanah Kusumah,"Telukjambe Barat, Kabupaten Karawang",,dokter-umum,2025-06-15 03:04:22
dr. Eva Nurhasanah Kusumah,Dokter Umum,dr. Eva Nurhasanah Kusumah,"Telukjambe Barat, Kabupaten Karawang",,dokter-umum,2025-06-15 03:04:22
dr. Eva Rusiene,Dokter Umum,dr. Eva Rusiene,"Kotagede, Kota Yogyakarta",,dokter-umum,2025-06-15 03:04:22
dr Evan Albert,Dokter Umum,Citra Sehat Suvarna,"Sindang Jaya, Kabupaten Tangerang",,dokter-umum,2025-06-15 03:04:25
dr. Evan Dwiyana,Dokter Umum,KLINIK PRATAMA CENGKONG KELUARGA MEDIKA,"Purwasari, Kabupaten Karawang",,dokter-umum,2025-06-15 03:04:25
dr. Evan Dwiyana,Dokter Umum,KLINIK PRATAMA CENGKONG KELUARGA MEDIKA,"Purwasari, Kabupaten Karawang",,dokter-umum,2025-06-15 03:04:25
dr. Evan Dwiyana,Dokter Umum,KLINI ZHAFIRA ZARIFA,"Klari, Kabupaten Karawang",,dokter-umum,2025-06-15 03:04:25
dr. Evan Dwiyana,Dokter Umum,Klinik Zhafirah,"Kota Kayu Agung, Kabupaten Ogan Komering Ilir",,dokter-umum,2025-06-15 03:04:25
dr. Evan Dwiyena,Dokter Umum,KLINIK PRATAMA CENGKONG KELUARGA MEDIKA,"Purwasari, Kabupaten Karawang",,dokter-umum,2025-06-15 03:04:25
dr. Evan Elian,Dokter Umum,halodoc,"Setiabudi, Jakarta Selatan",,dokter-umum,2025-06-15 03:04:25
dr Evan Mahendra Sarjono,Dokter Umum,halodoc,"Setiabudi, Jakarta Selatan",,dokter-umum,2025-06-15 03:04:25
Dr. Evan Nugroho Sa'ap,Dokter Umum,halodoc,"Setiabudi, Jakarta Selatan",,dokter-umum,2025-06-15 03:04:25
Dr. Evan yulius Sarano,Dokter Umum,Apotek Kimia Farma Courtyard Galuh Mas,"Telukjambe Timur, Kabupaten Karawang",,dokter-umum,2025-06-15 03:04:25
dr. Evanisa Jesica,Dokter Umum,halodoc,"Setiabudi, Jakarta Selatan",,dokter-umum,2025-06-15 03:04:27
dr. Evanisa Jesica,Dokter Umum,halodoc,"Setiabudi, Jakarta Selatan",,dokter-umum,2025-06-15 03:04:27
dr. Evanisa Jesica,Dokter Umum,halodoc,"Setiabudi, Jakarta Selatan",,dokter-umum,2025-06-15 03:04:27
dr. Evanisa Jesica,Dokter Umum,KLINIK PRATAMA SAHIRA,"Johar Baru, Jakarta Pusat",,dokter-umum,2025-06-15 03:04:27
dr. Evelyn,Dokter Umum,Apotik Alam Sehat,"Cinere, Depok",,dokter-umum,2025-06-15 03:04:27
dr Evelyn Leonie,Dokter Umum,halodoc,"Setiabudi, Jakarta Selatan",,dokter-umum,2025-06-15 03:04:27
dr. Evelyn Marlia Tanaya,Dokter Umum,halodoc,"Setiabudi, Jakarta Selatan",,dokter-umum,2025-06-15 03:04:27
dr. Eviana Rouli Sipahutar,Dokter Umum,halodoc,"Setiabudi, Jakarta Selatan",,dokter-umum,2025-06-15 03:04:27
dr. Evilia Medina Putri,Dokter Umum,KLINIK SITI AZARIA,"Karawang Timur, Kabupaten Karawang",,dokter-umum,2025-06-15 03:04:27
dr. Evilian Medina Putri,Dokter Umum,KLINIK SITI AZARIA,"Karawang Timur, Kabupaten Karawang",,dokter-umum,2025-06-15 03:04:27
dr. Evita Nur Annisa,Dokter Umum,Klinik Pratama Zahira,"Klari, Kabupaten Karawang",,dokter-umum,2025-06-15 03:04:30
dr. Evita Nur Annisa,Dokter Umum,Klinik Pratama Zahira,"Klari, Kabupaten Karawang",,dokter-umum,2025-06-15 03:04:30
Dr. Evlin Kohar,Dokter Umum,halodoc,"Setiabudi, Jakarta Selatan",,dokter-umum,2025-06-15 03:04:30
Dr. Expecially Kurnia Assa,Dokter Umum,halodoc,"Setiabudi, Jakarta Selatan",,dokter-umum,2025-06-15 03:04:30
Dr. Ezra Ebenezer Soleman,Dokter Umum,Klinik Utama Sejiwaku,"Kebon Jeruk, Jakarta Barat",,dokter-umum,2025-06-15 03:04:30
dr. FADLI,Dokter Umum,Mutiara Medika,"Sawangan, Depok",,dokter-umum,2025-06-15 03:04:30
dr. FADLI,Dokter Umum,Mutiara Medika,"Sawangan, Depok",,dokter-umum,2025-06-15 03:04:30
dr. FADLI,Dokter Umum,MUTIARA MEDIKA SANUR,"Denpasar Selatan, Kota Denpasar",,dokter-umum,2025-06-15 03:04:30
dr. FADLI,Dokter Umum,MUTIARA MEDIKA SANUR,"Denpasar Selatan, Kota Denpasar",,dokter-umum,2025-06-15 03:04:30
dr. FAHMIARTI SOETOPO,Dokter Umum,Klinik Utama Pramita,"Cempaka Putih, Jakarta Pusat",,dokter-umum,2025-06-15 03:04:30
dr. FELICIA SERUNI SEKAR ASRI,Dokter Umum,RS PANTI RAHAYU,"Purwodadi, Kabupaten Grobogan",,dokter-umum,2025-06-15 03:04:32
dr. FITRI RODIYATI S,Dokter Umum,Prakter Fitri Rodityati,"Babelan, Kabupaten Bekasi",,dokter-umum,2025-06-15 03:04:32
dr. FITRI RODIYATI S,Dokter Umum,Prakter Fitri Rodityati,"Babelan, Kabupaten Bekasi",,dokter-umum,2025-06-15 03:04:32
Dr. Fa'athir Iskandarayah,Dokter Umum,halodoc,"Setiabudi, Jakarta Selatan",,dokter-umum,2025-06-15 03:04:32
Fa'athir Iskandarsyah,Dokter Umum,halodoc,"Setiabudi, Jakarta Selatan",,dokter-umum,2025-06-15 03:04:32
Dr. Fa'athir Iskandarsyah,Dokter Umum,halodoc,"Setiabudi, Jakarta Selatan",,dokter-umum,2025-06-15 03:04:32
dr. Fadhil El Naser,Dokter Umum,halodoc,"Setiabudi, Jakarta Selatan",,dokter-umum,2025-06-15 03:04:32
Dr. Fadhil Syafi,Dokter Umum,halodoc,"Setiabudi, Jakarta Selatan",,dokter-umum,2025-06-15 03:04:32
dr. Fadhila Septiani,Dokter Umum,halodoc,"Setiabudi, Jakarta Selatan",,dokter-umum,2025-06-15 03:04:32
dr. Fadhillah Julianty,Dokter Umum,halodoc,"Setiabudi, Jakarta Selatan",,dokter-umum,2025-06-15 03:04:32
dr. Fadhillah Syafitri Suhatril,Dokter Umum,halodoc,"Setiabudi, Jakarta Selatan",,dokter-umum,2025-06-15 03:04:35
dr. Fadhli Rizal Makarim,Dokter Umum,halodoc,"Setiabudi, Jakarta Selatan",https://d1ojs48v3n42tp.cloudfront.net/personnels/471887_13-10-2021_13-43-59.png,dokter-umum,2025-06-15 03:04:35
Dr. Fadhlul Hazmi,Dokter Umum,Praktek dr.Fadhlul Hazmi,"Tanjung Priok, Jakarta Utara",,dokter-umum,2025-06-15 03:04:35
Dr. Fadhlul Hazmi,Dokter Umum,Praktek dr.Fadhlul Hazmi,"Tanjung Priok, Jakarta Utara",,dokter-umum,2025-06-15 03:04:35
Dr. Fadhlurrahman Ananditya,Dokter Umum,halodoc,"Setiabudi, Jakarta Selatan",,dokter-umum,2025-06-15 03:04:35
Dr. Fadhul Hazmi,Dokter Umum,Praktek dr.Fadhlul Hazmi,"Tanjung Priok, Jakarta Utara",,dokter-umum,2025-06-15 03:04:35
dr. Fadia Mutiaratu,Dokter Umum,halodoc,"Setiabudi, Jakarta Selatan",,dokter-umum,2025-06-15 03:04:35
Fadila Wirawan,Dokter Umum,halodoc,"Setiabudi, Jakarta Selatan",,dokter-umum,2025-06-15 03:04:35
dr. Fadilah Amalia Husna,Dokter Umum,halodoc,"Setiabudi, Jakarta Selatan",,dokter-umum,2025-06-15 03:04:35
dr. Fadilla Loviana Irwan,Dokter Umum,halodoc,"Setiabudi, Jakarta Selatan",,dokter-umum,2025-06-15 03:04:35
Dr. Fadillatul Ilmi Hukmiyya,Dokter Umum,Apotek Nurani,"Cibadak, Kabupaten Sukabumi",,dokter-umum,2025-06-15 03:04:38
Dr. Fadillatul Ilmi Hukmiyya,Dokter Umum,halodoc,"Setiabudi, Jakarta Selatan",,dokter-umum,2025-06-15 03:04:38
dr. Fadjar Surya M.S,Dokter Umum,Praktek Dokter Umum.,"Cilincing, Jakarta Utara",,dokter-umum,2025-06-15 03:04:38
dr. Fadli,Dokter Umum,Mutiara Medika,"Sawangan, Depok",,dokter-umum,2025-06-15 03:04:38
dr. Fadli Mardian,Dokter Umum,halodoc,"Setiabudi, Jakarta Selatan",,dokter-umum,2025-06-15 03:04:38
dr. Fadly Sandi,Dokter Umum,halodoc,"Setiabudi, Jakarta Selatan",,dokter-umum,2025-06-15 03:04:38
dr. Fahada Indi,Dokter Umum,Klinik Pratama Mitra,"Tanah Abang, Jakarta Pusat",,dokter-umum,2025-06-15 03:04:38
dr. Fahira Nada Safira,Dokter Umum,Klinik Utama Rawat Inap Erenza,"Beji, Depok",,dokter-umum,2025-06-15 03:04:38
Dr. Fahmi Amin. S,Dokter Umum,halodoc,"Setiabudi, Jakarta Selatan",,dokter-umum,2025-06-15 03:04:38
dr. Fahmi Mujahid,Dokter Umum,halodoc,"Setiabudi, Jakarta Selatan",,dokter-umum,2025-06-15 03:04:38
dr. Fahmil Akbar Panjaitan,Dokter Umum,Klinik Pratama Medissa.,"Pasar Rebo, Jakarta Timur",,dokter-umum,2025-06-15 03:04:41
Dr. Fahreza Achmad Firdaus,Dokter Umum,halodoc,"Setiabudi, Jakarta Selatan",,dokter-umum,2025-06-15 03:04:41
Dr. Fahri Husaini Alkaf,Dokter Umum,halodoc,"Setiabudi, Jakarta Selatan",,dokter-umum,2025-06-15 03:04:41
dr. Fahrunisa,Dokter Umum,halodoc,"Setiabudi, Jakarta Selatan",,dokter-umum,2025-06-15 03:04:41
dr. Faisal Akhfan R.T,Dokter Umum,Klinik Pratama Citra Cibubur,"Pasar Rebo, Jakarta Timur",,dokter-umum,2025-06-15 03:04:41
dr. Faisal Akhyar,Dokter Umum,Klinik Pratama Tole Medika,"Cilodong, Depok",,dokter-umum,2025-06-15 03:04:41
dr. Faisal Cassanova,Dokter Umum,Klinik Pratama Cinta Bunda,"Larangan, Tangerang",,dokter-umum,2025-06-15 03:04:41
dr. Faisal Prasetio,Dokter Umum,halodoc,"Setiabudi, Jakarta Selatan",,dokter-umum,2025-06-15 03:04:41
dr. Faisal Prasetio,Dokter Umum,halodoc,"Setiabudi, Jakarta Selatan",,dokter-umum,2025-06-15 03:04:41
Dr. Faiz,Dokter Umum,halodoc,"Setiabudi, Jakarta Selatan",,dokter-umum,2025-06-15 03:04:41
Dr. Faiz Adnan Makarim,Dokter Umum,halodoc,"Setiabudi, Jakarta Selatan",,dokter-umum,2025-06-15 03:04:46
Dr. Faizal Dzaky Rahmadika,Dokter Umum,halodoc,"Setiabudi, Jakarta Selatan",,dokter-umum,2025-06-15 03:04:46
dr. Faizurrahman Andi Kusuma,Dokter Umum,halodoc,"Setiabudi, Jakarta Selatan",,dokter-umum,2025-06-15 03:04:46
Dr. Fajar Arief Noor,Dokter Umum,halodoc,"Setiabudi, Jakarta Selatan",,dokter-umum,2025-06-15 03:04:46
dr. Fajar Ridwannulloh,Dokter Umum,halodoc,"Setiabudi, Jakarta Selatan",,dokter-umum,2025-06-15 03:04:46
dr. Fajri Nova,Dokter Umum,halodoc,"Setiabudi, Jakarta Selatan",,dokter-umum,2025-06-15 03:04:46
dr. Fakhrul Arifin,Dokter Umum,halodoc,"Setiabudi, Jakarta Selatan",,dokter-umum,2025-06-15 03:04:46
dr. Falensia Dwita Lestari MARS,Dokter Umum,halodoc,"Setiabudi, Jakarta Selatan",,dokter-umum,2025-06-15 03:04:46
dr. Fandah Umi Suryati,Dokter Umum,halodoc,"Setiabudi, Jakarta Selatan",,dokter-umum,2025-06-15 03:04:46
Dr. Fandani Riskal,Dokter Umum,halodoc,"Setiabudi, Jakarta Selatan",,dokter-umum,2025-06-15 03:04:46
dr. Fandani Riskal,Dokter Umum,Apotek Lucky Star,"Tanjung Priok, Jakarta Utara",,dokter-umum,2025-06-15 03:04:51
Dr. Fandi Sukowicaksono,Dokter Umum,halodoc,"Setiabudi, Jakarta Selatan",,dokter-umum,2025-06-15 03:04:51
dr. Fandy F Malonda,Dokter Umum,Apotek Kimia Farma - Menur Pumpungan,"Sukolilo, Kota Surabaya",,dokter-umum,2025-06-15 03:04:51
Dr. Fanny August Br Ginting,Dokter Umum,halodoc,"Setiabudi, Jakarta Selatan",,dokter-umum,2025-06-15 03:04:51
Dr. Fanny Domingga,Dokter Umum,halodoc,"Setiabudi, Jakarta Selatan",,dokter-umum,2025-06-15 03:04:51
dr. Fany Desprimahesa,Dokter Umum,halodoc,"Setiabudi, Jakarta Selatan",,dokter-umum,2025-06-15 03:04:51
Dr. Faqih Hasan Albana,Dokter Umum,halodoc,"Setiabudi, Jakarta Selatan",,dokter-umum,2025-06-15 03:04:51
Faradiana Rasyidi,Dokter Umum,halodoc,"Setiabudi, Jakarta Selatan",,dokter-umum,2025-06-15 03:04:51
dr. Farah Ardinda,Dokter Umum,Klinik GWS,"Kebon Jeruk, Jakarta Barat",,dokter-umum,2025-06-15 03:04:51
dr. Farah Ardinda,Dokter Umum,halodoc,"Setiabudi, Jakarta Selatan",,dokter-umum,2025-06-15 03:04:51
dr. Farah Chairunnisa,Dokter Umum,Klinik Bhakti Utama Medika,"Ciracas, Jakarta Timur",,dokter-umum,2025-06-15 03:04:55
dr. Farah Inayati,Dokter Umum,halodoc,"Setiabudi, Jakarta Selatan",,dokter-umum,2025-06-15 03:04:55
dr. Farah Muthia,Dokter Umum,halodoc,"Setiabudi, Jakarta Selatan",,dokter-umum,2025-06-15 03:04:55
dr. Farah Nida Adillah,Dokter Umum,Praktek Dokter Umum.,"Cilincing, Jakarta Utara",,dokter-umum,2025-06-15 03:04:55
dr. Fareza Zesario Kiswarjanu,Dokter Umum,halodoc,"Setiabudi, Jakarta Selatan",,dokter-umum,2025-06-15 03:04:55
Dr. Farhan Nissa,Dokter Umum,KLIK PRATAMA ENGGAL SEHAT,"Cikarang Utara, Kabupaten Bekasi",,dokter-umum,2025-06-15 03:04:55
dr. Farid Arief Usman,Dokter Umum,halodoc,"Setiabudi, Jakarta Selatan",,dokter-umum,2025-06-15 03:04:55
dr. Farida,Dokter Umum,Karawang Jaya Medika,"Cilamaya Wetan, Kabupaten Karawang",,dokter-umum,2025-06-15 03:04:55
Dr. Farida Ariyanti,Dokter Umum,Apotek K-24,"Cipayung, Jakarta Timur",,dokter-umum,2025-06-15 03:04:55
dr. Farida Eri Susana,Dokter Umum,halodoc,"Setiabudi, Jakarta Selatan",,dokter-umum,2025-06-15 03:04:55
dr. Faridah Alatas,Dokter Umum,halodoc,"Setiabudi, Jakarta Selatan",,dokter-umum,2025-06-15 03:04:59
dr. Farifah,Dokter Umum,halodoc,"Setiabudi, Jakarta Selatan",,dokter-umum,2025-06-15 03:04:59
Dr. Faris Irfan Pramasubakti,Dokter Umum,halodoc,"Setiabudi, Jakarta Selatan",,dokter-umum,2025-06-15 03:04:59
Dr. Farisa Raudina,Dokter Umum,halodoc,"Setiabudi, Jakarta Selatan",,dokter-umum,2025-06-15 03:04:59
dr Fariz Azhar,Dokter Umum,Apotek Roxy Batu Ampar,"Kramat Jati, Jakarta Timur",,dokter-umum,2025-06-15 03:04:59
dr. Fariza Muthia Tsany,Dokter Umum,halodoc,"Setiabudi, Jakarta Selatan",,dokter-umum,2025-06-15 03:04:59
Dr. Farizky Jati Ananto,Dokter Umum,halodoc,"Setiabudi, Jakarta Selatan",,dokter-umum,2025-06-15 03:04:59
dr. Farkhana Dwi Ariyani,Dokter Umum,halodoc,"Setiabudi, Jakarta Selatan",,dokter-umum,2025-06-15 03:04:59
dr. Farrah Marlin Kumbangsila,Dokter Umum,NARA MEDIKA PRATAMA,"Beji, Depok",,dokter-umum,2025-06-15 03:04:59
Dr. Farras Cantika Abiyyah,Dokter Umum,halodoc,"Setiabudi, Jakarta Selatan",,dokter-umum,2025-06-15 03:04:59
dr. Fary Satriadi,Dokter Umum,halodoc,"Setiabudi, Jakarta Selatan",,dokter-umum,2025-06-15 03:05:02
dr. Fath Arina Fahma,Dokter Umum,halodoc,"Setiabudi, Jakarta Selatan",,dokter-umum,2025-06-15 03:05:02
Fathia Kesuma Dinanti,Dokter Umum,halodoc,"Setiabudi, Jakarta Selatan",,dokter-umum,2025-06-15 03:05:02
Dr. Fathia Rachmatina,Dokter Umum,halodoc,"Setiabudi, Jakarta Selatan",,dokter-umum,2025-06-15 03:05:02
dr. Fathia Sabila Umar,Dokter Umum,halodoc,"Setiabudi, Jakarta Selatan",,dokter-umum,2025-06-15 03:05:02
dr. Fathimah Azzahra,Dokter Umum,halodoc,"Setiabudi, Jakarta Selatan",,dokter-umum,2025-06-15 03:05:02
Dr. Fathin Fadhilah,Dokter Umum,halodoc,"Setiabudi, Jakarta Selatan",,dokter-umum,2025-06-15 03:05:02
Dr. Fathir Rizki Suwandi,Dokter Umum,halodoc,"Setiabudi, Jakarta Selatan",,dokter-umum,2025-06-15 03:05:02
Dr. Fathul Jannah,Dokter Umum,halodoc,"Setiabudi, Jakarta Selatan",,dokter-umum,2025-06-15 03:05:02
Dr. Fathur Khair Arman,Dokter Umum,halodoc,"Setiabudi, Jakarta Selatan",,dokter-umum,2025-06-15 03:05:02
Dr. Fatia Murni Chamida,Dokter Umum,halodoc,"Setiabudi, Jakarta Selatan",,dokter-umum,2025-06-15 03:05:04
Dr. Fatih Eka,Dokter Umum,Klinik Sumber Sehat.,"Johar Baru, Jakarta Pusat",,dokter-umum,2025-06-15 03:05:04
Dr. Fatih Maulana,Dokter Umum,halodoc,"Setiabudi, Jakarta Selatan",,dokter-umum,2025-06-15 03:05:04
dr. Fatimah,Dokter Umum,Klinik Kimia Farma Inhouse BPOM,"Johar Baru, Jakarta Pusat",,dokter-umum,2025-06-15 03:05:04
dr. Fatimah,Dokter Umum,Klinik Insan Sejahtera,"Cibinong, Kabupaten Bogor",,dokter-umum,2025-06-15 03:05:04
dr. Fatimah,Dokter Umum,Klinik Insan Sejahtera,"Cibinong, Kabupaten Bogor",,dokter-umum,2025-06-15 03:05:04
Dr. Fatimah Cheisya Lolyta,Dokter Umum,halodoc,"Setiabudi, Jakarta Selatan",,dokter-umum,2025-06-15 03:05:04
dr. Fatin Eka Erandani,Dokter Umum,Klinik Sumber Sehat - Karawang,"Telukjambe Timur, Kabupaten Karawang",,dokter-umum,2025-06-15 03:05:04
Dr. Fatma Hanif Fadlila Rachim,Dokter Umum,halodoc,"Setiabudi, Jakarta Selatan",,dokter-umum,2025-06-15 03:05:04
dr. Fatmala Umi Maisarah,Dokter Umum,halodoc,"Setiabudi, Jakarta Selatan",,dokter-umum,2025-06-15 03:05:04
Dr. Fatmiati Ariska,Dokter Umum,halodoc,"Setiabudi, Jakarta Selatan",,dokter-umum,2025-06-15 03:05:06
Dr. Fatti Hastono,Dokter Umum,Praktek dokter.,"Bukit Raya, Kota Pekanbaru",,dokter-umum,2025-06-15 03:05:06
dr. Faurani Yuzia,Dokter Umum,halodoc,"Setiabudi, Jakarta Selatan",,dokter-umum,2025-06-15 03:05:06
DR Fauzan,Dokter Umum,APOTEK ROXY,"Bekasi Selatan, Bekasi",,dokter-umum,2025-06-15 03:05:06
Dr. Fauzan Hamid,Dokter Umum,halodoc,"Setiabudi, Jakarta Selatan",,dokter-umum,2025-06-15 03:05:06
dr. Fauzan Hamid,Dokter Umum,Praktek Dokter dr. Fauzan Hamid & dr. Shellya Mentari,"Mauk, Kabupaten Tangerang",,dokter-umum,2025-06-15 03:05:06
dr. Fauzan Hamid,Dokter Umum,Praktek Dokter dr. Fauzan Hamid & dr. Shellya Mentari,"Mauk, Kabupaten Tangerang",,dokter-umum,2025-06-15 03:05:06
dr. Fauzan Hamid,Dokter Umum,Praktek Dokter dr. Fauzan Hamid & dr. Shellya Mentari,"Mauk, Kabupaten Tangerang",,dokter-umum,2025-06-15 03:05:06
Dr. Fauzan Nashrullah,Dokter Umum,halodoc,"Setiabudi, Jakarta Selatan",,dokter-umum,2025-06-15 03:05:06
dr. Fauzan Riani,Dokter Umum,halodoc,"Setiabudi, Jakarta Selatan",,dokter-umum,2025-06-15 03:05:06
Dr. Fauzan Rustandi,Dokter Umum,halodoc,"Setiabudi, Jakarta Selatan",,dokter-umum,2025-06-15 03:05:09
dr. Fauzia Dina Aulia,Dokter Umum,halodoc,"Setiabudi, Jakarta Selatan",,dokter-umum,2025-06-15 03:05:09
dr. Fayrus,Dokter Umum,Klinik dr Fayrus,"Klapanunggal, Kabupaten Bogor",,dokter-umum,2025-06-15 03:05:09
dr. Fayrus,Dokter Umum,Klinik dr Fayrus,"Klapanunggal, Kabupaten Bogor",,dokter-umum,2025-06-15 03:05:09
Faza Mahta Hafizha,Dokter Umum,halodoc,"Setiabudi, Jakarta Selatan",,dokter-umum,2025-06-15 03:05:09
dr. Febby Ayudya Putri,Dokter Umum,halodoc,"Setiabudi, Jakarta Selatan",,dokter-umum,2025-06-15 03:05:09
Dr. Febby Farihindarto,Dokter Umum,halodoc,"Setiabudi, Jakarta Selatan",,dokter-umum,2025-06-15 03:05:09
dr. Febiola Ratna Dewi,Dokter Umum,halodoc,"Setiabudi, Jakarta Selatan",,dokter-umum,2025-06-15 03:05:09
dr Febri Kurniawarsih,Dokter Umum,halodoc,"Setiabudi, Jakarta Selatan",,dokter-umum,2025-06-15 03:05:09
Dr. Febri Kurniawarsih,Dokter Umum,halodoc,"Setiabudi, Jakarta Selatan",,dokter-umum,2025-06-15 03:05:09
dr. Febria Norita,Dokter Umum,halodoc,"Setiabudi, Jakarta Selatan",,dokter-umum,2025-06-15 03:05:11
Dr. Febrian Pratiwi,Dokter Umum,dr. Febrian Pratiwi,"Bekasi Utara, Bekasi",,dokter-umum,2025-06-15 03:05:11
Dr. Febriana Yogi Pratiwi,Dokter Umum,halodoc,"Setiabudi, Jakarta Selatan",,dokter-umum,2025-06-15 03:05:11
Dr. Febriansyah Muh. Ashar,Dokter Umum,Halodoc Teleconsultation,"Setiabudi, Jakarta Selatan",,dokter-umum,2025-06-15 03:05:11
Dr. Febriansyah Muh. Ashar,Dokter Umum,halodoc,"Setiabudi, Jakarta Selatan",,dokter-umum,2025-06-15 03:05:11
Febriany Syafitri Dwi Delima,Dokter Umum,Klinik Pratama Rawasari,"Cempaka Putih, Jakarta Pusat",,dokter-umum,2025-06-15 03:05:11
Dr. Febrihardita Dwinovitch,Dokter Umum,halodoc,"Setiabudi, Jakarta Selatan",,dokter-umum,2025-06-15 03:05:11
Dr. Febrima Cahyani,Dokter Umum,halodoc,"Setiabudi, Jakarta Selatan",,dokter-umum,2025-06-15 03:05:11
Dr. Febrina Adriani Purba,Dokter Umum,halodoc,"Setiabudi, Jakarta Selatan",,dokter-umum,2025-06-15 03:05:11
Dr. Febrina Hertanti Bakri,Dokter Umum,halodoc,"Setiabudi, Jakarta Selatan",,dokter-umum,2025-06-15 03:05:11
Dr. Febrita Fajrin,Dokter Umum,HEKSA MEDIKA,"Bekasi Utara, Bekasi",,dokter-umum,2025-06-15 03:05:14
Febriyani Ayu Wulandari,Dokter Umum,halodoc,"Setiabudi, Jakarta Selatan",,dokter-umum,2025-06-15 03:05:14
dr. Febry Oktaviani Marchelina Bani,Dokter Umum,halodoc,"Setiabudi, Jakarta Selatan",,dokter-umum,2025-06-15 03:05:14
dr. Feby Arrahmi.S,Dokter Umum,halodoc,"Setiabudi, Jakarta Selatan",,dokter-umum,2025-06-15 03:05:14
dr. Feby Charolin Nahumury,Dokter Umum,dr. Feby Charolin Nahumury,"Setiabudi, Jakarta Selatan",,dokter-umum,2025-06-15 03:05:14
"Dr. Fedri Ruluwedrata Rinawan MScPH., PhD",Dokter Umum,halodoc,"Setiabudi, Jakarta Selatan",,dokter-umum,2025-06-15 03:05:14
dr. Fegi Dp Nugraha,Dokter Umum,halodoc,"Setiabudi, Jakarta Selatan",,dokter-umum,2025-06-15 03:05:14
dr. Feibyg Theresia Lumandung Sp. OG,Dokter Umum,Praktek dokter.,"Bukit Raya, Kota Pekanbaru",,dokter-umum,2025-06-15 03:05:14
Dr. Feliciani P. Harapan,Dokter Umum,halodoc,"Setiabudi, Jakarta Selatan",,dokter-umum,2025-06-15 03:05:14
dr. Felisia Ong,Dokter Umum,halodoc,"Setiabudi, Jakarta Selatan",,dokter-umum,2025-06-15 03:05:14
dr. Felita Anggreani Gosal,Dokter Umum,halodoc,"Setiabudi, Jakarta Selatan",,dokter-umum,2025-06-15 03:05:17
dr. Felix Kwenandar,Dokter Umum,halodoc,"Setiabudi, Jakarta Selatan",,dokter-umum,2025-06-15 03:05:17
dr. Felix Nifalo,Dokter Umum,Klinik dr. Felix Nifalo,"Malingping, Kabupaten Lebak",,dokter-umum,2025-06-15 03:05:17
dr. Fellani,Dokter Umum,halodoc,"Setiabudi, Jakarta Selatan",,dokter-umum,2025-06-15 03:05:17
dr. Femi Dwi Aldini,Dokter Umum,halodoc,"Setiabudi, Jakarta Selatan",,dokter-umum,2025-06-15 03:05:17
dr. Fenny Indrawati Tandjung,Dokter Umum,Klinik Abdi Mulia,"Sukomanunggal, Kota Surabaya",,dokter-umum,2025-06-15 03:05:17
dr. Fenny Rahayu,Dokter Umum,APOTEK ROXY,"Bekasi Selatan, Bekasi",,dokter-umum,2025-06-15 03:05:17
dr Fenny Rohayu,Dokter Umum,APOTEK ROXY,"Bekasi Selatan, Bekasi",,dokter-umum,2025-06-15 03:05:17
Dr. Fenska Seipalla,Dokter Umum,halodoc,"Setiabudi, Jakarta Selatan",,dokter-umum,2025-06-15 03:05:17
dr. Fenti Erlianti,Dokter Umum,halodoc,"Setiabudi, Jakarta Selatan",,dokter-umum,2025-06-15 03:05:17
dr. Fenti Fathonah,Dokter Umum,halodoc,"Setiabudi, Jakarta Selatan",,dokter-umum,2025-06-15 03:05:19
Dr. Fenty Dewita Br Barus,Dokter Umum,halodoc,"Setiabudi, Jakarta Selatan",,dokter-umum,2025-06-15 03:05:19
dr. Fenty T,Dokter Umum,Apotik Sumber Sehat Medika,"Bekasi Utara, Bekasi",,dokter-umum,2025-06-15 03:05:19
dr. Fenty Tistyowati,Dokter Umum,Fenty Tistyowati,"Rawalumbu, Bekasi",,dokter-umum,2025-06-15 03:05:19
Dr. Fenty Tistyowati,Dokter Umum,Fenty Tistyowati,"Rawalumbu, Bekasi",,dokter-umum,2025-06-15 03:05:19
Dr. Fenty Tistyowati,Dokter Umum,Apotik Sumber Sehat Medika,"Bekasi Utara, Bekasi",,dokter-umum,2025-06-15 03:05:19
Dr. Fenty Tistyowati,Dokter Umum,Fenty Tistyowati,"Rawalumbu, Bekasi",,dokter-umum,2025-06-15 03:05:19
Dr. Fenty Tistyowati,Dokter Umum,Fenty Tistyowati,"Rawalumbu, Bekasi",,dokter-umum,2025-06-15 03:05:19
Dr. Fenty Tistyowati,Dokter Umum,Fenty Tistyowati,"Rawalumbu, Bekasi",,dokter-umum,2025-06-15 03:05:19
dr Fenty Tistyowati,Dokter Umum,Fenty Tistyowati,"Rawalumbu, Bekasi",,dokter-umum,2025-06-15 03:05:19
dr Fenty Tistyowati,Dokter Umum,Fenty Tistyowati,"Rawalumbu, Bekasi",,dokter-umum,2025-06-15 03:05:22
Dr. Ferdi Ragil Hidayat,Dokter Umum,halodoc,"Setiabudi, Jakarta Selatan",,dokter-umum,2025-06-15 03:05:22
Ferdi Stefiyan,Dokter Umum,halodoc,"Setiabudi, Jakarta Selatan",,dokter-umum,2025-06-15 03:05:22
dr. Ferdian Riztavy,Dokter Umum,halodoc,"Setiabudi, Jakarta Selatan",,dokter-umum,2025-06-15 03:05:22
dr. Ferdinand Gouwtama,Dokter Umum,halodoc,"Setiabudi, Jakarta Selatan",,dokter-umum,2025-06-15 03:05:22
Dr. Ferina Steffi Aronggear,Dokter Umum,halodoc,"Setiabudi, Jakarta Selatan",,dokter-umum,2025-06-15 03:05:22
Dr. Ferita Santi Nurmalasari,Dokter Umum,halodoc,"Setiabudi, Jakarta Selatan",,dokter-umum,2025-06-15 03:05:22
dr. Ferli Sabtiani Ahdinur,Dokter Umum,halodoc,"Setiabudi, Jakarta Selatan",,dokter-umum,2025-06-15 03:05:22
dr. Fernando Feliz Christyan,Dokter Umum,halodoc,"Setiabudi, Jakarta Selatan",,dokter-umum,2025-06-15 03:05:22
Dr. Feronica,Dokter Umum,KLINIK KIMIA FARMA 079,"Matraman, Jakarta Timur",,dokter-umum,2025-06-15 03:05:22
dr. Feronika,Dokter Umum,Halodoc Teleconsultation,"Setiabudi, Jakarta Selatan",,dokter-umum,2025-06-15 03:05:24
dr. Feronika,Dokter Umum,halodoc,"Setiabudi, Jakarta Selatan",,dokter-umum,2025-06-15 03:05:24
dr. Ferry Ferdana,Dokter Umum,dr. Ferry Perdana,"Setiabudi, Jakarta Selatan",,dokter-umum,2025-06-15 03:05:24
dr. Fery Setiawan,Dokter Umum,halodoc,"Setiabudi, Jakarta Selatan",,dokter-umum,2025-06-15 03:05:24
Dr. Festi Rosika Nengsih,Dokter Umum,halodoc,"Setiabudi, Jakarta Selatan",,dokter-umum,2025-06-15 03:05:24
dr. Fheby Syabrina,Dokter Umum,halodoc,"Setiabudi, Jakarta Selatan",,dokter-umum,2025-06-15 03:05:24
dr. Fia Melia,Dokter Umum,halodoc,"Setiabudi, Jakarta Selatan",,dokter-umum,2025-06-15 03:05:24
dr. Ficka Vitriya,Dokter Umum,halodoc,"Setiabudi, Jakarta Selatan",,dokter-umum,2025-06-15 03:05:24
dr. Fidella Ayu Aldora,Dokter Umum,halodoc,"Setiabudi, Jakarta Selatan",,dokter-umum,2025-06-15 03:05:24
dr. Fidia Anggraini,Dokter Umum,halodoc,"Setiabudi, Jakarta Selatan",,dokter-umum,2025-06-15 03:05:24
dr. Fidia Paramitha Putri,Dokter Umum,halodoc,"Setiabudi, Jakarta Selatan",,dokter-umum,2025-06-15 03:05:27
dr. Fidya Rizka Amalia,Dokter Umum,halodoc,"Setiabudi, Jakarta Selatan",,dokter-umum,2025-06-15 03:05:27
dr. Fierda Ovita Azhari,Dokter Umum,halodoc,"Setiabudi, Jakarta Selatan",,dokter-umum,2025-06-15 03:05:27
dr. Fified Fajar Ramanda,Dokter Umum,halodoc,"Setiabudi, Jakarta Selatan",,dokter-umum,2025-06-15 03:05:27
dr. Fified Fajar Ramanda,Dokter Umum,APOTIK SITI KHADIJAH,"Banyusari, Kabupaten Karawang",,dokter-umum,2025-06-15 03:05:27
Dr. Fifil Rizki Suitri,Dokter Umum,halodoc,"Setiabudi, Jakarta Selatan",,dokter-umum,2025-06-15 03:05:27
dr. Fifit Syafitri,Dokter Umum,RSUD Al Ihsan Provinsi Jawa Barat,"Baleendah, Kabupaten Bandung",,dokter-umum,2025-06-15 03:05:27
Dr. Fikri Barliansyah Lubis,Dokter Umum,halodoc,"Setiabudi, Jakarta Selatan",,dokter-umum,2025-06-15 03:05:27
dr. Fikri Budimansyah,Dokter Umum,Klinik Dawa,"Beji, Depok",,dokter-umum,2025-06-15 03:05:27
dr. Fikri Budimansyah,Dokter Umum,Klinik Dawa,"Beji, Depok",,dokter-umum,2025-06-15 03:05:27
dr. Fikri Maulana,Dokter Umum,halodoc,"Setiabudi, Jakarta Selatan",,dokter-umum,2025-06-15 03:05:29
dr. Fikriadi,Dokter Umum,Klinik Pratama Barokah Medika Sukamandi,"Ciasem, Kabupaten Subang",,dokter-umum,2025-06-15 03:05:29
dr. Fikriah Rahmi,Dokter Umum,halodoc,"Setiabudi, Jakarta Selatan",,dokter-umum,2025-06-15 03:05:29
dr. Fikry Barran,Dokter Umum,halodoc,"Setiabudi, Jakarta Selatan",,dokter-umum,2025-06-15 03:05:29
Dr. Filbert Tandean,Dokter Umum,halodoc,"Setiabudi, Jakarta Selatan",,dokter-umum,2025-06-15 03:05:29
Dr. Filjordan Andrisoni Imanuel Lulupoy,Dokter Umum,halodoc,"Setiabudi, Jakarta Selatan",,dokter-umum,2025-06-15 03:05:29
Dr. Fiona Junita,Dokter Umum,Klinik Stella Medika,"Ciledug, Tangerang",,dokter-umum,2025-06-15 03:05:29
dr Fiqih Kartika Murti,Dokter Umum,Klinik Gardenia Medika,"Cakung, Jakarta Timur",,dokter-umum,2025-06-15 03:05:29
dr. Fira Thiodorus,Dokter Umum,halodoc,"Setiabudi, Jakarta Selatan",,dokter-umum,2025-06-15 03:05:29
dr. Firda Fakhrena,Dokter Umum,halodoc,"Setiabudi, Jakarta Selatan",,dokter-umum,2025-06-15 03:05:29
dr. Firdaini,Dokter Umum,halodoc,"Setiabudi, Jakarta Selatan",,dokter-umum,2025-06-15 03:05:32
dr. Firly Clarissa Suyanto,Dokter Umum,halodoc,"Setiabudi, Jakarta Selatan",,dokter-umum,2025-06-15 03:05:32
Dr. Firman Budi Setiawan,Dokter Umum,halodoc,"Setiabudi, Jakarta Selatan",,dokter-umum,2025-06-15 03:05:32
dr. Firman Kurnianto,Dokter Umum,halodoc,"Setiabudi, Jakarta Selatan",,dokter-umum,2025-06-15 03:05:32
dr. Firman Nurrahim,Dokter Umum,halodoc,"Setiabudi, Jakarta Selatan",,dokter-umum,2025-06-15 03:05:32
dr. Firsta Lori Mahdedi,Dokter Umum,dr. Firsta Lori Mahdedi,"Cikarang Barat, Kabupaten Bekasi",,dokter-umum,2025-06-15 03:05:32
dr. Fisca Menia Rahayu,Dokter Umum,Klinik Bimo Medika Permai,"Bekasi Utara, Bekasi",,dokter-umum,2025-06-15 03:05:32
Dr. Fithriani Salma Mardhiyah,Dokter Umum,halodoc,"Setiabudi, Jakarta Selatan",,dokter-umum,2025-06-15 03:05:32
dr. Fitra Habibullah,Dokter Umum,halodoc,"Setiabudi, Jakarta Selatan",,dokter-umum,2025-06-15 03:05:32
Dr. Fitrah Afhdal,Dokter Umum,halodoc,"Setiabudi, Jakarta Selatan",,dokter-umum,2025-06-15 03:05:32
dr. Fitri MKM,Dokter Umum,halodoc,"Setiabudi, Jakarta Selatan",,dokter-umum,2025-06-15 03:05:34
dr. Fitri Astuti Dipl. CIBTAC,Dokter Umum,halodoc,"Setiabudi, Jakarta Selatan",,dokter-umum,2025-06-15 03:05:34
dr. Fitri Eka Wulandari,Dokter Umum,halodoc,"Setiabudi, Jakarta Selatan",,dokter-umum,2025-06-15 03:05:34
Dr. Fitri Nuraisah,Dokter Umum,halodoc,"Setiabudi, Jakarta Selatan",,dokter-umum,2025-06-15 03:05:34
Fitri Rachmawati Putri,Dokter Umum,halodoc,"Setiabudi, Jakarta Selatan",,dokter-umum,2025-06-15 03:05:34
Fitri Rahmalia Akbar,Dokter Umum,halodoc,"Setiabudi, Jakarta Selatan",,dokter-umum,2025-06-15 03:05:34
dr. Fitri Rahmawati,Dokter Umum,halodoc,"Setiabudi, Jakarta Selatan",,dokter-umum,2025-06-15 03:05:34
Dr. Fitri Riadini,Dokter Umum,halodoc,"Setiabudi, Jakarta Selatan",,dokter-umum,2025-06-15 03:05:34
dr. Fitri Rodiyati S,Dokter Umum,Praktek Dokter Umum.,"Cilincing, Jakarta Utara",,dokter-umum,2025-06-15 03:05:34
dr. Fitri Rodiyati S,Dokter Umum,Prakter Fitri Rodityati,"Babelan, Kabupaten Bekasi",,dokter-umum,2025-06-15 03:05:34
dr. Fitria Adelita,Dokter Umum,halodoc,"Setiabudi, Jakarta Selatan",,dokter-umum,2025-06-15 03:05:37
dr. Fitria Agustina,Dokter Umum,Klinik dr. Fitria Agustina,"Gambir, Jakarta Pusat",,dokter-umum,2025-06-15 03:05:37
dr. Fitria Akbar Syani,Dokter Umum,halodoc,"Setiabudi, Jakarta Selatan",,dokter-umum,2025-06-15 03:05:37
Dr. Fitria Anyanti Sp. A,Dokter Umum,Apotek Kondang sehat,"Jatiasih, Bekasi",,dokter-umum,2025-06-15 03:05:37
dr. Fitria Handayani,Dokter Umum,halodoc,"Setiabudi, Jakarta Selatan",,dokter-umum,2025-06-15 03:05:37
Fitria Heldiana,Dokter Umum,halodoc,"Setiabudi, Jakarta Selatan",,dokter-umum,2025-06-15 03:05:37
dr. Fitria Hendriko Putri,Dokter Umum,halodoc,"Setiabudi, Jakarta Selatan",,dokter-umum,2025-06-15 03:05:37
Fitria Sani,Dokter Umum,halodoc,"Setiabudi, Jakarta Selatan",,dokter-umum,2025-06-15 03:05:37
dr. Fitria Wulandari,Dokter Umum,Praktek Pribadi dr. Fitria Wulandari,"Samarinda Ilir, Kota Samarinda",,dokter-umum,2025-06-15 03:05:37
Dr. Fitrian Hanif Zulkarnain,Dokter Umum,halodoc,"Setiabudi, Jakarta Selatan",,dokter-umum,2025-06-15 03:05:37
dr. Fitriana Darmastuti,Dokter Umum,RS PKU Muhammadiyah Kartasura,"Kartasura, Kab Sukoharjo",,dokter-umum,2025-06-15 03:05:39
Dr. Fitriani Yudhi Hastuti,Dokter Umum,halodoc,"Setiabudi, Jakarta Selatan",,dokter-umum,2025-06-15 03:05:39
dr. Fitrianti,Dokter Umum,Apotek AMANAH Pharma,"Bantar Gebang, Bekasi",,dokter-umum,2025-06-15 03:05:39
Dr. Fitril Walida,Dokter Umum,halodoc,"Setiabudi, Jakarta Selatan",,dokter-umum,2025-06-15 03:05:39
dr. Fitrina Aprilia,Dokter Umum,halodoc,"Setiabudi, Jakarta Selatan",,dokter-umum,2025-06-15 03:05:39
Dr. Fitriyana Hendriany,Dokter Umum,halodoc,"Setiabudi, Jakarta Selatan",,dokter-umum,2025-06-15 03:05:39
dr. Fitriyani Putri M.K.M,Dokter Umum,halodoc,"Setiabudi, Jakarta Selatan",,dokter-umum,2025-06-15 03:05:39
dr. Fiyan Bahrul Ilmi,Dokter Umum,halodoc,"Setiabudi, Jakarta Selatan",,dokter-umum,2025-06-15 03:05:39
dr. Florencea Permatasari Sp. A,Dokter Umum,RS Paramedika,"Rawalumbu, Bekasi",,dokter-umum,2025-06-15 03:05:39
dr. Florencia Lokananta,Dokter Umum,halodoc,"Setiabudi, Jakarta Selatan",,dokter-umum,2025-06-15 03:05:39
Dr. Fonyta Sugianto,Dokter Umum,dr.Fonyta Sugianto,"Trenggalek, Trenggalek",,dokter-umum,2025-06-15 03:05:42
Dr. Forsalina Tamara,Dokter Umum,halodoc,"Setiabudi, Jakarta Selatan",,dokter-umum,2025-06-15 03:05:42
dr. Fourenty Kusuma,Dokter Umum,halodoc,"Setiabudi, Jakarta Selatan",,dokter-umum,2025-06-15 03:05:42
dr. Fourenty Kusuma,Dokter Umum,halodoc,"Setiabudi, Jakarta Selatan",,dokter-umum,2025-06-15 03:05:42
Dr. Francisco Gilbert Timothy,Dokter Umum,halodoc,"Setiabudi, Jakarta Selatan",,dokter-umum,2025-06-15 03:05:42
Dr. Frangky Jeremy,Dokter Umum,KLINIK PRATAMA SASANTY,"Ciledug, Tangerang",,dokter-umum,2025-06-15 03:05:42
Dr. Frans Jeremy,Dokter Umum,KLINIK SASANTI,"Megamendung, Kabupaten Bogor",,dokter-umum,2025-06-15 03:05:42
Dr. Frans Jeremy,Dokter Umum,KLINIK PRATAMA SASANTY,"Ciledug, Tangerang",,dokter-umum,2025-06-15 03:05:42
dr. Frans M,Dokter Umum,Klinik dr. Frans Misi,"Bojonggede, Kabupaten Bogor",,dokter-umum,2025-06-15 03:05:42
Dr. Fransisca Emerald,Dokter Umum,RSUD Kemayoran.,"Kemayoran, Jakarta Pusat",,dokter-umum,2025-06-15 03:05:42
dr. Fransisca Hilda Carolina Pratiwi,Dokter Umum,halodoc,"Setiabudi, Jakarta Selatan",,dokter-umum,2025-06-15 03:05:44
dr. Fransisca Maya Angela,Dokter Umum,halodoc,"Setiabudi, Jakarta Selatan",,dokter-umum,2025-06-15 03:05:44
dr. Fransisca Natalia,Dokter Umum,halodoc,"Setiabudi, Jakarta Selatan",,dokter-umum,2025-06-15 03:05:44
dr. Fransiska Aprie,Dokter Umum,halodoc,"Setiabudi, Jakarta Selatan",,dokter-umum,2025-06-15 03:05:44
dr. Fransiska Rina,Dokter Umum,halodoc,"Setiabudi, Jakarta Selatan",,dokter-umum,2025-06-15 03:05:44
dr. Fransiskus Rajagukguk,Dokter Umum,halodoc,"Setiabudi, Jakarta Selatan",,dokter-umum,2025-06-15 03:05:44
Dr. Fraya Livia Ulima,Dokter Umum,halodoc,"Setiabudi, Jakarta Selatan",,dokter-umum,2025-06-15 03:05:44
dr. Frederick Lim,Dokter Umum,halodoc,"Setiabudi, Jakarta Selatan",,dokter-umum,2025-06-15 03:05:44
dr Fredrick,Dokter Umum,APOTEK ROXY,"Bekasi Selatan, Bekasi",,dokter-umum,2025-06-15 03:05:44
dr. Fren Afrita,Dokter Umum,Klinik Sumber Sehat.,"Johar Baru, Jakarta Pusat",,dokter-umum,2025-06-15 03:05:44
dr. Frendy,Dokter Umum,Klinik Mitra Sehat Husada,"Lubuk Pakam, Kabupaten Deli Serdang",,dokter-umum,2025-06-15 03:05:47
dr. Freni Afita,Dokter Umum,Klinik Sumber Sehat.,"Johar Baru, Jakarta Pusat",,dokter-umum,2025-06-15 03:05:47
Dr. Frenji Afrita,Dokter Umum,APOTEK SUMBER SEHAT,"Kelapa Gading, Jakarta Utara",,dokter-umum,2025-06-15 03:05:47
Dr. Frianton TS Sp. OG,Dokter Umum,Apotek K24,"Banjarbaru Selatan, Kota Banjarbaru",,dokter-umum,2025-06-15 03:05:47
Dr. Frida Roselina,Dokter Umum,KLINIK UTAMA TALENTA CENTER,"Kebayoran Lama, Jakarta Selatan",,dokter-umum,2025-06-15 03:05:47
dr. Frisca,Dokter Umum,halodoc,"Setiabudi, Jakarta Selatan",,dokter-umum,2025-06-15 03:05:47
dr. Friska Yeni Sinamo,Dokter Umum,Praktek dokter.,"Bukit Raya, Kota Pekanbaru",,dokter-umum,2025-06-15 03:05:47
dr. Fuad Efendi,Dokter Umum,halodoc,"Setiabudi, Jakarta Selatan",,dokter-umum,2025-06-15 03:05:47
dr. Fuad Hadyan Rakhmadi,Dokter Umum,Klinik 212 Jagakarsa,"Jagakarsa, Jakarta Selatan",,dokter-umum,2025-06-15 03:05:47
dr. Fuad Iqbal Elka Putra,Dokter Umum,halodoc,"Setiabudi, Jakarta Selatan",,dokter-umum,2025-06-15 03:05:47
dr. Fuad Zainudin,Dokter Umum,Praktek dr.Fuad Zainudin,"Weru, Kabupaten Cirebon",,dokter-umum,2025-06-15 03:05:49
Dr. Fuad Zainudin,Dokter Umum,Praktek dr.Fuad Zainudin,"Weru, Kabupaten Cirebon",,dokter-umum,2025-06-15 03:05:49
"Futi Nurul Destya S,Ft",Dokter Umum,halodoc,"Setiabudi, Jakarta Selatan",,dokter-umum,2025-06-15 03:05:49
dr. Fyan Ramadanty,Dokter Umum,halodoc,"Setiabudi, Jakarta Selatan",,dokter-umum,2025-06-15 03:05:49
dr. G. Iranita Dyantika. R,Dokter Umum,halodoc,"Setiabudi, Jakarta Selatan",,dokter-umum,2025-06-15 03:05:49
G. St. Husnul Khotimah,Dokter Umum,halodoc,"Setiabudi, Jakarta Selatan",,dokter-umum,2025-06-15 03:05:49
dr. GAP Wahyu Dewi WP,Dokter Umum,halodoc,"Setiabudi, Jakarta Selatan",,dokter-umum,2025-06-15 03:05:49
dr. GERHARD YUDIANTORO HUTABA,Dokter Umum,Klinik Pratama Rawasari,"Cempaka Putih, Jakarta Pusat",,dokter-umum,2025-06-15 03:05:49
dr. GIOVANNI REYNALDO,Dokter Umum,RS St. Carolus Salemba,"Senen, Jakarta Pusat",,dokter-umum,2025-06-15 03:05:49
dr. GITA AMELIA,Dokter Umum,Klinik Ibnu Sina Rapak,"Balikpapan Timur, Kota Balikpapan",,dokter-umum,2025-06-15 03:05:49
dr. Gabieola Chintya Melati,Dokter Umum,halodoc,"Setiabudi, Jakarta Selatan",,dokter-umum,2025-06-15 03:05:52
dr. Gabriela Anggraini,Dokter Umum,halodoc,"Setiabudi, Jakarta Selatan",,dokter-umum,2025-06-15 03:05:52
dr. Gabriella Florencia,Dokter Umum,halodoc,"Setiabudi, Jakarta Selatan",,dokter-umum,2025-06-15 03:05:52
dr. Gabriella Mariza Almandra,Dokter Umum,halodoc,"Setiabudi, Jakarta Selatan",,dokter-umum,2025-06-15 03:05:52
dr. Gabriella Natalia,Dokter Umum,halodoc,"Setiabudi, Jakarta Selatan",,dokter-umum,2025-06-15 03:05:52
dr. Gabriella Triana Ayu,Dokter Umum,halodoc,"Setiabudi, Jakarta Selatan",,dokter-umum,2025-06-15 03:05:52
dr. Gabrielle E. Sirih,Dokter Umum,halodoc,"Setiabudi, Jakarta Selatan",,dokter-umum,2025-06-15 03:05:52
Dr. Gabrielle Glenis,Dokter Umum,halodoc,"Setiabudi, Jakarta Selatan",,dokter-umum,2025-06-15 03:05:52
dr. Gaby Saputra,Dokter Umum,halodoc,"Setiabudi, Jakarta Selatan",,dokter-umum,2025-06-15 03:05:52
dr. Gama Hermawan,Dokter Umum,Klinik Fikri Medika 2,"Klari, Kabupaten Karawang",,dokter-umum,2025-06-15 03:05:52
Dr. Gama Hermawan,Dokter Umum,Klinik Fikri Medika 2,"Klari, Kabupaten Karawang",,dokter-umum,2025-06-15 03:05:54
dr. Gama Hermawan,Dokter Umum,Klinik Fikri Medika 2,"Klari, Kabupaten Karawang",,dokter-umum,2025-06-15 03:05:54
dr. Gama Hermawan,Dokter Umum,Klinik Fikri Medika,"Karawang Barat, Kabupaten Karawang",,dokter-umum,2025-06-15 03:05:54
dr. Gamar,Dokter Umum,halodoc,"Setiabudi, Jakarta Selatan",,dokter-umum,2025-06-15 03:05:54
dr. Ganda Hermawan,Dokter Umum,Klinik Fikri Medika 2,"Klari, Kabupaten Karawang",,dokter-umum,2025-06-15 03:05:54
dr. Gandi Mahardika Mukti,Dokter Umum,halodoc,"Setiabudi, Jakarta Selatan",,dokter-umum,2025-06-15 03:05:54
dr. Gaos Hidayatullah,Dokter Umum,Klinik Utama Pinang Sari I,"Pinang, Tangerang",,dokter-umum,2025-06-15 03:05:54
dr. Gatot,Dokter Umum,halodoc,"Setiabudi, Jakarta Selatan",,dokter-umum,2025-06-15 03:05:54
dr. Gea Anugrah Adinda,Dokter Umum,halodoc,"Setiabudi, Jakarta Selatan",,dokter-umum,2025-06-15 03:05:54
dr. Gemita Pramentari Ade Brata,Dokter Umum,Klinik 212 Jagakarsa,"Jagakarsa, Jakarta Selatan",,dokter-umum,2025-06-15 03:05:54
Genanda Fisabilila,Dokter Umum,halodoc,"Setiabudi, Jakarta Selatan",,dokter-umum,2025-06-15 03:05:57
dr. Gene Dwipramana,Dokter Umum,halodoc,"Setiabudi, Jakarta Selatan",,dokter-umum,2025-06-15 03:05:57
dr Gerald Abraham,Dokter Umum,Apotik Rini,"Pulo Gadung, Jakarta Timur",,dokter-umum,2025-06-15 03:05:57
dr. Geralda Putri Pelealu,Dokter Umum,halodoc,"Setiabudi, Jakarta Selatan",,dokter-umum,2025-06-15 03:05:57
dr. Gerda Bina Larasati,Dokter Umum,halodoc,"Setiabudi, Jakarta Selatan",,dokter-umum,2025-06-15 03:05:57
Dr. Geri Ahmad Syaifuddin,Dokter Umum,halodoc,"Setiabudi, Jakarta Selatan",,dokter-umum,2025-06-15 03:05:57
dr. Gerry Maulana,Dokter Umum,halodoc,"Setiabudi, Jakarta Selatan",,dokter-umum,2025-06-15 03:05:57
dr. Gerry Wonggokusuma,Dokter Umum,halodoc,"Setiabudi, Jakarta Selatan",,dokter-umum,2025-06-15 03:05:57
dr. Gerry Wonggokusuma,Dokter Umum,halodoc,"Setiabudi, Jakarta Selatan",,dokter-umum,2025-06-15 03:05:57
dr. Gerry Wonggokusuma,Dokter Umum,halodoc,"Setiabudi, Jakarta Selatan",,dokter-umum,2025-06-15 03:05:57
dr. Gerry Wonggokusuma,Dokter Umum,halodoc,"Setiabudi, Jakarta Selatan",,dokter-umum,2025-06-15 03:05:59
dr. Gerry Wonggokusuma,Dokter Umum,halodoc,"Setiabudi, Jakarta Selatan",,dokter-umum,2025-06-15 03:05:59
Dr. Geska Hermawati,Dokter Umum,halodoc,"Setiabudi, Jakarta Selatan",,dokter-umum,2025-06-15 03:05:59
dr. Getsy Daony Sitanggang,Dokter Umum,halodoc,"Setiabudi, Jakarta Selatan",,dokter-umum,2025-06-15 03:05:59
Dr. Ghaisani humairah,Dokter Umum,halodoc,"Setiabudi, Jakarta Selatan",,dokter-umum,2025-06-15 03:05:59
dr Ghaliby Ardhia Ramli,Dokter Umum,0,"Bekasi Selatan, Bekasi",,dokter-umum,2025-06-15 03:05:59
dr. Ghani Ikhsan Majid,Dokter Umum,halodoc,"Setiabudi, Jakarta Selatan",,dokter-umum,2025-06-15 03:05:59
Dr. Ghazkhan Shah Ghanar,Dokter Umum,halodoc,"Setiabudi, Jakarta Selatan",,dokter-umum,2025-06-15 03:05:59
Dr. Ghea Ginanesia,Dokter Umum,halodoc,"Setiabudi, Jakarta Selatan",,dokter-umum,2025-06-15 03:05:59
dr. Ghina Efrilia Roza,Dokter Umum,KLINIK KOSASIH PASAR TUGU,"Kedamaian, Kota Bandar Lampung",,dokter-umum,2025-06-15 03:05:59
dr. Gian Oktavianto,Dokter Umum,halodoc,"Setiabudi, Jakarta Selatan",,dokter-umum,2025-06-15 03:06:02
dr. Gigin Sandria,Dokter Umum,halodoc,"Setiabudi, Jakarta Selatan",,dokter-umum,2025-06-15 03:06:02
dr. Gilang Sukma Muhamad,Dokter Umum,halodoc,"Setiabudi, Jakarta Selatan",,dokter-umum,2025-06-15 03:06:02
dr. Giska Meilia,Dokter Umum,halodoc,"Setiabudi, Jakarta Selatan",,dokter-umum,2025-06-15 03:06:02
dr. Gita Claudia,Dokter Umum,halodoc,"Setiabudi, Jakarta Selatan",,dokter-umum,2025-06-15 03:06:02
dr. Gita Nur Siwi,Dokter Umum,halodoc,"Setiabudi, Jakarta Selatan",,dokter-umum,2025-06-15 03:06:02
dr. Gita Sri Rahayu,Dokter Umum,halodoc,"Setiabudi, Jakarta Selatan",,dokter-umum,2025-06-15 03:06:02
Dr. Gitty Ristiana Jatmika,Dokter Umum,halodoc,"Setiabudi, Jakarta Selatan",,dokter-umum,2025-06-15 03:06:02
dr. Gizka Yolanda Putri,Dokter Umum,Praktek Dokter Umum Dr. Ernawaty Nusyirwan,"Pulo Gadung, Jakarta Timur",,dokter-umum,2025-06-15 03:06:02
Dr. Glori Teofilus,Dokter Umum,halodoc,"Setiabudi, Jakarta Selatan",,dokter-umum,2025-06-15 03:06:02
Dr. Gloria Amanda Putri,Dokter Umum,halodoc,"Setiabudi, Jakarta Selatan",,dokter-umum,2025-06-15 03:06:04
Dr. Gloria Crisna,Dokter Umum,halodoc,"Setiabudi, Jakarta Selatan",,dokter-umum,2025-06-15 03:06:04
dr. Glory Artauli,Dokter Umum,halodoc,"Setiabudi, Jakarta Selatan",,dokter-umum,2025-06-15 03:06:04
dr. Glory Audrey Haurissa,Dokter Umum,RS Provita,"Jayapura Utara, Kota Jayapura",,dokter-umum,2025-06-15 03:06:04
dr. Go Yohana Gunawan,Dokter Umum,halodoc,"Setiabudi, Jakarta Selatan",,dokter-umum,2025-06-15 03:06:04
Dr. Grace Elizabeth Claudia,Dokter Umum,halodoc,"Setiabudi, Jakarta Selatan",,dokter-umum,2025-06-15 03:06:04
dr. Grace Hardiana Puspitasari,Dokter Umum,halodoc,"Setiabudi, Jakarta Selatan",,dokter-umum,2025-06-15 03:06:04
dr. Grace Hardiana Puspitasari,Dokter Umum,halodoc,"Setiabudi, Jakarta Selatan",,dokter-umum,2025-06-15 03:06:04
dr. Grace Natalia Silaban,Dokter Umum,halodoc,"Setiabudi, Jakarta Selatan",,dokter-umum,2025-06-15 03:06:04
dr. Grace Nova Mamarimbing,Dokter Umum,halodoc,"Setiabudi, Jakarta Selatan",,dokter-umum,2025-06-15 03:06:04
dr. Grace Odella B,Dokter Umum,Apotik Sarana Sehat,"Serpong, Tangerang Selatan",,dokter-umum,2025-06-15 03:06:07
Dr. Greg Agung H Sp. OG,Dokter Umum,Apotek K24,"Banjarbaru Selatan, Kota Banjarbaru",,dokter-umum,2025-06-15 03:06:07
dr. Gufron Nugroho,Dokter Umum,halodoc,"Setiabudi, Jakarta Selatan",,dokter-umum,2025-06-15 03:06:07
dr. Gumelar Arafah,Dokter Umum,halodoc,"Setiabudi, Jakarta Selatan",,dokter-umum,2025-06-15 03:06:07
dr Gunawan,Dokter Umum,APOTIK PULO INDAH,"Siman, Kabupaten Ponorogo",,dokter-umum,2025-06-15 03:06:07
dr. Gunawan Wiaya Setiawan,Dokter Umum,Praktek dr. Gunawan Wijaya Setiawan,"Medan Timur, Kota Medan",,dokter-umum,2025-06-15 03:06:07
dr. Gus Jaya Laksana Hartanto S.Ked,Dokter Umum,halodoc,"Setiabudi, Jakarta Selatan",,dokter-umum,2025-06-15 03:06:07
dr. Gusna Ridha,Dokter Umum,klinik dr. Gusna Ridha,"Bogor Barat, Bogor",,dokter-umum,2025-06-15 03:06:07
dr. Gusria Winingsih,Dokter Umum,halodoc,"Setiabudi, Jakarta Selatan",,dokter-umum,2025-06-15 03:06:07
dr. Gusti Ayu Cyntia Sri AdityarinI S.Ked,Dokter Umum,halodoc,"Setiabudi, Jakarta Selatan",,dokter-umum,2025-06-15 03:06:07
dr. Gusti Ayu Cyntia Sti Adityarini S.Ked,Dokter Umum,halodoc,"Setiabudi, Jakarta Selatan",,dokter-umum,2025-06-15 03:06:09
Dr. Gusti Ayu Putu Giti Livia Devi,Dokter Umum,halodoc,"Setiabudi, Jakarta Selatan",,dokter-umum,2025-06-15 03:06:09
dr. Gusti Eka Putri,Dokter Umum,halodoc,"Setiabudi, Jakarta Selatan",,dokter-umum,2025-06-15 03:06:09
dr. Gusti Muhammad Sena Arimadhyaksa,Dokter Umum,halodoc,"Setiabudi, Jakarta Selatan",,dokter-umum,2025-06-15 03:06:09
dr. Gusti Muhammad Sena Arimadyaksa,Dokter Umum,halodoc,"Setiabudi, Jakarta Selatan",,dokter-umum,2025-06-15 03:06:09
dr. Gustian Satria Pratama,Dokter Umum,Klinik Shila Medika,"Cikarang Barat, Kabupaten Bekasi",,dokter-umum,2025-06-15 03:06:09
Dr. H Agus Yulianto Prabowo,Dokter Umum,dr.H Agus Yulianto Prabowo,"Pemalang, Kabupaten Pemalang",,dokter-umum,2025-06-15 03:06:09
dr. H Andra,Dokter Umum,Dr H Andra,"Klangenan, Kabupaten Cirebon",,dokter-umum,2025-06-15 03:06:09
dr. H Ariadi M. Kes,Dokter Umum,dr H Ariadi M. Kes,"Kota Kudus, Kabupaten Kudus",,dokter-umum,2025-06-15 03:06:09
dr. H Muhammad Mukhson Sp. A,Dokter Umum,Klinik Al Khair,"Duren Sawit, Jakarta Timur",,dokter-umum,2025-06-15 03:06:09
dr. H. ALEX EFFENDI,Dokter Umum,Poli klinik Asri Nugraha 24 jam,"Bekasi Utara, Bekasi",,dokter-umum,2025-06-15 03:06:12
dr. H. ANDRA,Dokter Umum,Dr H Andra,"Klangenan, Kabupaten Cirebon",,dokter-umum,2025-06-15 03:06:12
dr. H. ANTONY S. NAGA,Dokter Umum,Klinik Kusuma Medika.,"Telukjambe Timur, Kabupaten Karawang",,dokter-umum,2025-06-15 03:06:12
dr. H. Abdul Rapieq,Dokter Umum,Praktek Dokter Umum.,"Cilincing, Jakarta Utara",,dokter-umum,2025-06-15 03:06:12
dr. H. Ade Barsya,Dokter Umum,RSUD Al Ihsan Provinsi Jawa Barat,"Baleendah, Kabupaten Bandung",,dokter-umum,2025-06-15 03:06:12
dr H. Alex Effendi,Dokter Umum,Poli klinik Asri Nugraha 24 jam,"Bekasi Utara, Bekasi",,dokter-umum,2025-06-15 03:06:12
dr. H. Alex Effendi,Dokter Umum,Poli klinik Asri Nugraha 24 jam,"Bekasi Utara, Bekasi",,dokter-umum,2025-06-15 03:06:12
dr. H. Alex Effendi,Dokter Umum,Poli klinik Asri Nugraha 24 jam,"Bekasi Utara, Bekasi",,dokter-umum,2025-06-15 03:06:12
Dr. H. Bagyo S-SWA MMR,Dokter Umum,APOTEK M DUO,"Muara Lakitan, Kabupaten Musi Rawas",,dokter-umum,2025-06-15 03:06:12
Dr. H. Bambang Lamoyo,Dokter Umum,Klinik Hikmah Asri Nugraha,"Bantar Gebang, Bekasi",,dokter-umum,2025-06-15 03:06:12
Dr. H. Budhy Gunawan,Dokter Umum,halodoc,"Setiabudi, Jakarta Selatan",,dokter-umum,2025-06-15 03:06:15
Dr. H. Budhy Gunawan,Dokter Umum,Raditya Medical Center,"Beji, Depok",,dokter-umum,2025-06-15 03:06:15
Dr. H. Budhy Gunawan,Dokter Umum,Raditya Medical Center,"Beji, Depok",,dokter-umum,2025-06-15 03:06:15
Dr. H. Budhy Gunawan,Dokter Umum,Raditya Medical Center,"Beji, Depok",,dokter-umum,2025-06-15 03:06:15
dr. H. Dede Nugraha MM.,Dokter Umum,Praktek dr Dede Nugraha,"Lemahabang, Kabupaten Karawang",,dokter-umum,2025-06-15 03:06:15
dr H. Dhama,Dokter Umum,Apotek Tiga Empat,"Mangunreja, Kabupaten Tasikmalaya",,dokter-umum,2025-06-15 03:06:15
dr. H. Hendryana,Dokter Umum,Praktek dokter.,"Bukit Raya, Kota Pekanbaru",,dokter-umum,2025-06-15 03:06:15
Dr. H. Hidayat,Dokter Umum,KLINIK PRATAMA MALDA MEDIKA,"Margahayu, Kabupaten Bandung",,dokter-umum,2025-06-15 03:06:15
Dr. H. Iwan Pujiman,Dokter Umum,halodoc,"Setiabudi, Jakarta Selatan",,dokter-umum,2025-06-15 03:06:15
Dr. H. Lutfi Afiantoro,Dokter Umum,Praktek dokter.,"Bukit Raya, Kota Pekanbaru",,dokter-umum,2025-06-15 03:06:15
dr. H. Nugraha,Dokter Umum,"Prakter dr, Nugraha","Penjaringan, Jakarta Utara",,dokter-umum,2025-06-15 03:06:18
dr H. Pandji Purnama Sp. A,Dokter Umum,Apotek Medika Utama,"Tawang, Kota Tasikmalaya",,dokter-umum,2025-06-15 03:06:18
dr. H. Panji Prabowo,Dokter Umum,dr H Panji Prabowo,"Cilacap Utara, Kabupaten Cilacap",,dokter-umum,2025-06-15 03:06:18
dr. H. Pudjo Trimakno,Dokter Umum,Praktek dokter.,"Bukit Raya, Kota Pekanbaru",,dokter-umum,2025-06-15 03:06:18
Dr. H. SURYONO WIBOWO,Dokter Umum,Suryono Wibowo H Dr,"Duren Sawit, Jakarta Timur",,dokter-umum,2025-06-15 03:06:18
Dr. H. SURYONO WIBOWO SP. A,Dokter Umum,Klinik Apotek Duren Sawit,"Duren Sawit, Jakarta Timur",,dokter-umum,2025-06-15 03:06:18
Dr. H. Sholahudin M.R.,Dokter Umum,dr Sholahudin,"Cempaka Putih, Jakarta Pusat",,dokter-umum,2025-06-15 03:06:18
Dr. H. Sholahudin M.H.,Dokter Umum,dr Sholahudin,"Cempaka Putih, Jakarta Pusat",,dokter-umum,2025-06-15 03:06:18
Dr. H. Sholahudin M.H.,Dokter Umum,dr Sholahudin,"Cempaka Putih, Jakarta Pusat",,dokter-umum,2025-06-15 03:06:18
dr. H. Sjafrizal Muluk,Dokter Umum,Klinik Sari Medika,"Medan Satria, Bekasi",,dokter-umum,2025-06-15 03:06:18
dr. H. Slamet Sutaryo MM,Dokter Umum,Praktek dr. slamet sutaryo,"Margorejo, Pati",,dokter-umum,2025-06-15 03:06:21
dr. H. Somari Wiriaatmadja M.Kes,Dokter Umum,Klinik Anggadita Medika,"Cilamaya Kulon, Kabupaten Karawang",,dokter-umum,2025-06-15 03:06:21
dr. H. Somari Wiriatmadja,Dokter Umum,Klinik 24 jam ANGGADITA MEDIKA,"Kepulauan Seribu Selatan, Kepulauan Seribu",,dokter-umum,2025-06-15 03:06:21
dr. H. Suherman,Dokter Umum,halodoc,"Setiabudi, Jakarta Selatan",,dokter-umum,2025-06-15 03:06:21
dr H. Suryono Wibowo Sp. A,Dokter Umum,Apotek Mustadjab,"Duren Sawit, Jakarta Timur",,dokter-umum,2025-06-15 03:06:21
dr. H. Syamsu Andi Hakim,Dokter Umum,Klinik Pratama Bhakti Sairi,"Matraman, Jakarta Timur",,dokter-umum,2025-06-15 03:06:21
dr. H. TULUS BUDI PURWANTO,Dokter Umum,dr. Tulus Budi,"Wangon, Kabupaten Banyumas",,dokter-umum,2025-06-15 03:06:21
dr. H. Uun Kusdhany M.Kes.,Dokter Umum,"Dr. H. Uun Kusdhany, MKM.","Bekasi Barat, Bekasi",,dokter-umum,2025-06-15 03:06:21
dr. H. Uun Kusdhany M.kes.,Dokter Umum,APOTEK SEHAT,"Bogor Selatan, Bogor",,dokter-umum,2025-06-15 03:06:21
dr. H. Uun Kushdany M.kes.,Dokter Umum,"Dr. H. Uun Kusdhany, MKM.","Bekasi Barat, Bekasi",,dokter-umum,2025-06-15 03:06:21
dr. H. Uun Kushdany M.kes.,Dokter Umum,"Dr. H. Uun Kusdhany, MKM.","Bekasi Barat, Bekasi",,dokter-umum,2025-06-15 03:06:23
dr. H.B. Rudyanto,Dokter Umum,Apotek Kimia Farma - Dharmawangsa,"Galis, Kabupaten Bangkalan",,dokter-umum,2025-06-15 03:06:23
Dr. H.B. Rudyanto,Dokter Umum,Praktek dr. Rudiyanto,"Kemayoran, Jakarta Pusat",,dokter-umum,2025-06-15 03:06:23
Dr. H.M. Herpian Nugrahadil,Dokter Umum,halodoc,"Setiabudi, Jakarta Selatan",,dokter-umum,2025-06-15 03:06:23
dr. HADI KOESNAN,Dokter Umum,Klinik Utama Aji Waras.,"Cilandak, Jakarta Selatan",,dokter-umum,2025-06-15 03:06:23
Dr. HARIMUKTU,Dokter Umum,Apotik Aidan,"Bekasi Utara, Bekasi",,dokter-umum,2025-06-15 03:06:23
dr. HARY IRAWAN,Dokter Umum,Klinik Abdi Mulia,"Sukomanunggal, Kota Surabaya",,dokter-umum,2025-06-15 03:06:23
dr. HARYETTI,Dokter Umum,Klinik Kimia Farma Bendungan Hilir,"Tanah Abang, Jakarta Pusat",,dokter-umum,2025-06-15 03:06:23
dr. HASAN ALBANA M.K.M,Dokter Umum,RSU Proklamasi,"Bogor Tengah, Bogor",,dokter-umum,2025-06-15 03:06:23
DR. HASANAH,Dokter Umum,Apotek Roxy Batu Ampar,"Kramat Jati, Jakarta Timur",,dokter-umum,2025-06-15 03:06:23
DR. HASEL IMANUEL,Dokter Umum,halodoc,"Setiabudi, Jakarta Selatan",,dokter-umum,2025-06-15 03:06:25
dr. HASWAN,Dokter Umum,Klinik Pratama Daarussyifa,"Cipayung, Jakarta Timur",,dokter-umum,2025-06-15 03:06:25
dr. HASWAN,Dokter Umum,Klinik Pratama Daarussyifa,"Cipayung, Jakarta Timur",,dokter-umum,2025-06-15 03:06:25
dr. HEFFY JANDIARNI,Dokter Umum,TOKOPEDIA,"Pesanggrahan, Jakarta Selatan",,dokter-umum,2025-06-15 03:06:25
Dr. HENDAR MUNASTY,Dokter Umum,RSUD DR. Chasbullah Abdulmadjid,"Bekasi Selatan, Bekasi",,dokter-umum,2025-06-15 03:06:25
dr. HENNY,Dokter Umum,Klinik Familia,"Cipondoh, Tangerang",,dokter-umum,2025-06-15 03:06:25
dr. HENRY SUSANTO,Dokter Umum,Apotek Kimia Farma - Kupang Jaya,"Sukomanunggal, Kota Surabaya",,dokter-umum,2025-06-15 03:06:25
dr. HJ. Erma Noviani,Dokter Umum,Praktek Pribadi Hj. Erma Novianti,"Setiabudi, Jakarta Selatan",,dokter-umum,2025-06-15 03:06:25
dr. HM. RUSMIN,Dokter Umum,HM RUSMIN,"Bantar Gebang, Bekasi",,dokter-umum,2025-06-15 03:06:25
dr. HM. RUSMIN,Dokter Umum,HM RUSMIN,"Bantar Gebang, Bekasi",,dokter-umum,2025-06-15 03:06:25
dr. HM. Rusmin,Dokter Umum,Praktek Dr.M.Rusmin,"Tambun Selatan, Kabupaten Bekasi",,dokter-umum,2025-06-15 03:06:28
Dr. HR. PURNOMO,Dokter Umum,Praktek dokter.,"Bukit Raya, Kota Pekanbaru",,dokter-umum,2025-06-15 03:06:28
Dr. Habibatul Isma Awalia,Dokter Umum,halodoc,"Setiabudi, Jakarta Selatan",,dokter-umum,2025-06-15 03:06:28
dr. Hadi Purnomo,Dokter Umum,halodoc,"Setiabudi, Jakarta Selatan",,dokter-umum,2025-06-15 03:06:28
Dr. Hadini Qudsy,Dokter Umum,halodoc,"Setiabudi, Jakarta Selatan",,dokter-umum,2025-06-15 03:06:28
DR Hadisubroto Sp. A,Dokter Umum,Apotik Global,"Ujung Tanah, Kota Makassar",,dokter-umum,2025-06-15 03:06:28
Haekal Mahargias,Dokter Umum,halodoc,"Setiabudi, Jakarta Selatan",,dokter-umum,2025-06-15 03:06:28
Dr. Haeriah Sabaruddin,Dokter Umum,halodoc,"Setiabudi, Jakarta Selatan",,dokter-umum,2025-06-15 03:06:28
Dr. Haeva Jamilah,Dokter Umum,Praktek dr Haeva Jamillah,"Karawang Timur, Kabupaten Karawang",,dokter-umum,2025-06-15 03:06:28
Dr. Haeva Jamilah,Dokter Umum,Praktek dr Haeva Jamillah,"Karawang Timur, Kabupaten Karawang",,dokter-umum,2025-06-15 03:06:28
dr. Hafidz Syah Hasan,Dokter Umum,Praktek dokter.,"Bukit Raya, Kota Pekanbaru",,dokter-umum,2025-06-15 03:06:31
Dr. Hafizah Rizki Hasanah,Dokter Umum,halodoc,"Setiabudi, Jakarta Selatan",,dokter-umum,2025-06-15 03:06:31
Dr. Hairunnisa,Dokter Umum,halodoc,"Setiabudi, Jakarta Selatan",,dokter-umum,2025-06-15 03:06:31
dr. Haizil Fuadi,Dokter Umum,halodoc,"Setiabudi, Jakarta Selatan",,dokter-umum,2025-06-15 03:06:31
dr. Hajar Ma'ratussholikhah Supriyanto,Dokter Umum,halodoc,"Setiabudi, Jakarta Selatan",,dokter-umum,2025-06-15 03:06:31
dr. Hajar Maratussholikah Supriyanto,Dokter Umum,halodoc,"Setiabudi, Jakarta Selatan",,dokter-umum,2025-06-15 03:06:31
Dr. Haji Abdul Rahim Bin Haji Mohd. Nor,Dokter Umum,Klinik Abdul Hakim,"Dringu, Kota Probolinggo",,dokter-umum,2025-06-15 03:06:31
dr. Halawatul Aqli,Dokter Umum,halodoc,"Setiabudi, Jakarta Selatan",,dokter-umum,2025-06-15 03:06:31
Dr. Halim Perdana Kusuma,Dokter Umum,halodoc,"Setiabudi, Jakarta Selatan",,dokter-umum,2025-06-15 03:06:31
Dr. Halodoc Test CRM,Dokter Umum,halodoc,"Setiabudi, Jakarta Selatan",,dokter-umum,2025-06-15 03:06:31
dr. Hamdi,Dokter Umum,Klinik Pratama Medissa.,"Pasar Rebo, Jakarta Timur",,dokter-umum,2025-06-15 03:06:33
dr. Hamdi Khalid,Dokter Umum,Klinik Pratama Medissa.,"Pasar Rebo, Jakarta Timur",,dokter-umum,2025-06-15 03:06:33
dr. Hamida Hayati Faisal,Dokter Umum,APOTEK KIMIA FARMA BANGKA RAYA,"Mampang Prapatan, Jakarta Selatan",,dokter-umum,2025-06-15 03:06:33
dr. Han Han gunawan,Dokter Umum,Han Medical Clinic,"Majalaya, Kabupaten Karawang",,dokter-umum,2025-06-15 03:06:33
Dr. Han han Gunawan,Dokter Umum,Han Medical Clinic,"Majalaya, Kabupaten Karawang",,dokter-umum,2025-06-15 03:06:33
dr. Hana Angelin Sinaga,Dokter Umum,Klinik Pratam Sahabat,"Padang Timur, Kota Padang",,dokter-umum,2025-06-15 03:06:33
dr. Hana Mitayani,Dokter Umum,halodoc,"Setiabudi, Jakarta Selatan",,dokter-umum,2025-06-15 03:06:33
dr. Handan gunawan,Dokter Umum,Han Medical Clinic,"Majalaya, Kabupaten Karawang",,dokter-umum,2025-06-15 03:06:33
dr. Handi Murbiyanto,Dokter Umum,Praktek dr Handi,"Klari, Kabupaten Karawang",,dokter-umum,2025-06-15 03:06:33
dr. Handi Nurbiyanto,Dokter Umum,dr.Handi Nurbiyanto,"Telukjambe Barat, Kabupaten Karawang",,dokter-umum,2025-06-15 03:06:33
dr Handi Nurbiyanto,Dokter Umum,Praktek dr Handi,"Klari, Kabupaten Karawang",,dokter-umum,2025-06-15 03:06:36
dr. Handi Nurbiyanto,Dokter Umum,Praktek dr Handi,"Klari, Kabupaten Karawang",,dokter-umum,2025-06-15 03:06:36
dr. Handi Nurbiyanto,Dokter Umum,Praktek dr Handi,"Klari, Kabupaten Karawang",,dokter-umum,2025-06-15 03:06:36
dr. Handi Nurbiyanto,Dokter Umum,Praktek dr Handi,"Klari, Kabupaten Karawang",,dokter-umum,2025-06-15 03:06:36
dr Handi Nurbiyanto,Dokter Umum,Klinik Pratama Kinasih,"Grogol Petamburan, Jakarta Barat",,dokter-umum,2025-06-15 03:06:36
Dr. Handini Rahmi Dewi,Dokter Umum,halodoc,"Setiabudi, Jakarta Selatan",,dokter-umum,2025-06-15 03:06:36
dr. Handra Chairunnisa Anugerahani,Dokter Umum,halodoc,"Setiabudi, Jakarta Selatan",,dokter-umum,2025-06-15 03:06:36
dr. Handy Hartanto,Dokter Umum,halodoc,"Setiabudi, Jakarta Selatan",,dokter-umum,2025-06-15 03:06:36
dr. Handy Nugraha Putra,Dokter Umum,halodoc,"Setiabudi, Jakarta Selatan",,dokter-umum,2025-06-15 03:06:36
dr. Handy Senjaya,Dokter Umum,Praktek Pribadi dr. Handy Sejaya,"Bogor Selatan, Bogor",,dokter-umum,2025-06-15 03:06:36
dr. Hanhan Gunawan,Dokter Umum,Han Medical Clinic,"Majalaya, Kabupaten Karawang",,dokter-umum,2025-06-15 03:06:38
Dr. Hanhan Gunawan,Dokter Umum,Han Medical Clinic,"Majalaya, Kabupaten Karawang",,dokter-umum,2025-06-15 03:06:38
dr. Hanhan Gunawan,Dokter Umum,Han Medical Clinic,"Majalaya, Kabupaten Karawang",,dokter-umum,2025-06-15 03:06:38
dr. Hanhan Gunawan,Dokter Umum,Han Medical Clinic,"Majalaya, Kabupaten Karawang",,dokter-umum,2025-06-15 03:06:38
dr. Hanhan Gunawan,Dokter Umum,Han Medical Clinic,"Majalaya, Kabupaten Karawang",,dokter-umum,2025-06-15 03:06:38
dr. Hanhan Gunawan,Dokter Umum,Han Medical Clinic,"Majalaya, Kabupaten Karawang",,dokter-umum,2025-06-15 03:06:38
dr. Hani Yulia C,Dokter Umum,Klinik PURI RAHAYU - Karawang,"Klari, Kabupaten Karawang",,dokter-umum,2025-06-15 03:06:38
Dr. Hanif Iga Wulandari,Dokter Umum,halodoc,"Setiabudi, Jakarta Selatan",,dokter-umum,2025-06-15 03:06:38
0 Hanif Kun Cahyani Putri dr.,Dokter Umum,RUMAH SAKIT PKU MUHAMMADIYAH SURAKARTA,"Banjarsari, Kota Surakarta",,dokter-umum,2025-06-15 03:06:38
dr. Hanifa Husna,Dokter Umum,halodoc,"Setiabudi, Jakarta Selatan",,dokter-umum,2025-06-15 03:06:38
Dr. Hanifah,Dokter Umum,Apotek Kimia Farma Veteran Blitar,"Sananwetan, Kota Blitar",,dokter-umum,2025-06-15 03:06:41
dr. Hanifah,Dokter Umum,halodoc,"Setiabudi, Jakarta Selatan",,dokter-umum,2025-06-15 03:06:41
dr. Hanifah,Dokter Umum,halodoc,"Setiabudi, Jakarta Selatan",,dokter-umum,2025-06-15 03:06:41
dr. Hanifah M.Kes,Dokter Umum,halodoc,"Setiabudi, Jakarta Selatan",,dokter-umum,2025-06-15 03:06:41
Dr. Hanifah,Dokter Umum,halodoc,"Setiabudi, Jakarta Selatan",,dokter-umum,2025-06-15 03:06:41
dr. Hanna Farida Rachmat,Dokter Umum,halodoc,"Setiabudi, Jakarta Selatan",,dokter-umum,2025-06-15 03:06:41
dr. Hanna Immanuela,Dokter Umum,halodoc,"Setiabudi, Jakarta Selatan",,dokter-umum,2025-06-15 03:06:41
dr. Hanna Maria Magdalena,Dokter Umum,halodoc,"Setiabudi, Jakarta Selatan",,dokter-umum,2025-06-15 03:06:41
Dr. Hanny Mindasari,Dokter Umum,halodoc,"Setiabudi, Jakarta Selatan",,dokter-umum,2025-06-15 03:06:41
"dr. Hans SC Martogi Sinaga, SpPD",Dokter Umum,RSIA Gebang Medika,"Periuk, Tangerang",,dokter-umum,2025-06-15 03:06:41
Dr. Hanum Puspa,Dokter Umum,halodoc,"Setiabudi, Jakarta Selatan",,dokter-umum,2025-06-15 03:06:44
dr. Hanum Salsabila,Dokter Umum,halodoc,"Setiabudi, Jakarta Selatan",,dokter-umum,2025-06-15 03:06:44
Dr. Hanum Widiana,Dokter Umum,halodoc,"Setiabudi, Jakarta Selatan",,dokter-umum,2025-06-15 03:06:44
Dr. Hany Margen,Dokter Umum,halodoc,"Setiabudi, Jakarta Selatan",,dokter-umum,2025-06-15 03:06:44
dr. Haposan Simatupang,Dokter Umum,halodoc,"Setiabudi, Jakarta Selatan",,dokter-umum,2025-06-15 03:06:44
Dr. Happy Indra Pradana,Dokter Umum,halodoc,"Setiabudi, Jakarta Selatan",,dokter-umum,2025-06-15 03:06:44
Dr. Happy Indra Pradana,Dokter Umum,halodoc,"Setiabudi, Jakarta Selatan",,dokter-umum,2025-06-15 03:06:44
Har Harsono,Dokter Umum,SOS MEDIKA,"Cilandak, Jakarta Selatan",,dokter-umum,2025-06-15 03:06:44
dr. Harbela Geliem,Dokter Umum,halodoc,"Setiabudi, Jakarta Selatan",,dokter-umum,2025-06-15 03:06:44
dr. Hardi H,Dokter Umum,Klinik Kekar,"Karawang Timur, Kabupaten Karawang",,dokter-umum,2025-06-15 03:06:44
dr. Hardini M.Biomed,Dokter Umum,halodoc,"Setiabudi, Jakarta Selatan",,dokter-umum,2025-06-15 03:06:46
dr. Hardini,Dokter Umum,halodoc,"Setiabudi, Jakarta Selatan",,dokter-umum,2025-06-15 03:06:46
Dr. Hardiyanti Sudirman,Dokter Umum,halodoc,"Setiabudi, Jakarta Selatan",,dokter-umum,2025-06-15 03:06:46
dr. Hardlianto Setiawan,Dokter Umum,Apotek Manjur Puri,"Kembangan, Jakarta Barat",,dokter-umum,2025-06-15 03:06:46
dr. Hardono,Dokter Umum,Apotek Manshurin,"Tembalang, Kota Semarang",,dokter-umum,2025-06-15 03:06:46
dr Hardy Suwita,Dokter Umum,Apotek Roxy Batu Ampar,"Kramat Jati, Jakarta Timur",,dokter-umum,2025-06-15 03:06:46
Dr. Hari Laksmana Hermanto Putra,Dokter Umum,halodoc,"Setiabudi, Jakarta Selatan",,dokter-umum,2025-06-15 03:06:46
Dr. Hari Mukti,Dokter Umum,Apotik Aidan,"Bekasi Utara, Bekasi",,dokter-umum,2025-06-15 03:06:46
dr. Hari Wahyu P,Dokter Umum,halodoc,"Setiabudi, Jakarta Selatan",,dokter-umum,2025-06-15 03:06:46
dr. Hariani,Dokter Umum,halodoc,"Setiabudi, Jakarta Selatan",,dokter-umum,2025-06-15 03:06:46
dr. Hariansyah,Dokter Umum,Klinik Pratama Puja Ananda 1,"Bungursari, Kabupaten Purwakarta",,dokter-umum,2025-06-15 03:06:49
dr. Hariansyah,Dokter Umum,Klinik Pratama Puja Ananda 1,"Bungursari, Kabupaten Purwakarta",,dokter-umum,2025-06-15 03:06:49
dr. Hariansyah,Dokter Umum,Klinik Pratama Puja Ananda 1,"Bungursari, Kabupaten Purwakarta",,dokter-umum,2025-06-15 03:06:49
Dr. Harimas Dwi Putra,Dokter Umum,halodoc,"Setiabudi, Jakarta Selatan",,dokter-umum,2025-06-15 03:06:49
dr. Haris Aripuddin Lubis,Dokter Umum,Praktek Pribadi dr. Haris Aripudin Lubis,"Setiabudi, Jakarta Selatan",,dokter-umum,2025-06-15 03:06:49
dr. Harlina Hasballah,Dokter Umum,halodoc,"Setiabudi, Jakarta Selatan",,dokter-umum,2025-06-15 03:06:49
Dr. Harlistiyani H.,Dokter Umum,Klinik Lestari,"Babelan, Kabupaten Bekasi",,dokter-umum,2025-06-15 03:06:49
dr. Harningtyas Alifin Jasmin,Dokter Umum,halodoc,"Setiabudi, Jakarta Selatan",,dokter-umum,2025-06-15 03:06:49
dr. Haron Al Rasyid,Dokter Umum,Klinik Ekamas Hana Medika,"Kotabaru, Kabupaten Karawang",,dokter-umum,2025-06-15 03:06:49
dr. Harry Putra Pratama,Dokter Umum,Klinik Mahardhika Medika.,"Klari, Kabupaten Karawang",,dokter-umum,2025-06-15 03:06:49
dr. Harry Putri Wulandari,Dokter Umum,halodoc,"Setiabudi, Jakarta Selatan",,dokter-umum,2025-06-15 03:06:51
dr. Harry Puttama,Dokter Umum,Klinik Mahardhika Medika.,"Klari, Kabupaten Karawang",,dokter-umum,2025-06-15 03:06:51
dr. Harry Rayadi,Dokter Umum,Apotek Kimia Farma KHA. Dahlan,"Lengkong, Kota Bandung",,dokter-umum,2025-06-15 03:06:51
dr. Harry Salomo,Dokter Umum,halodoc,"Setiabudi, Jakarta Selatan",,dokter-umum,2025-06-15 03:06:51
dr. Harry Setiawan,Dokter Umum,Praktek Pribadi dr. Harry Setiawan,"Setiabudi, Jakarta Selatan",,dokter-umum,2025-06-15 03:06:51
dr. Harry Suprapto,Dokter Umum,dr. Harry Suprapto,"Batuceper, Tangerang",,dokter-umum,2025-06-15 03:06:51
dr. Harry Suprapto,Dokter Umum,halodoc,"Setiabudi, Jakarta Selatan",,dokter-umum,2025-06-15 03:06:51
dr. Hartanti Dwi Purwani,Dokter Umum,Prodia Karawang,"Karawang Barat, Kabupaten Karawang",,dokter-umum,2025-06-15 03:06:51
dr. Hartanti Dwi Purwani,Dokter Umum,Prodia Karawang,"Karawang Barat, Kabupaten Karawang",,dokter-umum,2025-06-15 03:06:51
Dr. Hartika Prasetia Sari,Dokter Umum,halodoc,"Setiabudi, Jakarta Selatan",,dokter-umum,2025-06-15 03:06:51
dr. Hartman Hordo,Dokter Umum,Apotek dan Klinik Kimia Farma Tebet Raya,"Tebet, Jakarta Selatan",,dokter-umum,2025-06-15 03:06:54
Dr. Hartono Setyobudi,Dokter Umum,halodoc,"Setiabudi, Jakarta Selatan",,dokter-umum,2025-06-15 03:06:54
dr Hartono Tenggono,Dokter Umum,halodoc,"Setiabudi, Jakarta Selatan",,dokter-umum,2025-06-15 03:06:54
Dr. Harwini,Dokter Umum,halodoc,"Setiabudi, Jakarta Selatan",,dokter-umum,2025-06-15 03:06:54
Dr. Haryadi,Dokter Umum,halodoc,"Setiabudi, Jakarta Selatan",,dokter-umum,2025-06-15 03:06:54
dr. Haryoko Anandaputra,Dokter Umum,halodoc,"Setiabudi, Jakarta Selatan",,dokter-umum,2025-06-15 03:06:54
dr. Hasan Hariri,Dokter Umum,Praktek Dokter Umum dan Bidan dr. Hasan Hariri Haris Bd. Ria Apriliana Hariri,"Telukjambe Barat, Kabupaten Karawang",,dokter-umum,2025-06-15 03:06:54
dr. Hasan Hariri Haris,Dokter Umum,Praktek Dokter Umum dan Bidan dr. Hasan Hariri Haris Bd. Ria Apriliana Hariri,"Telukjambe Barat, Kabupaten Karawang",,dokter-umum,2025-06-15 03:06:54
dr. Hasna Desriyanti,Dokter Umum,halodoc,"Setiabudi, Jakarta Selatan",,dokter-umum,2025-06-15 03:06:54
dr. Hasna Habiba Aulia,Dokter Umum,halodoc,"Setiabudi, Jakarta Selatan",,dokter-umum,2025-06-15 03:06:54
Hasnania R. Munaf,Dokter Umum,halodoc,"Setiabudi, Jakarta Selatan",,dokter-umum,2025-06-15 03:06:57
dr. Hasniati Sastradidjaja,Dokter Umum,dr. Hasniati Sastradidjaja,"Kramat Jati, Jakarta Timur",,dokter-umum,2025-06-15 03:06:57
dr. Haspiani M.,Dokter Umum,halodoc,"Setiabudi, Jakarta Selatan",,dokter-umum,2025-06-15 03:06:57
Dr. Havivi Rizky Adinda,Dokter Umum,halodoc,"Setiabudi, Jakarta Selatan",,dokter-umum,2025-06-15 03:06:57
Dr. Hawa Ambarwati,Dokter Umum,halodoc,"Setiabudi, Jakarta Selatan",,dokter-umum,2025-06-15 03:06:57
dr. Hazni Hasan,Dokter Umum,Klinik Utama Nova Medika,"Bekasi Barat, Bekasi",,dokter-umum,2025-06-15 03:06:57
dr. Haznil Hasan,Dokter Umum,Balai Pengobatan Umum Yadi Medika,"Bekasi Utara, Bekasi",,dokter-umum,2025-06-15 03:06:57
Dr. Hedya Nadhrati Surura M.Biomed,Dokter Umum,halodoc,"Setiabudi, Jakarta Selatan",,dokter-umum,2025-06-15 03:06:57
dr. Hefa Aghna Fauzia,Dokter Umum,halodoc,"Setiabudi, Jakarta Selatan",,dokter-umum,2025-06-15 03:06:57
dr. Helen Lies,Dokter Umum,halodoc,"Setiabudi, Jakarta Selatan",,dokter-umum,2025-06-15 03:06:57
dr. Helen Ramayanti,Dokter Umum,halodoc,"Setiabudi, Jakarta Selatan",,dokter-umum,2025-06-15 03:06:59
Dr. Helena Kartika Utami,Dokter Umum,halodoc,"Setiabudi, Jakarta Selatan",,dokter-umum,2025-06-15 03:06:59
dr. Helena Wiradjaja,Dokter Umum,halodoc,"Setiabudi, Jakarta Selatan",,dokter-umum,2025-06-15 03:06:59
dr. Hellen Agustina,Dokter Umum,Prodia Pluit,"Penjaringan, Jakarta Utara",,dokter-umum,2025-06-15 03:06:59
dr. Hellen Agustina,Dokter Umum,Prodia Pluit,"Penjaringan, Jakarta Utara",,dokter-umum,2025-06-15 03:06:59
dr. Hellen Marsella,Dokter Umum,halodoc,"Setiabudi, Jakarta Selatan",,dokter-umum,2025-06-15 03:06:59
Dr. Hellen Onggoro,Dokter Umum,Apotek Dempo (Palembang),"Ilir Timur I, Kota Palembang",,dokter-umum,2025-06-15 03:06:59
dr. Helmina R. U,Dokter Umum,halodoc,"Setiabudi, Jakarta Selatan",,dokter-umum,2025-06-15 03:06:59
Dr. Helmy Usman,Dokter Umum,de Helmy Usma,"Setiabudi, Jakarta Selatan",,dokter-umum,2025-06-15 03:06:59
dr. Hendarta Salim,Dokter Umum,halodoc,"Setiabudi, Jakarta Selatan",,dokter-umum,2025-06-15 03:06:59
dr. Hendi Nurtantio,Dokter Umum,halodoc,"Setiabudi, Jakarta Selatan",,dokter-umum,2025-06-15 03:07:02
dr. Hendra Cipta,Dokter Umum,Apotik Nias Medika,"Kelapa Gading, Jakarta Utara",,dokter-umum,2025-06-15 03:07:02
dr. Hendra Gunawan,Dokter Umum,KLINIK GRIYA MEDIKA -,"Karawang Timur, Kabupaten Karawang",,dokter-umum,2025-06-15 03:07:02
dr. Hendra Hibrata,Dokter Umum,halodoc,"Setiabudi, Jakarta Selatan",,dokter-umum,2025-06-15 03:07:02
dr Hendra Mahardika Miandy,Dokter Umum,halodoc,"Setiabudi, Jakarta Selatan",,dokter-umum,2025-06-15 03:07:02
dr. Hendra Mulian,Dokter Umum,Prakter dr Suhendra Medika,"Palmerah, Jakarta Barat",,dokter-umum,2025-06-15 03:07:02
dr. Hendra Saputra,Dokter Umum,halodoc,"Setiabudi, Jakarta Selatan",,dokter-umum,2025-06-15 03:07:02
dr. Hendra Sucipta,Dokter Umum,halodoc,"Setiabudi, Jakarta Selatan",,dokter-umum,2025-06-15 03:07:02
Hendra Wijaya,Dokter Umum,halodoc,"Setiabudi, Jakarta Selatan",,dokter-umum,2025-06-15 03:07:02
dr. Hendriawan Putra,Dokter Umum,halodoc,"Setiabudi, Jakarta Selatan",,dokter-umum,2025-06-15 03:07:02
Dr. Hendrik Septadi MARS,Dokter Umum,Apotek & Praktek Dokter Kranggan Sehat,"Jatisampurna, Bekasi",,dokter-umum,2025-06-15 03:07:05
Dr. Hendrik Septiadi MARS,Dokter Umum,Apotek & Praktek Dokter Kranggan Sehat,"Jatisampurna, Bekasi",,dokter-umum,2025-06-15 03:07:05
Dr. Hendry Kurnia Jati,Dokter Umum,halodoc,"Setiabudi, Jakarta Selatan",,dokter-umum,2025-06-15 03:07:05
dr. Heni Purwanti,Dokter Umum,KLINIK SYAHBUDIN,"Rumbai, Kota Pekanbaru",,dokter-umum,2025-06-15 03:07:05
dr. Heni S. Henawa,Dokter Umum,dr. Heni S Henawa,"Telukjambe Timur, Kabupaten Karawang",,dokter-umum,2025-06-15 03:07:05
dr. Heni S. Hermawa,Dokter Umum,dr. Heni S Henawa,"Telukjambe Timur, Kabupaten Karawang",,dokter-umum,2025-06-15 03:07:05
dr. Heni Yulia C,Dokter Umum,Klinik Puri Rahayu,"Seputih Raman, Kabupaten Lampung Tengah",,dokter-umum,2025-06-15 03:07:05
dr. Henny Budiasih Widjaja,Dokter Umum,dr. Henny Budiasih Widjaja,"Widasari, Kabupaten Indramayu",,dokter-umum,2025-06-15 03:07:05
dr. Henny C,Dokter Umum,KIMIA FARMA 768,"Banyusari, Kabupaten Karawang",,dokter-umum,2025-06-15 03:07:05
Dr. Henny Cloridina,Dokter Umum,halodoc,"Setiabudi, Jakarta Selatan",,dokter-umum,2025-06-15 03:07:05
Henny Dwi Nurlita,Dokter Umum,halodoc,"Setiabudi, Jakarta Selatan",,dokter-umum,2025-06-15 03:07:07
dr. Henny Mensana,Dokter Umum,Dr. Henny Mensana,"Benda, Tangerang",,dokter-umum,2025-06-15 03:07:07
Dr. Henry Antares,Dokter Umum,KLINIK ANDALAN MEDIKA,"Jatinegara, Jakarta Timur",,dokter-umum,2025-06-15 03:07:07
dr. Henry Budiasih Widjaja,Dokter Umum,dr. Henny Budiasih Widjaja,"Widasari, Kabupaten Indramayu",,dokter-umum,2025-06-15 03:07:07
dr. Henry Estrada,Dokter Umum,halodoc,"Setiabudi, Jakarta Selatan",,dokter-umum,2025-06-15 03:07:07
dr. Henry Kasniger,Dokter Umum,KLINIK UTAMA ARDITA,"Cipayung, Jakarta Timur",,dokter-umum,2025-06-15 03:07:07
Dr. Henry Liemer Wijaya,Dokter Umum,halodoc,"Setiabudi, Jakarta Selatan",,dokter-umum,2025-06-15 03:07:07
dr. Henry Manik,Dokter Umum,halodoc,"Setiabudi, Jakarta Selatan",,dokter-umum,2025-06-15 03:07:07
dr. Henry Pratama Dadang,Dokter Umum,halodoc,"Setiabudi, Jakarta Selatan",,dokter-umum,2025-06-15 03:07:07
Dr. Heny Imansari Priandari,Dokter Umum,halodoc,"Setiabudi, Jakarta Selatan",,dokter-umum,2025-06-15 03:07:07
dr. Heny Sulistiyani,Dokter Umum,PRAKTEK dr. HENY SULISTYANI,"Sukolilo, Kota Surabaya",,dokter-umum,2025-06-15 03:07:10
dr. Heny Sulistyani,Dokter Umum,Apotek Kimia Farma Veteran Blitar,"Sananwetan, Kota Blitar",,dokter-umum,2025-06-15 03:07:10
Dr. Heppy Yhos Widodo,Dokter Umum,KLINIK GRIYA MEDIKA -,"Karawang Timur, Kabupaten Karawang",,dokter-umum,2025-06-15 03:07:10
dr. Heppy Yhos Widodo,Dokter Umum,Klinik KARYA MEDIKA KARAWANG,"Telukjambe Timur, Kabupaten Karawang",,dokter-umum,2025-06-15 03:07:10
dr. Heppy Yhos Widodo,Dokter Umum,Klinik Karya Medika - Karawang,"Telukjambe Timur, Kabupaten Karawang",,dokter-umum,2025-06-15 03:07:10
dr. Heppy Yhos Widodo,Dokter Umum,Klinik Karya Medika - Karawang,"Telukjambe Timur, Kabupaten Karawang",,dokter-umum,2025-06-15 03:07:10
dr. Hera Yuhana,Dokter Umum,Klinik Luki Medika,"Bojongmangu, Kabupaten Bekasi",,dokter-umum,2025-06-15 03:07:10
dr. Hera Yuhana. S,Dokter Umum,Klinik Luki Medika,"Bojongmangu, Kabupaten Bekasi",,dokter-umum,2025-06-15 03:07:10
dr. Herafani,Dokter Umum,halodoc,"Setiabudi, Jakarta Selatan",,dokter-umum,2025-06-15 03:07:10
dr. Herawati Minuanna Simanjuntak,Dokter Umum,Klinik Pratama Perisai Dharma Medika,"Bekasi Utara, Bekasi",,dokter-umum,2025-06-15 03:07:10
Dr. Heri Irawan,Dokter Umum,halodoc,"Setiabudi, Jakarta Selatan",,dokter-umum,2025-06-15 03:07:12
dr. Herjuno Darpito,Dokter Umum,halodoc,"Setiabudi, Jakarta Selatan",,dokter-umum,2025-06-15 03:07:12
dr. Herlanti Dwi Purwani,Dokter Umum,Apotek Murah Sehat Blok R,"Karawang Timur, Kabupaten Karawang",,dokter-umum,2025-06-15 03:07:12
dr. Herlianty Rukmana,Dokter Umum,halodoc,"Setiabudi, Jakarta Selatan",,dokter-umum,2025-06-15 03:07:12
Dr. Herlina,Dokter Umum,halodoc,"Setiabudi, Jakarta Selatan",,dokter-umum,2025-06-15 03:07:12
dr. Herman,Dokter Umum,Apotek K24 Kertabumi,"Setiabudi, Jakarta Selatan",,dokter-umum,2025-06-15 03:07:12
dr. Herman B Sp. A,Dokter Umum,Apotek Mulia Farma,"Cempaka Putih, Jakarta Pusat",,dokter-umum,2025-06-15 03:07:12
Dr. Herman Bernawi Sep. A,Dokter Umum,Apotik Ogan,"Ilir Timur I, Kota Palembang",,dokter-umum,2025-06-15 03:07:12
dr. Herman Syam,Dokter Umum,Praktek dr Herman Syam,"Cempaka Putih, Jakarta Pusat",,dokter-umum,2025-06-15 03:07:12
dr. Hermansyah,Dokter Umum,halodoc,"Setiabudi, Jakarta Selatan",,dokter-umum,2025-06-15 03:07:12
dr. Hermariasi Panjaitan,Dokter Umum,halodoc,"Setiabudi, Jakarta Selatan",,dokter-umum,2025-06-15 03:07:15
Hermasyah,Dokter Umum,Klinik Kimia Farma Zamrud,"Mustika Jaya, Bekasi",,dokter-umum,2025-06-15 03:07:15
Dr. Hermawan,Dokter Umum,Prakter drg. Hermawan Wangsa,"Banyusari, Kabupaten Karawang",,dokter-umum,2025-06-15 03:07:15
dr. Herna Rizkia Armatussolikha,Dokter Umum,halodoc,"Setiabudi, Jakarta Selatan",,dokter-umum,2025-06-15 03:07:15
"dr. Hernanda Rizki Putravianto S.H., M.H.Kes",Dokter Umum,halodoc,"Setiabudi, Jakarta Selatan",,dokter-umum,2025-06-15 03:07:15
dr. Herni Maulidyah,Dokter Umum,JANNAH,"Tangerang, Tangerang",,dokter-umum,2025-06-15 03:07:15
Dr. Hernowo,Dokter Umum,halodoc,"Setiabudi, Jakarta Selatan",,dokter-umum,2025-06-15 03:07:15
Dr. Herose Cendrasilvinia,Dokter Umum,halodoc,"Setiabudi, Jakarta Selatan",,dokter-umum,2025-06-15 03:07:15
dr. Herry Ruswan M.Kes.,Dokter Umum,halodoc,"Setiabudi, Jakarta Selatan",,dokter-umum,2025-06-15 03:07:15
dr. Herry Sulistyabudhy,Dokter Umum,dr. Herry Sulistyabudhy,"Cicurug, Kabupaten Sukabumi",,dokter-umum,2025-06-15 03:07:15
dr. Herry Tan,Dokter Umum,Klinik GRM (Graha Raya Medika),"Serpong Utara, Tangerang Selatan",,dokter-umum,2025-06-15 03:07:17
dr. Hersa E,Dokter Umum,APOTEK GOLDEN SEHAT,"Bekasi Utara, Bekasi",,dokter-umum,2025-06-15 03:07:17
dr. Heru Irnanda Halim,Dokter Umum,halodoc,"Setiabudi, Jakarta Selatan",,dokter-umum,2025-06-15 03:07:17
dr. Hery Pamungkas,Dokter Umum,Klinik Pratama Medissa.,"Pasar Rebo, Jakarta Timur",,dokter-umum,2025-06-15 03:07:17
Dr. Hesketh Hans,Dokter Umum,halodoc,"Setiabudi, Jakarta Selatan",,dokter-umum,2025-06-15 03:07:17
Dr. Hesni Girsang,Dokter Umum,APOTEK GOLDEN SEHAT,"Bekasi Utara, Bekasi",,dokter-umum,2025-06-15 03:07:17
Dr. Hesti,Dokter Umum,KLINIK MEDINA,"Tanjung Karang Pusat, Kota Bandar Lampung",,dokter-umum,2025-06-15 03:07:17
dr. Hesti Kurnia,Dokter Umum,RSUD Kota Tangerang,"Tangerang, Tangerang",,dokter-umum,2025-06-15 03:07:17
dr. Hesti Simbolon,Dokter Umum,Klinik Pratama CKM Medika,"Karawang Timur, Kabupaten Karawang",,dokter-umum,2025-06-15 03:07:17
dr. Hety Haryati,Dokter Umum,Klinik Pratama Agape,"Jatinegara, Jakarta Timur",,dokter-umum,2025-06-15 03:07:17
dr. Hety Hayati,Dokter Umum,Klinik Pratama Agape,"Jatinegara, Jakarta Timur",,dokter-umum,2025-06-15 03:07:20
dr. Hidayaning Nur Syahbania,Dokter Umum,halodoc,"Setiabudi, Jakarta Selatan",,dokter-umum,2025-06-15 03:07:20
Dr. Hidayatul Ilma,Dokter Umum,halodoc,"Setiabudi, Jakarta Selatan",,dokter-umum,2025-06-15 03:07:20
dr. Hiesni Girsang,Dokter Umum,APOTEK GOLDEN SEHAT,"Bekasi Utara, Bekasi",,dokter-umum,2025-06-15 03:07:20
dr. Hiesni Girsang,Dokter Umum,APOTEK GOLDEN SEHAT,"Bekasi Utara, Bekasi",,dokter-umum,2025-06-15 03:07:20
dr. Hiesni Girsang,Dokter Umum,Apotek dan Praktek Dokter Golden Sehat,"Kebon Jeruk, Jakarta Barat",,dokter-umum,2025-06-15 03:07:20
dr. Hiesni Girsang,Dokter Umum,APOTEK GOLDEN SEHAT,"Bekasi Utara, Bekasi",,dokter-umum,2025-06-15 03:07:20
dr. Hiesni Girsang,Dokter Umum,Apotek dan Praktek Dokter Golden Sehat,"Kebon Jeruk, Jakarta Barat",,dokter-umum,2025-06-15 03:07:20
dr. Hiesni Girsang,Dokter Umum,Apotek dan Praktek Dokter Golden Sehat,"Kebon Jeruk, Jakarta Barat",,dokter-umum,2025-06-15 03:07:20
dr. Hiesni girsang,Dokter Umum,APOTEK GOLDEN SEHAT,"Bekasi Utara, Bekasi",,dokter-umum,2025-06-15 03:07:20
dr. Hifzil Husni,Dokter Umum,halodoc,"Setiabudi, Jakarta Selatan",,dokter-umum,2025-06-15 03:07:22
dr Hikmawaty Tahir,Dokter Umum,halodoc,"Setiabudi, Jakarta Selatan",,dokter-umum,2025-06-15 03:07:22
dr. Hilary Tan,Dokter Umum,halodoc,"Setiabudi, Jakarta Selatan",,dokter-umum,2025-06-15 03:07:22
dr. Hilda Aripin,Dokter Umum,halodoc,"Setiabudi, Jakarta Selatan",,dokter-umum,2025-06-15 03:07:22
Dr. Hilda Sarah Carolina Sibarani,Dokter Umum,halodoc,"Setiabudi, Jakarta Selatan",,dokter-umum,2025-06-15 03:07:22
Dr. Hildya Kusmi,Dokter Umum,halodoc,"Setiabudi, Jakarta Selatan",,dokter-umum,2025-06-15 03:07:22
dr. Hillarine Vallencia Christy,Dokter Umum,halodoc,"Setiabudi, Jakarta Selatan",,dokter-umum,2025-06-15 03:07:22
dr. Hilman Yasin,Dokter Umum,Klinik Duta Sehat,"Bekasi Utara, Bekasi",,dokter-umum,2025-06-15 03:07:22
dr. Hilmy Syarifah,Dokter Umum,halodoc,"Setiabudi, Jakarta Selatan",,dokter-umum,2025-06-15 03:07:22
dr. Hindri Djakani,Dokter Umum,halodoc,"Setiabudi, Jakarta Selatan",,dokter-umum,2025-06-15 03:07:22
dr. Hiren Girsang,Dokter Umum,APOTEK GOLDEN SEHAT,"Bekasi Utara, Bekasi",,dokter-umum,2025-06-15 03:07:25
Hj Margareita K Azis,Dokter Umum,halodoc,"Setiabudi, Jakarta Selatan",,dokter-umum,2025-06-15 03:07:25
Dr. Hj Mein Suminar MARS,Dokter Umum,Klinik Rizki medika,"Matraman, Jakarta Timur",,dokter-umum,2025-06-15 03:07:25
dr. Hj. DEWI LIGIARTI,Dokter Umum,Klinik UMMI,"Cakung, Jakarta Timur",,dokter-umum,2025-06-15 03:07:25
dr. Hj. Fatimah Zahra,Dokter Umum,dr. Hj. Fatimah Zahra,"Banyusari, Kabupaten Karawang",,dokter-umum,2025-06-15 03:07:25
dr. Hj. Fatimah Zahra,Dokter Umum,dr. Hj. Fatimah Zahra,"Banyusari, Kabupaten Karawang",,dokter-umum,2025-06-15 03:07:25
dr. Hj. Fatimah Zahra,Dokter Umum,dr. Hj. Fatimah Zahra,"Banyusari, Kabupaten Karawang",,dokter-umum,2025-06-15 03:07:25
dr. Hj. Fatimah Zahra,Dokter Umum,dr. Hj. Fatimah Zahra,"Banyusari, Kabupaten Karawang",,dokter-umum,2025-06-15 03:07:25
dr. Hj. Fatimah Zahra,Dokter Umum,dr. Hj. Fatimah Zahra,"Banyusari, Kabupaten Karawang",,dokter-umum,2025-06-15 03:07:25
dr. Hj. Fatimah Zahra,Dokter Umum,dr. Hj. Fatimah Zahra,"Banyusari, Kabupaten Karawang",,dokter-umum,2025-06-15 03:07:25
dr. Hj. Ita Nurita,Dokter Umum,Klinik dr. Ita Nurita,"Jatiwangi, Kabupaten Majalengka",,dokter-umum,2025-06-15 03:07:27
drg Hj. Nurhayati,Dokter Umum,apotek kebon bawang,"Tanjung Priok, Jakarta Utara",,dokter-umum,2025-06-15 03:07:27
dr. Hj. Sita Koesuma,Dokter Umum,halodoc,"Setiabudi, Jakarta Selatan",,dokter-umum,2025-06-15 03:07:27
"dr. Hj. Sri Hastuti MS, M.Kes",Dokter Umum,Klinik Esha Medika,"Pondok Gede, Bekasi",,dokter-umum,2025-06-15 03:07:27
"Hj. Sri Hastuti, M.S. M.Kes",Dokter Umum,Klinik Esha Medika,"Pondok Gede, Bekasi",,dokter-umum,2025-06-15 03:07:27
Dr. Hj. Sri Sugiartes,Dokter Umum,Klinik Hikmah Asri Nugraha,"Bantar Gebang, Bekasi",,dokter-umum,2025-06-15 03:07:27
Dr. Hosiana Pratiwi Sumangkut,Dokter Umum,halodoc,"Setiabudi, Jakarta Selatan",,dokter-umum,2025-06-15 03:07:27
Dr. Hotman,Dokter Umum,Klinik CIBADAK FARMA,"Cimanggis, Depok",,dokter-umum,2025-06-15 03:07:27
dr. Hotman NH,Dokter Umum,Klinik CIBADAK FARMA,"Cimanggis, Depok",,dokter-umum,2025-06-15 03:07:27
dr. Hoty Heyati,Dokter Umum,Klinik Pratama Agape,"Jatinegara, Jakarta Timur",,dokter-umum,2025-06-15 03:07:27
Dr Humairah,Dokter Umum,Praktek Dokter gigi Citra Putri M Dan Rekan,"Mustika Jaya, Bekasi",,dokter-umum,2025-06-15 03:07:30
dr. Hurin Aruni Medina Rukanta,Dokter Umum,halodoc,"Setiabudi, Jakarta Selatan",,dokter-umum,2025-06-15 03:07:30
Dr. Husna Nadiyya,Dokter Umum,halodoc,"Setiabudi, Jakarta Selatan",,dokter-umum,2025-06-15 03:07:30
dr. Husnaeni R. Blegur,Dokter Umum,halodoc,"Setiabudi, Jakarta Selatan",,dokter-umum,2025-06-15 03:07:30
dr. Husnu,Dokter Umum,PKM Darma kuningan,"Darma, Kabupaten Kuningan",,dokter-umum,2025-06-15 03:07:30
dr. Husnul khatimah,Dokter Umum,Klinik Yakri Babelan,"Babelan, Kabupaten Bekasi",,dokter-umum,2025-06-15 03:07:30
Dr. I Dewa Gede Satwika Putra,Dokter Umum,halodoc,"Setiabudi, Jakarta Selatan",,dokter-umum,2025-06-15 03:07:30
dr. I Gede Ready Sonyawinata,Dokter Umum,halodoc,"Setiabudi, Jakarta Selatan",,dokter-umum,2025-06-15 03:07:30
dr. I Gst Ngr Rai Sandwicaksana,Dokter Umum,halodoc,"Setiabudi, Jakarta Selatan",,dokter-umum,2025-06-15 03:07:30
Dr. I Gusti Agung Ngurah Radhitya Wijaya,Dokter Umum,halodoc,"Setiabudi, Jakarta Selatan",,dokter-umum,2025-06-15 03:07:30
dr. I Gusti Bagus Teguh Pramana,Dokter Umum,halodoc,"Setiabudi, Jakarta Selatan",,dokter-umum,2025-06-15 03:07:32
Dr. I Gusti Nyoman Trianantha Jaya,Dokter Umum,halodoc,"Setiabudi, Jakarta Selatan",,dokter-umum,2025-06-15 03:07:32
dr. I Kadek Dwi Iman Muliawan,Dokter Umum,halodoc,"Setiabudi, Jakarta Selatan",,dokter-umum,2025-06-15 03:07:32
I Kadek Raditya Arya Dana,Dokter Umum,halodoc,"Setiabudi, Jakarta Selatan",,dokter-umum,2025-06-15 03:07:32
dr. I Kadek d. Subakti,Dokter Umum,Klinik Kerta Bakti,"Batuceper, Tangerang",,dokter-umum,2025-06-15 03:07:32
Dr. I Ketut Agus Prasetyo,Dokter Umum,Praktek dokter.,"Bukit Raya, Kota Pekanbaru",,dokter-umum,2025-06-15 03:07:32
dr. I M Randi,Dokter Umum,halodoc,"Setiabudi, Jakarta Selatan",,dokter-umum,2025-06-15 03:07:32
dr. I MADE SUKASTA,Dokter Umum,RS St. Carolus Salemba,"Senen, Jakarta Pusat",,dokter-umum,2025-06-15 03:07:32
Dr. I Made Ariyoga Budiana,Dokter Umum,halodoc,"Setiabudi, Jakarta Selatan",,dokter-umum,2025-06-15 03:07:32
dr I Made Naoval Fauzi,Dokter Umum,KLINIK NUR'ANNISA,"Banyusari, Kabupaten Karawang",,dokter-umum,2025-06-15 03:07:32
dr I Made Naoval Fauzi,Dokter Umum,KLINIK NUR ANNISA,"Karawang Timur, Kabupaten Karawang",,dokter-umum,2025-06-15 03:07:35
dr. I Made Naoval Fauzi,Dokter Umum,KLINIK NUR ANNISA,"Karawang Timur, Kabupaten Karawang",,dokter-umum,2025-06-15 03:07:35
Dr. I Made Sukasta,Dokter Umum,halodoc,"Setiabudi, Jakarta Selatan",,dokter-umum,2025-06-15 03:07:35
Dr. I Nyoman Widiyana,Dokter Umum,halodoc,"Setiabudi, Jakarta Selatan",,dokter-umum,2025-06-15 03:07:35
Dr. I Putu Adi Suparna Putra,Dokter Umum,halodoc,"Setiabudi, Jakarta Selatan",,dokter-umum,2025-06-15 03:07:35
dr. I Putu Dian Hendra Wijaya,Dokter Umum,halodoc,"Setiabudi, Jakarta Selatan",,dokter-umum,2025-06-15 03:07:35
dr I Putu Wesen,Dokter Umum,Praktek dokter.,"Bukit Raya, Kota Pekanbaru",,dokter-umum,2025-06-15 03:07:35
dr. I Wayan Pande Adhyaksa,Dokter Umum,halodoc,"Setiabudi, Jakarta Selatan",,dokter-umum,2025-06-15 03:07:35
dr. I. Z Hanafi MBA,Dokter Umum,Praktek Dokter Mandiri MPC,"Tambun Selatan, Kabupaten Bekasi",,dokter-umum,2025-06-15 03:07:35
dr. I.Ratna Novalia Sari,Dokter Umum,halodoc,"Setiabudi, Jakarta Selatan",,dokter-umum,2025-06-15 03:07:35
dr. IFANDI S. KUSUMO,Dokter Umum,dr. Ifandi S Kusumo,"Pesanggrahan, Jakarta Selatan",,dokter-umum,2025-06-15 03:07:37
dr. IFANDI S. KUSUMO,Dokter Umum,halodoc,"Setiabudi, Jakarta Selatan",,dokter-umum,2025-06-15 03:07:37
dr. IGA Ratna Dewi,Dokter Umum,halodoc,"Setiabudi, Jakarta Selatan",,dokter-umum,2025-06-15 03:07:37
DR. IKHSAN FEBRIANSYAH,Dokter Umum,Klinik Indosehat 2003,"Tanjung Priok, Jakarta Utara",,dokter-umum,2025-06-15 03:07:37
dr. INBAN KELANA SEMBIRING,Dokter Umum,Apotek Dan Klinik Budi Asih 2,"Cikarang Pusat, Kabupaten Bekasi",,dokter-umum,2025-06-15 03:07:37
Dr. INDAH ARINI,Dokter Umum,Apotek Roxy Pondok Ungu,"Babelan, Kabupaten Bekasi",,dokter-umum,2025-06-15 03:07:37
Dr. IP Popy Sp. OG,Dokter Umum,KLINIK YUSFINA,"Kelua, Kabupaten Tabalong",,dokter-umum,2025-06-15 03:07:37
ISMEILA MURTIE DR,Dokter Umum,Praktek Mandiri Dokter,"Gambir, Jakarta Pusat",,dokter-umum,2025-06-15 03:07:37
dr. ISNA AKMALIA,Dokter Umum,Rumah Sakit Bhayangkara Lemdiklat Polri,"Kebayoran Lama, Jakarta Selatan",,dokter-umum,2025-06-15 03:07:37
dr. ISRIYANI M.M,Dokter Umum,Balai Pengobatan Umum Kartika - Bogor,"Tanah Sareal, Bogor",,dokter-umum,2025-06-15 03:07:37
dr. ISRIYANTO,Dokter Umum,Balai Pengobatan Umum Kartika - Bogor,"Tanah Sareal, Bogor",,dokter-umum,2025-06-15 03:07:40
DR. IVAN RACHMAT BACHTIAR,Dokter Umum,halodoc,"Setiabudi, Jakarta Selatan",,dokter-umum,2025-06-15 03:07:40
Dr. Iameresa Josephine Emisura Sitepu,Dokter Umum,halodoc,"Setiabudi, Jakarta Selatan",,dokter-umum,2025-06-15 03:07:40
Ian Ibnu Faizal,Dokter Umum,halodoc,"Setiabudi, Jakarta Selatan",,dokter-umum,2025-06-15 03:07:40
dr. Ibnu Fajar Eka Widyantara,Dokter Umum,halodoc,"Setiabudi, Jakarta Selatan",,dokter-umum,2025-06-15 03:07:40
Dr. Ibnu Syifa,Dokter Umum,Dr. Ibnu Syifa,"Cisarua, Kabupaten Bogor",,dokter-umum,2025-06-15 03:07:40
dr. Ibrahim Utama Pribadi,Dokter Umum,halodoc,"Setiabudi, Jakarta Selatan",,dokter-umum,2025-06-15 03:07:40
dr. Ica Shyntia Pelensina,Dokter Umum,halodoc,"Setiabudi, Jakarta Selatan",,dokter-umum,2025-06-15 03:07:40
dr. Icha Prasetina,Dokter Umum,halodoc,"Setiabudi, Jakarta Selatan",,dokter-umum,2025-06-15 03:07:40
dr. Ichi Mayangsari,Dokter Umum,halodoc,"Setiabudi, Jakarta Selatan",,dokter-umum,2025-06-15 03:07:40
dr. Ichi Mayangsari,Dokter Umum,MAHARANNY MEDIKA,"Kemayoran, Jakarta Pusat",,dokter-umum,2025-06-15 03:07:42
Ichlasul Amali,Dokter Umum,halodoc,"Setiabudi, Jakarta Selatan",,dokter-umum,2025-06-15 03:07:42
dr. Ida Ayu Kirtiasih,Dokter Umum,halodoc,"Setiabudi, Jakarta Selatan",,dokter-umum,2025-06-15 03:07:42
Dr. Ida Ayu Santhi Pertiwi Manuaba,Dokter Umum,halodoc,"Setiabudi, Jakarta Selatan",,dokter-umum,2025-06-15 03:07:42
Dr. Ida Bagus Kade Adiyoga,Dokter Umum,halodoc,"Setiabudi, Jakarta Selatan",,dokter-umum,2025-06-15 03:07:42
dr. Idah Wido Sari N.,Dokter Umum,Apotek Prima Farma,"Pasar Minggu, Jakarta Selatan",,dokter-umum,2025-06-15 03:07:42
dr. Ide Rosalita,Dokter Umum,KLINIK IDE,"Indramayu, Kabupaten Indramayu",,dokter-umum,2025-06-15 03:07:42
Dr. Idham Khalid,Dokter Umum,halodoc,"Setiabudi, Jakarta Selatan",,dokter-umum,2025-06-15 03:07:42
dr. Idola Lorenza,Dokter Umum,halodoc,"Setiabudi, Jakarta Selatan",,dokter-umum,2025-06-15 03:07:42
dr. Ifandi,Dokter Umum,Dr. Ifandi S. Kusumo,"Telukjambe Timur, Kabupaten Karawang",,dokter-umum,2025-06-15 03:07:42
dr. Ifandi S. Kusumo,Dokter Umum,Dr. Ifandi S. Kusumo,"Telukjambe Timur, Kabupaten Karawang",,dokter-umum,2025-06-15 03:07:45
dr. Ifandi S. Kusumo,Dokter Umum,Dr. Ifandi S. Kusumo,"Telukjambe Timur, Kabupaten Karawang",,dokter-umum,2025-06-15 03:07:45
dr. Ifandi S. Kusumo,Dokter Umum,dr. Ifandi S Kusumo,"Pesanggrahan, Jakarta Selatan",,dokter-umum,2025-06-15 03:07:45
dr. Iffa Maulida,Dokter Umum,halodoc,"Setiabudi, Jakarta Selatan",,dokter-umum,2025-06-15 03:07:45
Dr. Iffah,Dokter Umum,APOTEK LIDO,"Koja, Jakarta Utara",,dokter-umum,2025-06-15 03:07:45
dr. Ifwil Kartini,Dokter Umum,halodoc,"Setiabudi, Jakarta Selatan",,dokter-umum,2025-06-15 03:07:45
dr. Iga Sari S,Dokter Umum,halodoc,"Setiabudi, Jakarta Selatan",,dokter-umum,2025-06-15 03:07:45
dr. Iie Tanang,Dokter Umum,halodoc,"Setiabudi, Jakarta Selatan",,dokter-umum,2025-06-15 03:07:45
Dr. Iin Sakina. L,Dokter Umum,halodoc,"Setiabudi, Jakarta Selatan",,dokter-umum,2025-06-15 03:07:45
Dr. Ika,Dokter Umum,Apotik Marsada,"Bojongmangu, Kabupaten Bekasi",,dokter-umum,2025-06-15 03:07:45
dr Ika,Dokter Umum,APOTEK ROXY,"Bekasi Selatan, Bekasi",,dokter-umum,2025-06-15 03:07:48
Dr. Ika F. Petiningrum,Dokter Umum,Amanah Health Care,"Berbah, Kabupaten Sleman",,dokter-umum,2025-06-15 03:07:48
Dr. Ika Handayani,Dokter Umum,halodoc,"Setiabudi, Jakarta Selatan",,dokter-umum,2025-06-15 03:07:48
dr. Ika Inda Bani,Dokter Umum,halodoc,"Setiabudi, Jakarta Selatan",,dokter-umum,2025-06-15 03:07:48
dr. Ika Mustikasari,Dokter Umum,halodoc,"Setiabudi, Jakarta Selatan",,dokter-umum,2025-06-15 03:07:48
Dr. Ika Nadia Prajawati,Dokter Umum,halodoc,"Setiabudi, Jakarta Selatan",,dokter-umum,2025-06-15 03:07:48
dr Ika Nadia Prajawati,Dokter Umum,Apotik Halomedika Kelapa Gading,"Kelapa Gading, Jakarta Utara",,dokter-umum,2025-06-15 03:07:48
dr. Ika Nadia Prajawati,Dokter Umum,halodoc,"Setiabudi, Jakarta Selatan",,dokter-umum,2025-06-15 03:07:48
dr. Ika Nadia Prajawati,Dokter Umum,halodoc,"Setiabudi, Jakarta Selatan",,dokter-umum,2025-06-15 03:07:48
dr. Ika Nugraheni,Dokter Umum,RSUD Al Ihsan Provinsi Jawa Barat,"Baleendah, Kabupaten Bandung",,dokter-umum,2025-06-15 03:07:48
dr. Ika Nur Fitriani,Dokter Umum,Praktek Dokter Umum Dr. Ika Nur Fitriani,"Bungursari, Kabupaten Purwakarta",,dokter-umum,2025-06-15 03:07:51
Dr. Ika Octaviana,Dokter Umum,halodoc,"Setiabudi, Jakarta Selatan",,dokter-umum,2025-06-15 03:07:51
dr. Ika Puspitarinie,Dokter Umum,Praktek dr Ika Puspitarinie,"Waru, Kabupaten Sidoarjo",,dokter-umum,2025-06-15 03:07:51
dr. Ika Riyani Lestari,Dokter Umum,Klinik & Apotik Yayasan Darusyifa Mulia,"Cilandak, Jakarta Selatan",,dokter-umum,2025-06-15 03:07:51
dr. Ika Satya Perdhana M.Biomed,Dokter Umum,halodoc,"Setiabudi, Jakarta Selatan",,dokter-umum,2025-06-15 03:07:51
Dr. Ike Erni Uly Sirait,Dokter Umum,halodoc,"Setiabudi, Jakarta Selatan",,dokter-umum,2025-06-15 03:07:51
dr. Ike Nurharmah Rahayu,Dokter Umum,Klinik Rahayu Medika,"Rajeg, Kabupaten Tangerang",,dokter-umum,2025-06-15 03:07:51
dr. Ike Nurjannah Rambe,Dokter Umum,KLINIK GRIYA MEDIKA -,"Karawang Timur, Kabupaten Karawang",,dokter-umum,2025-06-15 03:07:51
Dr. Ike Nurjannah Rambe,Dokter Umum,KLINIK GRIYA MEDIKA -,"Karawang Timur, Kabupaten Karawang",,dokter-umum,2025-06-15 03:07:51
Dr. Ikhsan Prima Putra,Dokter Umum,halodoc,"Setiabudi, Jakarta Selatan",,dokter-umum,2025-06-15 03:07:51
dr Ikhwan,Dokter Umum,halodoc,"Setiabudi, Jakarta Selatan",,dokter-umum,2025-06-15 03:07:53
dr. Ikin Tjandra,Dokter Umum,Pramita Laboratorium,"Setiabudi, Jakarta Selatan",,dokter-umum,2025-06-15 03:07:53
Dr. Ikke Prihatanti,Dokter Umum,halodoc,"Setiabudi, Jakarta Selatan",,dokter-umum,2025-06-15 03:07:53
dr. Ikko Dwi Karisma,Dokter Umum,halodoc,"Setiabudi, Jakarta Selatan",,dokter-umum,2025-06-15 03:07:53
dr. Ikmah Fauzan,Dokter Umum,halodoc,"Setiabudi, Jakarta Selatan",,dokter-umum,2025-06-15 03:07:53
Dr. Ikmalun Natiq,Dokter Umum,halodoc,"Setiabudi, Jakarta Selatan",,dokter-umum,2025-06-15 03:07:53
Dr. Ikrima Ainal Qalbi,Dokter Umum,halodoc,"Setiabudi, Jakarta Selatan",,dokter-umum,2025-06-15 03:07:53
dr. Ilawati Suwandi,Dokter Umum,RSUD Al Ihsan Provinsi Jawa Barat,"Baleendah, Kabupaten Bandung",,dokter-umum,2025-06-15 03:07:53
dr. Ilham Akbar,Dokter Umum,Apotek K-24 Ciwastra,"Rancasari, Kota Bandung",,dokter-umum,2025-06-15 03:07:53
dr. Ilham Dahri,Dokter Umum,Klinik Graha Primaa,"Babelan, Kabupaten Bekasi",,dokter-umum,2025-06-15 03:07:53
Ima Maria,Dokter Umum,halodoc,"Setiabudi, Jakarta Selatan",,dokter-umum,2025-06-15 03:07:56
Dr. Imam Hadi Kurnianto,Dokter Umum,halodoc,"Setiabudi, Jakarta Selatan",,dokter-umum,2025-06-15 03:07:56
dr. Imam Hamdan,Dokter Umum,dr. Imam Hamdan,"Tanjung Priok, Jakarta Utara",,dokter-umum,2025-06-15 03:07:56
Dr. Imamatul Hikmah,Dokter Umum,halodoc,"Setiabudi, Jakarta Selatan",,dokter-umum,2025-06-15 03:07:56
dr. Iman Anum H.M,Dokter Umum,Klinik Bebita,"Cicurug, Kabupaten Sukabumi",,dokter-umum,2025-06-15 03:07:56
dr. Iman Purnawan,Dokter Umum,Praktek dr Eva Christiani dan dr Iman Purnawan,"Parungkuda, Kabupaten Sukabumi",,dokter-umum,2025-06-15 03:07:56
dr. Iman S,Dokter Umum,Apotek Nacara,"Cilincing, Jakarta Utara",,dokter-umum,2025-06-15 03:07:56
Iman S.,Dokter Umum,Apotek Nacara,"Cilincing, Jakarta Utara",,dokter-umum,2025-06-15 03:07:56
dr Iman Sutanto,Dokter Umum,Apotek Naraca Farma,"Tarumajaya, Kabupaten Bekasi",,dokter-umum,2025-06-15 03:07:56
Dr. Imandiar Dwi Akbar,Dokter Umum,halodoc,"Setiabudi, Jakarta Selatan",,dokter-umum,2025-06-15 03:07:56
dr. Imelda Herman,Dokter Umum,halodoc,"Setiabudi, Jakarta Selatan",,dokter-umum,2025-06-15 03:07:58
dr. Immanuel Felix,Dokter Umum,MGanik Care,"Kembangan, Jakarta Barat",,dokter-umum,2025-06-15 03:07:58
dr. Immanuel Jeffri Paian Parulian,Dokter Umum,halodoc,"Setiabudi, Jakarta Selatan",,dokter-umum,2025-06-15 03:07:58
Ina Marlina,Dokter Umum,halodoc,"Setiabudi, Jakarta Selatan",,dokter-umum,2025-06-15 03:07:58
dr. Ina Marlina,Dokter Umum,halodoc,"Setiabudi, Jakarta Selatan",,dokter-umum,2025-06-15 03:07:58
dr. Ina Ratna,Dokter Umum,halodoc,"Setiabudi, Jakarta Selatan",,dokter-umum,2025-06-15 03:07:58
Dr. Ina Uli,Dokter Umum,halodoc,"Setiabudi, Jakarta Selatan",,dokter-umum,2025-06-15 03:07:58
dr. Inas Amalia Mahasin,Dokter Umum,halodoc,"Setiabudi, Jakarta Selatan",,dokter-umum,2025-06-15 03:07:58
dr. Inawati M.Kes,Dokter Umum,halodoc,"Setiabudi, Jakarta Selatan",,dokter-umum,2025-06-15 03:07:58
"dr. Inawati, M. Kes",Dokter Umum,"dr. Inawati, M.Kes","Lakarsantri, Kota Surabaya",,dokter-umum,2025-06-15 03:07:58
dr Indah,Dokter Umum,Apotek Abati Farm,"Cempaka Putih, Jakarta Pusat",,dokter-umum,2025-06-15 03:08:01
dr. Indah,Dokter Umum,Klinik Kimia Farma Kopo 75,"Astanaanyar, Kota Bandung",,dokter-umum,2025-06-15 03:08:01
dr. Indah Amalia,Dokter Umum,halodoc,"Setiabudi, Jakarta Selatan",,dokter-umum,2025-06-15 03:08:01
dr. Indah Amalia,Dokter Umum,halodoc,"Setiabudi, Jakarta Selatan",,dokter-umum,2025-06-15 03:08:01
dr. Indah Amalia,Dokter Umum,halodoc,"Setiabudi, Jakarta Selatan",,dokter-umum,2025-06-15 03:08:01
Dr. Indah Budiarti,Dokter Umum,halodoc,"Setiabudi, Jakarta Selatan",,dokter-umum,2025-06-15 03:08:01
Dr. Indah Dewiana Akhyar,Dokter Umum,halodoc,"Setiabudi, Jakarta Selatan",,dokter-umum,2025-06-15 03:08:01
dr Indah Dwi Pratiwi,Dokter Umum,MOIST CARE CLINIC,"Tanah Sareal, Bogor",,dokter-umum,2025-06-15 03:08:01
Dr. Indah Febrina Pratiwi,Dokter Umum,halodoc,"Setiabudi, Jakarta Selatan",,dokter-umum,2025-06-15 03:08:01
dr. Indah Fitriani,Dokter Umum,Prodia Health Care,"Senen, Jakarta Pusat",,dokter-umum,2025-06-15 03:08:01
Indah Guntur,Dokter Umum,halodoc,"Setiabudi, Jakarta Selatan",,dokter-umum,2025-06-15 03:08:03
dr. Indah Indriani,Dokter Umum,halodoc,"Setiabudi, Jakarta Selatan",,dokter-umum,2025-06-15 03:08:03
dr. Indah Iswara,Dokter Umum,halodoc,"Setiabudi, Jakarta Selatan",,dokter-umum,2025-06-15 03:08:03
dr. Indah Mayangsari,Dokter Umum,Klinik Sari Medika,"Medan Satria, Bekasi",,dokter-umum,2025-06-15 03:08:03
dr. Indah Mora Risti Pulungan,Dokter Umum,halodoc,"Setiabudi, Jakarta Selatan",,dokter-umum,2025-06-15 03:08:03
dr. Indah Nora,Dokter Umum,halodoc,"Setiabudi, Jakarta Selatan",,dokter-umum,2025-06-15 03:08:03
Dr. Indah Novita Rahmi,Dokter Umum,halodoc,"Setiabudi, Jakarta Selatan",,dokter-umum,2025-06-15 03:08:03
Dr. Indah Nur Fadillah,Dokter Umum,halodoc,"Setiabudi, Jakarta Selatan",,dokter-umum,2025-06-15 03:08:03
Dr. Indah Permata Sari,Dokter Umum,halodoc,"Setiabudi, Jakarta Selatan",,dokter-umum,2025-06-15 03:08:03
Dr. Indah Pratiwi,Dokter Umum,halodoc,"Setiabudi, Jakarta Selatan",,dokter-umum,2025-06-15 03:08:03
dr. Indah Pratiwi,Dokter Umum,halodoc,"Setiabudi, Jakarta Selatan",,dokter-umum,2025-06-15 03:08:06
Dr. Indah Prima Putri,Dokter Umum,halodoc,"Setiabudi, Jakarta Selatan",,dokter-umum,2025-06-15 03:08:06
Dr. Indah Purnama,Dokter Umum,halodoc,"Setiabudi, Jakarta Selatan",,dokter-umum,2025-06-15 03:08:06
dr. Indah Riyanti Putri,Dokter Umum,halodoc,"Setiabudi, Jakarta Selatan",,dokter-umum,2025-06-15 03:08:06
dr. Indah Rosidha,Dokter Umum,halodoc,"Setiabudi, Jakarta Selatan",,dokter-umum,2025-06-15 03:08:06
Indah Wineva,Dokter Umum,halodoc,"Setiabudi, Jakarta Selatan",,dokter-umum,2025-06-15 03:08:06
Dr. Indar Dwi Handika,Dokter Umum,halodoc,"Setiabudi, Jakarta Selatan",,dokter-umum,2025-06-15 03:08:06
dr. Indira Masitoh,Dokter Umum,halodoc,"Setiabudi, Jakarta Selatan",,dokter-umum,2025-06-15 03:08:06
dr. Indira Noor DinI,Dokter Umum,Klinik DokterHub Kemayoran,"Kemayoran, Jakarta Pusat",,dokter-umum,2025-06-15 03:08:06
dr. Indira Noor Dini,Dokter Umum,Klinik DokterHub Kemayoran,"Kemayoran, Jakarta Pusat",,dokter-umum,2025-06-15 03:08:06
Dr. Indira Noor Dini,Dokter Umum,Klinik DokterHub Kemayoran,"Kemayoran, Jakarta Pusat",,dokter-umum,2025-06-15 03:08:08
dr. Indira Noor Dini,Dokter Umum,Klinik DokterHub Kemayoran,"Kemayoran, Jakarta Pusat",,dokter-umum,2025-06-15 03:08:08
Dr. Indira Saraswati Sp. A,Dokter Umum,Klinik Utama Genta Aras Salama,"Solokan Jeruk, Kabupaten Bandung",,dokter-umum,2025-06-15 03:08:08
Dr. Indra Addinar,Dokter Umum,Apotek Rahmah,"Penjaringan, Jakarta Utara",,dokter-umum,2025-06-15 03:08:08
Dr. Indra Dharma H,Dokter Umum,Klinik & Apotek Dharma,"Serpong Utara, Tangerang Selatan",,dokter-umum,2025-06-15 03:08:08
dr. Indra Febryan Gosal,Dokter Umum,halodoc,"Setiabudi, Jakarta Selatan",,dokter-umum,2025-06-15 03:08:08
Dr. Indra Gunawan,Dokter Umum,dr. Indra Gunawan,"Plumbon, Kabupaten Cirebon",,dokter-umum,2025-06-15 03:08:08
Dr. Indra Gunawan,Dokter Umum,dr. Indra Gunawan,"Plumbon, Kabupaten Cirebon",,dokter-umum,2025-06-15 03:08:08
Dr. Indra Gunawan,Dokter Umum,dr. Indra Gunawan,"Plumbon, Kabupaten Cirebon",,dokter-umum,2025-06-15 03:08:08
dr. Indra Gunawan,Dokter Umum,halodoc,"Setiabudi, Jakarta Selatan",,dokter-umum,2025-06-15 03:08:08
dr. Indra Jaya Purnama,Dokter Umum,halodoc,"Setiabudi, Jakarta Selatan",,dokter-umum,2025-06-15 03:08:11
dr. Indra Komara,Dokter Umum,Prakter dr. Indra Komara,"Pasar Rebo, Jakarta Timur",,dokter-umum,2025-06-15 03:08:11
dr. Indra Komara,Dokter Umum,Prakter dr. Indra Komara,"Pasar Rebo, Jakarta Timur",,dokter-umum,2025-06-15 03:08:11
dr. Indra Komara,Dokter Umum,Klinik Walagri,"Ciwidey, Kabupaten Bandung",,dokter-umum,2025-06-15 03:08:11
dr. Indra Luminturaharjo,Dokter Umum,dr. Indra Luminturaharjo,"Klojen, Kota Malang",,dokter-umum,2025-06-15 03:08:11
dr. Indra Pramanasari,Dokter Umum,halodoc,"Setiabudi, Jakarta Selatan",,dokter-umum,2025-06-15 03:08:11
dr. Indra Rizal Rasyid,Dokter Umum,Klinik Pratama & Apotek Afwaja Medika,"Karawang Timur, Kabupaten Karawang",,dokter-umum,2025-06-15 03:08:11
dr. Indra Saputra,Dokter Umum,halodoc,"Setiabudi, Jakarta Selatan",,dokter-umum,2025-06-15 03:08:11
Dr. Indra Suryawinata,Dokter Umum,Citra Sehat Medika,"Cikupa, Kabupaten Tangerang",,dokter-umum,2025-06-15 03:08:11
dr. Indra Suryawinata,Dokter Umum,Klinik Citra Sehat.,"Cibitung, Kabupaten Bekasi",,dokter-umum,2025-06-15 03:08:11
dr. Indra Wawan Purba,Dokter Umum,halodoc,"Setiabudi, Jakarta Selatan",,dokter-umum,2025-06-15 03:08:13
dr. Indrani Nur Winarno Putri,Dokter Umum,halodoc,"Setiabudi, Jakarta Selatan",,dokter-umum,2025-06-15 03:08:13
dr. Indri,Dokter Umum,Apotek Kimia Farma Courtyard Galuh Mas,"Telukjambe Timur, Kabupaten Karawang",,dokter-umum,2025-06-15 03:08:13
dr. Indri,Dokter Umum,Apotek Kimia Farma Courtyard Galuh Mas,"Telukjambe Timur, Kabupaten Karawang",,dokter-umum,2025-06-15 03:08:13
dr. Indri,Dokter Umum,apotek kimia farma -,"Cihara, Kabupaten Lebak",,dokter-umum,2025-06-15 03:08:13
dr. Indri,Dokter Umum,Apotek Kimia Farma Courtyard Galuh Mas,"Telukjambe Timur, Kabupaten Karawang",,dokter-umum,2025-06-15 03:08:13
Dr. Indri Hapsari W,Dokter Umum,halodoc,"Setiabudi, Jakarta Selatan",,dokter-umum,2025-06-15 03:08:13
dr. Indri Hardiyanti,Dokter Umum,halodoc,"Setiabudi, Jakarta Selatan",,dokter-umum,2025-06-15 03:08:13
Dr. Indri Larassandi Fratiwi,Dokter Umum,halodoc,"Setiabudi, Jakarta Selatan",,dokter-umum,2025-06-15 03:08:13
dr. Indri Noor Hidayati,Dokter Umum,halodoc,"Setiabudi, Jakarta Selatan",,dokter-umum,2025-06-15 03:08:13
dr. Indri Nursyafitri Hamsari,Dokter Umum,RS TK III Sindhu Trisno,"Palu Timur, Kota Palu",,dokter-umum,2025-06-15 03:08:16
dr. Indri Purpitartari,Dokter Umum,Apotek Kimia Farma Courtyard Galuh Mas,"Telukjambe Timur, Kabupaten Karawang",,dokter-umum,2025-06-15 03:08:16
Dr. Indri Puspita,Dokter Umum,Apotek Kimia Farma Courtyard Galuh Mas,"Telukjambe Timur, Kabupaten Karawang",,dokter-umum,2025-06-15 03:08:16
dr. Indri Puspitasari,Dokter Umum,Apotek Kimia Farma Galuh Mas,"Telukjambe Timur, Kabupaten Karawang",,dokter-umum,2025-06-15 03:08:16
dr. Indri Puspitasari,Dokter Umum,Apotek dan Klinik Kimia Farma Kosambi,"Klari, Kabupaten Karawang",,dokter-umum,2025-06-15 03:08:16
dr. Indri Puspitasari,Dokter Umum,Apotek Kimia Farma Courtyard Galuh Mas,"Telukjambe Timur, Kabupaten Karawang",,dokter-umum,2025-06-15 03:08:16
Indri Puspitasari,Dokter Umum,Klinik Kimia Farma Sumber,"Sumber, Kabupaten Cirebon",,dokter-umum,2025-06-15 03:08:16
Indri Yulianthi,Dokter Umum,halodoc,"Setiabudi, Jakarta Selatan",,dokter-umum,2025-06-15 03:08:16
dr. Indri puspitacani,Dokter Umum,"Apotek, Laboratorium Medis, dan Klinik Kimia Farma Grahayana","Telukjambe Timur, Kabupaten Karawang",,dokter-umum,2025-06-15 03:08:16
dr. Indri puspitani,Dokter Umum,"Apotek, Laboratorium Medis, dan Klinik Kimia Farma Grahayana","Telukjambe Timur, Kabupaten Karawang",,dokter-umum,2025-06-15 03:08:16
dr. Indri puspitasari,Dokter Umum,Apotek Kimia Farma Courtyard Galuh Mas,"Telukjambe Timur, Kabupaten Karawang",,dokter-umum,2025-06-15 03:08:18
Dr. Indriani,Dokter Umum,Aulia Medica,"Cempaka Putih, Jakarta Pusat",,dokter-umum,2025-06-15 03:08:18
dr. Indriani Sp. OG,Dokter Umum,halodoc,"Setiabudi, Jakarta Selatan",,dokter-umum,2025-06-15 03:08:18
dr. Indyas Paramesvari,Dokter Umum,halodoc,"Setiabudi, Jakarta Selatan",,dokter-umum,2025-06-15 03:08:18
dr. Inez Novian Indah Sp. Rad,Dokter Umum,RSUD Karawang,"Ciampel, Kabupaten Karawang",,dokter-umum,2025-06-15 03:08:18
dr. Inez Saraswati,Dokter Umum,halodoc,"Setiabudi, Jakarta Selatan",,dokter-umum,2025-06-15 03:08:18
Dr. Inggil Indes Rakhmanto,Dokter Umum,halodoc,"Setiabudi, Jakarta Selatan",,dokter-umum,2025-06-15 03:08:18
Dr. Inggriana Sukma Dewi,Dokter Umum,halodoc,"Setiabudi, Jakarta Selatan",,dokter-umum,2025-06-15 03:08:18
dr. Inggrid Elisabeth,Dokter Umum,RSIA Viola,"Babelan, Kabupaten Bekasi",,dokter-umum,2025-06-15 03:08:18
dr. Inggrid Melisa Dewi,Dokter Umum,halodoc,"Setiabudi, Jakarta Selatan",,dokter-umum,2025-06-15 03:08:18
dr. Inggried Elisabeth,Dokter Umum,RSIA Viola,"Babelan, Kabupaten Bekasi",,dokter-umum,2025-06-15 03:08:21
dr. Ingrid Elisabeth,Dokter Umum,RSIA Viola,"Babelan, Kabupaten Bekasi",,dokter-umum,2025-06-15 03:08:21
dr. Inkoni Novitasari Sp. M,Dokter Umum,RSU Purbowangi,"Cempaka Putih, Jakarta Pusat",,dokter-umum,2025-06-15 03:08:21
dr. Inna Fitriana Zain,Dokter Umum,Halodoc Teleconsultation,"Setiabudi, Jakarta Selatan",,dokter-umum,2025-06-15 03:08:21
Dr. Inna Fitriana Zain,Dokter Umum,halodoc,"Setiabudi, Jakarta Selatan",,dokter-umum,2025-06-15 03:08:21
dr. Innarsi,Dokter Umum,halodoc,"Setiabudi, Jakarta Selatan",,dokter-umum,2025-06-15 03:08:21
dr. Inne,Dokter Umum,Klinik Kimia Farma Moxy,"Bandung Wetan, Kota Bandung",,dokter-umum,2025-06-15 03:08:21
Insaani Mukhlisah,Dokter Umum,halodoc,"Setiabudi, Jakarta Selatan",,dokter-umum,2025-06-15 03:08:21
dr. Insan Kelana Sembiring,Dokter Umum,halodoc,"Setiabudi, Jakarta Selatan",,dokter-umum,2025-06-15 03:08:21
dr. Intan,Dokter Umum,Prodia Depok,"Cinere, Depok",,dokter-umum,2025-06-15 03:08:21
dr. Intan Almira Hutasuhut,Dokter Umum,Prodia Depok,"Cinere, Depok",,dokter-umum,2025-06-15 03:08:23
dr. Intan Cantika Salman,Dokter Umum,halodoc,"Setiabudi, Jakarta Selatan",,dokter-umum,2025-06-15 03:08:23
dr. Intan Dwi Susanti,Dokter Umum,halodoc,"Setiabudi, Jakarta Selatan",,dokter-umum,2025-06-15 03:08:23
dr. Intan Edyassari,Dokter Umum,halodoc,"Setiabudi, Jakarta Selatan",,dokter-umum,2025-06-15 03:08:23
dr Intan Hardianti Savitri,Dokter Umum,halodoc,"Setiabudi, Jakarta Selatan",,dokter-umum,2025-06-15 03:08:23
dr. Intan K,Dokter Umum,Apotek Kimia Farma Sidoarum,"Godean, Kabupaten Sleman",,dokter-umum,2025-06-15 03:08:23
dr. Intan Karnina Putri,Dokter Umum,halodoc,"Setiabudi, Jakarta Selatan",,dokter-umum,2025-06-15 03:08:23
Intan Mega Pratidiana,Dokter Umum,halodoc,"Setiabudi, Jakarta Selatan",,dokter-umum,2025-06-15 03:08:23
dr. Intan Permatasari,Dokter Umum,KDN (Klinik dokter Nency,"Babelan, Kabupaten Bekasi",,dokter-umum,2025-06-15 03:08:23
dr. Intan Permatsari,Dokter Umum,KDN (Klinik dokter Nency,"Babelan, Kabupaten Bekasi",,dokter-umum,2025-06-15 03:08:23
Dr. Intan Pratama Dewayanti,Dokter Umum,halodoc,"Setiabudi, Jakarta Selatan",,dokter-umum,2025-06-15 03:08:26
Dr. Intan Rahmi Nasya,Dokter Umum,halodoc,"Setiabudi, Jakarta Selatan",,dokter-umum,2025-06-15 03:08:26
Dr. Intan Sarira,Dokter Umum,halodoc,"Setiabudi, Jakarta Selatan",,dokter-umum,2025-06-15 03:08:26
dr. Intan Setyanti W,Dokter Umum,halodoc,"Setiabudi, Jakarta Selatan",,dokter-umum,2025-06-15 03:08:26
Dr. Intania Kartini Valianti,Dokter Umum,halodoc,"Setiabudi, Jakarta Selatan",,dokter-umum,2025-06-15 03:08:26
dr. Inzana Pascoal,Dokter Umum,halodoc,"Setiabudi, Jakarta Selatan",,dokter-umum,2025-06-15 03:08:26
dr. Iona,Dokter Umum,Klinik Lentera,"Pamulang, Tangerang Selatan",,dokter-umum,2025-06-15 03:08:26
dr. Iqbal Amri Fauzal,Dokter Umum,halodoc,"Setiabudi, Jakarta Selatan",,dokter-umum,2025-06-15 03:08:26
Iqbal Bajrie,Dokter Umum,Klinik Pasir Buah Arrisya,"Karawang Barat, Kabupaten Karawang",,dokter-umum,2025-06-15 03:08:26
Dr. Iqbal Bajrie,Dokter Umum,Klinik Pasir Buah Arrisya,"Karawang Barat, Kabupaten Karawang",,dokter-umum,2025-06-15 03:08:26
dr. Iqra Alimus,Dokter Umum,halodoc,"Setiabudi, Jakarta Selatan",,dokter-umum,2025-06-15 03:08:28
dr. Ira Damayanti,Dokter Umum,halodoc,"Setiabudi, Jakarta Selatan",,dokter-umum,2025-06-15 03:08:28
Ira Maya Randa,Dokter Umum,halodoc,"Setiabudi, Jakarta Selatan",,dokter-umum,2025-06-15 03:08:28
dr. Ira Ratnani,Dokter Umum,Klinik Utama Bidakara Medical Center Surabaya,"Wonocolo, Kota Surabaya",,dokter-umum,2025-06-15 03:08:28
Dr. Ira Safrilia Priwinda,Dokter Umum,halodoc,"Setiabudi, Jakarta Selatan",,dokter-umum,2025-06-15 03:08:28
dr. Ira Wardhani,Dokter Umum,halodoc,"Setiabudi, Jakarta Selatan",,dokter-umum,2025-06-15 03:08:28
dr. Irahmal,Dokter Umum,halodoc,"Setiabudi, Jakarta Selatan",,dokter-umum,2025-06-15 03:08:28
dr. Iramaya Oktariana Harahap,Dokter Umum,halodoc,"Setiabudi, Jakarta Selatan",,dokter-umum,2025-06-15 03:08:28
Dr. Irawati,Dokter Umum,Praktek Dr Irawati,"Bekasi Barat, Bekasi",,dokter-umum,2025-06-15 03:08:28
Dr. Irawati,Dokter Umum,Apotek Kasih -,"Mustika Jaya, Bekasi",,dokter-umum,2025-06-15 03:08:28
dr. Irawati Hidayah,Dokter Umum,halodoc,"Setiabudi, Jakarta Selatan",,dokter-umum,2025-06-15 03:08:31
Dr. Irdaningsih,Dokter Umum,halodoc,"Setiabudi, Jakarta Selatan",,dokter-umum,2025-06-15 03:08:31
dr. Irdha Yuliandari,Dokter Umum,halodoc,"Setiabudi, Jakarta Selatan",,dokter-umum,2025-06-15 03:08:31
Dr. Irene Natalia,Dokter Umum,KLINIK PRATAMA ELIM,"Andir, Kota Bandung",,dokter-umum,2025-06-15 03:08:31
dr. Irene Natania,Dokter Umum,halodoc,"Setiabudi, Jakarta Selatan",,dokter-umum,2025-06-15 03:08:31
dr. Irene Oinike,Dokter Umum,halodoc,"Setiabudi, Jakarta Selatan",,dokter-umum,2025-06-15 03:08:31
dr. Irfan,Dokter Umum,Klinik Gandul Medika,"Cinere, Depok",,dokter-umum,2025-06-15 03:08:31
dr. Irfan Kautsar,Dokter Umum,halodoc,"Setiabudi, Jakarta Selatan",,dokter-umum,2025-06-15 03:08:31
dr. Irfan Shiddiq Halim,Dokter Umum,Klinik Pratama Yakri,"Cilincing, Jakarta Utara",,dokter-umum,2025-06-15 03:08:31
Dr. Irfani Rahmi,Dokter Umum,halodoc,"Setiabudi, Jakarta Selatan",,dokter-umum,2025-06-15 03:08:31
Dr. Irfani Ryan Ardiansyah,Dokter Umum,halodoc,"Setiabudi, Jakarta Selatan",,dokter-umum,2025-06-15 03:08:33
dr. Iriandanu Nugraha,Dokter Umum,halodoc,"Setiabudi, Jakarta Selatan",,dokter-umum,2025-06-15 03:08:33
dr. Irianto,Dokter Umum,halodoc,"Setiabudi, Jakarta Selatan",,dokter-umum,2025-06-15 03:08:33
Dr. Irma Arniawati,Dokter Umum,halodoc,"Setiabudi, Jakarta Selatan",,dokter-umum,2025-06-15 03:08:33
dr Irma Chairani,Dokter Umum,KEBALEN MEDIKA,"Babelan, Kabupaten Bekasi",,dokter-umum,2025-06-15 03:08:33
dr. Irma Chairani,Dokter Umum,KEBALEN MEDIKA,"Babelan, Kabupaten Bekasi",,dokter-umum,2025-06-15 03:08:33
Dr. Irma Rahmawati Sulaeman,Dokter Umum,halodoc,"Setiabudi, Jakarta Selatan",,dokter-umum,2025-06-15 03:08:33
Dr. Irma Suryani,Dokter Umum,halodoc,"Setiabudi, Jakarta Selatan",,dokter-umum,2025-06-15 03:08:33
dr. Irma Suryati Sp. THT,Dokter Umum,APOTEK LIDO,"Koja, Jakarta Utara",,dokter-umum,2025-06-15 03:08:33
Dr. Irma Syofiana Tjg,Dokter Umum,halodoc,"Setiabudi, Jakarta Selatan",,dokter-umum,2025-06-15 03:08:33
dr. Irma Yunita MKM,Dokter Umum,halodoc,"Setiabudi, Jakarta Selatan",,dokter-umum,2025-06-15 03:08:36
dr. Irma Yunita,Dokter Umum,halodoc,"Setiabudi, Jakarta Selatan",,dokter-umum,2025-06-15 03:08:36
dr. Irna Novianti Irwan,Dokter Umum,halodoc,"Setiabudi, Jakarta Selatan",,dokter-umum,2025-06-15 03:08:36
Dr. Irnayana Oktariah,Dokter Umum,halodoc,"Setiabudi, Jakarta Selatan",,dokter-umum,2025-06-15 03:08:36
dr. Irni Pujowantari,Dokter Umum,PRATAMA RAWAT INAP SITI AZARIA,"Karawang Timur, Kabupaten Karawang",,dokter-umum,2025-06-15 03:08:36
dr Irni Purwantaari,Dokter Umum,PRATAMA RAWAT INAP SITI AZARIA,"Karawang Timur, Kabupaten Karawang",,dokter-umum,2025-06-15 03:08:36
dr. Irni Purwantari,Dokter Umum,PRATAMA RAWAT INAP SITI AZARIA,"Karawang Timur, Kabupaten Karawang",,dokter-umum,2025-06-15 03:08:36
dr. Irni Puwanti,Dokter Umum,KLINIK SITI AZARIA,"Karawang Timur, Kabupaten Karawang",,dokter-umum,2025-06-15 03:08:36
dr. Irvan R. Amrin,Dokter Umum,halodoc,"Setiabudi, Jakarta Selatan",,dokter-umum,2025-06-15 03:08:36
dr. Irwan Desrianda,Dokter Umum,RSUD Al Ihsan Provinsi Jawa Barat,"Baleendah, Kabupaten Bandung",,dokter-umum,2025-06-15 03:08:36
dr. Irwan Firmansyah,Dokter Umum,halodoc,"Setiabudi, Jakarta Selatan",,dokter-umum,2025-06-15 03:08:38
dr. Irwan Gandana MARS.,Dokter Umum,Klinik Pratama Yasmine Medika,"Gedebage, Kota Bandung",,dokter-umum,2025-06-15 03:08:38
dr. Irwan Saputra,Dokter Umum,halodoc,"Setiabudi, Jakarta Selatan",,dokter-umum,2025-06-15 03:08:38
dr Isa,Dokter Umum,Klinik Dr. Hurus Diyanto,"Cimanggis, Depok",,dokter-umum,2025-06-15 03:08:38
Dr. Isaias Stany Renjaan,Dokter Umum,halodoc,"Setiabudi, Jakarta Selatan",,dokter-umum,2025-06-15 03:08:38
dr. Isdiany Eka Dini,Dokter Umum,Klinik DokterHub Kemayoran,"Kemayoran, Jakarta Pusat",,dokter-umum,2025-06-15 03:08:38
dr. Isept Setiawan,Dokter Umum,halodoc,"Setiabudi, Jakarta Selatan",,dokter-umum,2025-06-15 03:08:38
dr. Ishahul Ummah,Dokter Umum,Klinik Fikri Medika,"Karawang Barat, Kabupaten Karawang",,dokter-umum,2025-06-15 03:08:38
Dr. Isidora Galuh Parahita,Dokter Umum,halodoc,"Setiabudi, Jakarta Selatan",,dokter-umum,2025-06-15 03:08:38
dr. Iska Rachmawati,Dokter Umum,halodoc,"Setiabudi, Jakarta Selatan",,dokter-umum,2025-06-15 03:08:38
dr. Ismi Mulya Afti,Dokter Umum,halodoc,"Setiabudi, Jakarta Selatan",,dokter-umum,2025-06-15 03:08:41
dr. Isna Arlina,Dokter Umum,Klinik Cahaya Amalia,"Bekasi Utara, Bekasi",,dokter-umum,2025-06-15 03:08:41
Dr. Isna Nisrina Hardani,Dokter Umum,halodoc,"Setiabudi, Jakarta Selatan",,dokter-umum,2025-06-15 03:08:41
dr. Isnaini Hafizah,Dokter Umum,halodoc,"Setiabudi, Jakarta Selatan",,dokter-umum,2025-06-15 03:08:41
Dr. Isnainia Azarine Khairul,Dokter Umum,halodoc,"Setiabudi, Jakarta Selatan",,dokter-umum,2025-06-15 03:08:41
dr. Isriyanio,Dokter Umum,Balai Pengobatan Umum Kartika,"Pademangan, Jakarta Utara",,dokter-umum,2025-06-15 03:08:41
dr. Isrizal,Dokter Umum,Klinik Al Zahrawi,"Tambun Selatan, Kabupaten Bekasi",,dokter-umum,2025-06-15 03:08:41
dr. Istahara,Dokter Umum,halodoc,"Setiabudi, Jakarta Selatan",,dokter-umum,2025-06-15 03:08:41
dr. Istiqomah Fista Syimi,Dokter Umum,halodoc,"Setiabudi, Jakarta Selatan",,dokter-umum,2025-06-15 03:08:41
dr. Istiqomah K. Radita,Dokter Umum,halodoc,"Setiabudi, Jakarta Selatan",,dokter-umum,2025-06-15 03:08:41
dr. Isty Qomariah,Dokter Umum,halodoc,"Setiabudi, Jakarta Selatan",,dokter-umum,2025-06-15 03:08:44
Dr. Isura Febrihartati MM,Dokter Umum,halodoc,"Setiabudi, Jakarta Selatan",,dokter-umum,2025-06-15 03:08:44
Dr. Iva Tania,Dokter Umum,halodoc,"Setiabudi, Jakarta Selatan",,dokter-umum,2025-06-15 03:08:44
Dr. Ivan Adiseputra,Dokter Umum,halodoc,"Setiabudi, Jakarta Selatan",,dokter-umum,2025-06-15 03:08:44
dr. Ivan Adrian Montolalu,Dokter Umum,halodoc,"Setiabudi, Jakarta Selatan",,dokter-umum,2025-06-15 03:08:44
dr. Ivan Christmas,Dokter Umum,dr. Ivan,"Medan Satria, Bekasi",,dokter-umum,2025-06-15 03:08:44
Dr. Ivan Jazid Adam,Dokter Umum,halodoc,"Setiabudi, Jakarta Selatan",,dokter-umum,2025-06-15 03:08:44
dr. Ivan Rumambi,Dokter Umum,APOTEK JATI KRAMAT,"Bekasi Selatan, Bekasi",,dokter-umum,2025-06-15 03:08:44
Dr. Ivany Lestari Goutama,Dokter Umum,halodoc,"Setiabudi, Jakarta Selatan",,dokter-umum,2025-06-15 03:08:44
Dr. Ivon Natalia,Dokter Umum,halodoc,"Setiabudi, Jakarta Selatan",,dokter-umum,2025-06-15 03:08:44
dr. Ivona Oliviera,Dokter Umum,halodoc,"Setiabudi, Jakarta Selatan",,dokter-umum,2025-06-15 03:08:46
dr. Iwan Iskandar,Dokter Umum,dr. Iwan Iskandar,"Tambakdahan, Kabupaten Subang",,dokter-umum,2025-06-15 03:08:46
dr. Iwan Iskandar,Dokter Umum,dr. Iwan Iskandar,"Tambakdahan, Kabupaten Subang",,dokter-umum,2025-06-15 03:08:46
dr. Iwan Kurniawan,Dokter Umum,halodoc,"Setiabudi, Jakarta Selatan",,dokter-umum,2025-06-15 03:08:46
dr. Iwan S,Dokter Umum,Klinik Siaga,"Pasar Minggu, Jakarta Selatan",,dokter-umum,2025-06-15 03:08:46
dr. Iwan Suhaili,Dokter Umum,KLINIK MEDIKA PRIMA,"Cibinong, Kabupaten Bogor",,dokter-umum,2025-06-15 03:08:46
dr. Iyas Prabowo Sp. A,Dokter Umum,Apotek Mida Farma II,"Gresik, Kabupaten Gresik",,dokter-umum,2025-06-15 03:08:46
dr. Izza Ilfina Wildani,Dokter Umum,halodoc,"Setiabudi, Jakarta Selatan",,dokter-umum,2025-06-15 03:08:46
Izzi Fekrat,Dokter Umum,halodoc,"Setiabudi, Jakarta Selatan",,dokter-umum,2025-06-15 03:08:46
Dr. J Edwin Sp.A,Dokter Umum,APOTEK MEDIZONE,"Sawah Besar, Jakarta Pusat",,dokter-umum,2025-06-15 03:08:46
dr. J. Januarta,Dokter Umum,dr.J Januarta,"Babelan, Kabupaten Bekasi",,dokter-umum,2025-06-15 03:08:49
dr. J. Januarta,Dokter Umum,dr.J Januarta,"Babelan, Kabupaten Bekasi",,dokter-umum,2025-06-15 03:08:49
dr. J. Januarta,Dokter Umum,dr.J Januarta,"Babelan, Kabupaten Bekasi",,dokter-umum,2025-06-15 03:08:49
dr. J. Januarta,Dokter Umum,dr.J Januarta,"Babelan, Kabupaten Bekasi",,dokter-umum,2025-06-15 03:08:49
dr. J. Januarta,Dokter Umum,dr.J Januarta,"Babelan, Kabupaten Bekasi",,dokter-umum,2025-06-15 03:08:49
dr. J. Januarta,Dokter Umum,dr.J Januarta,"Babelan, Kabupaten Bekasi",,dokter-umum,2025-06-15 03:08:49
dr. JENNI,Dokter Umum,Praktek Pribadi dr. Jenni,"Ratu Agung, Kota Bengkulu",,dokter-umum,2025-06-15 03:08:49
DR. JESSICA HALIM,Dokter Umum,Klinik Prodia Kedoya,"Kebon Jeruk, Jakarta Barat",,dokter-umum,2025-06-15 03:08:49
dr. JO,Dokter Umum,APOTIK MARDASA,"Pondok Gede, Bekasi",,dokter-umum,2025-06-15 03:08:49
DR. JO,Dokter Umum,APOTEK ROXY,"Bekasi Selatan, Bekasi",,dokter-umum,2025-06-15 03:08:49
Dr. JOY FIRMAN SP. THT,Dokter Umum,RS Hastien,"Rengasdengklok, Kabupaten Karawang",,dokter-umum,2025-06-15 03:08:51
Dr. JULIANTO,Dokter Umum,Praktek dokter.,"Bukit Raya, Kota Pekanbaru",,dokter-umum,2025-06-15 03:08:51
dr. Jaka Prasetya Vidya Ananta M.K.M,Dokter Umum,halodoc,"Setiabudi, Jakarta Selatan",,dokter-umum,2025-06-15 03:08:51
dr. Jamal,Dokter Umum,dr Jamal,"Cempaka Putih, Jakarta Pusat",,dokter-umum,2025-06-15 03:08:51
Dr. Jamal Nugraha,Dokter Umum,halodoc,"Setiabudi, Jakarta Selatan",,dokter-umum,2025-06-15 03:08:51
dr. Jamilah,Dokter Umum,halodoc,"Setiabudi, Jakarta Selatan",,dokter-umum,2025-06-15 03:08:51
dr. Jan Christian,Dokter Umum,halodoc,"Setiabudi, Jakarta Selatan",,dokter-umum,2025-06-15 03:08:51
Dr. Janet Supit,Dokter Umum,halodoc,"Setiabudi, Jakarta Selatan",,dokter-umum,2025-06-15 03:08:51
Dr. Janri Sianipar,Dokter Umum,halodoc,"Setiabudi, Jakarta Selatan",,dokter-umum,2025-06-15 03:08:51
Dr. Jaqueline,Dokter Umum,halodoc,"Setiabudi, Jakarta Selatan",,dokter-umum,2025-06-15 03:08:51
Dr. Jasinda,Dokter Umum,halodoc,"Setiabudi, Jakarta Selatan",,dokter-umum,2025-06-15 03:08:54
Dr. Jasmien Aisya Sastiarini,Dokter Umum,halodoc,"Setiabudi, Jakarta Selatan",,dokter-umum,2025-06-15 03:08:54
Dr. Jati Satriyo MMRS,Dokter Umum,halodoc,"Setiabudi, Jakarta Selatan",,dokter-umum,2025-06-15 03:08:54
Dr. Jati Satriyo MMRS,Dokter Umum,halodoc,"Setiabudi, Jakarta Selatan",,dokter-umum,2025-06-15 03:08:54
Dr. Jati Satriyo,Dokter Umum,halodoc,"Setiabudi, Jakarta Selatan",,dokter-umum,2025-06-15 03:08:54
Dr. Javanico Serly,Dokter Umum,halodoc,"Setiabudi, Jakarta Selatan",,dokter-umum,2025-06-15 03:08:54
dr. Jaza Ulmuslikha,Dokter Umum,Praktek dokter.,"Bukit Raya, Kota Pekanbaru",,dokter-umum,2025-06-15 03:08:54
"Dr. Jeane Cynthia Wongso M.Biomed, AAM",Dokter Umum,halodoc,"Setiabudi, Jakarta Selatan",,dokter-umum,2025-06-15 03:08:54
Dr. Jeanike Defrawati,Dokter Umum,halodoc,"Setiabudi, Jakarta Selatan",,dokter-umum,2025-06-15 03:08:54
dr. Jeanne Dyanchana Pujopurwono,Dokter Umum,halodoc,"Setiabudi, Jakarta Selatan",,dokter-umum,2025-06-15 03:08:54
Dr. Jeanny Maurine Siswadi,Dokter Umum,halodoc,"Setiabudi, Jakarta Selatan",,dokter-umum,2025-06-15 03:08:56
dr. Jeffrey,Dokter Umum,Klinik Anggrek,"Serang, Kota Serang",,dokter-umum,2025-06-15 03:08:56
Dr. Jeffry Hendry Fakhruddin,Dokter Umum,halodoc,"Setiabudi, Jakarta Selatan",,dokter-umum,2025-06-15 03:08:56
Dr. Jeki Samuel,Dokter Umum,halodoc,"Setiabudi, Jakarta Selatan",,dokter-umum,2025-06-15 03:08:56
"Dr. dr. Jekson Martiar Siahaan M.Biomed., AIFO-K",Dokter Umum,halodoc,"Setiabudi, Jakarta Selatan",,dokter-umum,2025-06-15 03:08:56
dr. Jelita Tri Lestari,Dokter Umum,Klinik & Apotek Hilda Alnaira,"Koja, Jakarta Utara",,dokter-umum,2025-06-15 03:08:56
dr. Jelita Tri Lestari,Dokter Umum,Klinik & Apotek Hilda Alnaira,"Koja, Jakarta Utara",,dokter-umum,2025-06-15 03:08:56
"Dr. Jemimah Kezia Lee MARS, MM",Dokter Umum,halodoc,"Setiabudi, Jakarta Selatan",,dokter-umum,2025-06-15 03:08:56
dr. Jen Marisi Marbun,Dokter Umum,halodoc,"Setiabudi, Jakarta Selatan",,dokter-umum,2025-06-15 03:08:56
Dr. Jennefer,Dokter Umum,halodoc,"Setiabudi, Jakarta Selatan",,dokter-umum,2025-06-15 03:08:56
dr. Jenni,Dokter Umum,Praktek Pribadi dr. Jenni,"Ratu Agung, Kota Bengkulu",,dokter-umum,2025-06-15 03:08:59
dr. Jenni,Dokter Umum,Praktek Dokter Umum.,"Cilincing, Jakarta Utara",,dokter-umum,2025-06-15 03:08:59
dr. Jennifer Gonardy,Dokter Umum,halodoc,"Setiabudi, Jakarta Selatan",,dokter-umum,2025-06-15 03:08:59
Dr. Jeremy O. Tanoloe,Dokter Umum,dr. Jeremy O. Tanoloe,"Kalideres, Jakarta Barat",,dokter-umum,2025-06-15 03:08:59
Dr. Jeremy Yoshua Santosa,Dokter Umum,halodoc,"Setiabudi, Jakarta Selatan",,dokter-umum,2025-06-15 03:08:59
dr. Jeriksar Partona Parhusip,Dokter Umum,Klinik Salamah,"Pasar Rebo, Jakarta Timur",,dokter-umum,2025-06-15 03:08:59
dr. Jerry Moranov,Dokter Umum,halodoc,"Setiabudi, Jakarta Selatan",,dokter-umum,2025-06-15 03:08:59
dr. Jesika Andrea Samaria Napitupulu,Dokter Umum,halodoc,"Setiabudi, Jakarta Selatan",,dokter-umum,2025-06-15 03:08:59
dr. Jessia DJ Siahaan,Dokter Umum,Apotek Sinar Cempaka,"Kemayoran, Jakarta Pusat",,dokter-umum,2025-06-15 03:08:59
dr. Jessica,Dokter Umum,Praktek Umum dr. Jessica Halim,"Kebon Jeruk, Jakarta Barat",,dokter-umum,2025-06-15 03:08:59
dr. Jessica,Dokter Umum,Praktek dokter mandiri,"Cileunyi, Kabupaten Bandung",,dokter-umum,2025-06-15 03:09:01
Jessica,Dokter Umum,Apotik Taman Solo,"Cempaka Putih, Jakarta Pusat",,dokter-umum,2025-06-15 03:09:01
dr Jessica Adhyka M,Dokter Umum,halodoc,"Setiabudi, Jakarta Selatan",,dokter-umum,2025-06-15 03:09:01
dr. Jessica Adriane,Dokter Umum,halodoc,"Setiabudi, Jakarta Selatan",,dokter-umum,2025-06-15 03:09:01
dr. Jessica Christanti M.Kes,Dokter Umum,halodoc,"Setiabudi, Jakarta Selatan",,dokter-umum,2025-06-15 03:09:01
dr. Jessica Chynthia M.H,Dokter Umum,halodoc,"Setiabudi, Jakarta Selatan",,dokter-umum,2025-06-15 03:09:01
dr. Jessica DJ Sinaga,Dokter Umum,Apotek Sinar Cempaka,"Kemayoran, Jakarta Pusat",,dokter-umum,2025-06-15 03:09:01
dr. Jessica Deborah,Dokter Umum,Apotek Sinar Cempaka,"Kemayoran, Jakarta Pusat",,dokter-umum,2025-06-15 03:09:01
dr. Jessica Evelyn Liestyo,Dokter Umum,Eka Hospital Family,"Kelapa Gading, Jakarta Utara",,dokter-umum,2025-06-15 03:09:01
Dr. Jessica Fanlie,Dokter Umum,halodoc,"Setiabudi, Jakarta Selatan",,dokter-umum,2025-06-15 03:09:01
dr. Jessica Lepianda,Dokter Umum,halodoc,"Setiabudi, Jakarta Selatan",,dokter-umum,2025-06-15 03:09:04
dr. Jessica Lim,Dokter Umum,halodoc,"Setiabudi, Jakarta Selatan",,dokter-umum,2025-06-15 03:09:04
dr. Jessie Julian Mila Meha,Dokter Umum,halodoc,"Setiabudi, Jakarta Selatan",,dokter-umum,2025-06-15 03:09:04
dr. Jesslyn Valentina Jonathan MARS,Dokter Umum,halodoc,"Setiabudi, Jakarta Selatan",,dokter-umum,2025-06-15 03:09:04
dr Jessy S.,Dokter Umum,APOTEK KIMIA FARMA KATANG KEDIRI,"Kras, Kabupaten Kediri",,dokter-umum,2025-06-15 03:09:04
Dr. Jienshi Pantow,Dokter Umum,halodoc,"Setiabudi, Jakarta Selatan",,dokter-umum,2025-06-15 03:09:04
dr. Jifani Rasyad,Dokter Umum,halodoc,"Setiabudi, Jakarta Selatan",,dokter-umum,2025-06-15 03:09:04
Dr. Jihan Faqih,Dokter Umum,halodoc,"Setiabudi, Jakarta Selatan",,dokter-umum,2025-06-15 03:09:04
Dr. Jihan Nabila Regar,Dokter Umum,halodoc,"Setiabudi, Jakarta Selatan",,dokter-umum,2025-06-15 03:09:04
Dr. Jihan Putri Saefuddin,Dokter Umum,halodoc,"Setiabudi, Jakarta Selatan",,dokter-umum,2025-06-15 03:09:04
dr. Jimmy Meykel Loginsi,Dokter Umum,Dr. JIMMY MEYKEL LOGINSI.,"Malalayang, Kota Manado",,dokter-umum,2025-06-15 03:09:06
dr. Johan,Dokter Umum,Apotek Lentera,"Duren Sawit, Jakarta Timur",,dokter-umum,2025-06-15 03:09:06
dr. Johan Yudha Pratama,Dokter Umum,halodoc,"Setiabudi, Jakarta Selatan",,dokter-umum,2025-06-15 03:09:06
dr. Johana Fitriani,Dokter Umum,Praktik Johana Febriani,"Babelan, Kabupaten Bekasi",,dokter-umum,2025-06-15 03:09:06
Dr. Johanes. N,Dokter Umum,Dr. Johans Neeskens,"Cibinong, Kabupaten Bogor",,dokter-umum,2025-06-15 03:09:06
Dr. John Rico Antonius H. Manalu,Dokter Umum,halodoc,"Setiabudi, Jakarta Selatan",,dokter-umum,2025-06-15 03:09:06
dr. Johnny Harjanto,Dokter Umum,Apotek Sriti,"Kepung, Kabupaten Kediri",,dokter-umum,2025-06-15 03:09:06
dr. Johnwan Urman Sp. A.,Dokter Umum,APOTEK LIDO,"Koja, Jakarta Utara",,dokter-umum,2025-06-15 03:09:06
Dr. Johnwan Usman Sp. A,Dokter Umum,Apotek Nuansa Sehat.,"Koja, Jakarta Utara",,dokter-umum,2025-06-15 03:09:06
dr. Johny Timbul Pardomuan,Dokter Umum,Klinik Utama Berkat Agung,"Pondok Gede, Bekasi",,dokter-umum,2025-06-15 03:09:06
Dr. Jokevin Prasetyadhi,Dokter Umum,halodoc,"Setiabudi, Jakarta Selatan",,dokter-umum,2025-06-15 03:09:09
"dr. Joko Kurniawan, M.Sc Sp.A",Dokter Umum,Apotek Jodipati,"Margorejo, Pati",,dokter-umum,2025-06-15 03:09:09
dr. Joko Sulistiyono,Dokter Umum,Klinik Pratama As-Syifa 24 Jam,"Tambun Utara, Kabupaten Bekasi",,dokter-umum,2025-06-15 03:09:09
dr. Joko Sulistyo,Dokter Umum,Apotek Kimia Farma Courtyard Galuh Mas,"Telukjambe Timur, Kabupaten Karawang",,dokter-umum,2025-06-15 03:09:09
Dr. Jonas Kristoper,Dokter Umum,halodoc,"Setiabudi, Jakarta Selatan",,dokter-umum,2025-06-15 03:09:09
dr. Jonathan Albert Soempiet,Dokter Umum,halodoc,"Setiabudi, Jakarta Selatan",,dokter-umum,2025-06-15 03:09:09
Dr. Jonathan Koswara,Dokter Umum,halodoc,"Setiabudi, Jakarta Selatan",,dokter-umum,2025-06-15 03:09:09
dr. Joni Indah Sari,Dokter Umum,halodoc,"Setiabudi, Jakarta Selatan",,dokter-umum,2025-06-15 03:09:09
Dr. Jordy,Dokter Umum,halodoc,"Setiabudi, Jakarta Selatan",,dokter-umum,2025-06-15 03:09:09
dr. Jordy OCtabiannobel,Dokter Umum,RSU Gladish Medical Center,"Pringsewu, Kabupaten Pringsewu",,dokter-umum,2025-06-15 03:09:09
Dr. Josepb N. H. Simarmata,Dokter Umum,halodoc,"Setiabudi, Jakarta Selatan",,dokter-umum,2025-06-15 03:09:11
Dr. Josepb N. H. Simarmata,Dokter Umum,Apotek K24,"Banjarbaru Selatan, Kota Banjarbaru",,dokter-umum,2025-06-15 03:09:11
dr. Joseph Halim,Dokter Umum,halodoc,"Setiabudi, Jakarta Selatan",,dokter-umum,2025-06-15 03:09:11
dr. Joshua Christian,Dokter Umum,halodoc,"Setiabudi, Jakarta Selatan",,dokter-umum,2025-06-15 03:09:11
dr. Joshua Partogi Simamora,Dokter Umum,Praktik dr. Joshua P Simamora,"Pondok Gede, Bekasi",,dokter-umum,2025-06-15 03:09:11
Dr. Josua Manalu,Dokter Umum,halodoc,"Setiabudi, Jakarta Selatan",,dokter-umum,2025-06-15 03:09:11
Dr. Jovini Prima Utami,Dokter Umum,halodoc,"Setiabudi, Jakarta Selatan",,dokter-umum,2025-06-15 03:09:11
Dr. Joy Jesica Meindy Latuary,Dokter Umum,halodoc,"Setiabudi, Jakarta Selatan",,dokter-umum,2025-06-15 03:09:11
dr. Judith Hambleton,Dokter Umum,halodoc,"Setiabudi, Jakarta Selatan",,dokter-umum,2025-06-15 03:09:11
dr. Judy Tjahjindra,Dokter Umum,halodoc,"Setiabudi, Jakarta Selatan",,dokter-umum,2025-06-15 03:09:11
dr. Juhadi,Dokter Umum,Klinik Mitra Sehat,"Jatinegara, Jakarta Timur",,dokter-umum,2025-06-15 03:09:14
dr. Juli Jilianti,Dokter Umum,halodoc,"Setiabudi, Jakarta Selatan",,dokter-umum,2025-06-15 03:09:14
Dr. Julia Dwi Oktavia,Dokter Umum,halodoc,"Setiabudi, Jakarta Selatan",,dokter-umum,2025-06-15 03:09:14
dr. Julia Lupdo,Dokter Umum,Intan Sehat Medika,"Cengkareng, Jakarta Barat",,dokter-umum,2025-06-15 03:09:14
Dr. Juliah Makdasari,Dokter Umum,halodoc,"Setiabudi, Jakarta Selatan",,dokter-umum,2025-06-15 03:09:14
Julian Firdausi,Dokter Umum,halodoc,"Setiabudi, Jakarta Selatan",,dokter-umum,2025-06-15 03:09:14
Dr. Juliana Marsha Fredy,Dokter Umum,halodoc,"Setiabudi, Jakarta Selatan",,dokter-umum,2025-06-15 03:09:14
Julianti Eka Dewi,Dokter Umum,RS St. Carolus Salemba,"Senen, Jakarta Pusat",,dokter-umum,2025-06-15 03:09:14
Dr. Julianty Arisandi Nasution,Dokter Umum,halodoc,"Setiabudi, Jakarta Selatan",,dokter-umum,2025-06-15 03:09:14
dr. Julijanti Eka D,Dokter Umum,RS St. Carolus Salemba,"Senen, Jakarta Pusat",,dokter-umum,2025-06-15 03:09:14
Dr. Julijanti Ekadewi,Dokter Umum,halodoc,"Setiabudi, Jakarta Selatan",,dokter-umum,2025-06-15 03:09:17
dr. Julikrianto Marsahala Gultom,Dokter Umum,halodoc,"Setiabudi, Jakarta Selatan",,dokter-umum,2025-06-15 03:09:17
dr. Julita,Dokter Umum,halodoc,"Setiabudi, Jakarta Selatan",,dokter-umum,2025-06-15 03:09:17
dr. Julitasari,Dokter Umum,Praktek Umum dr Julitasari,"Kembangan, Jakarta Barat",,dokter-umum,2025-06-15 03:09:17
dr Julius Gunadi,Dokter Umum,Bd Ucu Maryamah,"Bojongsari, Depok",,dokter-umum,2025-06-15 03:09:17
dr. Julius Gunadi,Dokter Umum,halodoc,"Setiabudi, Jakarta Selatan",,dokter-umum,2025-06-15 03:09:17
dr. Junaidah,Dokter Umum,dr. Junaidah,"Cibodas, Tangerang",,dokter-umum,2025-06-15 03:09:17
dr. Junda Hummiyatul Zikri,Dokter Umum,halodoc,"Setiabudi, Jakarta Selatan",,dokter-umum,2025-06-15 03:09:17
Dr. Junius Kurniawan,Dokter Umum,halodoc,"Setiabudi, Jakarta Selatan",,dokter-umum,2025-06-15 03:09:17
dr. Juri Hendrajadi,Dokter Umum,Sunat 123,"Matraman, Jakarta Timur",,dokter-umum,2025-06-15 03:09:17
Dr. Jurianah Semme,Dokter Umum,halodoc,"Setiabudi, Jakarta Selatan",,dokter-umum,2025-06-15 03:09:20
dr. Jusma Wijaya Kusuma Geswar,Dokter Umum,halodoc,"Setiabudi, Jakarta Selatan",,dokter-umum,2025-06-15 03:09:20
dr. Justika Usmadhani Aulya,Dokter Umum,halodoc,"Setiabudi, Jakarta Selatan",,dokter-umum,2025-06-15 03:09:20
Dr. Juwita Intan Purnamasari,Dokter Umum,halodoc,"Setiabudi, Jakarta Selatan",,dokter-umum,2025-06-15 03:09:20
dr. Juwita Nurlastry,Dokter Umum,halodoc,"Setiabudi, Jakarta Selatan",,dokter-umum,2025-06-15 03:09:20
dr. KISSINGER PUGUH,Dokter Umum,Apotek Keluarga 14,"Payung Sekaki, Kota Pekanbaru",,dokter-umum,2025-06-15 03:09:20
dr. Kabisat Febiachrulia,Dokter Umum,halodoc,"Setiabudi, Jakarta Selatan",,dokter-umum,2025-06-15 03:09:20
dr. Kadek Bagus Ramanda Sandra,Dokter Umum,halodoc,"Setiabudi, Jakarta Selatan",,dokter-umum,2025-06-15 03:09:20
dr. Kafia Rakhmah,Dokter Umum,halodoc,"Setiabudi, Jakarta Selatan",,dokter-umum,2025-06-15 03:09:20
dr. Kamilah Agita Sari,Dokter Umum,halodoc,"Setiabudi, Jakarta Selatan",,dokter-umum,2025-06-15 03:09:20
Dr. Kamisah,Dokter Umum,halodoc,"Setiabudi, Jakarta Selatan",,dokter-umum,2025-06-15 03:09:24
Dr. Kania Metta Susanto,Dokter Umum,halodoc,"Setiabudi, Jakarta Selatan",,dokter-umum,2025-06-15 03:09:24
dr. Kardimin,Dokter Umum,halodoc,"Setiabudi, Jakarta Selatan",,dokter-umum,2025-06-15 03:09:24
Dr. Karen Tizia Mogi,Dokter Umum,halodoc,"Setiabudi, Jakarta Selatan",,dokter-umum,2025-06-15 03:09:24
dr. Karina Daniel,Dokter Umum,Sasana Husada Clinic,"Kebayoran Baru, Jakarta Selatan",,dokter-umum,2025-06-15 03:09:24
dr. Karina Maharani,Dokter Umum,halodoc,"Setiabudi, Jakarta Selatan",,dokter-umum,2025-06-15 03:09:24
dr. Karina Nurizky,Dokter Umum,halodoc,"Setiabudi, Jakarta Selatan",,dokter-umum,2025-06-15 03:09:24
dr. Karina Silvia Rahmadhona,Dokter Umum,halodoc,"Setiabudi, Jakarta Selatan",,dokter-umum,2025-06-15 03:09:24
dr. Karina Sutanto,Dokter Umum,halodoc,"Setiabudi, Jakarta Selatan",,dokter-umum,2025-06-15 03:09:24
dr. Karlina Sari,Dokter Umum,RSUD Al Ihsan Provinsi Jawa Barat,"Baleendah, Kabupaten Bandung",,dokter-umum,2025-06-15 03:09:24
dr. Karlina Sari Sujana,Dokter Umum,halodoc,"Setiabudi, Jakarta Selatan",,dokter-umum,2025-06-15 03:09:27
Dr. Kartika Julia Maghend,Dokter Umum,halodoc,"Setiabudi, Jakarta Selatan",,dokter-umum,2025-06-15 03:09:27
dr. Kartika Sari Ritonga,Dokter Umum,halodoc,"Setiabudi, Jakarta Selatan",,dokter-umum,2025-06-15 03:09:27
Dr. Kartilia Nurani Putri,Dokter Umum,halodoc,"Setiabudi, Jakarta Selatan",,dokter-umum,2025-06-15 03:09:27
dr. Kartini Wulan,Dokter Umum,halodoc,"Setiabudi, Jakarta Selatan",,dokter-umum,2025-06-15 03:09:27
Dr. Karunia Cahyati,Dokter Umum,halodoc,"Setiabudi, Jakarta Selatan",,dokter-umum,2025-06-15 03:09:27
Kastania Lintang,Dokter Umum,halodoc,"Setiabudi, Jakarta Selatan",,dokter-umum,2025-06-15 03:09:27
dr. Katarina Restia,Dokter Umum,halodoc,"Setiabudi, Jakarta Selatan",,dokter-umum,2025-06-15 03:09:27
Dr. Kautsarrahman,Dokter Umum,halodoc,"Setiabudi, Jakarta Selatan",,dokter-umum,2025-06-15 03:09:27
Dr. Kavita,Dokter Umum,halodoc,"Setiabudi, Jakarta Selatan",,dokter-umum,2025-06-15 03:09:27
Dr. Kayla Audivisi,Dokter Umum,halodoc,"Setiabudi, Jakarta Selatan",,dokter-umum,2025-06-15 03:09:30
dr. Kelsy Qoridisa,Dokter Umum,halodoc,"Setiabudi, Jakarta Selatan",,dokter-umum,2025-06-15 03:09:30
dr. Kelvin Aidil Fitra,Dokter Umum,halodoc,"Setiabudi, Jakarta Selatan",,dokter-umum,2025-06-15 03:09:30
Kemala Athollah,Dokter Umum,halodoc,"Setiabudi, Jakarta Selatan",,dokter-umum,2025-06-15 03:09:30
dr. Kenfin Surya,Dokter Umum,halodoc,"Setiabudi, Jakarta Selatan",,dokter-umum,2025-06-15 03:09:30
dr. Kenny,Dokter Umum,halodoc,"Setiabudi, Jakarta Selatan",,dokter-umum,2025-06-15 03:09:30
Kenny Andrian,Dokter Umum,halodoc,"Setiabudi, Jakarta Selatan",,dokter-umum,2025-06-15 03:09:30
dr. Kenny F. Badri,Dokter Umum,halodoc,"Setiabudi, Jakarta Selatan",,dokter-umum,2025-06-15 03:09:30
Dr. Kerin Arlian,Dokter Umum,Klinik Mitrasana,"Cempaka Putih, Jakarta Pusat",,dokter-umum,2025-06-15 03:09:30
dr. Kesowo Pangestu Adji,Dokter Umum,halodoc,"Setiabudi, Jakarta Selatan",,dokter-umum,2025-06-15 03:09:30
Dr. Ketty Yoshita,Dokter Umum,halodoc,"Setiabudi, Jakarta Selatan",,dokter-umum,2025-06-15 03:09:32
Dr. Kevin Martin Nugroho,Dokter Umum,halodoc,"Setiabudi, Jakarta Selatan",,dokter-umum,2025-06-15 03:09:32
dr. Kevin Varian M,Dokter Umum,halodoc,"Setiabudi, Jakarta Selatan",,dokter-umum,2025-06-15 03:09:32
dr. Kevina Suwandi,Dokter Umum,halodoc,"Setiabudi, Jakarta Selatan",,dokter-umum,2025-06-15 03:09:32
dr. Kezia Angela Celine Purba,Dokter Umum,Klinik Bakti Asih,"Pancoran Mas, Depok",,dokter-umum,2025-06-15 03:09:32
Dr. Kezia Enala Joanne Liu,Dokter Umum,halodoc,"Setiabudi, Jakarta Selatan",,dokter-umum,2025-06-15 03:09:32
dr. Kezia Kristiana Dewi,Dokter Umum,halodoc,"Setiabudi, Jakarta Selatan",,dokter-umum,2025-06-15 03:09:32
dr. Khadijah Cahya Yunita,Dokter Umum,halodoc,"Setiabudi, Jakarta Selatan",,dokter-umum,2025-06-15 03:09:32
dr. Khaeriah Amru,Dokter Umum,halodoc,"Setiabudi, Jakarta Selatan",,dokter-umum,2025-06-15 03:09:32
Dr. Khaerulisah,Dokter Umum,halodoc,"Setiabudi, Jakarta Selatan",,dokter-umum,2025-06-15 03:09:32
Dr. Khaerun Nisa,Dokter Umum,halodoc,"Setiabudi, Jakarta Selatan",,dokter-umum,2025-06-15 03:09:35
Dr. Khaerunnisa Hida,Dokter Umum,BIODIKA,"Makassar, Kota Makassar",,dokter-umum,2025-06-15 03:09:35
dr. Khaerunnisa Hida,Dokter Umum,BIODIKA,"Makassar, Kota Makassar",,dokter-umum,2025-06-15 03:09:35
dr. Khairida Hafni LBS,Dokter Umum,halodoc,"Setiabudi, Jakarta Selatan",,dokter-umum,2025-06-15 03:09:35
dr. Khairiyyah Suriatmalaya Sunu,Dokter Umum,RSUD Moeis Samarinda,"Samarinda Kota, Kota Samarinda",,dokter-umum,2025-06-15 03:09:35
dr. Khairul Bariah,Dokter Umum,halodoc,"Setiabudi, Jakarta Selatan",,dokter-umum,2025-06-15 03:09:35
dr. Khairul Ikhwan,Dokter Umum,halodoc,"Setiabudi, Jakarta Selatan",,dokter-umum,2025-06-15 03:09:35
Dr. Khairunisa,Dokter Umum,halodoc,"Setiabudi, Jakarta Selatan",,dokter-umum,2025-06-15 03:09:35
dr. Khairunnisa Salsabila,Dokter Umum,halodoc,"Setiabudi, Jakarta Selatan",,dokter-umum,2025-06-15 03:09:35
dr. Khalifah Lummi Wewang,Dokter Umum,halodoc,"Setiabudi, Jakarta Selatan",,dokter-umum,2025-06-15 03:09:35
dr. Khansa Firhati,Dokter Umum,halodoc,"Setiabudi, Jakarta Selatan",,dokter-umum,2025-06-15 03:09:37
dr. Khansa Luthfiyyah,Dokter Umum,halodoc,"Setiabudi, Jakarta Selatan",,dokter-umum,2025-06-15 03:09:37
Khanza Isdiharana Keusuma Dr,Dokter Umum,halodoc,"Setiabudi, Jakarta Selatan",,dokter-umum,2025-06-15 03:09:37
Khariza Agatha Gabriela,Dokter Umum,halodoc,"Setiabudi, Jakarta Selatan",,dokter-umum,2025-06-15 03:09:37
dr. Khatrina Apriliyand,Dokter Umum,halodoc,"Setiabudi, Jakarta Selatan",,dokter-umum,2025-06-15 03:09:37
dr. Khaulah Syifa Kabul,Dokter Umum,halodoc,"Setiabudi, Jakarta Selatan",,dokter-umum,2025-06-15 03:09:37
dr. Khemal Mubaraq,Dokter Umum,Klinik Mitra,"Cakung, Jakarta Timur",,dokter-umum,2025-06-15 03:09:37
Dr. Khoirun Putra,Dokter Umum,halodoc,"Setiabudi, Jakarta Selatan",,dokter-umum,2025-06-15 03:09:37
dr. Khoirunisa,Dokter Umum,dr Khoirunisa,"Cempaka Putih, Jakarta Pusat",,dokter-umum,2025-06-15 03:09:37
dr. Khoirur Rijal Ashsholih,Dokter Umum,halodoc,"Setiabudi, Jakarta Selatan",,dokter-umum,2025-06-15 03:09:37
dr. Kholil Abdul Karim,Dokter Umum,halodoc,"Setiabudi, Jakarta Selatan",,dokter-umum,2025-06-15 03:09:40
dr. Khomariyah Purnama Sari,Dokter Umum,RSM Ahmad Dahlan Kota Kediri,"Grogol, Kabupaten Kediri",,dokter-umum,2025-06-15 03:09:40
Dr. Khory Aurora Berty,Dokter Umum,halodoc,"Setiabudi, Jakarta Selatan",,dokter-umum,2025-06-15 03:09:40
Dr. Khouw Susyanti Susilawati,Dokter Umum,halodoc,"Setiabudi, Jakarta Selatan",,dokter-umum,2025-06-15 03:09:40
Dr. Khrisna Tejaseputra,Dokter Umum,halodoc,"Setiabudi, Jakarta Selatan",,dokter-umum,2025-06-15 03:09:40
Kidiyarto,Dokter Umum,Apotek Trijaya,"Sawah Besar, Jakarta Pusat",,dokter-umum,2025-06-15 03:09:40
Dr. Kiki E Ratnasari,Dokter Umum,Praktek dokter.,"Bukit Raya, Kota Pekanbaru",,dokter-umum,2025-06-15 03:09:40
Dr. Kiki Eka Ratnasari,Dokter Umum,dr Kiki Eka,"Cempaka Putih, Jakarta Pusat",,dokter-umum,2025-06-15 03:09:40
dr Kikin Saputra,Dokter Umum,Mitta Farma Apotek,"Karawang Barat, Kabupaten Karawang",,dokter-umum,2025-06-15 03:09:40
Dr. Kim Vinh Tanaka,Dokter Umum,Apotek Maggha Mulia,"Ilir Timur I, Kota Palembang",,dokter-umum,2025-06-15 03:09:40
dr. Kinanthi Cahyaning Utami,Dokter Umum,"dr Kinanthi Cahyaning Utami, MARS","Kebayoran Lama, Jakarta Selatan",,dokter-umum,2025-06-15 03:09:43
dr. Kinanti Ken Larasati,Dokter Umum,halodoc,"Setiabudi, Jakarta Selatan",,dokter-umum,2025-06-15 03:09:43
Dr. Kintan Puspitasari,Dokter Umum,halodoc,"Setiabudi, Jakarta Selatan",,dokter-umum,2025-06-15 03:09:43
dr. Kiran P Keswani,Dokter Umum,Dr Kiran Keswani,"Tarumajaya, Kabupaten Bekasi",,dokter-umum,2025-06-15 03:09:43
Dr. Kirana,Dokter Umum,halodoc,"Setiabudi, Jakarta Selatan",,dokter-umum,2025-06-15 03:09:43
Dr. Kisi Anandita,Dokter Umum,halodoc,"Setiabudi, Jakarta Selatan",,dokter-umum,2025-06-15 03:09:43
dr. Kitty Nadia,Dokter Umum,halodoc,"Setiabudi, Jakarta Selatan",,dokter-umum,2025-06-15 03:09:43
dr. Komala Dewi,Dokter Umum,RSUD Koja,"Koja, Jakarta Utara",,dokter-umum,2025-06-15 03:09:43
Dr. Komang Wahyu Sudarmadi,Dokter Umum,halodoc,"Setiabudi, Jakarta Selatan",,dokter-umum,2025-06-15 03:09:43
dr. Kries Ajiwibawa,Dokter Umum,Klinik Pratama Citra Cibubur,"Pasar Rebo, Jakarta Timur",,dokter-umum,2025-06-15 03:09:43
dr. Kriski Regina Gaezani,Dokter Umum,halodoc,"Setiabudi, Jakarta Selatan",,dokter-umum,2025-06-15 03:09:45
Dr. Krisma Kristiana,Dokter Umum,halodoc,"Setiabudi, Jakarta Selatan",,dokter-umum,2025-06-15 03:09:45
Dr. Krisma Utaja Suhawa,Dokter Umum,halodoc,"Setiabudi, Jakarta Selatan",,dokter-umum,2025-06-15 03:09:45
dr. Krismini DI MARS,Dokter Umum,Health Care Clinic,"Tambun Utara, Kabupaten Bekasi",,dokter-umum,2025-06-15 03:09:45
Dr. Krisna Elizabeth Hasibuan,Dokter Umum,halodoc,"Setiabudi, Jakarta Selatan",,dokter-umum,2025-06-15 03:09:45
dr. Krist Nathania Benita,Dokter Umum,halodoc,"Setiabudi, Jakarta Selatan",,dokter-umum,2025-06-15 03:09:45
dr. Kristevan Halomoan Simamora,Dokter Umum,halodoc,"Setiabudi, Jakarta Selatan",,dokter-umum,2025-06-15 03:09:45
dr. Kristian Ernawati Silaban,Dokter Umum,halodoc,"Setiabudi, Jakarta Selatan",,dokter-umum,2025-06-15 03:09:45
dr. Kristian W. Limman,Dokter Umum,Klinik Tulus Medika,"Kiaracondong, Kota Bandung",,dokter-umum,2025-06-15 03:09:45
Dr. Kristin B.T,Dokter Umum,Klinik Pratama Sumber Sehat,"Batujajar, Kabupaten Bandung Barat",,dokter-umum,2025-06-15 03:09:45
Dr. Kristin Rahel Walangare,Dokter Umum,halodoc,"Setiabudi, Jakarta Selatan",,dokter-umum,2025-06-15 03:09:48
Dr. Kristina,Dokter Umum,halodoc,"Setiabudi, Jakarta Selatan",,dokter-umum,2025-06-15 03:09:48
dr. Kristiyanto,Dokter Umum,Klinik Pratama Yakeri Putra Medica,"Tambun Utara, Kabupaten Bekasi",,dokter-umum,2025-06-15 03:09:48
dr. Kumala Dewi,Dokter Umum,Praktek Dokter dr. Kumala Dewi,"Citeureup, Kabupaten Bogor",,dokter-umum,2025-06-15 03:09:48
dr. KunangKunang Permata Bulan MM,Dokter Umum,RSIA Viola,"Babelan, Kabupaten Bekasi",,dokter-umum,2025-06-15 03:09:48
dr. KunangKunang Permata Bulan MM,Dokter Umum,RSIA Viola,"Babelan, Kabupaten Bekasi",,dokter-umum,2025-06-15 03:09:48
dr. Kunthi Rahmawati,Dokter Umum,halodoc,"Setiabudi, Jakarta Selatan",,dokter-umum,2025-06-15 03:09:48
Dr. Kuntum Inti Hardiany,Dokter Umum,halodoc,"Setiabudi, Jakarta Selatan",,dokter-umum,2025-06-15 03:09:48
dr. Kuntum Sureda,Dokter Umum,halodoc,"Setiabudi, Jakarta Selatan",,dokter-umum,2025-06-15 03:09:48
dr. Kurnia Febriana Sp. A M.sc,Dokter Umum,Klinik Utama Kurnia,"Bantul, Kabupaten Bantul",,dokter-umum,2025-06-15 03:09:48
Dr. Kurnia Fitri Nisya,Dokter Umum,halodoc,"Setiabudi, Jakarta Selatan",,dokter-umum,2025-06-15 03:09:50
dr. Kurnia Kumala Puteri,Dokter Umum,halodoc,"Setiabudi, Jakarta Selatan",,dokter-umum,2025-06-15 03:09:50
dr. Kurnia Popy Rakhmawati,Dokter Umum,halodoc,"Setiabudi, Jakarta Selatan",,dokter-umum,2025-06-15 03:09:50
dr. Kurniawan,Dokter Umum,Medimart Pharmacy,"Penjaringan, Jakarta Utara",,dokter-umum,2025-06-15 03:09:50
dr. Kurniawan Ade Novrianto,Dokter Umum,halodoc,"Setiabudi, Jakarta Selatan",,dokter-umum,2025-06-15 03:09:50
Dr. Kurniawan Tjahjadi,Dokter Umum,Medimart Pharmacy,"Penjaringan, Jakarta Utara",,dokter-umum,2025-06-15 03:09:50
dr. Kurniawati Chusnul Qotimah,Dokter Umum,halodoc,"Setiabudi, Jakarta Selatan",,dokter-umum,2025-06-15 03:09:50
Dr. Kusnadi Thoyib M. Kes,Dokter Umum,dr.Kusnadi Thoyib,"Lemahabang, Kabupaten Karawang",,dokter-umum,2025-06-15 03:09:50
dr. Kusno Sujarwadi,Dokter Umum,Klinik Pratama Babelan Medical Center,"Babelan, Kabupaten Bekasi",,dokter-umum,2025-06-15 03:09:50
dr. Kusno Sujarwadi,Dokter Umum,KLINIK HARAPAN MEDICAL CENTER,"Tarumajaya, Kabupaten Bekasi",,dokter-umum,2025-06-15 03:09:50
Dr. Kwan Silvea Kwandou,Dokter Umum,halodoc,"Setiabudi, Jakarta Selatan",,dokter-umum,2025-06-15 03:09:53
dr. L. Dwi Hartadi,Dokter Umum,dr. L. Dwi Hartadi,"Tanjungpinang Barat, Kota Tanjung Pinang",,dokter-umum,2025-06-15 03:09:53
dr L. Dwi Hartadi,Dokter Umum,Apotek Garuda,"Muara Samu, Kabupaten Paser",,dokter-umum,2025-06-15 03:09:53
Dr. L.M. Yakdatamare Yakub,Dokter Umum,halodoc,"Setiabudi, Jakarta Selatan",,dokter-umum,2025-06-15 03:09:53
dr. LENA AGUSTINI M.Biomed,Dokter Umum,Kasih Ibu Denpasar,"Denpasar Selatan, Kota Denpasar",,dokter-umum,2025-06-15 03:09:53
DR. LILIANA PURNAMSIDI,Dokter Umum,Lili Family Medical Center,"Babelan, Kabupaten Bekasi",,dokter-umum,2025-06-15 03:09:53
dr. LINDA SARWOKO,Dokter Umum,KLINIK PRATAMA KLAPA 2 PENGGILINGAN,"Cakung, Jakarta Timur",,dokter-umum,2025-06-15 03:09:53
dr. LINDA SARWOKO,Dokter Umum,Klinik Pratama Mitra,"Tanah Abang, Jakarta Pusat",,dokter-umum,2025-06-15 03:09:53
dr. LINDA SARWOKO,Dokter Umum,Klinik Pratama Mitra,"Tanah Abang, Jakarta Pusat",,dokter-umum,2025-06-15 03:09:53
dr. LISA BUDIMAN,Dokter Umum,Abdul Karim Klinik,"Babelan, Kabupaten Bekasi",,dokter-umum,2025-06-15 03:09:53
dr. LISA BUDIMAN,Dokter Umum,Abdul Karim Klinik,"Babelan, Kabupaten Bekasi",,dokter-umum,2025-06-15 03:09:55
Dr. LUKAS I D,Dokter Umum,APOTEK ROXY,"Bekasi Selatan, Bekasi",,dokter-umum,2025-06-15 03:09:55
DR. LUKAS I D,Dokter Umum,APOTEK ROXY,"Bekasi Selatan, Bekasi",,dokter-umum,2025-06-15 03:09:55
dr. LULI ISMIANTI,Dokter Umum,Klinik Pratama Medissa.,"Pasar Rebo, Jakarta Timur",,dokter-umum,2025-06-15 03:09:55
dr. Laela Apriliana,Dokter Umum,halodoc,"Setiabudi, Jakarta Selatan",,dokter-umum,2025-06-15 03:09:55
dr. Laela Fitriah,Dokter Umum,halodoc,"Setiabudi, Jakarta Selatan",,dokter-umum,2025-06-15 03:09:55
dr. Laila Firdausi Wahidah LL,Dokter Umum,halodoc,"Setiabudi, Jakarta Selatan",,dokter-umum,2025-06-15 03:09:55
dr. Laila Saieda,Dokter Umum,halodoc,"Setiabudi, Jakarta Selatan",,dokter-umum,2025-06-15 03:09:55
Dr. Laili Rizki,Dokter Umum,halodoc,"Setiabudi, Jakarta Selatan",,dokter-umum,2025-06-15 03:09:55
dr. Laiza Intan Puspita Ayu,Dokter Umum,halodoc,"Setiabudi, Jakarta Selatan",,dokter-umum,2025-06-15 03:09:55
dr. Laksana Paduan Wilangsoka,Dokter Umum,halodoc,"Setiabudi, Jakarta Selatan",,dokter-umum,2025-06-15 03:09:58
Dr. Laksmi Iswandari,Dokter Umum,Praktek dokter.,"Bukit Raya, Kota Pekanbaru",,dokter-umum,2025-06-15 03:09:58
dr. Laksmita Dwana S.S,Dokter Umum,halodoc,"Setiabudi, Jakarta Selatan",,dokter-umum,2025-06-15 03:09:58
dr. Lamhot Sastrawijaya Fernandez,Dokter Umum,dr. Lamhot Sastrawijaya Fernande,"Bekasi Utara, Bekasi",,dokter-umum,2025-06-15 03:09:58
dr. Lamriwati Pakpahan,Dokter Umum,Praktek dr. Lamriwati Pakpahan,"Karawang Timur, Kabupaten Karawang",,dokter-umum,2025-06-15 03:09:58
Dr. Langen Mega Kesumaningrum,Dokter Umum,halodoc,"Setiabudi, Jakarta Selatan",,dokter-umum,2025-06-15 03:09:58
dr Lani Zuhraeni,Dokter Umum,halodoc,"Setiabudi, Jakarta Selatan",,dokter-umum,2025-06-15 03:09:58
dr. Lannywati Sentausa,Dokter Umum,Praktek Pribadi dr. Lannywati Sentausa,"Setiabudi, Jakarta Selatan",,dokter-umum,2025-06-15 03:09:58
Dr. Lany Arza,Dokter Umum,halodoc,"Setiabudi, Jakarta Selatan",,dokter-umum,2025-06-15 03:09:58
dr. Laode Muhammad Sukarno Kamaluddin,Dokter Umum,halodoc,"Setiabudi, Jakarta Selatan",,dokter-umum,2025-06-15 03:09:58
Dr. Laras Bani Waseso,Dokter Umum,halodoc,"Setiabudi, Jakarta Selatan",,dokter-umum,2025-06-15 03:10:01
dr. Larasakti Laksmi,Dokter Umum,Apotek Kimia Farma Sidoarum,"Godean, Kabupaten Sleman",,dokter-umum,2025-06-15 03:10:01
Dr. Larassati Dwi Ananda,Dokter Umum,halodoc,"Setiabudi, Jakarta Selatan",,dokter-umum,2025-06-15 03:10:01
dr. Lastari Maulidya Hamida Avianto,Dokter Umum,halodoc,"Setiabudi, Jakarta Selatan",,dokter-umum,2025-06-15 03:10:01
Latifah Ramadani,Dokter Umum,halodoc,"Setiabudi, Jakarta Selatan",,dokter-umum,2025-06-15 03:10:01
dr. Latlifah Kurniawati,Dokter Umum,halodoc,"Setiabudi, Jakarta Selatan",,dokter-umum,2025-06-15 03:10:01
dr. Laura Valeria,Dokter Umum,Praktek dokter.,"Bukit Raya, Kota Pekanbaru",,dokter-umum,2025-06-15 03:10:01
dr. Laurensia Valentina,Dokter Umum,halodoc,"Setiabudi, Jakarta Selatan",,dokter-umum,2025-06-15 03:10:01
dr. Laurentia Rosa Renata,Dokter Umum,halodoc,"Setiabudi, Jakarta Selatan",,dokter-umum,2025-06-15 03:10:01
dr. Lavenia Ellein Mokiwang,Dokter Umum,halodoc,"Setiabudi, Jakarta Selatan",,dokter-umum,2025-06-15 03:10:01
dr. Laymena Yusak,Dokter Umum,dr. Laymena Yusak,"Cengkareng, Jakarta Barat",,dokter-umum,2025-06-15 03:10:03
dr. Laysa Kasminata,Dokter Umum,halodoc,"Setiabudi, Jakarta Selatan",,dokter-umum,2025-06-15 03:10:03
Dr. Layyina Misqa,Dokter Umum,halodoc,"Setiabudi, Jakarta Selatan",,dokter-umum,2025-06-15 03:10:03
dr. Lebora Catharina Lekatompessy,Dokter Umum,KLINIK JASMINE,"Serang, Kota Serang",,dokter-umum,2025-06-15 03:10:03
dr. Ledimer Ambarita,Dokter Umum,Klinik Nadya,"Cilincing, Jakarta Utara",,dokter-umum,2025-06-15 03:10:03
Dr. Lee Chin Meng,Dokter Umum,halodoc,"Setiabudi, Jakarta Selatan",,dokter-umum,2025-06-15 03:10:03
Dr. Legowo T Praptom,Dokter Umum,Klinik Citopeng Riverside,"Kotabaru, Kabupaten Karawang",,dokter-umum,2025-06-15 03:10:03
Leila,Dokter Umum,halodoc,"Setiabudi, Jakarta Selatan",,dokter-umum,2025-06-15 03:10:03
dr. Leila Handayani,Dokter Umum,Praktek Pribadi dr. Leila H,"Tampan, Kota Pekanbaru",,dokter-umum,2025-06-15 03:10:03
dr. Leila Rakhma Budiarti,Dokter Umum,halodoc,"Setiabudi, Jakarta Selatan",,dokter-umum,2025-06-15 03:10:03
dr Leleng Melisa,Dokter Umum,Klinik Mitra Sehat,"Jatinegara, Jakarta Timur",,dokter-umum,2025-06-15 03:10:06
dr. Leleng Melisa T,Dokter Umum,Prakter dr. Leleng Melisa T,"Penjaringan, Jakarta Utara",,dokter-umum,2025-06-15 03:10:06
dr. Leleng Melisa T.,Dokter Umum,Prakter dr. Leleng Melisa T,"Penjaringan, Jakarta Utara",,dokter-umum,2025-06-15 03:10:06
dr. Leleng Melisa T.,Dokter Umum,Apotek Mitra Sehat,"Pademangan, Jakarta Utara",,dokter-umum,2025-06-15 03:10:06
dr. Leleng Melisa T.,Dokter Umum,Prakter dr. Leleng Melisa T,"Penjaringan, Jakarta Utara",,dokter-umum,2025-06-15 03:10:06
dr. Lely,Dokter Umum,Apotik hidup Bahagia,"Samarinda Kota, Kota Samarinda",,dokter-umum,2025-06-15 03:10:06
dr. Lely Nurjanti Sp. KK,Dokter Umum,Apotik hidup Bahagia,"Samarinda Kota, Kota Samarinda",,dokter-umum,2025-06-15 03:10:06
dr. Lelyana Taufik,Dokter Umum,Praktek dokter.,"Bukit Raya, Kota Pekanbaru",,dokter-umum,2025-06-15 03:10:06
dr. Lemi Rosmini,Dokter Umum,halodoc,"Setiabudi, Jakarta Selatan",,dokter-umum,2025-06-15 03:10:06
dr. Lena,Dokter Umum,Apotek Kimia Farma Galuh Mas,"Telukjambe Timur, Kabupaten Karawang",,dokter-umum,2025-06-15 03:10:06
dr. Lenny Wijaya M. Biomed (AAM),Dokter Umum,dr. Lenny Wijaya M. Biomed,"Medan Kota, Kota Medan",,dokter-umum,2025-06-15 03:10:08
dr. Leny Purnamasari,Dokter Umum,halodoc,"Setiabudi, Jakarta Selatan",,dokter-umum,2025-06-15 03:10:08
Dr. Leonardo Petrus Situmorang,Dokter Umum,halodoc,"Setiabudi, Jakarta Selatan",,dokter-umum,2025-06-15 03:10:08
dr. Leonita D Anggraini,Dokter Umum,halodoc,"Setiabudi, Jakarta Selatan",,dokter-umum,2025-06-15 03:10:08
dr. Leontius Januar Soewito,Dokter Umum,dr. Leontius Januar Soewito,"Tenggilis Mejoyo, Kota Surabaya",,dokter-umum,2025-06-15 03:10:08
dr. Leslie Charles Lai Chin Loy,Dokter Umum,Apotik Bumi,"Kebon Jeruk, Jakarta Barat",,dokter-umum,2025-06-15 03:10:08
Dr. Lestie Febriyani,Dokter Umum,halodoc,"Setiabudi, Jakarta Selatan",,dokter-umum,2025-06-15 03:10:08
Dr. Levi Aulia Rachman,Dokter Umum,halodoc,"Setiabudi, Jakarta Selatan",,dokter-umum,2025-06-15 03:10:08
dr. Levinna,Dokter Umum,halodoc,"Setiabudi, Jakarta Selatan",,dokter-umum,2025-06-15 03:10:08
dr. Lewi Aprina,Dokter Umum,halodoc,"Setiabudi, Jakarta Selatan",,dokter-umum,2025-06-15 03:10:08
dr. Leyono,Dokter Umum,Praktek Dokter Umum.,"Cilincing, Jakarta Utara",,dokter-umum,2025-06-15 03:10:11
dr. Lhara Raffany,Dokter Umum,halodoc,"Setiabudi, Jakarta Selatan",,dokter-umum,2025-06-15 03:10:11
dr. Lia Fibria Santi,Dokter Umum,Klinik Praga Medika,"Indramayu, Kabupaten Indramayu",,dokter-umum,2025-06-15 03:10:11
dr. Lia Laelatul Farida,Dokter Umum,halodoc,"Setiabudi, Jakarta Selatan",,dokter-umum,2025-06-15 03:10:11
dr. Lia Nur Amalina,Dokter Umum,halodoc,"Setiabudi, Jakarta Selatan",,dokter-umum,2025-06-15 03:10:11
dr. Lia Rahmiaty,Dokter Umum,halodoc,"Setiabudi, Jakarta Selatan",,dokter-umum,2025-06-15 03:10:11
dr. Lia Safriana Utami,Dokter Umum,halodoc,"Setiabudi, Jakarta Selatan",,dokter-umum,2025-06-15 03:10:11
Dr. Lia Tasliyah,Dokter Umum,Praktek Dokter Umum Dr.Lia Tasliyah,"Majalaya, Kabupaten Karawang",,dokter-umum,2025-06-15 03:10:11
dr. Lia Tasliyah,Dokter Umum,Praktek Dokter Umum.,"Cilincing, Jakarta Utara",,dokter-umum,2025-06-15 03:10:11
Dr. Lia Walisa Siregar,Dokter Umum,halodoc,"Setiabudi, Jakarta Selatan",,dokter-umum,2025-06-15 03:10:11
Lian Maulian,Dokter Umum,halodoc,"Setiabudi, Jakarta Selatan",,dokter-umum,2025-06-15 03:10:14
dr. Lidia Debby Wiyono,Dokter Umum,halodoc,"Setiabudi, Jakarta Selatan",,dokter-umum,2025-06-15 03:10:14
Dr. Lidia Sianipar Setiawan,Dokter Umum,halodoc,"Setiabudi, Jakarta Selatan",,dokter-umum,2025-06-15 03:10:14
dr. Lidya Kurniawan,Dokter Umum,halodoc,"Setiabudi, Jakarta Selatan",,dokter-umum,2025-06-15 03:10:14
Dr. Lidya Kusumawati,Dokter Umum,halodoc,"Setiabudi, Jakarta Selatan",,dokter-umum,2025-06-15 03:10:14
dr. Lidya S,Dokter Umum,apotik kawi jaya cinere,"Cinere, Depok",,dokter-umum,2025-06-15 03:10:14
dr. Lie Rebecca Yen Hwei,Dokter Umum,halodoc,"Setiabudi, Jakarta Selatan",,dokter-umum,2025-06-15 03:10:14
Lie Sari,Dokter Umum,halodoc,"Setiabudi, Jakarta Selatan",,dokter-umum,2025-06-15 03:10:14
Dr. Lie yuniati,Dokter Umum,Apotik Maribaya,"Jatinegara, Jakarta Timur",,dokter-umum,2025-06-15 03:10:14
dr. Lies Ani T Sp.OT,Dokter Umum,Rumah Sakit Umum Baros,"Cimahi Tengah, Kota Cimahi",,dokter-umum,2025-06-15 03:10:14
Dr. Lies Indriyati,Dokter Umum,halodoc,"Setiabudi, Jakarta Selatan",,dokter-umum,2025-06-15 03:10:16
Dr. Lilian Rahma Ananda,Dokter Umum,halodoc,"Setiabudi, Jakarta Selatan",,dokter-umum,2025-06-15 03:10:16
Dr. Lilik Hadi Sugino,Dokter Umum,Praktek dr.Lilik Hadi Sugiono,"Kota Kudus, Kabupaten Kudus",,dokter-umum,2025-06-15 03:10:16
Dr. Lilik Hadi Sugiono,Dokter Umum,Praktek dr.Lilik Hadi Sugiono,"Kota Kudus, Kabupaten Kudus",,dokter-umum,2025-06-15 03:10:16
dr. Lilik Hadi Sugiono,Dokter Umum,Praktek dr.Lilik Hadi Sugiono,"Kota Kudus, Kabupaten Kudus",,dokter-umum,2025-06-15 03:10:16
dr. Lilis Siti Asiyani,Dokter Umum,halodoc,"Setiabudi, Jakarta Selatan",,dokter-umum,2025-06-15 03:10:16
dr. Liliyani Alam,Dokter Umum,Praktek dr. Liliyani Alam,"Cipondoh, Tangerang",,dokter-umum,2025-06-15 03:10:16
dr. Lily Gunawan M.Kes.,Dokter Umum,PRAKTEK DOKTER LILY GUNAWAN,"Pekalongan Barat, Kota Pekalongan",,dokter-umum,2025-06-15 03:10:16
dr. Lilyana,Dokter Umum,Klinik Pratama Agape,"Jatinegara, Jakarta Timur",,dokter-umum,2025-06-15 03:10:16
dr. Lim Choh Kheong,Dokter Umum,halodoc,"Setiabudi, Jakarta Selatan",,dokter-umum,2025-06-15 03:10:16
dr. Lina Puji A.M,Dokter Umum,halodoc,"Setiabudi, Jakarta Selatan",,dokter-umum,2025-06-15 03:10:19
Lina Sriwaningsi,Dokter Umum,halodoc,"Setiabudi, Jakarta Selatan",,dokter-umum,2025-06-15 03:10:19
dr. Linawaty,Dokter Umum,halodoc,"Setiabudi, Jakarta Selatan",,dokter-umum,2025-06-15 03:10:19
dr. Linda Aryani,Dokter Umum,Praktek dokter Linda Aryani,"Kebon Jeruk, Jakarta Barat",,dokter-umum,2025-06-15 03:10:19
dr. Linda Ayu Mustikasari,Dokter Umum,halodoc,"Setiabudi, Jakarta Selatan",,dokter-umum,2025-06-15 03:10:19
dr. Linda Octarina M.Si,Dokter Umum,halodoc,"Setiabudi, Jakarta Selatan",,dokter-umum,2025-06-15 03:10:19
Dr. Linda Sarwoko,Dokter Umum,Klinik Mitra,"Cakung, Jakarta Timur",,dokter-umum,2025-06-15 03:10:19
dr. Linda Sarwoko,Dokter Umum,Klinik Mitra,"Cakung, Jakarta Timur",,dokter-umum,2025-06-15 03:10:19
dr. Lingga Hageng Kurnia Santosa,Dokter Umum,halodoc,"Setiabudi, Jakarta Selatan",,dokter-umum,2025-06-15 03:10:19
dr. Linnie,Dokter Umum,Apotek Kimia Farma Courtyard Galuh Mas,"Telukjambe Timur, Kabupaten Karawang",,dokter-umum,2025-06-15 03:10:19
dr. Lira Chita Devlina,Dokter Umum,Ultimacare Wellness Clinic,"Cinambo, Kota Bandung",,dokter-umum,2025-06-15 03:10:22
dr. Lisa Agustin Husen,Dokter Umum,APOTEK KHARIS MEDIKA,"Cipondoh, Tangerang",,dokter-umum,2025-06-15 03:10:22
dr. Lisa Budiman,Dokter Umum,halodoc,"Setiabudi, Jakarta Selatan",,dokter-umum,2025-06-15 03:10:22
dr Lisa Chairunnisa,Dokter Umum,halodoc,"Setiabudi, Jakarta Selatan",,dokter-umum,2025-06-15 03:10:22
dr. Lisa Sukiran,Dokter Umum,halodoc,"Setiabudi, Jakarta Selatan",,dokter-umum,2025-06-15 03:10:22
dr. Lisa Wendi Astuti,Dokter Umum,halodoc,"Setiabudi, Jakarta Selatan",,dokter-umum,2025-06-15 03:10:22
dr. Lisanuddin Azhar Lubis,Dokter Umum,halodoc,"Setiabudi, Jakarta Selatan",,dokter-umum,2025-06-15 03:10:22
dr. Lisbeth Maria Laurentia,Dokter Umum,halodoc,"Setiabudi, Jakarta Selatan",,dokter-umum,2025-06-15 03:10:22
dr. Lissyantika Hidayatullah,Dokter Umum,halodoc,"Setiabudi, Jakarta Selatan",,dokter-umum,2025-06-15 03:10:22
dr. Listya Anggana Pramudita,Dokter Umum,halodoc,"Setiabudi, Jakarta Selatan",,dokter-umum,2025-06-15 03:10:22
dr. Listya E Wulandari Sp. A,Dokter Umum,Klinik Asta Ceria,"Sidoarjo, Kabupaten Sidoarjo",,dokter-umum,2025-06-15 03:10:24
Dr. Lita,Dokter Umum,halodoc,"Setiabudi, Jakarta Selatan",,dokter-umum,2025-06-15 03:10:24
dr. Livia Giovanni,Dokter Umum,halodoc,"Setiabudi, Jakarta Selatan",,dokter-umum,2025-06-15 03:10:24
dr. Livia Giovanni,Dokter Umum,halodoc,"Setiabudi, Jakarta Selatan",,dokter-umum,2025-06-15 03:10:24
Dr. Liyono,Dokter Umum,Praktek Dokter Umum.,"Cilincing, Jakarta Utara",,dokter-umum,2025-06-15 03:10:24
dr. Liza Amanda Saphira,Dokter Umum,halodoc,"Setiabudi, Jakarta Selatan",,dokter-umum,2025-06-15 03:10:24
dr. Liza Delasar,Dokter Umum,Klinik Johar Baru,"Karawang Timur, Kabupaten Karawang",,dokter-umum,2025-06-15 03:10:24
dr. Liza Delasari,Dokter Umum,Klinik Johar Baru,"Karawang Timur, Kabupaten Karawang",,dokter-umum,2025-06-15 03:10:24
Dr. Liza Kartika,Dokter Umum,KLINIK GRIYA MEDIKA -,"Karawang Timur, Kabupaten Karawang",,dokter-umum,2025-06-15 03:10:24
dr. Lizabheta Yuliana,Dokter Umum,halodoc,"Setiabudi, Jakarta Selatan",,dokter-umum,2025-06-15 03:10:24
dr. Locana Roositasari,Dokter Umum,KLINIK PRATAMA KLAPA 2 PENGGILINGAN,"Cakung, Jakarta Timur",,dokter-umum,2025-06-15 03:10:27
dr. Locana Roosytas,Dokter Umum,KLINIK PRATAMA KLAPA 2 PENGGILINGAN,"Cakung, Jakarta Timur",,dokter-umum,2025-06-15 03:10:27
Dr. Lofina Mutia,Dokter Umum,halodoc,"Setiabudi, Jakarta Selatan",,dokter-umum,2025-06-15 03:10:27
dr. Loli Refilia Dita,Dokter Umum,Klinik Raga Sehat,"Karawang Barat, Kabupaten Karawang",,dokter-umum,2025-06-15 03:10:27
dr. Loli Renfita Diva,Dokter Umum,Klinik Raga Sehat,"Karawang Barat, Kabupaten Karawang",,dokter-umum,2025-06-15 03:10:27
dr. Lolla Radecha,Dokter Umum,halodoc,"Setiabudi, Jakarta Selatan",,dokter-umum,2025-06-15 03:10:27
Dr. Loren Gabriella Tifani Purba,Dokter Umum,halodoc,"Setiabudi, Jakarta Selatan",,dokter-umum,2025-06-15 03:10:27
Dr. Louisa Stephani,Dokter Umum,halodoc,"Setiabudi, Jakarta Selatan",,dokter-umum,2025-06-15 03:10:27
dr. Lucas Carnelius Samuel,Dokter Umum,dr. Lucas Carnelius Samuel,"Banjarsari, Kota Surakarta",,dokter-umum,2025-06-15 03:10:27
Dr. Lucas Haryono,Dokter Umum,halodoc,"Setiabudi, Jakarta Selatan",,dokter-umum,2025-06-15 03:10:27
dr. Lucy Wijaya,Dokter Umum,halodoc,"Setiabudi, Jakarta Selatan",,dokter-umum,2025-06-15 03:10:29
Dr. Lucya Wulandari,Dokter Umum,halodoc,"Setiabudi, Jakarta Selatan",,dokter-umum,2025-06-15 03:10:29
dr. Luh Diah Pusparini,Dokter Umum,Apotek Grand Farma,"Panongan, Kabupaten Tangerang",,dokter-umum,2025-06-15 03:10:29
Dr. Luhung,Dokter Umum,Apotek Amalia Medica,"Kedungkandang, Kota Malang",,dokter-umum,2025-06-15 03:10:29
Dr. Lukas I D,Dokter Umum,APOTEK ROXY,"Bekasi Selatan, Bekasi",,dokter-umum,2025-06-15 03:10:29
DR. Lukas I Djayaputra,Dokter Umum,Apotek Roxy Batu Ampar,"Kramat Jati, Jakarta Timur",,dokter-umum,2025-06-15 03:10:29
dr. Lukita Qirotul Ayunin,Dokter Umum,halodoc,"Setiabudi, Jakarta Selatan",,dokter-umum,2025-06-15 03:10:29
Lulu Hasna Ulfadila,Dokter Umum,halodoc,"Setiabudi, Jakarta Selatan",,dokter-umum,2025-06-15 03:10:29
dr. Lulu Nuraini Rahmat,Dokter Umum,KLINIK IDA SANTOSO,"Bekasi Barat, Bekasi",,dokter-umum,2025-06-15 03:10:29
dr. Lulu Nuraini Rahmat,Dokter Umum,KLINIK IDA SANTOSO,"Bekasi Barat, Bekasi",,dokter-umum,2025-06-15 03:10:29
dr. Lulu Nuraini Rahmat,Dokter Umum,KLINIK IDA SANTOSO,"Bekasi Barat, Bekasi",,dokter-umum,2025-06-15 03:10:32
dr. Lulu Nursyifa,Dokter Umum,halodoc,"Setiabudi, Jakarta Selatan",,dokter-umum,2025-06-15 03:10:32
dr. Luluk Ummaimah A,Dokter Umum,halodoc,"Setiabudi, Jakarta Selatan",,dokter-umum,2025-06-15 03:10:32
dr. Lupita Wijaya,Dokter Umum,halodoc,"Setiabudi, Jakarta Selatan",,dokter-umum,2025-06-15 03:10:32
dr. Luqman,Dokter Umum,Safubot Margonda Depok,"Pancoran Mas, Depok",,dokter-umum,2025-06-15 03:10:32
Dr. Lusiana Effendi,Dokter Umum,Harmony Medical Clinic,"Telukjambe Timur, Kabupaten Karawang",,dokter-umum,2025-06-15 03:10:32
dr. Lusiana Effendi,Dokter Umum,Harmony Dental Care,"Jaya Baru, Kota Banda Aceh",,dokter-umum,2025-06-15 03:10:32
dr Lusiana Effendy MM.CFP,Dokter Umum,Harmony Medical Clinic,"Telukjambe Timur, Kabupaten Karawang",,dokter-umum,2025-06-15 03:10:32
dr. Lusianawaty,Dokter Umum,Klinik Utama Lido,"Tanjung Priok, Jakarta Utara",,dokter-umum,2025-06-15 03:10:32
dr. Lusianawaty Tana Sp. OK,Dokter Umum,Klinik Utama Lido,"Tanjung Priok, Jakarta Utara",,dokter-umum,2025-06-15 03:10:32
dr. Lusye Andretha Hirely Berhandus,Dokter Umum,halodoc,"Setiabudi, Jakarta Selatan",,dokter-umum,2025-06-15 03:10:34
Dr. Lutfi Baraja,Dokter Umum,APOTIK FAMILY KITA,"Senen, Jakarta Pusat",,dokter-umum,2025-06-15 03:10:34
Dr. Lutfi Habibah,Dokter Umum,halodoc,"Setiabudi, Jakarta Selatan",,dokter-umum,2025-06-15 03:10:34
"dr Lutfia Adlu, S.Kep. Ners",Dokter Umum,Nafii Care,"Tambun Selatan, Kabupaten Bekasi",,dokter-umum,2025-06-15 03:10:34
Dr. Lutfiani Ulfha,Dokter Umum,halodoc,"Setiabudi, Jakarta Selatan",,dokter-umum,2025-06-15 03:10:34
dr. Lutfy Hersri Rahmady,Dokter Umum,halodoc,"Setiabudi, Jakarta Selatan",,dokter-umum,2025-06-15 03:10:34
Dr. Luthfan Dio Satria Bachri,Dokter Umum,halodoc,"Setiabudi, Jakarta Selatan",,dokter-umum,2025-06-15 03:10:34
Dr. Luthfi Alinnisa Ahnan,Dokter Umum,halodoc,"Setiabudi, Jakarta Selatan",,dokter-umum,2025-06-15 03:10:34
dr. Luthfia Mahyarizqy,Dokter Umum,halodoc,"Setiabudi, Jakarta Selatan",,dokter-umum,2025-06-15 03:10:34
Dr. Luthfia Prasetianingsih,Dokter Umum,halodoc,"Setiabudi, Jakarta Selatan",,dokter-umum,2025-06-15 03:10:34
Dr. Luthfia Yosti Prastika,Dokter Umum,halodoc,"Setiabudi, Jakarta Selatan",,dokter-umum,2025-06-15 03:10:37
Luthfiana Eka Sari,Dokter Umum,halodoc,"Setiabudi, Jakarta Selatan",,dokter-umum,2025-06-15 03:10:37
Dr. Luthfiatin Najwa,Dokter Umum,halodoc,"Setiabudi, Jakarta Selatan",,dokter-umum,2025-06-15 03:10:37
Dr. Luthfy Uly Marcelyne Sihite,Dokter Umum,halodoc,"Setiabudi, Jakarta Selatan",,dokter-umum,2025-06-15 03:10:37
Dr. Luwinda Avitha Sari M.ked,Dokter Umum,Apotek Berkat Koja,"Koja, Jakarta Utara",,dokter-umum,2025-06-15 03:10:37
dr. Luxsi Pertiwi,Dokter Umum,halodoc,"Setiabudi, Jakarta Selatan",,dokter-umum,2025-06-15 03:10:37
dr. Luzi Intan,Dokter Umum,Klinik Prataman Patria Medika,"Cempaka Putih, Jakarta Pusat",,dokter-umum,2025-06-15 03:10:37
dr. Luzi Intan A,Dokter Umum,Klinik Prataman Patria Medika,"Cempaka Putih, Jakarta Pusat",,dokter-umum,2025-06-15 03:10:37
dr Lydia Indah Kuswati,Dokter Umum,halodoc,"Setiabudi, Jakarta Selatan",,dokter-umum,2025-06-15 03:10:37
dr. Lydia Setya W,Dokter Umum,dr. Lydia Setya W,"Sumurbandung, Kota Bandung",,dokter-umum,2025-06-15 03:10:37
Lyvie Lavenia Ticoalu,Dokter Umum,halodoc,"Setiabudi, Jakarta Selatan",,dokter-umum,2025-06-15 03:10:40
Dr. M Azmi,Dokter Umum,HAFA MEDIKA CENTRE,"Karawang Timur, Kabupaten Karawang",,dokter-umum,2025-06-15 03:10:40
dr. M Ilham Dhiya R,Dokter Umum,halodoc,"Setiabudi, Jakarta Selatan",,dokter-umum,2025-06-15 03:10:40
Dr. M Yusuf Ramadhan,Dokter Umum,halodoc,"Setiabudi, Jakarta Selatan",,dokter-umum,2025-06-15 03:10:40
dr M Zaki Ramadhana,Dokter Umum,LONTAR MEDICA,"Cempaka Putih, Jakarta Pusat",,dokter-umum,2025-06-15 03:10:40
dr. M. Ade Bagus Permana M.M.R.,Dokter Umum,Klinik Devina Medika,"Jatiasih, Bekasi",,dokter-umum,2025-06-15 03:10:40
dr. M. Agita Hutomo MMR,Dokter Umum,halodoc,"Setiabudi, Jakarta Selatan",,dokter-umum,2025-06-15 03:10:40
Dr. M. Agung Kurnia M.K.M,Dokter Umum,halodoc,"Setiabudi, Jakarta Selatan",,dokter-umum,2025-06-15 03:10:40
dr. M. Amril Billahmar,Dokter Umum,halodoc,"Setiabudi, Jakarta Selatan",,dokter-umum,2025-06-15 03:10:40
Dr. M. Andeska Arita,Dokter Umum,halodoc,"Setiabudi, Jakarta Selatan",,dokter-umum,2025-06-15 03:10:40
dr. M. Arbaa Putradi,Dokter Umum,halodoc,"Setiabudi, Jakarta Selatan",,dokter-umum,2025-06-15 03:10:42
dr. M. Arif Rakhman Hakim,Dokter Umum,halodoc,"Setiabudi, Jakarta Selatan",,dokter-umum,2025-06-15 03:10:42
Dr. M. Ario,Dokter Umum,KLINIK BUNDA SEHAT CIJANTUNG,"Ciracas, Jakarta Timur",,dokter-umum,2025-06-15 03:10:42
dr. M. Ary Guhtama,Dokter Umum,halodoc,"Setiabudi, Jakarta Selatan",,dokter-umum,2025-06-15 03:10:42
dr. M. Ary Wibowo Sutarto,Dokter Umum,halodoc,"Setiabudi, Jakarta Selatan",,dokter-umum,2025-06-15 03:10:42
dr. M. Azmi Agung,Dokter Umum,Praktek dokter.,"Bukit Raya, Kota Pekanbaru",,dokter-umum,2025-06-15 03:10:42
Dr. M. Badar,Dokter Umum,dr.M Badar,"Kemayoran, Jakarta Pusat",,dokter-umum,2025-06-15 03:10:42
dr. M. Dody Rusdi,Dokter Umum,Klinik Karya Medika - Karawang,"Telukjambe Timur, Kabupaten Karawang",,dokter-umum,2025-06-15 03:10:42
dr. M. Hairul Umam,Dokter Umum,halodoc,"Setiabudi, Jakarta Selatan",,dokter-umum,2025-06-15 03:10:42
dr M. Ikhsan Chan,Dokter Umum,Apotek Berkat XX Koja,"Koja, Jakarta Utara",,dokter-umum,2025-06-15 03:10:42
dr. M. Khoirul Anwar,Dokter Umum,halodoc,"Setiabudi, Jakarta Selatan",,dokter-umum,2025-06-15 03:10:45
Dr. M. Mahmudy Putra,Dokter Umum,halodoc,"Setiabudi, Jakarta Selatan",,dokter-umum,2025-06-15 03:10:45
dr. M. Ramadhana,Dokter Umum,LONTAR MEDICA,"Cempaka Putih, Jakarta Pusat",,dokter-umum,2025-06-15 03:10:45
Dr. M. SUHANDI,Dokter Umum,dr. Iyus G Suhandi,"Kiaracondong, Kota Bandung",,dokter-umum,2025-06-15 03:10:45
M. Solikhul Huda,Dokter Umum,halodoc,"Setiabudi, Jakarta Selatan",,dokter-umum,2025-06-15 03:10:45
Dr. M. Yogie Tri Prabowo,Dokter Umum,halodoc,"Setiabudi, Jakarta Selatan",,dokter-umum,2025-06-15 03:10:45
dr. M. Yunus Rosyidi,Dokter Umum,Praktek Pribadi dr. Yunus Rosyidi,"Samarinda Ulu, Kota Samarinda",,dokter-umum,2025-06-15 03:10:45
Dr. M. Zuhdi,Dokter Umum,APOTEK ROXY,"Bekasi Selatan, Bekasi",,dokter-umum,2025-06-15 03:10:45
Dr. M.R. Iskandar,Dokter Umum,halodoc,"Setiabudi, Jakarta Selatan",,dokter-umum,2025-06-15 03:10:45
dr. MADI HERMAWAN,Dokter Umum,KLINIK DURROTUSSIF,"Cibodas, Tangerang",,dokter-umum,2025-06-15 03:10:45
Dr. MANGARADJA PL TOBING,Dokter Umum,Praktek dokter.,"Bukit Raya, Kota Pekanbaru",,dokter-umum,2025-06-15 03:10:47
dr. MELITA ADITYA SARI,Dokter Umum,Klinik Sari Medika,"Medan Satria, Bekasi",,dokter-umum,2025-06-15 03:10:47
dr. MILARY WUISAN,Dokter Umum,halodoc,"Setiabudi, Jakarta Selatan",,dokter-umum,2025-06-15 03:10:47
dr MOCH ONNY PRAMANA,Dokter Umum,dr. MOCH ONNY PRAMANA,"Banyumanik, Kota Semarang",,dokter-umum,2025-06-15 03:10:47
dr. MOCH ONY PRAMANA,Dokter Umum,dr. MOCH ONNY PRAMANA,"Banyumanik, Kota Semarang",,dokter-umum,2025-06-15 03:10:47
dr. MUHAMMAD AZMI HARIS,Dokter Umum,HAFA MEDIKA CENTRE,"Karawang Timur, Kabupaten Karawang",,dokter-umum,2025-06-15 03:10:47
dr. Made Alit Darmawan,Dokter Umum,halodoc,"Setiabudi, Jakarta Selatan",,dokter-umum,2025-06-15 03:10:47
dr. Made Nathasa Karisma Sp. OG,Dokter Umum,(0362) 3355888,"Kubutambahan, Kabupaten Buleleng",,dokter-umum,2025-06-15 03:10:47
Made Rika Anastasia Pratiwi,Dokter Umum,halodoc,"Setiabudi, Jakarta Selatan",,dokter-umum,2025-06-15 03:10:47
Dr. Madinatul Munawaroh,Dokter Umum,halodoc,"Setiabudi, Jakarta Selatan",,dokter-umum,2025-06-15 03:10:47
dr. Madinatul Munawaroh,Dokter Umum,dr Madinatul Munawaroh,"Cempaka Putih, Jakarta Pusat",,dokter-umum,2025-06-15 03:10:50
dr. Maful indriyani,Dokter Umum,halodoc,"Setiabudi, Jakarta Selatan",,dokter-umum,2025-06-15 03:10:50
Dr. Magdalena,Dokter Umum,Apotek Roxy Batu Ampar,"Kramat Jati, Jakarta Timur",,dokter-umum,2025-06-15 03:10:50
dr. Magdalena Hildania Dachi,Dokter Umum,halodoc,"Setiabudi, Jakarta Selatan",,dokter-umum,2025-06-15 03:10:50
dr. Magdalena Nitiatmadja,Dokter Umum,Rumah Sakit Emhaka,"Medan Satria, Bekasi",,dokter-umum,2025-06-15 03:10:50
dr. Maghfira Aulia,Dokter Umum,halodoc,"Setiabudi, Jakarta Selatan",,dokter-umum,2025-06-15 03:10:50
dr Magieline Rosalina,Dokter Umum,APOTEK FAMILY SEHAT,"Cilincing, Jakarta Utara",,dokter-umum,2025-06-15 03:10:50
dr. Magieline Rosalina Y,Dokter Umum,Painfree Sehat (DH/Spine Sehat) Klinik,"Kelapa Gading, Jakarta Utara",,dokter-umum,2025-06-15 03:10:50
dr. Mahanani Satiti,Dokter Umum,halodoc,"Setiabudi, Jakarta Selatan",,dokter-umum,2025-06-15 03:10:50
dr. Maharani Ave,Dokter Umum,RSU Wira Husada,"Kota Kisaran Barat, Kabupaten Asahan",,dokter-umum,2025-06-15 03:10:50
dr. Maharani Ave Maria BR Purba,Dokter Umum,RSU Wira Husada,"Kota Kisaran Barat, Kabupaten Asahan",,dokter-umum,2025-06-15 03:10:52
dr. Maharanny Wulansari,Dokter Umum,MAHARANNY MEDIKA,"Kemayoran, Jakarta Pusat",,dokter-umum,2025-06-15 03:10:52
Dr. Mahardiani,Dokter Umum,halodoc,"Setiabudi, Jakarta Selatan",,dokter-umum,2025-06-15 03:10:52
dr. Maharesi Hefri Yudo,Dokter Umum,Klinik Fikri Medika,"Karawang Barat, Kabupaten Karawang",,dokter-umum,2025-06-15 03:10:52
dr. Mahbub Mahammadhy Sp. A,Dokter Umum,Apotik Idaman,"Taraju, Kabupaten Tasikmalaya",,dokter-umum,2025-06-15 03:10:52
Dr. Mahbub Muhammady,Dokter Umum,Apotik Idaman,"Taraju, Kabupaten Tasikmalaya",,dokter-umum,2025-06-15 03:10:52
Dr. Mahdiah Jabailus Rahmah,Dokter Umum,halodoc,"Setiabudi, Jakarta Selatan",,dokter-umum,2025-06-15 03:10:52
dr. Mahmudah,Dokter Umum,halodoc,"Setiabudi, Jakarta Selatan",,dokter-umum,2025-06-15 03:10:52
dr. Maisyarroh,Dokter Umum,halodoc,"Setiabudi, Jakarta Selatan",,dokter-umum,2025-06-15 03:10:52
Dr. Majdah Rummy Rosidi,Dokter Umum,halodoc,"Setiabudi, Jakarta Selatan",,dokter-umum,2025-06-15 03:10:52
dr. Malvin Jonathan,Dokter Umum,halodoc,"Setiabudi, Jakarta Selatan",,dokter-umum,2025-06-15 03:10:55
Dr. Mangasa Situmorang,Dokter Umum,halodoc,"Setiabudi, Jakarta Selatan",,dokter-umum,2025-06-15 03:10:55
Dr. Manggala Putra Gultom,Dokter Umum,halodoc,"Setiabudi, Jakarta Selatan",,dokter-umum,2025-06-15 03:10:55
Dr. Maniata Febtry Bata,Dokter Umum,halodoc,"Setiabudi, Jakarta Selatan",,dokter-umum,2025-06-15 03:10:55
dr. Manoviska Dewi P,Dokter Umum,Apotek Akawa,"Arcamanik, Kota Bandung",,dokter-umum,2025-06-15 03:10:55
dr. Manoviska Dewi P,Dokter Umum,Apotek Akawa,"Arcamanik, Kota Bandung",,dokter-umum,2025-06-15 03:10:55
dr. Marcel Agung Radityo,Dokter Umum,RS Bethesda Yogya,"Kraton, Kota Yogyakarta",,dokter-umum,2025-06-15 03:10:55
Marcel Prathama Mulyantara,Dokter Umum,halodoc,"Setiabudi, Jakarta Selatan",,dokter-umum,2025-06-15 03:10:55
dr. Marcelin Suryana,Dokter Umum,halodoc,"Setiabudi, Jakarta Selatan",,dokter-umum,2025-06-15 03:10:55
Marcella Angelina,Dokter Umum,halodoc,"Setiabudi, Jakarta Selatan",,dokter-umum,2025-06-15 03:10:55
dr. Marchilia W.S,Dokter Umum,halodoc,"Setiabudi, Jakarta Selatan",,dokter-umum,2025-06-15 03:10:58
Dr. Marco Pangestu Lautan,Dokter Umum,halodoc,"Setiabudi, Jakarta Selatan",,dokter-umum,2025-06-15 03:10:58
dr. Mardhiana Busmiaty,Dokter Umum,halodoc,"Setiabudi, Jakarta Selatan",,dokter-umum,2025-06-15 03:10:58
dr. Mardhiyah Fitri,Dokter Umum,halodoc,"Setiabudi, Jakarta Selatan",,dokter-umum,2025-06-15 03:10:58
dr. Maretta Prihardini Hendriawati,Dokter Umum,halodoc,"Setiabudi, Jakarta Selatan",,dokter-umum,2025-06-15 03:10:58
dr. Margareth Octa,Dokter Umum,halodoc,"Setiabudi, Jakarta Selatan",,dokter-umum,2025-06-15 03:10:58
Dr. Margaretha Caroline Hartanto,Dokter Umum,halodoc,"Setiabudi, Jakarta Selatan",,dokter-umum,2025-06-15 03:10:58
Margaretha Eugenie Pusumah Amd.Kes,Dokter Umum,halodoc,"Setiabudi, Jakarta Selatan",,dokter-umum,2025-06-15 03:10:58
dr. Margaretha Novi Indrayani,Dokter Umum,halodoc,"Setiabudi, Jakarta Selatan",,dokter-umum,2025-06-15 03:10:58
dr. Margibang A,Dokter Umum,Apotek Tonus,"Bogor Tengah, Bogor",,dokter-umum,2025-06-15 03:10:58
Dr. Margibang Antares,Dokter Umum,Apotek Tonus,"Bogor Tengah, Bogor",,dokter-umum,2025-06-15 03:11:00
dr. Marhamah Hasnul,Dokter Umum,halodoc,"Setiabudi, Jakarta Selatan",,dokter-umum,2025-06-15 03:11:00
Dr. Maria Angelia,Dokter Umum,halodoc,"Setiabudi, Jakarta Selatan",,dokter-umum,2025-06-15 03:11:00
Dr. Maria C. A. I. W. Saudale,Dokter Umum,halodoc,"Setiabudi, Jakarta Selatan",,dokter-umum,2025-06-15 03:11:00
Dr. Maria Diandra Porsiana,Dokter Umum,halodoc,"Setiabudi, Jakarta Selatan",,dokter-umum,2025-06-15 03:11:00
dr. Maria Dolorosa,Dokter Umum,halodoc,"Setiabudi, Jakarta Selatan",,dokter-umum,2025-06-15 03:11:00
dr. Maria Elvira Santoso,Dokter Umum,halodoc,"Setiabudi, Jakarta Selatan",,dokter-umum,2025-06-15 03:11:00
dr. Maria Endah Purwani,Dokter Umum,Prodia,"Makassar, Kota Makassar",,dokter-umum,2025-06-15 03:11:00
Dr. Maria Evane Navy Cahaya Putri,Dokter Umum,halodoc,"Setiabudi, Jakarta Selatan",,dokter-umum,2025-06-15 03:11:00
dr Maria Evarista Kurniawan,Dokter Umum,Rumah Sakit Akademik UGM,"Gamping, Kabupaten Sleman",,dokter-umum,2025-06-15 03:11:00
dr. Maria Grace Tania,Dokter Umum,halodoc,"Setiabudi, Jakarta Selatan",,dokter-umum,2025-06-15 03:11:03
dr. Maria K Kanina Acyntya,Dokter Umum,halodoc,"Setiabudi, Jakarta Selatan",,dokter-umum,2025-06-15 03:11:03
dr. Maria Margaretha S,Dokter Umum,Praktek dokter mandiri,"Cileunyi, Kabupaten Bandung",,dokter-umum,2025-06-15 03:11:03
Dr. Maria Natasha Marlinang Simandjuntak,Dokter Umum,halodoc,"Setiabudi, Jakarta Selatan",,dokter-umum,2025-06-15 03:11:03
dr. Maria Nova,Dokter Umum,KLINIK PRATAMA MARIA,"Cilincing, Jakarta Utara",,dokter-umum,2025-06-15 03:11:03
dr. Maria Nova,Dokter Umum,KLINIK PRATAMA MARIA,"Cilincing, Jakarta Utara",,dokter-umum,2025-06-15 03:11:03
dr. Maria Sunvratys,Dokter Umum,halodoc,"Setiabudi, Jakarta Selatan",,dokter-umum,2025-06-15 03:11:03
dr. Maria Ulfa,Dokter Umum,halodoc,"Setiabudi, Jakarta Selatan",,dokter-umum,2025-06-15 03:11:03
dr. Mariana Afiati Sp. OG,Dokter Umum,Naraya Medical Center Bandung,"Cicendo, Kota Bandung",,dokter-umum,2025-06-15 03:11:03
Dr. Marilyn Firmantho,Dokter Umum,halodoc,"Setiabudi, Jakarta Selatan",,dokter-umum,2025-06-15 03:11:03
dr. Marly Susanti Sp. OG,Dokter Umum,halodoc,"Setiabudi, Jakarta Selatan",,dokter-umum,2025-06-15 03:11:08
Dr. Marselno Tatipikalawan,Dokter Umum,halodoc,"Setiabudi, Jakarta Selatan",,dokter-umum,2025-06-15 03:11:08
dr. Marshal Soekarno MPH,Dokter Umum,halodoc,"Setiabudi, Jakarta Selatan",,dokter-umum,2025-06-15 03:11:08
dr. Marthawati,Dokter Umum,Praktek Pribadi Marthawati,"Kelapa Gading, Jakarta Utara",,dokter-umum,2025-06-15 03:11:08
dr. Marthia Pratami,Dokter Umum,halodoc,"Setiabudi, Jakarta Selatan",,dokter-umum,2025-06-15 03:11:08
dr Marthin Anggita Sirait,Dokter Umum,halodoc,"Setiabudi, Jakarta Selatan",,dokter-umum,2025-06-15 03:11:08
dr Martono,Dokter Umum,Kimia Farma Ahmad Yani By Pass Karawang,"Karawang Barat, Kabupaten Karawang",,dokter-umum,2025-06-15 03:11:08
dr. Marvelo Surya,Dokter Umum,halodoc,"Setiabudi, Jakarta Selatan",,dokter-umum,2025-06-15 03:11:08
Dr. Marwiyah Khairani,Dokter Umum,halodoc,"Setiabudi, Jakarta Selatan",,dokter-umum,2025-06-15 03:11:08
dr. Maryline Natalia Kusumo,Dokter Umum,halodoc,"Setiabudi, Jakarta Selatan",,dokter-umum,2025-06-15 03:11:08
dr. Masita Asih Hasan,Dokter Umum,halodoc,"Setiabudi, Jakarta Selatan",,dokter-umum,2025-06-15 03:11:10
dr. Masjung Wigsono,Dokter Umum,Klinik Musytasyfah,"Majalaya, Kabupaten Karawang",,dokter-umum,2025-06-15 03:11:10
dr. Masludi Sopriyadi,Dokter Umum,halodoc,"Setiabudi, Jakarta Selatan",,dokter-umum,2025-06-15 03:11:10
Dr. Masnuchotul Ilmiah,Dokter Umum,RS Anugerah Pekalongan,"Pekalongan Barat, Kota Pekalongan",,dokter-umum,2025-06-15 03:11:10
dr. Masrida Rezki Ritonga,Dokter Umum,halodoc,"Setiabudi, Jakarta Selatan",,dokter-umum,2025-06-15 03:11:10
Dr. Masud Hanafiah,Dokter Umum,Praktek Dokter Umum.,"Cilincing, Jakarta Utara",,dokter-umum,2025-06-15 03:11:10
dr. Masyita Ahmad Opier,Dokter Umum,halodoc,"Setiabudi, Jakarta Selatan",,dokter-umum,2025-06-15 03:11:10
dr. Matdoan Rifkiah Aisyah,Dokter Umum,halodoc,"Setiabudi, Jakarta Selatan",,dokter-umum,2025-06-15 03:11:10
dr. Maulana Rifky Ferdiansyah,Dokter Umum,halodoc,"Setiabudi, Jakarta Selatan",,dokter-umum,2025-06-15 03:11:10
Maulida Hayati,Dokter Umum,halodoc,"Setiabudi, Jakarta Selatan",,dokter-umum,2025-06-15 03:11:10
Maulida Rahmah,Dokter Umum,halodoc,"Setiabudi, Jakarta Selatan",,dokter-umum,2025-06-15 03:11:13
dr. Maulina Hanisyah P,Dokter Umum,halodoc,"Setiabudi, Jakarta Selatan",,dokter-umum,2025-06-15 03:11:13
May Irtia Silalahi,Dokter Umum,halodoc,"Setiabudi, Jakarta Selatan",,dokter-umum,2025-06-15 03:11:13
dr. Maya,Dokter Umum,dr. Maya,"Tanah Abang, Jakarta Pusat",,dokter-umum,2025-06-15 03:11:13
Dr. Maya Diyaswari,Dokter Umum,halodoc,"Setiabudi, Jakarta Selatan",,dokter-umum,2025-06-15 03:11:13
"Dr. Maya Hartono MBBS (Mel), B.MedSci, FRACGP",Dokter Umum,Medifirst Family Clinic,"Setiabudi, Jakarta Selatan",,dokter-umum,2025-06-15 03:11:13
dr. Maya Indah T,Dokter Umum,halodoc,"Setiabudi, Jakarta Selatan",,dokter-umum,2025-06-15 03:11:13
dr. Maya Mahardikari,Dokter Umum,halodoc,"Setiabudi, Jakarta Selatan",,dokter-umum,2025-06-15 03:11:13
Dr. Maya Puspita Sari,Dokter Umum,Klinik Pratama Dukuh,"Koja, Jakarta Utara",,dokter-umum,2025-06-15 03:11:13
Dr. Maya Puspitasari,Dokter Umum,Klinik Pratama Dukuh,"Koja, Jakarta Utara",,dokter-umum,2025-06-15 03:11:13
Dr. Maya Ramadhani Ning,Dokter Umum,Praktek dr Maya & Apotek Mulya Jaya,"Bantar Gebang, Bekasi",,dokter-umum,2025-06-15 03:11:15
dr Maya Ramadhani Ningtyas,Dokter Umum,APOTEK MULYA JAYA dan PRAKTEK DR. MAYA,"Tarumajaya, Kabupaten Bekasi",,dokter-umum,2025-06-15 03:11:15
Dr. Maya Ramadhani Ningtyas,Dokter Umum,Praktek dr Maya & Apotek Mulya Jaya,"Bantar Gebang, Bekasi",,dokter-umum,2025-06-15 03:11:15
dr. Maya Ramadhani Ningtyas,Dokter Umum,APOTEK MULYA JAYA dan PRAKTEK DR. MAYA,"Tarumajaya, Kabupaten Bekasi",,dokter-umum,2025-06-15 03:11:15
dr. Maya Susan,Dokter Umum,halodoc,"Setiabudi, Jakarta Selatan",,dokter-umum,2025-06-15 03:11:15
dr. Maya Susan,Dokter Umum,halodoc,"Setiabudi, Jakarta Selatan",,dokter-umum,2025-06-15 03:11:15
dr. Maya Susan,Dokter Umum,Praktek Dokter Umum.,"Cilincing, Jakarta Utara",,dokter-umum,2025-06-15 03:11:15
dr. Maya Susan,Dokter Umum,dr. Maya,"Tanah Abang, Jakarta Pusat",,dokter-umum,2025-06-15 03:11:15
dr. Maya Susan,Dokter Umum,Praktek Dokter Umum.,"Cilincing, Jakarta Utara",,dokter-umum,2025-06-15 03:11:15
dr. Maya Tambayong Ningtyas,Dokter Umum,APOTEK MULYA JAYA dan PRAKTEK DR. MAYA,"Tarumajaya, Kabupaten Bekasi",,dokter-umum,2025-06-15 03:11:15
dr. Maya Widari,Dokter Umum,Prodia Medan,"Medan Amplas, Kota Medan",,dokter-umum,2025-06-15 03:11:18
Dr. Maya Zelika,Dokter Umum,halodoc,"Setiabudi, Jakarta Selatan",,dokter-umum,2025-06-15 03:11:18
dr. Mayang Permata Sari,Dokter Umum,halodoc,"Setiabudi, Jakarta Selatan",,dokter-umum,2025-06-15 03:11:18
dr. Mayasari Fatimah,Dokter Umum,halodoc,"Setiabudi, Jakarta Selatan",,dokter-umum,2025-06-15 03:11:18
dr. Maylia Rossella,Dokter Umum,halodoc,"Setiabudi, Jakarta Selatan",,dokter-umum,2025-06-15 03:11:18
dr. Mazdalifah Harahap,Dokter Umum,halodoc,"Setiabudi, Jakarta Selatan",,dokter-umum,2025-06-15 03:11:18
dr. Median Alamsyah,Dokter Umum,halodoc,"Setiabudi, Jakarta Selatan",,dokter-umum,2025-06-15 03:11:18
dr. Mediana Adrianne Riyanto,Dokter Umum,halodoc,"Setiabudi, Jakarta Selatan",,dokter-umum,2025-06-15 03:11:18
dr. Mediana Rosela Wijaya,Dokter Umum,Praktek dr. Mediana Rosela Wijaya,"Subang, Kabupaten Kuningan",,dokter-umum,2025-06-15 03:11:18
dr. Mega Khairunnisa,Dokter Umum,halodoc,"Setiabudi, Jakarta Selatan",,dokter-umum,2025-06-15 03:11:18
dr. Mega Siti Fasicha,Dokter Umum,halodoc,"Setiabudi, Jakarta Selatan",,dokter-umum,2025-06-15 03:11:21
dr. Mega Wira S,Dokter Umum,Klinik Pratama Manunggal Sehati Medika,"Ciampel, Kabupaten Karawang",,dokter-umum,2025-06-15 03:11:21
dr. Mega Wira S,Dokter Umum,Klinik Kusuma Medika.,"Telukjambe Timur, Kabupaten Karawang",,dokter-umum,2025-06-15 03:11:21
dr. Mega Wira S,Dokter Umum,Klinik Pratama Manunggal Sehati Medika,"Ciampel, Kabupaten Karawang",,dokter-umum,2025-06-15 03:11:21
Dr. Mega Yuni Ari Susanti,Dokter Umum,halodoc,"Setiabudi, Jakarta Selatan",,dokter-umum,2025-06-15 03:11:21
Dr. Mega Yuni Ari Susanti M.H,Dokter Umum,halodoc,"Setiabudi, Jakarta Selatan",,dokter-umum,2025-06-15 03:11:21
dr. Megah Manis Purba,Dokter Umum,halodoc,"Setiabudi, Jakarta Selatan",,dokter-umum,2025-06-15 03:11:21
dr. Megi Annisa Rahmah,Dokter Umum,halodoc,"Setiabudi, Jakarta Selatan",,dokter-umum,2025-06-15 03:11:21
dr. Meidi Muliana,Dokter Umum,halodoc,"Setiabudi, Jakarta Selatan",,dokter-umum,2025-06-15 03:11:21
dr. Meidy Regianto,Dokter Umum,halodoc,"Setiabudi, Jakarta Selatan",,dokter-umum,2025-06-15 03:11:21
dr. Meilani Rose,Dokter Umum,halodoc,"Setiabudi, Jakarta Selatan",,dokter-umum,2025-06-15 03:11:23
dr. Meily Rizkinta Putri,Dokter Umum,halodoc,"Setiabudi, Jakarta Selatan",,dokter-umum,2025-06-15 03:11:23
dr. Meira Oka B,Dokter Umum,halodoc,"Setiabudi, Jakarta Selatan",,dokter-umum,2025-06-15 03:11:23
Dr. Meiry Dhona,Dokter Umum,halodoc,"Setiabudi, Jakarta Selatan",,dokter-umum,2025-06-15 03:11:23
dr. Meisy Gita Silva,Dokter Umum,Klinik Restu Abadi,"Tambun Selatan, Kabupaten Bekasi",,dokter-umum,2025-06-15 03:11:23
dr. Meita Purnama Putri Nararya,Dokter Umum,Klinik Utama II - Mampang,"Mampang Prapatan, Jakarta Selatan",,dokter-umum,2025-06-15 03:11:23
dr. Meitasary Christien,Dokter Umum,halodoc,"Setiabudi, Jakarta Selatan",,dokter-umum,2025-06-15 03:11:23
dr. Meithasari Trunawijaya,Dokter Umum,halodoc,"Setiabudi, Jakarta Selatan",,dokter-umum,2025-06-15 03:11:23
dr. Melan Justari,Dokter Umum,halodoc,"Setiabudi, Jakarta Selatan",,dokter-umum,2025-06-15 03:11:23
Dr. Melani Oktavia,Dokter Umum,halodoc,"Setiabudi, Jakarta Selatan",,dokter-umum,2025-06-15 03:11:23
Dr. Melanita Hardiyati,Dokter Umum,KLINIK NUR'ANNISA,"Banyusari, Kabupaten Karawang",,dokter-umum,2025-06-15 03:11:26
dr. Melda Nur Rahmani,Dokter Umum,halodoc,"Setiabudi, Jakarta Selatan",,dokter-umum,2025-06-15 03:11:26
Meldawaty Simamora,Dokter Umum,halodoc,"Setiabudi, Jakarta Selatan",,dokter-umum,2025-06-15 03:11:26
dr. Melfi Purnama,Dokter Umum,halodoc,"Setiabudi, Jakarta Selatan",,dokter-umum,2025-06-15 03:11:26
dr. Melian Anita,Dokter Umum,halodoc,"Setiabudi, Jakarta Selatan",,dokter-umum,2025-06-15 03:11:26
dr. Melina Gazali,Dokter Umum,halodoc,"Setiabudi, Jakarta Selatan",,dokter-umum,2025-06-15 03:11:26
dr. Melinda Didi y,Dokter Umum,RSUD Kota Yogyakarta,"Umbulharjo, Kota Yogyakarta",,dokter-umum,2025-06-15 03:11:26
dr. Melis Djaja,Dokter Umum,Sismamedikal,"Sawah Besar, Jakarta Pusat",,dokter-umum,2025-06-15 03:11:26
dr. Melis Djaja,Dokter Umum,halodoc,"Setiabudi, Jakarta Selatan",,dokter-umum,2025-06-15 03:11:26
dr. Melis Djaja,Dokter Umum,Sismapharma,"Cempaka Putih, Jakarta Pusat",,dokter-umum,2025-06-15 03:11:26
dr. Melis Djaja,Dokter Umum,Klinik Pratama Sisma Medikal Warakas,"Tanjung Priok, Jakarta Utara",,dokter-umum,2025-06-15 03:11:28
Dr. Melisa,Dokter Umum,dr. Melisia,"Sungai Raya, Kabupaten Kubu Raya",,dokter-umum,2025-06-15 03:11:28
dr. Melisa Andesti,Dokter Umum,Klinik Puri Medika Cendekia,"Kembangan, Jakarta Barat",,dokter-umum,2025-06-15 03:11:28
Dr. Melisa Anggraeni Sp. A,Dokter Umum,Klinik Ananda,"Gambir, Jakarta Pusat",,dokter-umum,2025-06-15 03:11:28
Dr. Melisa Citra Ika Mulya,Dokter Umum,halodoc,"Setiabudi, Jakarta Selatan",,dokter-umum,2025-06-15 03:11:28
Dr. Melisa Meryl,Dokter Umum,halodoc,"Setiabudi, Jakarta Selatan",,dokter-umum,2025-06-15 03:11:28
dr. Melisa Veronika Kembuan,Dokter Umum,halodoc,"Setiabudi, Jakarta Selatan",,dokter-umum,2025-06-15 03:11:28
Dr. Melisa. A,Dokter Umum,halodoc,"Setiabudi, Jakarta Selatan",,dokter-umum,2025-06-15 03:11:28
dr. Melissa Theresia,Dokter Umum,halodoc,"Setiabudi, Jakarta Selatan",,dokter-umum,2025-06-15 03:11:28
Dr. Meliya Roza Lujasta,Dokter Umum,halodoc,"Setiabudi, Jakarta Selatan",,dokter-umum,2025-06-15 03:11:28
dr. Melly,Dokter Umum,Klinik KF Kahfi 1,"Jagakarsa, Jakarta Selatan",,dokter-umum,2025-06-15 03:11:31
dr. Melly,Dokter Umum,halodoc,"Setiabudi, Jakarta Selatan",,dokter-umum,2025-06-15 03:11:31
dr. Melly Ganda,Dokter Umum,Apotek Melly Farma & Klinik Masanto,"Karawang Timur, Kabupaten Karawang",,dokter-umum,2025-06-15 03:11:31
Dr. Melly Ganda,Dokter Umum,Apotek Melly Farma & Klinik Masanto,"Karawang Timur, Kabupaten Karawang",,dokter-umum,2025-06-15 03:11:31
dr. Melly Ganda,Dokter Umum,Apotek Melly Farma & Klinik Masanto,"Karawang Timur, Kabupaten Karawang",,dokter-umum,2025-06-15 03:11:31
Dr. Melsi Megawati,Dokter Umum,halodoc,"Setiabudi, Jakarta Selatan",,dokter-umum,2025-06-15 03:11:31
Dr. Melva Idawati Silitonga,Dokter Umum,halodoc,"Setiabudi, Jakarta Selatan",,dokter-umum,2025-06-15 03:11:31
Dr. Melvy Roza,Dokter Umum,halodoc,"Setiabudi, Jakarta Selatan",,dokter-umum,2025-06-15 03:11:31
dr. Melysa Br. Sitepu,Dokter Umum,halodoc,"Setiabudi, Jakarta Selatan",,dokter-umum,2025-06-15 03:11:31
Dr. Mentari,Dokter Umum,halodoc,"Setiabudi, Jakarta Selatan",,dokter-umum,2025-06-15 03:11:31
dr. Mercy Marthalina,Dokter Umum,halodoc,"Setiabudi, Jakarta Selatan",,dokter-umum,2025-06-15 03:11:33
dr. Meria Pratiwi,Dokter Umum,halodoc,"Setiabudi, Jakarta Selatan",,dokter-umum,2025-06-15 03:11:33
Merta Aulia,Dokter Umum,halodoc,"Setiabudi, Jakarta Selatan",,dokter-umum,2025-06-15 03:11:33
Dr. Mervin,Dokter Umum,Apotek Kimia Farma Courtyard Galuh Mas,"Telukjambe Timur, Kabupaten Karawang",,dokter-umum,2025-06-15 03:11:33
Dr. Meryam Carmelitha,Dokter Umum,Klinik Kartika Timur,"Sukmajaya, Depok",,dokter-umum,2025-06-15 03:11:33
dr. Metta Witari SN,Dokter Umum,halodoc,"Setiabudi, Jakarta Selatan",,dokter-umum,2025-06-15 03:11:33
dr. Meudia Syahdiah,Dokter Umum,halodoc,"Setiabudi, Jakarta Selatan",,dokter-umum,2025-06-15 03:11:33
dr. Meylin Purnama Sari,Dokter Umum,halodoc,"Setiabudi, Jakarta Selatan",,dokter-umum,2025-06-15 03:11:33
dr. Mhd. Rizky Nanda,Dokter Umum,halodoc,"Setiabudi, Jakarta Selatan",,dokter-umum,2025-06-15 03:11:33
Dr. Mia Puspita,Dokter Umum,halodoc,"Setiabudi, Jakarta Selatan",,dokter-umum,2025-06-15 03:11:33
Dr. Mia Savilla,Dokter Umum,halodoc,"Setiabudi, Jakarta Selatan",,dokter-umum,2025-06-15 03:11:36
dr. Mia Shofianne Liberty,Dokter Umum,halodoc,"Setiabudi, Jakarta Selatan",,dokter-umum,2025-06-15 03:11:36
dr. Michael B. Runtulalo Sp. OG,Dokter Umum,Apotik Deborah,"Banjarbaru Utara, Kota Banjarbaru",,dokter-umum,2025-06-15 03:11:36
dr. Michael Jansen Sulaiman,Dokter Umum,halodoc,"Setiabudi, Jakarta Selatan",,dokter-umum,2025-06-15 03:11:36
Dr. Michael Kasenda Sp. A,Dokter Umum,Apotek Kinder.,"Ujung Pandang, Kota Makassar",,dokter-umum,2025-06-15 03:11:36
dr. Michael Tambunan,Dokter Umum,Klinik Angelina,"Cimahi Selatan, Kota Cimahi",,dokter-umum,2025-06-15 03:11:36
Dr. Michael Wiyandi Sudjalmo,Dokter Umum,halodoc,"Setiabudi, Jakarta Selatan",,dokter-umum,2025-06-15 03:11:36
dr Michele Yoselin,Dokter Umum,halodoc,"Setiabudi, Jakarta Selatan",,dokter-umum,2025-06-15 03:11:36
dr Michell Yodanta,Dokter Umum,Bethsaida Clinic,"Serpong, Tangerang Selatan",,dokter-umum,2025-06-15 03:11:36
Dr. Michelle Mailangkay,Dokter Umum,halodoc,"Setiabudi, Jakarta Selatan",,dokter-umum,2025-06-15 03:11:36
dr. Michiko Inas,Dokter Umum,halodoc,"Setiabudi, Jakarta Selatan",,dokter-umum,2025-06-15 03:11:39
dr. Mieke Herlina,Dokter Umum,halodoc,"Setiabudi, Jakarta Selatan",,dokter-umum,2025-06-15 03:11:39
dr. Mier Atoen Radiah,Dokter Umum,halodoc,"Setiabudi, Jakarta Selatan",,dokter-umum,2025-06-15 03:11:39
dr. Miera Maryama El Chair,Dokter Umum,halodoc,"Setiabudi, Jakarta Selatan",,dokter-umum,2025-06-15 03:11:39
dr. Miftachul Ariefin,Dokter Umum,halodoc,"Setiabudi, Jakarta Selatan",,dokter-umum,2025-06-15 03:11:39
dr. Miftahul Hikmah,Dokter Umum,Klinik Mitra Dokter 24 Jam.,"Bogor Barat, Bogor",,dokter-umum,2025-06-15 03:11:39
dr. Miftahul Janna,Dokter Umum,halodoc,"Setiabudi, Jakarta Selatan",,dokter-umum,2025-06-15 03:11:39
dr. Miftahul Munir,Dokter Umum,RSU PKU Muhammadiyah Bantul,"Bantul, Kabupaten Bantul",,dokter-umum,2025-06-15 03:11:39
Dr. Mika F. Tendean,Dokter Umum,halodoc,"Setiabudi, Jakarta Selatan",,dokter-umum,2025-06-15 03:11:39
Mike Ortunaida,Dokter Umum,halodoc,"Setiabudi, Jakarta Selatan",,dokter-umum,2025-06-15 03:11:39
"dr. Miko Sapta Sera K SH., MH",Dokter Umum,halodoc,"Setiabudi, Jakarta Selatan",,dokter-umum,2025-06-15 03:11:41
Dr. Mila,Dokter Umum,Apotek Berkat XX Koja,"Koja, Jakarta Utara",,dokter-umum,2025-06-15 03:11:41
Dr. Mila,Dokter Umum,Apotek Berkat XX Koja,"Koja, Jakarta Utara",,dokter-umum,2025-06-15 03:11:41
dr. Mila Mayeda,Dokter Umum,halodoc,"Setiabudi, Jakarta Selatan",,dokter-umum,2025-06-15 03:11:41
dr. Milda Ulfa,Dokter Umum,halodoc,"Setiabudi, Jakarta Selatan",,dokter-umum,2025-06-15 03:11:41
Dr. Milni Achyar,Dokter Umum,halodoc,"Setiabudi, Jakarta Selatan",,dokter-umum,2025-06-15 03:11:41
dr. Minarta,Dokter Umum,Klinik Pratama Rawat Jalan Rafika,"Bekasi Selatan, Bekasi",,dokter-umum,2025-06-15 03:11:41
Dr. Mino widjayanto,Dokter Umum,APOTEK SUMBER SEHAT,"Kelapa Gading, Jakarta Utara",,dokter-umum,2025-06-15 03:11:41
Dr. Mira Dwi Andiyanti,Dokter Umum,Halodoc Teleconsultation,"Setiabudi, Jakarta Selatan",,dokter-umum,2025-06-15 03:11:41
Dr. Mira Dwi Andiyatni,Dokter Umum,halodoc,"Setiabudi, Jakarta Selatan",,dokter-umum,2025-06-15 03:11:41
dr. Mira Fitrianita,Dokter Umum,halodoc,"Setiabudi, Jakarta Selatan",,dokter-umum,2025-06-15 03:11:44
dr Mirad Saputra,Dokter Umum,Klinik Hikam Medika,"Tanjung Priok, Jakarta Utara",,dokter-umum,2025-06-15 03:11:44
dr. Mirad Saputra,Dokter Umum,Klinik Hikam Medika,"Tanjung Priok, Jakarta Utara",,dokter-umum,2025-06-15 03:11:44
dr Mirna Jayustin Tanjung,Dokter Umum,Apotik Taman Solo,"Cempaka Putih, Jakarta Pusat",,dokter-umum,2025-06-15 03:11:44
Dr. Mirna Jayustin Tanjung M.K.M,Dokter Umum,halodoc,"Setiabudi, Jakarta Selatan",,dokter-umum,2025-06-15 03:11:44
Dr. Mirnawati,Dokter Umum,halodoc,"Setiabudi, Jakarta Selatan",,dokter-umum,2025-06-15 03:11:44
dr. Mirs Fauziah Sp. A,Dokter Umum,Klinik & Apotek Hilda Alnaira,"Koja, Jakarta Utara",,dokter-umum,2025-06-15 03:11:44
Dr. Mirwan Yassin,Dokter Umum,Prakter dr Mirwan Y,"Kelapa Gading, Jakarta Utara",,dokter-umum,2025-06-15 03:11:44
dr. Mirwan Yassin,Dokter Umum,dr.Mirwan Yassin,"Koja, Jakarta Utara",,dokter-umum,2025-06-15 03:11:44
dr. Mirza Heltomi,Dokter Umum,halodoc,"Setiabudi, Jakarta Selatan",,dokter-umum,2025-06-15 03:11:44
Dr. Miska Raihana,Dokter Umum,halodoc,"Setiabudi, Jakarta Selatan",,dokter-umum,2025-06-15 03:11:46
dr. Mita Dewi W,Dokter Umum,KLINIK DHARMA BAKTI BUNGUR,"Kemayoran, Jakarta Pusat",,dokter-umum,2025-06-15 03:11:46
dr. Mita Hartiana,Dokter Umum,dr Mita Hartiana,"Pagerageung, Kabupaten Tasikmalaya",,dokter-umum,2025-06-15 03:11:46
dr. Mitha Miftahul Jannah,Dokter Umum,halodoc,"Setiabudi, Jakarta Selatan",,dokter-umum,2025-06-15 03:11:46
dr. Mitha Pelangi,Dokter Umum,halodoc,"Setiabudi, Jakarta Selatan",,dokter-umum,2025-06-15 03:11:46
Dr. Miya Risahartati,Dokter Umum,halodoc,"Setiabudi, Jakarta Selatan",,dokter-umum,2025-06-15 03:11:46
dr. Mizanul Abrar,Dokter Umum,Praktik Dokter Az-zaahirah,"Tarumajaya, Kabupaten Bekasi",,dokter-umum,2025-06-15 03:11:46
dr. Mizanul Abrar,Dokter Umum,Praktik Dokter Az-zaahirah,"Tarumajaya, Kabupaten Bekasi",,dokter-umum,2025-06-15 03:11:46
dr. Mizanul Abrar,Dokter Umum,PRAKTEK DOKTER UMUM AZ-ZAAHIRAH.,"Tarumajaya, Kabupaten Bekasi",,dokter-umum,2025-06-15 03:11:46
dr. Mizanul Abrar,Dokter Umum,Praktik Dokter Az-zaahirah,"Tarumajaya, Kabupaten Bekasi",,dokter-umum,2025-06-15 03:11:46
dr. Mizanul Abrar,Dokter Umum,Praktik Dokter Az-zaahirah,"Tarumajaya, Kabupaten Bekasi",,dokter-umum,2025-06-15 03:11:49
dr. Mizanul Ahrar,Dokter Umum,PRAKTEK DOKTER UMUM AZ-ZAAHIRAH.,"Tarumajaya, Kabupaten Bekasi",,dokter-umum,2025-06-15 03:11:49
dr. Mizanul Akbar,Dokter Umum,Praktik Dokter Az-zaahirah,"Tarumajaya, Kabupaten Bekasi",,dokter-umum,2025-06-15 03:11:49
dr. Mizanul Akbar,Dokter Umum,Praktik Dokter Az-zaahirah,"Tarumajaya, Kabupaten Bekasi",,dokter-umum,2025-06-15 03:11:49
dr. Moch Toha Setiawan,Dokter Umum,Apotek Kimia Farma 8 Sukabumi,"cikakak, Sukabumi",,dokter-umum,2025-06-15 03:11:49
Dr. Mochamad Devani Setiadi,Dokter Umum,halodoc,"Setiabudi, Jakarta Selatan",,dokter-umum,2025-06-15 03:11:49
Dr. Mochamad Indra T.A,Dokter Umum,Klinik Bona Mitra Keluarga Baleendah,"Baleendah, Kabupaten Bandung",,dokter-umum,2025-06-15 03:11:49
Dr. Mochammad Aldi,Dokter Umum,halodoc,"Setiabudi, Jakarta Selatan",,dokter-umum,2025-06-15 03:11:49
Dr. Mochammad Iqbal Afif,Dokter Umum,halodoc,"Setiabudi, Jakarta Selatan",,dokter-umum,2025-06-15 03:11:49
dr. Mochtar Buchori,Dokter Umum,Apotek Barokah,"Matraman, Jakarta Timur",,dokter-umum,2025-06-15 03:11:49
Modya Septiana,Dokter Umum,halodoc,"Setiabudi, Jakarta Selatan",,dokter-umum,2025-06-15 03:11:51
Dr. Moedrik Tamam Sp. A (K),Dokter Umum,Apotek Meranti,"Banyumanik, Kota Semarang",,dokter-umum,2025-06-15 03:11:51
Dr. Moh Faizal Abu Rizal,Dokter Umum,Apotek Sembuh,"Mustika Jaya, Bekasi",,dokter-umum,2025-06-15 03:11:51
dr. Moh. Almuhaimin,Dokter Umum,halodoc,"Setiabudi, Jakarta Selatan",,dokter-umum,2025-06-15 03:11:51
dr. Moh. Noval Farlan,Dokter Umum,halodoc,"Setiabudi, Jakarta Selatan",,dokter-umum,2025-06-15 03:11:51
dr Mohadjri,Dokter Umum,halodoc,"Setiabudi, Jakarta Selatan",,dokter-umum,2025-06-15 03:11:51
dr Mohamad Dwi Mahindra,Dokter Umum,apotek kimia farma -,"Cihara, Kabupaten Lebak",,dokter-umum,2025-06-15 03:11:51
dr. Mohamad Fadli,Dokter Umum,halodoc,"Setiabudi, Jakarta Selatan",,dokter-umum,2025-06-15 03:11:51
Dr. Mohamad Reza Affandi,Dokter Umum,halodoc,"Setiabudi, Jakarta Selatan",,dokter-umum,2025-06-15 03:11:51
Dr. Mohammad Dwi Mahindra Faizal,Dokter Umum,halodoc,"Setiabudi, Jakarta Selatan",,dokter-umum,2025-06-15 03:11:51
Mohammad Isa Yuniarto,Dokter Umum,halodoc,"Setiabudi, Jakarta Selatan",,dokter-umum,2025-06-15 03:11:54
dr. Mohammad Riedho Cahya Atazsu S.H.,Dokter Umum,halodoc,"Setiabudi, Jakarta Selatan",,dokter-umum,2025-06-15 03:11:54
Dr. Mohd. Ilham Fat-Thur Rahman,Dokter Umum,halodoc,"Setiabudi, Jakarta Selatan",,dokter-umum,2025-06-15 03:11:54
dr. Mona Indah Putriani,Dokter Umum,halodoc,"Setiabudi, Jakarta Selatan",,dokter-umum,2025-06-15 03:11:54
Dr. Monica C,Dokter Umum,dr. Monica C,"Tangerang, Tangerang",,dokter-umum,2025-06-15 03:11:54
dr. Monica Djaja,Dokter Umum,halodoc,"Setiabudi, Jakarta Selatan",,dokter-umum,2025-06-15 03:11:54
dr. Monica Magdalena Kaligis,Dokter Umum,Apotek Global Pharma,"Cipondoh, Tangerang",,dokter-umum,2025-06-15 03:11:54
dr. Monica Sandra,Dokter Umum,halodoc,"Setiabudi, Jakarta Selatan",,dokter-umum,2025-06-15 03:11:54
dr. Monica Trifitriana,Dokter Umum,halodoc,"Setiabudi, Jakarta Selatan",,dokter-umum,2025-06-15 03:11:54
dr. Monica Windy,Dokter Umum,halodoc,"Setiabudi, Jakarta Selatan",,dokter-umum,2025-06-15 03:11:54
Dr. Monika Ndruru,Dokter Umum,halodoc,"Setiabudi, Jakarta Selatan",,dokter-umum,2025-06-15 03:11:57
dr. Monika Rai Islamiah,Dokter Umum,halodoc,"Setiabudi, Jakarta Selatan",,dokter-umum,2025-06-15 03:11:57
dr. Monika Roosyidah,Dokter Umum,halodoc,"Setiabudi, Jakarta Selatan",,dokter-umum,2025-06-15 03:11:57
Dr. Monika Venilia,Dokter Umum,halodoc,"Setiabudi, Jakarta Selatan",,dokter-umum,2025-06-15 03:11:57
dr. Morris Lintong Barimbing,Dokter Umum,halodoc,"Setiabudi, Jakarta Selatan",,dokter-umum,2025-06-15 03:11:57
dr. Moses Leonardo,Dokter Umum,halodoc,"Setiabudi, Jakarta Selatan",,dokter-umum,2025-06-15 03:11:57
dr. Muchamad Zubaid,Dokter Umum,halodoc,"Setiabudi, Jakarta Selatan",,dokter-umum,2025-06-15 03:11:57
dr. Mudia Arfa,Dokter Umum,halodoc,"Setiabudi, Jakarta Selatan",,dokter-umum,2025-06-15 03:11:57
dr. Muh,Dokter Umum,Praktek Dokter Keluarga Sehat,"Wanayasa, Kabupaten Purwakarta",,dokter-umum,2025-06-15 03:11:57
dr Muh Haedar,Dokter Umum,halodoc,"Setiabudi, Jakarta Selatan",,dokter-umum,2025-06-15 03:11:57
Dr. Muh. Akbar S,Dokter Umum,halodoc,"Setiabudi, Jakarta Selatan",,dokter-umum,2025-06-15 03:11:59
dr. Muh. Arif Wira Bahari,Dokter Umum,halodoc,"Setiabudi, Jakarta Selatan",,dokter-umum,2025-06-15 03:11:59
Dr. Muh. Azhar Fawwaz Akbar,Dokter Umum,halodoc,"Setiabudi, Jakarta Selatan",,dokter-umum,2025-06-15 03:11:59
Dr. Muhaimin,Dokter Umum,Apotek Murah Sehat Blok R,"Karawang Timur, Kabupaten Karawang",,dokter-umum,2025-06-15 03:11:59
Muhamad Fauzi,Dokter Umum,RS Paru Goenawan Partowidigdo,"Bogor Barat, Bogor",,dokter-umum,2025-06-15 03:11:59
dr. Muhamad Jyuldi Prayoga,Dokter Umum,halodoc,"Setiabudi, Jakarta Selatan",,dokter-umum,2025-06-15 03:11:59
Muhamad Mahir,Dokter Umum,halodoc,"Setiabudi, Jakarta Selatan",,dokter-umum,2025-06-15 03:11:59
dr. Muhamad Nasrudin,Dokter Umum,Klinik Dr Nas,"Sepatan, Kabupaten Tangerang",,dokter-umum,2025-06-15 03:11:59
dr Muhamad Puji Laksono,Dokter Umum,Klinik Utama Sejahtera Ciracas,"Ciracas, Jakarta Timur",,dokter-umum,2025-06-15 03:11:59
Dr. Muhamad Rizqi Nugraha,Dokter Umum,halodoc,"Setiabudi, Jakarta Selatan",,dokter-umum,2025-06-15 03:11:59
Dr. Muhamad Wajib,Dokter Umum,Klinik Rafflesia Medika,"Tambun Selatan, Kabupaten Bekasi",,dokter-umum,2025-06-15 03:12:02
dr. Muhamad Wartono,Dokter Umum,halodoc,"Setiabudi, Jakarta Selatan",,dokter-umum,2025-06-15 03:12:02
dr. Muhammad Adithia,Dokter Umum,halodoc,"Setiabudi, Jakarta Selatan",,dokter-umum,2025-06-15 03:12:02
Muhammad Adzanta Al Afghani,Dokter Umum,halodoc,"Setiabudi, Jakarta Selatan",,dokter-umum,2025-06-15 03:12:02
Dr. Muhammad Afzalurrahman Putranda,Dokter Umum,halodoc,"Setiabudi, Jakarta Selatan",,dokter-umum,2025-06-15 03:12:02
Dr. Muhammad Agung Bhagaskoro HS,Dokter Umum,halodoc,"Setiabudi, Jakarta Selatan",,dokter-umum,2025-06-15 03:12:02
dr. Muhammad Aivin Robbani,Dokter Umum,KLINIK RUSUNDA,"Muara Gembong, Kabupaten Bekasi",,dokter-umum,2025-06-15 03:12:02
Dr. Muhammad Albie,Dokter Umum,halodoc,"Setiabudi, Jakarta Selatan",,dokter-umum,2025-06-15 03:12:02
dr. Muhammad Aldi Syahputra,Dokter Umum,halodoc,"Setiabudi, Jakarta Selatan",,dokter-umum,2025-06-15 03:12:02
dr. Muhammad Alfian,Dokter Umum,halodoc,"Setiabudi, Jakarta Selatan",,dokter-umum,2025-06-15 03:12:02
dr. Muhammad Ali Romansyah,Dokter Umum,halodoc,"Setiabudi, Jakarta Selatan",,dokter-umum,2025-06-15 03:12:04
Dr. Muhammad Alvi Syahrin,Dokter Umum,halodoc,"Setiabudi, Jakarta Selatan",,dokter-umum,2025-06-15 03:12:04
dr. Muhammad Alvin Robbani,Dokter Umum,KLINIK RUSUNDA,"Muara Gembong, Kabupaten Bekasi",,dokter-umum,2025-06-15 03:12:04
dr. Muhammad Alwi Robbani,Dokter Umum,KLINIK RUSUNDA,"Muara Gembong, Kabupaten Bekasi",,dokter-umum,2025-06-15 03:12:04
Muhammad Anka,Dokter Umum,halodoc,"Setiabudi, Jakarta Selatan",,dokter-umum,2025-06-15 03:12:04
dr. Muhammad Arief Lubis,Dokter Umum,halodoc,"Setiabudi, Jakarta Selatan",,dokter-umum,2025-06-15 03:12:04
Dr. Muhammad Arif,Dokter Umum,halodoc,"Setiabudi, Jakarta Selatan",,dokter-umum,2025-06-15 03:12:04
Dr. Muhammad Aulia Gifari,Dokter Umum,halodoc,"Setiabudi, Jakarta Selatan",,dokter-umum,2025-06-15 03:12:04
dr. Muhammad Azmi Aulia Ruswandi,Dokter Umum,halodoc,"Setiabudi, Jakarta Selatan",,dokter-umum,2025-06-15 03:12:04
dr. Muhammad Azmi Haris,Dokter Umum,dr Muhammad Azmi Haris,"Cempaka Putih, Jakarta Pusat",,dokter-umum,2025-06-15 03:12:04
Dr. Muhammad Erlangga Sudina,Dokter Umum,halodoc,"Setiabudi, Jakarta Selatan",,dokter-umum,2025-06-15 03:12:07
dr. Muhammad Fadhil,Dokter Umum,Klinik Sumber Sehat.,"Johar Baru, Jakarta Pusat",,dokter-umum,2025-06-15 03:12:07
dr. Muhammad Fadil,Dokter Umum,halodoc,"Setiabudi, Jakarta Selatan",,dokter-umum,2025-06-15 03:12:07
dr. Muhammad Fadli,Dokter Umum,Klinik 212 Jagakarsa,"Jagakarsa, Jakarta Selatan",,dokter-umum,2025-06-15 03:12:07
dr. Muhammad Fadli,Dokter Umum,Klinik 212 Jagakarsa,"Jagakarsa, Jakarta Selatan",,dokter-umum,2025-06-15 03:12:07
Dr. Muhammad Fahreza,Dokter Umum,halodoc,"Setiabudi, Jakarta Selatan",,dokter-umum,2025-06-15 03:12:07
dr. Muhammad Faisal S MMRS,Dokter Umum,halodoc,"Setiabudi, Jakarta Selatan",,dokter-umum,2025-06-15 03:12:07
dr. Muhammad Fajar Ihsan,Dokter Umum,halodoc,"Setiabudi, Jakarta Selatan",,dokter-umum,2025-06-15 03:12:07
dr. Muhammad Fajar Wicaksono,Dokter Umum,halodoc,"Setiabudi, Jakarta Selatan",,dokter-umum,2025-06-15 03:12:07
Muhammad Farid,Dokter Umum,halodoc,"Setiabudi, Jakarta Selatan",,dokter-umum,2025-06-15 03:12:07
dr. Muhammad Faris,Dokter Umum,halodoc,"Setiabudi, Jakarta Selatan",,dokter-umum,2025-06-15 03:12:09
Muhammad Fatwa Riskiyan,Dokter Umum,halodoc,"Setiabudi, Jakarta Selatan",,dokter-umum,2025-06-15 03:12:09
dr. Muhammad Fauzan Mukhlis M.MKes,Dokter Umum,KLINIK JASMINE,"Serang, Kota Serang",,dokter-umum,2025-06-15 03:12:09
dr. Muhammad Fayyadh,Dokter Umum,Klinik Pratama Rawasari,"Cempaka Putih, Jakarta Pusat",,dokter-umum,2025-06-15 03:12:09
Dr. Muhammad Fiarry Fikaris M.Sc,Dokter Umum,halodoc,"Setiabudi, Jakarta Selatan",,dokter-umum,2025-06-15 03:12:09
Dr. Muhammad Furqan Satriadi,Dokter Umum,halodoc,"Setiabudi, Jakarta Selatan",,dokter-umum,2025-06-15 03:12:09
dr. Muhammad Hafizh Pane,Dokter Umum,Klinik Pratama Tole Medika,"Cilodong, Depok",,dokter-umum,2025-06-15 03:12:09
dr. Muhammad Hendi Saputra,Dokter Umum,halodoc,"Setiabudi, Jakarta Selatan",,dokter-umum,2025-06-15 03:12:09
Dr. Muhammad Ibnu Malik,Dokter Umum,halodoc,"Setiabudi, Jakarta Selatan",,dokter-umum,2025-06-15 03:12:09
dr. Muhammad Ihwan Narwanto,Dokter Umum,halodoc,"Setiabudi, Jakarta Selatan",,dokter-umum,2025-06-15 03:12:09
dr. Muhammad Ilyas,Dokter Umum,halodoc,"Setiabudi, Jakarta Selatan",,dokter-umum,2025-06-15 03:12:12
dr. Muhammad Iqbal Idrus,Dokter Umum,PRAKTEK DOKTER UMUM MOHAMMAD IQBAL,"Cilincing, Jakarta Utara",,dokter-umum,2025-06-15 03:12:12
Dr. Muhammad Iqbal Syauqi Gunadi,Dokter Umum,halodoc,"Setiabudi, Jakarta Selatan",,dokter-umum,2025-06-15 03:12:12
dr Muhammad Irfan Ata Ul Awal,Dokter Umum,halodoc,"Setiabudi, Jakarta Selatan",,dokter-umum,2025-06-15 03:12:12
dr. Muhammad Irwanto,Dokter Umum,halodoc,"Setiabudi, Jakarta Selatan",,dokter-umum,2025-06-15 03:12:12
dr. Muhammad Isya Ansyari,Dokter Umum,halodoc,"Setiabudi, Jakarta Selatan",,dokter-umum,2025-06-15 03:12:12
"Muhammad Jordan Diandraputra, Dr.",Dokter Umum,0,"Bekasi Selatan, Bekasi",,dokter-umum,2025-06-15 03:12:12
dr. Muhammad Keyvan Fermitaliansyah,Dokter Umum,halodoc,"Setiabudi, Jakarta Selatan",,dokter-umum,2025-06-15 03:12:12
dr. Muhammad Khairuna Syahputra,Dokter Umum,halodoc,"Setiabudi, Jakarta Selatan",,dokter-umum,2025-06-15 03:12:12
Dr. Muhammad Maruapey,Dokter Umum,Praktik dr. Muhammad Maruapey,"Bantar Gebang, Bekasi",,dokter-umum,2025-06-15 03:12:12
dr. Muhammad Nadirsyah,Dokter Umum,halodoc,"Setiabudi, Jakarta Selatan",,dokter-umum,2025-06-15 03:12:14
Dr. Muhammad Natsir,Dokter Umum,halodoc,"Setiabudi, Jakarta Selatan",,dokter-umum,2025-06-15 03:12:14
dr. Muhammad Naufal Marom,Dokter Umum,praktek dr muhammad Naufal marom,"Welahan, Kabupaten Jepara",,dokter-umum,2025-06-15 03:12:14
dr. Muhammad Nazif,Dokter Umum,KLINIK MEDIKANA,"Cakung, Jakarta Timur",,dokter-umum,2025-06-15 03:12:14
dr. Muhammad Nazif,Dokter Umum,KLINIK MEDIKANA,"Cakung, Jakarta Timur",,dokter-umum,2025-06-15 03:12:14
dr. Muhammad Nazif,Dokter Umum,KLINIK MEDIKANA,"Cakung, Jakarta Timur",,dokter-umum,2025-06-15 03:12:14
dr. Muhammad Nazif,Dokter Umum,KLINIK MEDIKANA,"Cakung, Jakarta Timur",,dokter-umum,2025-06-15 03:12:14
dr. Muhammad Ramadhan,Dokter Umum,Prakte Dokter Umum dr Muhammad Ramadhan,"Cakung, Jakarta Timur",,dokter-umum,2025-06-15 03:12:14
dr. Muhammad Ramadhan Alkausar,Dokter Umum,halodoc,"Setiabudi, Jakarta Selatan",,dokter-umum,2025-06-15 03:12:14
Dr. Muhammad Rezi Ramdanni,Dokter Umum,halodoc,"Setiabudi, Jakarta Selatan",,dokter-umum,2025-06-15 03:12:14
dr. Muhammad Rezky Juni,Dokter Umum,halodoc,"Setiabudi, Jakarta Selatan",,dokter-umum,2025-06-15 03:12:17
dr. Muhammad Ridho,Dokter Umum,Klinik Prataman Patria Medika,"Cempaka Putih, Jakarta Pusat",,dokter-umum,2025-06-15 03:12:17
Dr. Muhammad Ridho Bilhaq,Dokter Umum,halodoc,"Setiabudi, Jakarta Selatan",,dokter-umum,2025-06-15 03:12:17
Dr. Muhammad Ridwan Hakiki,Dokter Umum,halodoc,"Setiabudi, Jakarta Selatan",,dokter-umum,2025-06-15 03:12:17
Dr. Muhammad Rinaldhi Akbar Martiano,Dokter Umum,halodoc,"Setiabudi, Jakarta Selatan",,dokter-umum,2025-06-15 03:12:17
Dr. Muhammad Rinaldi Sufri MPH,Dokter Umum,halodoc,"Setiabudi, Jakarta Selatan",,dokter-umum,2025-06-15 03:12:17
dr. Muhammad Riza Mahendratama,Dokter Umum,halodoc,"Setiabudi, Jakarta Selatan",,dokter-umum,2025-06-15 03:12:17
dr. Muhammad Riziq,Dokter Umum,Klinik Ashiqa,"Pamanukan, Kabupaten Subang",,dokter-umum,2025-06-15 03:12:17
Dr. Muhammad Rizki Darmawan,Dokter Umum,halodoc,"Setiabudi, Jakarta Selatan",,dokter-umum,2025-06-15 03:12:17
dr. Muhammad Rizki Kamil,Dokter Umum,halodoc,"Setiabudi, Jakarta Selatan",,dokter-umum,2025-06-15 03:12:17
Muhammad Rizki Saputra,Dokter Umum,halodoc,"Setiabudi, Jakarta Selatan",,dokter-umum,2025-06-15 03:12:20
Dr. Muhammad Sayyid Hidayatullah Harry Putra,Dokter Umum,halodoc,"Setiabudi, Jakarta Selatan",,dokter-umum,2025-06-15 03:12:20
Dr. Muhammad Sobri Maulana,Dokter Umum,halodoc,"Setiabudi, Jakarta Selatan",,dokter-umum,2025-06-15 03:12:20
Muhammad Subli,Dokter Umum,halodoc,"Setiabudi, Jakarta Selatan",,dokter-umum,2025-06-15 03:12:20
dr. Muhammad Yusuf Manggabarani,Dokter Umum,halodoc,"Setiabudi, Jakarta Selatan",,dokter-umum,2025-06-15 03:12:20
Dr. Muhammad Zaini MARS,Dokter Umum,RS Camtha Sahidya,"Kebayoran Baru, Jakarta Selatan",,dokter-umum,2025-06-15 03:12:20
dr. Muhammad Zensa,Dokter Umum,halodoc,"Setiabudi, Jakarta Selatan",,dokter-umum,2025-06-15 03:12:20
dr. Muhammad Zia,Dokter Umum,Klinik Zara Cikeas,"Bogor Timur, Bogor",,dokter-umum,2025-06-15 03:12:20
dr. Muhammad Zita,Dokter Umum,Klinik Zara Cikeas,"Bogor Timur, Bogor",,dokter-umum,2025-06-15 03:12:20
Dr. Muhammad Zulfikar,Dokter Umum,halodoc,"Setiabudi, Jakarta Selatan",,dokter-umum,2025-06-15 03:12:20
dr. Muhlis Malawat,Dokter Umum,Poli klinik Asri Nugraha 24 jam,"Bekasi Utara, Bekasi",,dokter-umum,2025-06-15 03:12:22
Dr. Muhlis Malawat,Dokter Umum,Poli klinik Asri Nugraha 24 jam,"Bekasi Utara, Bekasi",,dokter-umum,2025-06-15 03:12:22
dr. Muhlis Malawat,Dokter Umum,Poli klinik Asri Nugraha 24 jam,"Bekasi Utara, Bekasi",,dokter-umum,2025-06-15 03:12:22
dr. Mukhammad Harfat Kholid,Dokter Umum,halodoc,"Setiabudi, Jakarta Selatan",,dokter-umum,2025-06-15 03:12:22
dr. Mukhammad Nursalim,Dokter Umum,halodoc,"Setiabudi, Jakarta Selatan",,dokter-umum,2025-06-15 03:12:22
dr. Mulia Idris Rambey,Dokter Umum,KLINIK DOKTER 24 JAM MEDIKA ASRI,"Bogor Barat, Bogor",,dokter-umum,2025-06-15 03:12:22
Dr. Mulya Suwanda,Dokter Umum,halodoc,"Setiabudi, Jakarta Selatan",,dokter-umum,2025-06-15 03:12:22
dr. Muna,Dokter Umum,halodoc,"Setiabudi, Jakarta Selatan",,dokter-umum,2025-06-15 03:12:22
dr. Munawaroh Saadah,Dokter Umum,halodoc,"Setiabudi, Jakarta Selatan",,dokter-umum,2025-06-15 03:12:22
dr. Munawir Arif,Dokter Umum,Sunat Safubot Sunter,"Tanjung Priok, Jakarta Utara",,dokter-umum,2025-06-15 03:12:22
dr. Munawirawan Ahmad,Dokter Umum,Klinik Fikri Medika 2,"Klari, Kabupaten Karawang",,dokter-umum,2025-06-15 03:12:25
dr. Munawirawan. A,Dokter Umum,dr Munawirawan A,"Banyusari, Kabupaten Karawang",,dokter-umum,2025-06-15 03:12:25
dr. Munawirwan Ahmad,Dokter Umum,Klinik Fikri Medika 2,"Klari, Kabupaten Karawang",,dokter-umum,2025-06-15 03:12:25
Dr. Murdia,Dokter Umum,halodoc,"Setiabudi, Jakarta Selatan",,dokter-umum,2025-06-15 03:12:25
Dr. Murni Suryanthi,Dokter Umum,halodoc,"Setiabudi, Jakarta Selatan",,dokter-umum,2025-06-15 03:12:25
Dr. Mursidi,Dokter Umum,Klinik Pratam dr. Mursidi,"Jayanti, Kabupaten Tangerang",,dokter-umum,2025-06-15 03:12:25
Dr. Mushlibani Sp. OG,Dokter Umum,Klinik & Apotek Hilda Alnaira,"Koja, Jakarta Utara",,dokter-umum,2025-06-15 03:12:25
Dr. Mushlihani,Dokter Umum,Klinik & Apotek Hilda Alnaira,"Koja, Jakarta Utara",,dokter-umum,2025-06-15 03:12:25
Dr. Mustika Fatimah M.Kes,Dokter Umum,halodoc,"Setiabudi, Jakarta Selatan",,dokter-umum,2025-06-15 03:12:25
Dr. Mustika Fatimah M.Kes,Dokter Umum,APOTEK LIDO,"Koja, Jakarta Utara",,dokter-umum,2025-06-15 03:12:25
Dr. Mustikasari Azahra MARS,Dokter Umum,halodoc,"Setiabudi, Jakarta Selatan",,dokter-umum,2025-06-15 03:12:27
dr. Mustofa,Dokter Umum,Klinik Bakti Kencana,"Tambun Selatan, Kabupaten Bekasi",,dokter-umum,2025-06-15 03:12:27
dr. Mustofa,Dokter Umum,Klinik Bakti Kencana,"Tambun Selatan, Kabupaten Bekasi",,dokter-umum,2025-06-15 03:12:27
dr. Musytilawati,Dokter Umum,halodoc,"Setiabudi, Jakarta Selatan",,dokter-umum,2025-06-15 03:12:27
Dr. Muthi'a Rosyida,Dokter Umum,halodoc,"Setiabudi, Jakarta Selatan",,dokter-umum,2025-06-15 03:12:27
Dr. Muthia Khanza Abu Bakar,Dokter Umum,halodoc,"Setiabudi, Jakarta Selatan",,dokter-umum,2025-06-15 03:12:27
dr. Muthia Rahmi,Dokter Umum,halodoc,"Setiabudi, Jakarta Selatan",,dokter-umum,2025-06-15 03:12:27
Dr. Muthiah Abustani,Dokter Umum,halodoc,"Setiabudi, Jakarta Selatan",,dokter-umum,2025-06-15 03:12:27
Dr. Muthiatul Luthfi Aliqoh,Dokter Umum,halodoc,"Setiabudi, Jakarta Selatan",,dokter-umum,2025-06-15 03:12:27
dr. Muthmainnah,Dokter Umum,halodoc,"Setiabudi, Jakarta Selatan",https://d1ojs48v3n42tp.cloudfront.net/personnels/561471_19-5-2022_14-39-1.jpeg,dokter-umum,2025-06-15 03:12:27
dr. Mutia,Dokter Umum,Klinik Pratama Tarogong,"Tarogong Kidul, Kabupaten Garut",,dokter-umum,2025-06-15 03:12:30
dr. Mutia Larasati,Dokter Umum,halodoc,"Setiabudi, Jakarta Selatan",,dokter-umum,2025-06-15 03:12:30
Dr. Mutia Ramadhani Sakti Lubis,Dokter Umum,halodoc,"Setiabudi, Jakarta Selatan",,dokter-umum,2025-06-15 03:12:30
dr. Mutiara,Dokter Umum,RSUD Al Ihsan Provinsi Jawa Barat,"Baleendah, Kabupaten Bandung",,dokter-umum,2025-06-15 03:12:30
Dr. Mutiara Chandra Dewi,Dokter Umum,halodoc,"Setiabudi, Jakarta Selatan",,dokter-umum,2025-06-15 03:12:30
Dr. Mutiara Fadhila,Dokter Umum,halodoc,"Setiabudi, Jakarta Selatan",,dokter-umum,2025-06-15 03:12:30
Dr. Mutiara Nisa,Dokter Umum,halodoc,"Setiabudi, Jakarta Selatan",,dokter-umum,2025-06-15 03:12:30
dr. Mutiara Nurul Huda,Dokter Umum,0,"Bekasi Selatan, Bekasi",,dokter-umum,2025-06-15 03:12:30
dr. Mutiara Sandia Oktoviana,Dokter Umum,halodoc,"Setiabudi, Jakarta Selatan",,dokter-umum,2025-06-15 03:12:30
Dr. Mutiara Sari,Dokter Umum,halodoc,"Setiabudi, Jakarta Selatan",,dokter-umum,2025-06-15 03:12:30
dr. Mutiara Utami Sp. KJ,Dokter Umum,Apotek Utari,"Jamanis, Kabupaten Tasikmalaya",,dokter-umum,2025-06-15 03:12:32
dr. Mutmainnah,Dokter Umum,halodoc,"Setiabudi, Jakarta Selatan",,dokter-umum,2025-06-15 03:12:32
dr. Muttiah Rochelle,Dokter Umum,Bio Medika,"Kebon Jeruk, Jakarta Barat",,dokter-umum,2025-06-15 03:12:32
dr. N. Damayanti,Dokter Umum,Klinik Hayati Husada Tanah Tinggi,"Tarumajaya, Kabupaten Bekasi",,dokter-umum,2025-06-15 03:12:32
Dr. N.K. Windu Puspitasari,Dokter Umum,Klinik Dahayu Medika,"Babelan, Kabupaten Bekasi",,dokter-umum,2025-06-15 03:12:32
dr. N.K. Wizdhia Puspitasari,Dokter Umum,Klinik Dahayu Medika,"Babelan, Kabupaten Bekasi",,dokter-umum,2025-06-15 03:12:32
dr. NAIVAN HARHARAH,Dokter Umum,apotek pondok indah,"Denpasar Barat, Kota Denpasar",,dokter-umum,2025-06-15 03:12:32
NG SHUK SING DR,Dokter Umum,Klinik Utama Aji Waras.,"Cilandak, Jakarta Selatan",,dokter-umum,2025-06-15 03:12:32
DR. NINA MIRANDA AMALIA LUBIS M.KED,Dokter Umum,RSIA MAHARANI,"Bangun Purba, Kabupaten Deli Serdang",,dokter-umum,2025-06-15 03:12:32
dr. NISA FAUZIAH,Dokter Umum,Klinik Kuranji Medika,"Serang, Kota Serang",,dokter-umum,2025-06-15 03:12:32
dr. NOERLIA,Dokter Umum,Pramita Laboratorium,"Setiabudi, Jakarta Selatan",,dokter-umum,2025-06-15 03:12:35
dr. NURELITASARI,Dokter Umum,Praktek dokter.,"Bukit Raya, Kota Pekanbaru",,dokter-umum,2025-06-15 03:12:35
dr. NYIMAS ALIYAH FAIZATUN MUTHMAINNAH,Dokter Umum,Pramita Laboratorium,"Setiabudi, Jakarta Selatan",,dokter-umum,2025-06-15 03:12:35
Dr. Nabila Davega,Dokter Umum,Halodoc Teleconsultation,"Setiabudi, Jakarta Selatan",,dokter-umum,2025-06-15 03:12:35
Dr. Nabila Davega,Dokter Umum,halodoc,"Setiabudi, Jakarta Selatan",,dokter-umum,2025-06-15 03:12:35
Dr. Nabila Emeraldine,Dokter Umum,halodoc,"Setiabudi, Jakarta Selatan",,dokter-umum,2025-06-15 03:12:35
dr. Nabila Fatimah Az Zahra,Dokter Umum,halodoc,"Setiabudi, Jakarta Selatan",,dokter-umum,2025-06-15 03:12:35
Dr. Nabila Fitri Ariyati,Dokter Umum,halodoc,"Setiabudi, Jakarta Selatan",,dokter-umum,2025-06-15 03:12:35
Dr. Nabila Hanifa Fauzia,Dokter Umum,halodoc,"Setiabudi, Jakarta Selatan",,dokter-umum,2025-06-15 03:12:35
dr. Nabila Maharani Ahmadi Putri,Dokter Umum,halodoc,"Setiabudi, Jakarta Selatan",,dokter-umum,2025-06-15 03:12:35
dr. Nabila Natasya,Dokter Umum,halodoc,"Setiabudi, Jakarta Selatan",,dokter-umum,2025-06-15 03:12:37
dr. Nabila Nitha Alifia,Dokter Umum,halodoc,"Setiabudi, Jakarta Selatan",,dokter-umum,2025-06-15 03:12:37
Dr. Nabila Octalia Fajarini,Dokter Umum,halodoc,"Setiabudi, Jakarta Selatan",,dokter-umum,2025-06-15 03:12:37
dr Nabila Sausan Nawari Lubis,Dokter Umum,SILOAM HOSPITALS CIREBON,"Susukan Lebak, Kabupaten Cirebon",,dokter-umum,2025-06-15 03:12:37
Dr. Nabila Zhavirah,Dokter Umum,halodoc,"Setiabudi, Jakarta Selatan",,dokter-umum,2025-06-15 03:12:37
dr. Nabilah Najmi,Dokter Umum,halodoc,"Setiabudi, Jakarta Selatan",,dokter-umum,2025-06-15 03:12:37
Dr. Nabilla Martasujana,Dokter Umum,halodoc,"Setiabudi, Jakarta Selatan",,dokter-umum,2025-06-15 03:12:37
Dr. Nabilla Sindi Aulia,Dokter Umum,halodoc,"Setiabudi, Jakarta Selatan",,dokter-umum,2025-06-15 03:12:37
Dr. Nadaa Fahmi Shofi,Dokter Umum,halodoc,"Setiabudi, Jakarta Selatan",,dokter-umum,2025-06-15 03:12:37
dr. Nadhifayanti Fauziah,Dokter Umum,halodoc,"Setiabudi, Jakarta Selatan",,dokter-umum,2025-06-15 03:12:37
dr. Nadhila Annisa Byant,Dokter Umum,halodoc,"Setiabudi, Jakarta Selatan",,dokter-umum,2025-06-15 03:12:40
Nadhilla Nurayu Lathifa,Dokter Umum,halodoc,"Setiabudi, Jakarta Selatan",,dokter-umum,2025-06-15 03:12:40
dr. Nadhira,Dokter Umum,Rumah Sakit Bhayangkara Banda Aceh,"Panton Reu, Kabupaten Aceh Barat",,dokter-umum,2025-06-15 03:12:40
dr. Nadhira Anindita Ralena,Dokter Umum,halodoc,"Setiabudi, Jakarta Selatan",,dokter-umum,2025-06-15 03:12:40
dr. Nadhliah Putri Ghaisani,Dokter Umum,halodoc,"Setiabudi, Jakarta Selatan",,dokter-umum,2025-06-15 03:12:40
dr. Nadia Anisah Putri,Dokter Umum,halodoc,"Setiabudi, Jakarta Selatan",,dokter-umum,2025-06-15 03:12:40
Dr. Nadia Emilda,Dokter Umum,halodoc,"Setiabudi, Jakarta Selatan",,dokter-umum,2025-06-15 03:12:40
dr. Nadia Indri Wulandari,Dokter Umum,halodoc,"Setiabudi, Jakarta Selatan",,dokter-umum,2025-06-15 03:12:40
dr. Nadia Khair,Dokter Umum,halodoc,"Setiabudi, Jakarta Selatan",,dokter-umum,2025-06-15 03:12:40
dr. Nadia Rachmaningrum,Dokter Umum,RS Anugerah Pekalongan,"Pekalongan Barat, Kota Pekalongan",,dokter-umum,2025-06-15 03:12:40
Nadia Rizkiana Putri S.Tr.Kes,Dokter Umum,halodoc,"Setiabudi, Jakarta Selatan",,dokter-umum,2025-06-15 03:12:43
dr. Nadia Salsabila,Dokter Umum,halodoc,"Setiabudi, Jakarta Selatan",,dokter-umum,2025-06-15 03:12:43
dr. Nadia Sari Ayu,Dokter Umum,Bio Medika,"Kebon Jeruk, Jakarta Barat",,dokter-umum,2025-06-15 03:12:43
dr. Nadia Sari Ayu,Dokter Umum,Bio Medika,"Kebon Jeruk, Jakarta Barat",,dokter-umum,2025-06-15 03:12:43
dr. Nadia Ventiani,Dokter Umum,halodoc,"Setiabudi, Jakarta Selatan",,dokter-umum,2025-06-15 03:12:43
Dr. Nadilla Efrinanda Putri,Dokter Umum,halodoc,"Setiabudi, Jakarta Selatan",,dokter-umum,2025-06-15 03:12:43
Dr. Nadiya Afifah,Dokter Umum,halodoc,"Setiabudi, Jakarta Selatan",,dokter-umum,2025-06-15 03:12:43
Nadrah,Dokter Umum,halodoc,"Setiabudi, Jakarta Selatan",,dokter-umum,2025-06-15 03:12:43
dr. Nadya Ariba Dinta,Dokter Umum,halodoc,"Setiabudi, Jakarta Selatan",,dokter-umum,2025-06-15 03:12:43
dr Nadya Carolina,Dokter Umum,halodoc,"Setiabudi, Jakarta Selatan",,dokter-umum,2025-06-15 03:12:43
Dr. Nadya Ekky Safira,Dokter Umum,halodoc,"Setiabudi, Jakarta Selatan",,dokter-umum,2025-06-15 03:12:45
Dr. Nadya Haeul Haq,Dokter Umum,halodoc,"Setiabudi, Jakarta Selatan",,dokter-umum,2025-06-15 03:12:45
Dr. Nadya Hasnafi Inra,Dokter Umum,halodoc,"Setiabudi, Jakarta Selatan",,dokter-umum,2025-06-15 03:12:45
dr. Nadya Jondri,Dokter Umum,halodoc,"Setiabudi, Jakarta Selatan",,dokter-umum,2025-06-15 03:12:45
dr. Nadya Mujahidah Chairunnisa Ramly,Dokter Umum,KLINIK AL-QOMAR,"Cileungsi, Kabupaten Bogor",,dokter-umum,2025-06-15 03:12:45
Nadya Noor Fadzilla,Dokter Umum,halodoc,"Setiabudi, Jakarta Selatan",,dokter-umum,2025-06-15 03:12:45
Dr. Nadya Novani Parandari,Dokter Umum,Klinik Ardita Ciracas,"Ciracas, Jakarta Timur",,dokter-umum,2025-06-15 03:12:45
dr. Nadya Nur Harlina,Dokter Umum,RSU PKU Muhammadiyah Delanggu,"Delanggu, Kabupaten Klaten",,dokter-umum,2025-06-15 03:12:45
dr. Nadya Rabiulinda,Dokter Umum,halodoc,"Setiabudi, Jakarta Selatan",,dokter-umum,2025-06-15 03:12:45
Dr. Nadya Sahnaz,Dokter Umum,halodoc,"Setiabudi, Jakarta Selatan",,dokter-umum,2025-06-15 03:12:45
dr. Nadya Tridinanti,Dokter Umum,halodoc,"Setiabudi, Jakarta Selatan",,dokter-umum,2025-06-15 03:12:48
Dr. Nadya Wulandari,Dokter Umum,halodoc,"Setiabudi, Jakarta Selatan",,dokter-umum,2025-06-15 03:12:48
Dr. Nafila,Dokter Umum,halodoc,"Setiabudi, Jakarta Selatan",,dokter-umum,2025-06-15 03:12:48
dr. Nafisah Ayu Fithriani,Dokter Umum,halodoc,"Setiabudi, Jakarta Selatan",,dokter-umum,2025-06-15 03:12:48
dr. Nahla,Dokter Umum,Praktek dokter.,"Bukit Raya, Kota Pekanbaru",,dokter-umum,2025-06-15 03:12:48
Dr. Nailaa Mabruroh,Dokter Umum,halodoc,"Setiabudi, Jakarta Selatan",,dokter-umum,2025-06-15 03:12:48
dr. Naino,Dokter Umum,Apotik Kawi,"Klojen, Kota Malang",,dokter-umum,2025-06-15 03:12:48
Dr. Najla Putriyanisa,Dokter Umum,halodoc,"Setiabudi, Jakarta Selatan",,dokter-umum,2025-06-15 03:12:48
dr. Najma Noorisurfha Hanfin,Dokter Umum,halodoc,"Setiabudi, Jakarta Selatan",,dokter-umum,2025-06-15 03:12:48
dr. Najmah,Dokter Umum,halodoc,"Setiabudi, Jakarta Selatan",,dokter-umum,2025-06-15 03:12:48
dr. Najmarani Devi Firdaus,Dokter Umum,halodoc,"Setiabudi, Jakarta Selatan",,dokter-umum,2025-06-15 03:12:50
dr. Najmi Ilal Hayati,Dokter Umum,halodoc,"Setiabudi, Jakarta Selatan",,dokter-umum,2025-06-15 03:12:50
dr. Najmi Ilalyati,Dokter Umum,Praktek Umum Dr. Najmi Ilalyati,"Gambir, Jakarta Pusat",,dokter-umum,2025-06-15 03:12:50
dr. Najmul Iman,Dokter Umum,Klinik Sejahtera 1 (Praktek dr. Najmul Iman & dr. Ani Anggarini),"Slawi, Tegal",,dokter-umum,2025-06-15 03:12:50
dr. Namoratta Rumahorbo,Dokter Umum,halodoc,"Setiabudi, Jakarta Selatan",,dokter-umum,2025-06-15 03:12:50
dr. Nana Heriyana,Dokter Umum,halodoc,"Setiabudi, Jakarta Selatan",,dokter-umum,2025-06-15 03:12:50
Nana Sri Rahayu,Dokter Umum,halodoc,"Setiabudi, Jakarta Selatan",,dokter-umum,2025-06-15 03:12:50
dr. Nanang Dwihatmoko,Dokter Umum,Klinik Bakti Kencana,"Tambun Selatan, Kabupaten Bekasi",,dokter-umum,2025-06-15 03:12:50
dr. Nanang Lujiman,Dokter Umum,Praktek dr. Nanang Lujiman,"Mustika Jaya, Bekasi",,dokter-umum,2025-06-15 03:12:50
dr. Nanang Lujiman,Dokter Umum,Praktek dr. Nanang Lujiman,"Mustika Jaya, Bekasi",,dokter-umum,2025-06-15 03:12:50
Dr. Nancy,Dokter Umum,KDN (Klinik dokter Nency,"Babelan, Kabupaten Bekasi",,dokter-umum,2025-06-15 03:12:53
dr. Nancy Norita Syamsul,Dokter Umum,KDN (Klinik dokter Nency,"Babelan, Kabupaten Bekasi",,dokter-umum,2025-06-15 03:12:53
"dr. Nancy Suhendra, MM, Akp",Dokter Umum,"dr. Nancy Suhendra, MM, Akp","Regol, Kota Bandung",,dokter-umum,2025-06-15 03:12:53
"dr. Nancy Suhendra, MM.Akp",Dokter Umum,Prodia Bandung - Buah Batu,"Lengkong, Kota Bandung",,dokter-umum,2025-06-15 03:12:53
dr. Nanda,Dokter Umum,Klinik Kimia Farma Metro,"Rancasari, Kota Bandung",,dokter-umum,2025-06-15 03:12:53
dr. Nanda Ayu Syavira,Dokter Umum,halodoc,"Setiabudi, Jakarta Selatan",,dokter-umum,2025-06-15 03:12:53
dr. Nanda Della Alyda,Dokter Umum,halodoc,"Setiabudi, Jakarta Selatan",,dokter-umum,2025-06-15 03:12:53
Dr. Nanda Satria Permana,Dokter Umum,halodoc,"Setiabudi, Jakarta Selatan",,dokter-umum,2025-06-15 03:12:53
dr. Nanda Sulistyaningrum,Dokter Umum,PRAKTEK DR NANDA SULISTYANINGRUM,"Menteng, Jakarta Pusat",,dokter-umum,2025-06-15 03:12:53
dr. Nanda Surastyo,Dokter Umum,Klinik Wahyu,"Pondok Aren, Tangerang Selatan",,dokter-umum,2025-06-15 03:12:53
Dr. Nanden Suhardini,Dokter Umum,BIO FIT HEALTH CENTRE,"Bandung Wetan, Kota Bandung",,dokter-umum,2025-06-15 03:12:55
dr. Nandi Hermawan,Dokter Umum,halodoc,"Setiabudi, Jakarta Selatan",,dokter-umum,2025-06-15 03:12:55
Nanditya Ika Faramita,Dokter Umum,halodoc,"Setiabudi, Jakarta Selatan",,dokter-umum,2025-06-15 03:12:55
dr. Nando Rosiarto Aswin,Dokter Umum,halodoc,"Setiabudi, Jakarta Selatan",,dokter-umum,2025-06-15 03:12:55
dr. Nandra Hermanto Sp. KFR,Dokter Umum,Klinik Utama Benecia,"Semarang Barat, Kota Semarang",,dokter-umum,2025-06-15 03:12:55
dr. Nandya Dwizella,Dokter Umum,halodoc,"Setiabudi, Jakarta Selatan",,dokter-umum,2025-06-15 03:12:55
dr. Nani Linaningsih,Dokter Umum,RSUD Al Ihsan Provinsi Jawa Barat,"Baleendah, Kabupaten Bandung",,dokter-umum,2025-06-15 03:12:55
dr. Nani Yuanita,Dokter Umum,halodoc,"Setiabudi, Jakarta Selatan",,dokter-umum,2025-06-15 03:12:55
dr. Nanik Febriastuti,Dokter Umum,RSUD Koja,"Koja, Jakarta Utara",,dokter-umum,2025-06-15 03:12:55
Dr. Nanik Retnowati,Dokter Umum,KLINI ZHAFIRA ZARIFA,"Klari, Kabupaten Karawang",,dokter-umum,2025-06-15 03:12:55
Dr. Nanin Aprilia Putri,Dokter Umum,halodoc,"Setiabudi, Jakarta Selatan",,dokter-umum,2025-06-15 03:12:58
"dr Narain, H.P",Dokter Umum,"dr. Narain, H.P","Menteng, Jakarta Pusat",,dokter-umum,2025-06-15 03:12:58
Dr. Nareswari Sekar Utami,Dokter Umum,halodoc,"Setiabudi, Jakarta Selatan",,dokter-umum,2025-06-15 03:12:58
Dr. Nashiha Alsakina,Dokter Umum,halodoc,"Setiabudi, Jakarta Selatan",,dokter-umum,2025-06-15 03:12:58
Dr. Nasir,Dokter Umum,Apotek Pondok Gede Farma,"Pondok Gede, Bekasi",,dokter-umum,2025-06-15 03:12:58
dr. Nasminard Qadri Hanafi,Dokter Umum,halodoc,"Setiabudi, Jakarta Selatan",,dokter-umum,2025-06-15 03:12:58
dr. Nasrum Ahmad Hidayat,Dokter Umum,RSUD Kebayoran Baru,"Kebayoran Baru, Jakarta Selatan",,dokter-umum,2025-06-15 03:12:58
Nastalia Sindy,Dokter Umum,halodoc,"Setiabudi, Jakarta Selatan",,dokter-umum,2025-06-15 03:12:58
dr. Nasyifa Nurul Fitriany,Dokter Umum,halodoc,"Setiabudi, Jakarta Selatan",,dokter-umum,2025-06-15 03:12:58
Dr. Natalia Frederika Darmawan Adji Saroso,Dokter Umum,Klinik Utama Rawat Inap Archa Medica,"Serpong, Tangerang Selatan",,dokter-umum,2025-06-15 03:12:58
Dr. Natalia Suyanto Wijaya,Dokter Umum,halodoc,"Setiabudi, Jakarta Selatan",,dokter-umum,2025-06-15 03:13:01
Dr. Natasha Anggraeni,Dokter Umum,halodoc,"Setiabudi, Jakarta Selatan",,dokter-umum,2025-06-15 03:13:01
dr. Natasha Bharat,Dokter Umum,halodoc,"Setiabudi, Jakarta Selatan",,dokter-umum,2025-06-15 03:13:01
dr. Natasha Natalia Gunawan,Dokter Umum,halodoc,"Setiabudi, Jakarta Selatan",,dokter-umum,2025-06-15 03:13:01
dr. Natasia Clarisa Damping,Dokter Umum,halodoc,"Setiabudi, Jakarta Selatan",,dokter-umum,2025-06-15 03:13:01
dr Natasya Aurum Alifia Zaini,Dokter Umum,halodoc,"Setiabudi, Jakarta Selatan",,dokter-umum,2025-06-15 03:13:01
dr. Natasya Luila. S,Dokter Umum,KLINI RAWAT INAP FITRI INSANI,"Cikarang Pusat, Kabupaten Bekasi",,dokter-umum,2025-06-15 03:13:01
Dr. Natasya Rosselini,Dokter Umum,halodoc,"Setiabudi, Jakarta Selatan",,dokter-umum,2025-06-15 03:13:01
Dr. Nathania Bellamy Bonnyvena,Dokter Umum,halodoc,"Setiabudi, Jakarta Selatan",,dokter-umum,2025-06-15 03:13:01
dr. Nathania Carolina Wirawan,Dokter Umum,halodoc,"Setiabudi, Jakarta Selatan",,dokter-umum,2025-06-15 03:13:01
Dr. Nathania K Wijaya,Dokter Umum,halodoc,"Setiabudi, Jakarta Selatan",,dokter-umum,2025-06-15 03:13:03
dr. Nathasya Pratiwi,Dokter Umum,halodoc,"Setiabudi, Jakarta Selatan",,dokter-umum,2025-06-15 03:13:03
dr. Naufal Zakly,Dokter Umum,halodoc,"Setiabudi, Jakarta Selatan",,dokter-umum,2025-06-15 03:13:03
Dr. Naurah Asyifa Priandini,Dokter Umum,halodoc,"Setiabudi, Jakarta Selatan",,dokter-umum,2025-06-15 03:13:03
dr. Navis Alissa Fitri,Dokter Umum,halodoc,"Setiabudi, Jakarta Selatan",,dokter-umum,2025-06-15 03:13:03
Nawab Pri Hartanto,Dokter Umum,halodoc,"Setiabudi, Jakarta Selatan",,dokter-umum,2025-06-15 03:13:03
"dr. Nazaruddin, M.Sc",Dokter Umum,"Praktek Dr. Nazaruddin, M.Sc","Larangan, Tangerang",,dokter-umum,2025-06-15 03:13:03
Dr. Nazia Helni,Dokter Umum,halodoc,"Setiabudi, Jakarta Selatan",,dokter-umum,2025-06-15 03:13:03
dr. Nehemia Hawan S. Meliala,Dokter Umum,halodoc,"Setiabudi, Jakarta Selatan",,dokter-umum,2025-06-15 03:13:03
Dr. Neneng Sutinah,Dokter Umum,halodoc,"Setiabudi, Jakarta Selatan",,dokter-umum,2025-06-15 03:13:03
dr. Neni S. Hernama MKKK,Dokter Umum,dr Neni S Hernawa MKKK,"Setiabudi, Jakarta Selatan",,dokter-umum,2025-06-15 03:13:06
dr. Neni Suryani Manik,Dokter Umum,KEBALEN MEDIKA,"Babelan, Kabupaten Bekasi",,dokter-umum,2025-06-15 03:13:06
dr. Neni Triwahyuni,Dokter Umum,Praktek dokter.,"Bukit Raya, Kota Pekanbaru",,dokter-umum,2025-06-15 03:13:06
dr. Neno Arismayanti,Dokter Umum,halodoc,"Setiabudi, Jakarta Selatan",,dokter-umum,2025-06-15 03:13:06
dr. Nenti Suryani Manik,Dokter Umum,KEBALEN MEDIKA,"Babelan, Kabupaten Bekasi",,dokter-umum,2025-06-15 03:13:06
dr. Neny Dhamayanti,Dokter Umum,halodoc,"Setiabudi, Jakarta Selatan",,dokter-umum,2025-06-15 03:13:06
dr. Neoniza Eralusi Asrini,Dokter Umum,halodoc,"Setiabudi, Jakarta Selatan",,dokter-umum,2025-06-15 03:13:06
dr. Nessa,Dokter Umum,Apotek Mega Farma,"Pasarkemis, Kabupaten Tangerang",,dokter-umum,2025-06-15 03:13:06
dr. Nessa Aqilla,Dokter Umum,halodoc,"Setiabudi, Jakarta Selatan",,dokter-umum,2025-06-15 03:13:06
dr. Netty Nurmaningtyas,Dokter Umum,RSUD DR. DARSONO,"Pacitan, Kabupaten Pacitan",,dokter-umum,2025-06-15 03:13:06
dr. Nevie Nastiti Puspasari,Dokter Umum,halodoc,"Setiabudi, Jakarta Selatan",,dokter-umum,2025-06-15 03:13:08
dr. Nevy Ulfah Hanawati,Dokter Umum,halodoc,"Setiabudi, Jakarta Selatan",,dokter-umum,2025-06-15 03:13:08
"Dr. Ng, Kevin Adrian Wijaya",Dokter Umum,halodoc,"Setiabudi, Jakarta Selatan",,dokter-umum,2025-06-15 03:13:08
dr. Ni Kadek Seri Mahayanti,Dokter Umum,halodoc,"Setiabudi, Jakarta Selatan",,dokter-umum,2025-06-15 03:13:08
Dr. Ni Luh Putu Asrini Dewi,Dokter Umum,halodoc,"Setiabudi, Jakarta Selatan",,dokter-umum,2025-06-15 03:13:08
Dr. Ni Luh Putu Suarthadewi,Dokter Umum,halodoc,"Setiabudi, Jakarta Selatan",,dokter-umum,2025-06-15 03:13:08
dr. Ni Made Dhaena Kusuma Dewi,Dokter Umum,halodoc,"Setiabudi, Jakarta Selatan",,dokter-umum,2025-06-15 03:13:08
dr. Ni Made Gita Kusuma Dewi,Dokter Umum,halodoc,"Setiabudi, Jakarta Selatan",,dokter-umum,2025-06-15 03:13:08
dr. Ni Made Rini Suari Sp. A,Dokter Umum,APOTEK RIDANI FARMA,"Denpasar Barat, Kota Denpasar",,dokter-umum,2025-06-15 03:13:08
Dr. Ni Nyoman Ayu Trisna Putri,Dokter Umum,halodoc,"Setiabudi, Jakarta Selatan",,dokter-umum,2025-06-15 03:13:08
Dr. Ni Putu Intan Sri Maharani S.Ked,Dokter Umum,halodoc,"Setiabudi, Jakarta Selatan",,dokter-umum,2025-06-15 03:13:11
Dr. Nia Wahyuni,Dokter Umum,halodoc,"Setiabudi, Jakarta Selatan",,dokter-umum,2025-06-15 03:13:11
Dr. Niadesnina Wardhani,Dokter Umum,halodoc,"Setiabudi, Jakarta Selatan",,dokter-umum,2025-06-15 03:13:11
dr. Nian Puspita Kusuma Wardani,Dokter Umum,halodoc,"Setiabudi, Jakarta Selatan",,dokter-umum,2025-06-15 03:13:11
Dr. Nibras Noor Fitri,Dokter Umum,RUMAH VAKSINASI BEKASI,"Bekasi Utara, Bekasi",,dokter-umum,2025-06-15 03:13:11
dr. Nibras Noor Fitri,Dokter Umum,RUMAH VAKSINASI BEKASI,"Bekasi Utara, Bekasi",,dokter-umum,2025-06-15 03:13:11
dr. Nibras Noqr Fitry,Dokter Umum,RUMAH VAKSINASI BEKASI,"Bekasi Utara, Bekasi",,dokter-umum,2025-06-15 03:13:11
dr. Nicholas Hugo,Dokter Umum,halodoc,"Setiabudi, Jakarta Selatan",,dokter-umum,2025-06-15 03:13:11
"Nico Gamalliel, Dr",Dokter Umum,halodoc,"Setiabudi, Jakarta Selatan",,dokter-umum,2025-06-15 03:13:11
dr. Nicolas J. Rondonuwu,Dokter Umum,halodoc,"Setiabudi, Jakarta Selatan",,dokter-umum,2025-06-15 03:13:11
dr Nida Fakhriyyah Rahmah,Dokter Umum,halodoc,"Setiabudi, Jakarta Selatan",,dokter-umum,2025-06-15 03:13:13
dr. Nida Ul Islam,Dokter Umum,halodoc,"Setiabudi, Jakarta Selatan",,dokter-umum,2025-06-15 03:13:13
dr. Nidie Putri Irmansti,Dokter Umum,halodoc,"Setiabudi, Jakarta Selatan",,dokter-umum,2025-06-15 03:13:13
Dr. Nidya Aryanda Kusumawati,Dokter Umum,halodoc,"Setiabudi, Jakarta Selatan",,dokter-umum,2025-06-15 03:13:13
dr. Nidya Dwi Cahyani,Dokter Umum,halodoc,"Setiabudi, Jakarta Selatan",,dokter-umum,2025-06-15 03:13:13
Dr. Nidya Husna Kholidah,Dokter Umum,halodoc,"Setiabudi, Jakarta Selatan",,dokter-umum,2025-06-15 03:13:13
dr. Nifa Ratna Mulfiyana,Dokter Umum,halodoc,"Setiabudi, Jakarta Selatan",,dokter-umum,2025-06-15 03:13:13
Nike Lestari,Dokter Umum,halodoc,"Setiabudi, Jakarta Selatan",,dokter-umum,2025-06-15 03:13:13
Dr. Nike Ratna Kemala,Dokter Umum,Praktek dokter.,"Bukit Raya, Kota Pekanbaru",,dokter-umum,2025-06-15 03:13:13
dr. Nike Vidya Putri,Dokter Umum,halodoc,"Setiabudi, Jakarta Selatan",,dokter-umum,2025-06-15 03:13:13
dr. Niken Dayu Anggraini,Dokter Umum,halodoc,"Setiabudi, Jakarta Selatan",,dokter-umum,2025-06-15 03:13:16
Niken Prabha Duhita,Dokter Umum,halodoc,"Setiabudi, Jakarta Selatan",,dokter-umum,2025-06-15 03:13:16
Dr. Niken Tania Wijaya,Dokter Umum,halodoc,"Setiabudi, Jakarta Selatan",,dokter-umum,2025-06-15 03:13:16
Nikita Vhila A.md,Dokter Umum,halodoc,"Setiabudi, Jakarta Selatan",,dokter-umum,2025-06-15 03:13:16
Dr. Nikko Vanda Limantara,Dokter Umum,halodoc,"Setiabudi, Jakarta Selatan",,dokter-umum,2025-06-15 03:13:16
dr Niko,Dokter Umum,Kimia Farma Cisaat,"Cicurug, Kabupaten Sukabumi",,dokter-umum,2025-06-15 03:13:16
Dr. Nila Primasari,Dokter Umum,halodoc,"Setiabudi, Jakarta Selatan",,dokter-umum,2025-06-15 03:13:16
dr. Nilam Siti Rahmah,Dokter Umum,halodoc,"Setiabudi, Jakarta Selatan",,dokter-umum,2025-06-15 03:13:16
Dr. Nilamsari Dara Prawesti,Dokter Umum,halodoc,"Setiabudi, Jakarta Selatan",,dokter-umum,2025-06-15 03:13:16
dr. Nimatul Muthmainnah,Dokter Umum,halodoc,"Setiabudi, Jakarta Selatan",,dokter-umum,2025-06-15 03:13:16
dr. Nina Anggraini,Dokter Umum,halodoc,"Setiabudi, Jakarta Selatan",,dokter-umum,2025-06-15 03:13:18
dr. Nina Kristiani Wibowo,Dokter Umum,halodoc,"Setiabudi, Jakarta Selatan",,dokter-umum,2025-06-15 03:13:18
dr. Nina Merry Christina Natalina,Dokter Umum,halodoc,"Setiabudi, Jakarta Selatan",,dokter-umum,2025-06-15 03:13:18
dr. Nindy Aprilla Putri,Dokter Umum,halodoc,"Setiabudi, Jakarta Selatan",,dokter-umum,2025-06-15 03:13:18
Nindy Sakyla,Dokter Umum,halodoc,"Setiabudi, Jakarta Selatan",,dokter-umum,2025-06-15 03:13:18
dr. Nindya Dewati Wijaya,Dokter Umum,halodoc,"Setiabudi, Jakarta Selatan",,dokter-umum,2025-06-15 03:13:18
Dr. Nino Putri Arpeni,Dokter Umum,halodoc,"Setiabudi, Jakarta Selatan",,dokter-umum,2025-06-15 03:13:18
Dr. Nisa Fathonah Sp. OG,Dokter Umum,KLINIK UTAMA HALO BAYI BUARAN,"Duren Sawit, Jakarta Timur",,dokter-umum,2025-06-15 03:13:18
Dr. Nisa Ulina Marbun,Dokter Umum,halodoc,"Setiabudi, Jakarta Selatan",,dokter-umum,2025-06-15 03:13:18
dr. Nisaul Husna,Dokter Umum,halodoc,"Setiabudi, Jakarta Selatan",,dokter-umum,2025-06-15 03:13:18
dr. Nita Marta Hardianty,Dokter Umum,halodoc,"Setiabudi, Jakarta Selatan",,dokter-umum,2025-06-15 03:13:21
dr. Nita Puspitasari,Dokter Umum,halodoc,"Setiabudi, Jakarta Selatan",,dokter-umum,2025-06-15 03:13:21
dr. Nityasewaka Marakata,Dokter Umum,halodoc,"Setiabudi, Jakarta Selatan",,dokter-umum,2025-06-15 03:13:21
Dr. Nizar Azmi,Dokter Umum,Apotek AA,"Tambora, Jakarta Barat",,dokter-umum,2025-06-15 03:13:21
Dr. Nizar Azmi,Dokter Umum,dr Nizar Azmi,"Cempaka Putih, Jakarta Pusat",,dokter-umum,2025-06-15 03:13:21
Dr. Nizar Azni,Dokter Umum,Klinik Nur Asyfa,"Pasar Minggu, Jakarta Selatan",,dokter-umum,2025-06-15 03:13:21
Dr. Noca Arianti,Dokter Umum,halodoc,"Setiabudi, Jakarta Selatan",,dokter-umum,2025-06-15 03:13:21
Dr. Nofri Elpida,Dokter Umum,halodoc,"Setiabudi, Jakarta Selatan",,dokter-umum,2025-06-15 03:13:21
dr. Noftu Indrama Yeni,Dokter Umum,halodoc,"Setiabudi, Jakarta Selatan",,dokter-umum,2025-06-15 03:13:21
Dr. Nonny Oktaviany Putri,Dokter Umum,halodoc,"Setiabudi, Jakarta Selatan",,dokter-umum,2025-06-15 03:13:21
dr. Noor Arriany Fitri,Dokter Umum,Praktek dr. Noor Arrianty Fitri,"Jatinegara, Jakarta Timur",,dokter-umum,2025-06-15 03:13:23
Dr. Nopra Permata Sari,Dokter Umum,halodoc,"Setiabudi, Jakarta Selatan",,dokter-umum,2025-06-15 03:13:23
dr. Nopta Sari,Dokter Umum,halodoc,"Setiabudi, Jakarta Selatan",,dokter-umum,2025-06-15 03:13:23
Dr. Nor Maody Sudarsono,Dokter Umum,halodoc,"Setiabudi, Jakarta Selatan",,dokter-umum,2025-06-15 03:13:23
Dr. Nora Putria,Dokter Umum,Klinik Agha,"Bojongsari, Depok",,dokter-umum,2025-06-15 03:13:23
dr. Norma Sartika Yulinar,Dokter Umum,halodoc,"Setiabudi, Jakarta Selatan",,dokter-umum,2025-06-15 03:13:23
dr. Norma Yunia Sofwan Sp. KK,Dokter Umum,PRODIA BEKASII,"Jatisampurna, Bekasi",,dokter-umum,2025-06-15 03:13:23
dr. Normasari Madani,Dokter Umum,dr. Normasari Madani,"Balikpapan Selatan, Kota Balikpapan",,dokter-umum,2025-06-15 03:13:23
Dr. Nousca Nurviani,Dokter Umum,halodoc,"Setiabudi, Jakarta Selatan",,dokter-umum,2025-06-15 03:13:23
dr. Nova Ardyansyah,Dokter Umum,Klinik Pratama Rawat Inap YPPI 1945,"Sukodadi, Lamongan",,dokter-umum,2025-06-15 03:13:23
Dr. Nova Faradilla,Dokter Umum,halodoc,"Setiabudi, Jakarta Selatan",,dokter-umum,2025-06-15 03:13:26
Dr. Nova N. G. Karundeng,Dokter Umum,halodoc,"Setiabudi, Jakarta Selatan",,dokter-umum,2025-06-15 03:13:26
Dr. Nova Setianingsih,Dokter Umum,halodoc,"Setiabudi, Jakarta Selatan",,dokter-umum,2025-06-15 03:13:26
dr. Nova Setyaningsih,Dokter Umum,halodoc,"Setiabudi, Jakarta Selatan",,dokter-umum,2025-06-15 03:13:26
dr. Nova Setyaningsih MKK,Dokter Umum,Halodoc Teleconsultation,"Setiabudi, Jakarta Selatan",,dokter-umum,2025-06-15 03:13:26
Dr. Novany Sasiang,Dokter Umum,halodoc,"Setiabudi, Jakarta Selatan",,dokter-umum,2025-06-15 03:13:26
dr Novendra,Dokter Umum,halodoc,"Setiabudi, Jakarta Selatan",,dokter-umum,2025-06-15 03:13:26
dr. Novi Arizha,Dokter Umum,halodoc,"Setiabudi, Jakarta Selatan",,dokter-umum,2025-06-15 03:13:26
dr. Novia Fauziah,Dokter Umum,halodoc,"Setiabudi, Jakarta Selatan",,dokter-umum,2025-06-15 03:13:26
Dr. Novia Sari Andriati Mertosono,Dokter Umum,halodoc,"Setiabudi, Jakarta Selatan",,dokter-umum,2025-06-15 03:13:26
dr. Noviana Indrawati M.Biomed (AAM),Dokter Umum,halodoc,"Setiabudi, Jakarta Selatan",,dokter-umum,2025-06-15 03:13:29
dr. Noviana Puspitasari,Dokter Umum,halodoc,"Setiabudi, Jakarta Selatan",,dokter-umum,2025-06-15 03:13:29
dr. Noviana Rahmawati,Dokter Umum,halodoc,"Setiabudi, Jakarta Selatan",,dokter-umum,2025-06-15 03:13:29
dr. Novie Rahmawati Surdjaja,Dokter Umum,RSUD Al Ihsan Provinsi Jawa Barat,"Baleendah, Kabupaten Bandung",,dokter-umum,2025-06-15 03:13:29
dr. Novika Neovansie Gabriel,Dokter Umum,halodoc,"Setiabudi, Jakarta Selatan",,dokter-umum,2025-06-15 03:13:29
dr. Novilia Maharani,Dokter Umum,halodoc,"Setiabudi, Jakarta Selatan",,dokter-umum,2025-06-15 03:13:29
dr Novina Sp. OG,Dokter Umum,Praktek Dr Novina SpOG,"Klojen, Kota Malang",,dokter-umum,2025-06-15 03:13:29
dr. Novita,Dokter Umum,halodoc,"Setiabudi, Jakarta Selatan",,dokter-umum,2025-06-15 03:13:29
dr. Novita Amelia,Dokter Umum,halodoc,"Setiabudi, Jakarta Selatan",,dokter-umum,2025-06-15 03:13:29
dr Novita Dewi,Dokter Umum,Apotek Alvin Farma,"Kelapa Gading, Jakarta Utara",,dokter-umum,2025-06-15 03:13:29
Dr. Novita Dwi Androla,Dokter Umum,halodoc,"Setiabudi, Jakarta Selatan",,dokter-umum,2025-06-15 03:13:31
dr. Novita Eireine Kaunang,Dokter Umum,halodoc,"Setiabudi, Jakarta Selatan",,dokter-umum,2025-06-15 03:13:31
dr. Novita Marta Tumanggor,Dokter Umum,halodoc,"Setiabudi, Jakarta Selatan",,dokter-umum,2025-06-15 03:13:31
dr. Novita Natalia,Dokter Umum,halodoc,"Setiabudi, Jakarta Selatan",,dokter-umum,2025-06-15 03:13:31
dr. Novita Sari,Dokter Umum,halodoc,"Setiabudi, Jakarta Selatan",,dokter-umum,2025-06-15 03:13:31
Dr. Novita Sari,Dokter Umum,halodoc,"Setiabudi, Jakarta Selatan",,dokter-umum,2025-06-15 03:13:31
dr. Novita Sp. DVE,Dokter Umum,halodoc,"Setiabudi, Jakarta Selatan",,dokter-umum,2025-06-15 03:13:31
dr. Novita Vidi Yanty,Dokter Umum,halodoc,"Setiabudi, Jakarta Selatan",,dokter-umum,2025-06-15 03:13:31
Dr. Novizar Akbar,Dokter Umum,halodoc,"Setiabudi, Jakarta Selatan",,dokter-umum,2025-06-15 03:13:31
dr. Novra Rizka,Dokter Umum,halodoc,"Setiabudi, Jakarta Selatan",,dokter-umum,2025-06-15 03:13:31
Dr. Novriani Warap Sari,Dokter Umum,halodoc,"Setiabudi, Jakarta Selatan",,dokter-umum,2025-06-15 03:13:34
dr. Novy Olyvia,Dokter Umum,APOTEK HAFIZ,"Tangerang, Tangerang",,dokter-umum,2025-06-15 03:13:34
dr. Novyanti Nur Arini,Dokter Umum,halodoc,"Setiabudi, Jakarta Selatan",,dokter-umum,2025-06-15 03:13:34
dr. Nudya,Dokter Umum,KLINIK AL-QOMAR,"Cileungsi, Kabupaten Bogor",,dokter-umum,2025-06-15 03:13:34
dr. Nugrahani Wiraningrum,Dokter Umum,RS PKU MUHAMMADIYAH WONOSOBO,"Kertek, Kabupaten Wonosobo",,dokter-umum,2025-06-15 03:13:34
Dr. Nugrahani Wiraningturun,Dokter Umum,Praktek dokter.,"Bukit Raya, Kota Pekanbaru",,dokter-umum,2025-06-15 03:13:34
Nugroho Trihadi,Dokter Umum,halodoc,"Setiabudi, Jakarta Selatan",,dokter-umum,2025-06-15 03:13:34
dr. Nukilla Evanti,Dokter Umum,halodoc,"Setiabudi, Jakarta Selatan",,dokter-umum,2025-06-15 03:13:34
dr. Nuna Halida,Dokter Umum,halodoc,"Setiabudi, Jakarta Selatan",,dokter-umum,2025-06-15 03:13:34
dr. Nunik Tjempakawati Tjitrawasita,Dokter Umum,Apotek Tasia Farma,"Kota, Kota Kediri",,dokter-umum,2025-06-15 03:13:34
Dr. Nunki Restika,Dokter Umum,halodoc,"Setiabudi, Jakarta Selatan",,dokter-umum,2025-06-15 03:13:36
Dr. Nunky,Dokter Umum,Apotek Nuansa Sehat.,"Koja, Jakarta Utara",,dokter-umum,2025-06-15 03:13:36
dr. Nunu Nurul Humaeroh,Dokter Umum,APOTIK SITI KHADIJAH,"Banyusari, Kabupaten Karawang",,dokter-umum,2025-06-15 03:13:36
dr. Nur Aini,Dokter Umum,halodoc,"Setiabudi, Jakarta Selatan",,dokter-umum,2025-06-15 03:13:36
dr. Nur Alfiyah,Dokter Umum,Klinik Alfiya Medika,"Kramat Jati, Jakarta Timur",,dokter-umum,2025-06-15 03:13:36
Dr. Nur Amalia,Dokter Umum,halodoc,"Setiabudi, Jakarta Selatan",,dokter-umum,2025-06-15 03:13:36
Dr. Nur Amaliah Idrus,Dokter Umum,KLINIK PRATAMA YASYIFA MEDIKA - BEKASI,"Mustika Jaya, Bekasi",,dokter-umum,2025-06-15 03:13:36
Dr. Nur Amni S,Dokter Umum,halodoc,"Setiabudi, Jakarta Selatan",,dokter-umum,2025-06-15 03:13:36
Dr. Nur Asiah,Dokter Umum,halodoc,"Setiabudi, Jakarta Selatan",,dokter-umum,2025-06-15 03:13:36
Dr. Nur Eka Sanfitri,Dokter Umum,halodoc,"Setiabudi, Jakarta Selatan",,dokter-umum,2025-06-15 03:13:36
Dr. Nur Endah Chayati,Dokter Umum,halodoc,"Setiabudi, Jakarta Selatan",,dokter-umum,2025-06-15 03:13:39
Dr. Nur Fajrina,Dokter Umum,halodoc,"Setiabudi, Jakarta Selatan",,dokter-umum,2025-06-15 03:13:39
Dr. Nur Fitri,Dokter Umum,halodoc,"Setiabudi, Jakarta Selatan",,dokter-umum,2025-06-15 03:13:39
dr. Nur Fitri Fadila,Dokter Umum,halodoc,"Setiabudi, Jakarta Selatan",,dokter-umum,2025-06-15 03:13:39
Dr. Nur Hadi Khoirul Rijal,Dokter Umum,halodoc,"Setiabudi, Jakarta Selatan",,dokter-umum,2025-06-15 03:13:39
dr. Nur Haniyyah,Dokter Umum,halodoc,"Setiabudi, Jakarta Selatan",,dokter-umum,2025-06-15 03:13:39
dr. Nur Hidayu,Dokter Umum,halodoc,"Setiabudi, Jakarta Selatan",,dokter-umum,2025-06-15 03:13:39
Dr. Nur Ilhaini Sucipto,Dokter Umum,halodoc,"Setiabudi, Jakarta Selatan",,dokter-umum,2025-06-15 03:13:39
Dr. Nur Inda Rahmayani,Dokter Umum,halodoc,"Setiabudi, Jakarta Selatan",,dokter-umum,2025-06-15 03:13:39
Dr. Nur Indah Febriyanti,Dokter Umum,halodoc,"Setiabudi, Jakarta Selatan",,dokter-umum,2025-06-15 03:13:39
Dr. Nur Indah Sari,Dokter Umum,halodoc,"Setiabudi, Jakarta Selatan",,dokter-umum,2025-06-15 03:13:41
dr. Nur Irmayanti Akbar,Dokter Umum,halodoc,"Setiabudi, Jakarta Selatan",,dokter-umum,2025-06-15 03:13:41
dr. Nur Khairiani Achmad,Dokter Umum,halodoc,"Setiabudi, Jakarta Selatan",,dokter-umum,2025-06-15 03:13:41
Dr. Nur Nadya,Dokter Umum,halodoc,"Setiabudi, Jakarta Selatan",,dokter-umum,2025-06-15 03:13:41
dr. Nur Pudyastuti Pratiwi,Dokter Umum,halodoc,"Setiabudi, Jakarta Selatan",,dokter-umum,2025-06-15 03:13:41
Dr. Nur Rachmaniyah Sp. OG,Dokter Umum,Apotek Roxy Babelan,"Babelan, Kabupaten Bekasi",,dokter-umum,2025-06-15 03:13:41
Dr. Nur Rahma Juniarsi,Dokter Umum,halodoc,"Setiabudi, Jakarta Selatan",,dokter-umum,2025-06-15 03:13:41
Nur Rahmi Syabania,Dokter Umum,halodoc,"Setiabudi, Jakarta Selatan",,dokter-umum,2025-06-15 03:13:41
dr. Nur Sholihah,Dokter Umum,halodoc,"Setiabudi, Jakarta Selatan",,dokter-umum,2025-06-15 03:13:41
dr. Nur Ulayatilmiladiyyah,Dokter Umum,halodoc,"Setiabudi, Jakarta Selatan",,dokter-umum,2025-06-15 03:13:41
Dr. Nur Ulfa Ramadhani P,Dokter Umum,halodoc,"Setiabudi, Jakarta Selatan",,dokter-umum,2025-06-15 03:13:44
dr. Nur Vickasari,Dokter Umum,halodoc,"Setiabudi, Jakarta Selatan",,dokter-umum,2025-06-15 03:13:44
dr. Nur laila Putri Widiani,Dokter Umum,RSU. Hasanah Graha Afiah,"Sukmajaya, Depok",,dokter-umum,2025-06-15 03:13:44
dr. Nurazizah Putri Tsani,Dokter Umum,halodoc,"Setiabudi, Jakarta Selatan",,dokter-umum,2025-06-15 03:13:44
dr. Nurbaiti,Dokter Umum,halodoc,"Setiabudi, Jakarta Selatan",,dokter-umum,2025-06-15 03:13:44
dr. Nurcahyani Oktavia,Dokter Umum,dr.Nurcahyani oktavia,"Karangpandan, Kabupaten Karanganyar",,dokter-umum,2025-06-15 03:13:44
dr. Nurdianasari Dewi Sp. OG,Dokter Umum,Rumah Sakit Ibu & Anak Buah Hati,"Lembang, Kabupaten Bandung Barat",,dokter-umum,2025-06-15 03:13:44
dr. Nurhadi Muda M.Kes,Dokter Umum,halodoc,"Setiabudi, Jakarta Selatan",,dokter-umum,2025-06-15 03:13:44
dr. Nurhasanah Sp. KK,Dokter Umum,Apotik Ritam,"Setiabudi, Jakarta Selatan",,dokter-umum,2025-06-15 03:13:44
Dr. Nurhasmaryani,Dokter Umum,halodoc,"Setiabudi, Jakarta Selatan",,dokter-umum,2025-06-15 03:13:44
Dr. Nurhayati Syarwani,Dokter Umum,APOTEK GADI LAMBA 1,"Pasar Rebo, Jakarta Timur",,dokter-umum,2025-06-15 03:13:46
dr. Nuri Ameliah R,Dokter Umum,Klinik Rizki.,"Bekasi Utara, Bekasi",,dokter-umum,2025-06-15 03:13:46
dr. Nuri Kurniawan,Dokter Umum,halodoc,"Setiabudi, Jakarta Selatan",,dokter-umum,2025-06-15 03:13:46
dr Nuri Mardi Rahayu,Dokter Umum,APOTIK PIMISI,"Pademangan, Jakarta Utara",,dokter-umum,2025-06-15 03:13:46
Nuriati Harahap,Dokter Umum,halodoc,"Setiabudi, Jakarta Selatan",,dokter-umum,2025-06-15 03:13:46
dr. Nurida Khasanah,Dokter Umum,halodoc,"Setiabudi, Jakarta Selatan",,dokter-umum,2025-06-15 03:13:46
dr. Nurifna Angella,Dokter Umum,halodoc,"Setiabudi, Jakarta Selatan",,dokter-umum,2025-06-15 03:13:46
dr. Nurin Kusuma Dewi,Dokter Umum,halodoc,"Setiabudi, Jakarta Selatan",,dokter-umum,2025-06-15 03:13:46
Dr. Nurjanah,Dokter Umum,Klinik Anugrah,"Bekasi Utara, Bekasi",,dokter-umum,2025-06-15 03:13:46
Dr. Nurjanah,Dokter Umum,Klinik Anugrah,"Bekasi Utara, Bekasi",,dokter-umum,2025-06-15 03:13:46
Dr. Nurjannah,Dokter Umum,Klinik Pratama Babelan Medical Center,"Babelan, Kabupaten Bekasi",,dokter-umum,2025-06-15 03:13:49
dr. Nurkharisma Kusumawardani,Dokter Umum,halodoc,"Setiabudi, Jakarta Selatan",,dokter-umum,2025-06-15 03:13:49
dr. Nurlaela Rochimah,Dokter Umum,Prakter dr. Nurlaela Rochimah,"Cempaka Putih, Jakarta Pusat",,dokter-umum,2025-06-15 03:13:49
Nurlia Astari,Dokter Umum,halodoc,"Setiabudi, Jakarta Selatan",,dokter-umum,2025-06-15 03:13:49
dr. Nurliana Iswandini,Dokter Umum,halodoc,"Setiabudi, Jakarta Selatan",,dokter-umum,2025-06-15 03:13:49
dr. Nurman Saputra,Dokter Umum,halodoc,"Setiabudi, Jakarta Selatan",,dokter-umum,2025-06-15 03:13:49
Dr. Nurnawansi Soga,Dokter Umum,halodoc,"Setiabudi, Jakarta Selatan",,dokter-umum,2025-06-15 03:13:49
dr. Nurrahmi Aisyah,Dokter Umum,halodoc,"Setiabudi, Jakarta Selatan",,dokter-umum,2025-06-15 03:13:49
Dr. Nurrisya Sholyhanna Pane,Dokter Umum,halodoc,"Setiabudi, Jakarta Selatan",,dokter-umum,2025-06-15 03:13:49
dr. Nursalim,Dokter Umum,Dr. Nur Salim,"Purworejo, Kabupaten Purworejo",,dokter-umum,2025-06-15 03:13:49
Dr. Nursamsurya M.B.A.,Dokter Umum,halodoc,"Setiabudi, Jakarta Selatan",,dokter-umum,2025-06-15 03:13:51
dr. Nurtanio Agustio,Dokter Umum,halodoc,"Setiabudi, Jakarta Selatan",,dokter-umum,2025-06-15 03:13:51
dr. Nurtika,Dokter Umum,halodoc,"Setiabudi, Jakarta Selatan",,dokter-umum,2025-06-15 03:13:51
dr. Nurul Amalia,Dokter Umum,halodoc,"Setiabudi, Jakarta Selatan",,dokter-umum,2025-06-15 03:13:51
dr. Nurul Amini,Dokter Umum,halodoc,"Setiabudi, Jakarta Selatan",,dokter-umum,2025-06-15 03:13:51
dr. Nurul Aulia Tanjung,Dokter Umum,halodoc,"Setiabudi, Jakarta Selatan",,dokter-umum,2025-06-15 03:13:51
dr. Nurul Emma Nurdina,Dokter Umum,halodoc,"Setiabudi, Jakarta Selatan",,dokter-umum,2025-06-15 03:13:51
dr. Nurul Fadila,Dokter Umum,halodoc,"Setiabudi, Jakarta Selatan",,dokter-umum,2025-06-15 03:13:51
Dr. Nurul Fauziah Mahmudah,Dokter Umum,halodoc,"Setiabudi, Jakarta Selatan",,dokter-umum,2025-06-15 03:13:51
dr. Nurul Hafsah,Dokter Umum,halodoc,"Setiabudi, Jakarta Selatan",,dokter-umum,2025-06-15 03:13:51
dr. Nurul Hakiki,Dokter Umum,halodoc,"Setiabudi, Jakarta Selatan",,dokter-umum,2025-06-15 03:13:54
dr. Nurul Hasanah,Dokter Umum,halodoc,"Setiabudi, Jakarta Selatan",,dokter-umum,2025-06-15 03:13:54
Dr. Nurul Hasanah Sofyan,Dokter Umum,halodoc,"Setiabudi, Jakarta Selatan",,dokter-umum,2025-06-15 03:13:54
dr. Nurul Hasanah Surury,Dokter Umum,halodoc,"Setiabudi, Jakarta Selatan",,dokter-umum,2025-06-15 03:13:54
dr. Nurul Hazi Putri,Dokter Umum,halodoc,"Setiabudi, Jakarta Selatan",,dokter-umum,2025-06-15 03:13:54
Dr. Nurul Hidayati,Dokter Umum,halodoc,"Setiabudi, Jakarta Selatan",,dokter-umum,2025-06-15 03:13:54
Dr. Nurul Hidayati Shulkhy,Dokter Umum,halodoc,"Setiabudi, Jakarta Selatan",,dokter-umum,2025-06-15 03:13:54
dr. Nurul Hikmah,Dokter Umum,halodoc,"Setiabudi, Jakarta Selatan",,dokter-umum,2025-06-15 03:13:54
dr. Nurul Imaniar,Dokter Umum,halodoc,"Setiabudi, Jakarta Selatan",,dokter-umum,2025-06-15 03:13:54
Dr. Nurul Khasanah,Dokter Umum,halodoc,"Setiabudi, Jakarta Selatan",,dokter-umum,2025-06-15 03:13:54
dr. Nurul M.,Dokter Umum,Klinik SEMOGA SEHAT DARUSSALAM,"Samarinda Kota, Kota Samarinda",,dokter-umum,2025-06-15 03:13:57
dr. Nurul Rifqiani Djerman,Dokter Umum,halodoc,"Setiabudi, Jakarta Selatan",,dokter-umum,2025-06-15 03:13:57
Dr. Nurul Setiani,Dokter Umum,halodoc,"Setiabudi, Jakarta Selatan",,dokter-umum,2025-06-15 03:13:57
Dr. Nurul Syaidah,Dokter Umum,halodoc,"Setiabudi, Jakarta Selatan",,dokter-umum,2025-06-15 03:13:57
Nurunnisa,Dokter Umum,halodoc,"Setiabudi, Jakarta Selatan",,dokter-umum,2025-06-15 03:13:57
dr. Nushroh Ulfah Azzahro Hariyono,Dokter Umum,halodoc,"Setiabudi, Jakarta Selatan",,dokter-umum,2025-06-15 03:13:57
dr. Ny Hj Sri Hastuti M.Kes,Dokter Umum,Klinik Esha Medika,"Pondok Gede, Bekasi",,dokter-umum,2025-06-15 03:13:57
dr. Ny Hj.Sri Hastuti M.Kes,Dokter Umum,Klinik Esha Medika,"Pondok Gede, Bekasi",,dokter-umum,2025-06-15 03:13:57
Dr. Ny Warida Tofani,Dokter Umum,Doktor Iwan Tofani,"Kembangan, Jakarta Barat",,dokter-umum,2025-06-15 03:13:57
dr. Ny. L.P Sukerti Barusna,Dokter Umum,dr. Ny. L. P. Sukerti Barusna,"Denpasar Barat, Kota Denpasar",,dokter-umum,2025-06-15 03:13:57
"dr. Ny. Ratnawati Harijanto, Msc",Dokter Umum,"dr. Ny. Ratnawati Harijanto, Msc","Kebon Jeruk, Jakarta Barat",,dokter-umum,2025-06-15 03:13:59
dr. Ny.Hj.Sri Hastuti M.Kes,Dokter Umum,Klinik Esha Medika,"Pondok Gede, Bekasi",,dokter-umum,2025-06-15 03:13:59
Dr. Octa Rinarwan M.A.R.S.,Dokter Umum,PRAKTEK dr  Octa Rinarwan,"Ciracas, Jakarta Timur",,dokter-umum,2025-06-15 03:13:59
dr. Octaria Novita,Dokter Umum,halodoc,"Setiabudi, Jakarta Selatan",,dokter-umum,2025-06-15 03:13:59
dr Octavia Azrina Sembiring,Dokter Umum,halodoc,"Setiabudi, Jakarta Selatan",,dokter-umum,2025-06-15 03:13:59
dr. Octavianna Bekti Rahayu,Dokter Umum,halodoc,"Setiabudi, Jakarta Selatan",,dokter-umum,2025-06-15 03:13:59
Dr. Octavina Yulia,Dokter Umum,halodoc,"Setiabudi, Jakarta Selatan",,dokter-umum,2025-06-15 03:13:59
Dr. Ocvianna Puspitarini,Dokter Umum,KLINIK HARAPAN MEDICAL CENTER,"Tarumajaya, Kabupaten Bekasi",,dokter-umum,2025-06-15 03:13:59
dr. Oeij Henri Wijaya,Dokter Umum,halodoc,"Setiabudi, Jakarta Selatan",,dokter-umum,2025-06-15 03:13:59
Dr. Ofel Mazmur Kristoper,Dokter Umum,halodoc,"Setiabudi, Jakarta Selatan",,dokter-umum,2025-06-15 03:13:59
dr. Oka Asmara Jaya,Dokter Umum,Praktek dokter Oka Asmara Jaya Sp.OG,"Kuta Utara, Kabupaten Badung",,dokter-umum,2025-06-15 03:14:02
dr. Oki Aswari,Dokter Umum,RSUD Sukoharjo,"Tawangsari, Kabupaten Sukoharjo",,dokter-umum,2025-06-15 03:14:02
dr. Okky Dita,Dokter Umum,halodoc,"Setiabudi, Jakarta Selatan",,dokter-umum,2025-06-15 03:14:02
dr. Okky Indrasari,Dokter Umum,halodoc,"Setiabudi, Jakarta Selatan",,dokter-umum,2025-06-15 03:14:02
Dr. Okri Pernando,Dokter Umum,halodoc,"Setiabudi, Jakarta Selatan",,dokter-umum,2025-06-15 03:14:02
dr. Oksaria Sabatini Br Surbakti,Dokter Umum,halodoc,"Setiabudi, Jakarta Selatan",,dokter-umum,2025-06-15 03:14:02
dr. Okta Amriani Saragih,Dokter Umum,Klinik Medissina Haurgeulis,"Haurgeulis, Kabupaten Indramayu",,dokter-umum,2025-06-15 03:14:02
dr. Okta Amriani Saragih,Dokter Umum,Klinik Medissina Haurgeulis,"Haurgeulis, Kabupaten Indramayu",,dokter-umum,2025-06-15 03:14:02
Dr. Okta Hardianti Putri,Dokter Umum,halodoc,"Setiabudi, Jakarta Selatan",,dokter-umum,2025-06-15 03:14:02
dr. Okta Nefri Yellim,Dokter Umum,halodoc,"Setiabudi, Jakarta Selatan",,dokter-umum,2025-06-15 03:14:02
dr. Oktafia Noor Baiti,Dokter Umum,dr Oktafia Noor Baiti,"Kaliwungu, Kabupaten Kudus",,dokter-umum,2025-06-15 03:14:04
Dr. Oktafira Eka Anggirawaty,Dokter Umum,halodoc,"Setiabudi, Jakarta Selatan",,dokter-umum,2025-06-15 03:14:04
dr. Oktarina,Dokter Umum,halodoc,"Setiabudi, Jakarta Selatan",,dokter-umum,2025-06-15 03:14:04
dr. Oktavera Tri Kurniasih,Dokter Umum,RSU PKU Muhammadiyah Purbalingga,"Kaligondang, Kabupaten Purbalingga",,dokter-umum,2025-06-15 03:14:04
dr. Oktaviana Sari Dewi,Dokter Umum,halodoc,"Setiabudi, Jakarta Selatan",,dokter-umum,2025-06-15 03:14:04
Dr. Oktaviani Eka Puspasari,Dokter Umum,halodoc,"Setiabudi, Jakarta Selatan",,dokter-umum,2025-06-15 03:14:04
Dr. Oktavianne Marisa,Dokter Umum,Klinik Wamia,"Bekasi Barat, Bekasi",,dokter-umum,2025-06-15 03:14:04
Dr. Oky Frizki Prastyty,Dokter Umum,halodoc,"Setiabudi, Jakarta Selatan",,dokter-umum,2025-06-15 03:14:04
dr. Oky Somang Setiawan,Dokter Umum,halodoc,"Setiabudi, Jakarta Selatan",,dokter-umum,2025-06-15 03:14:04
Dr. Ola Nopisah,Dokter Umum,halodoc,"Setiabudi, Jakarta Selatan",,dokter-umum,2025-06-15 03:14:04
dr. Oldriana Hapsari,Dokter Umum,halodoc,"Setiabudi, Jakarta Selatan",,dokter-umum,2025-06-15 03:14:07
dr. Olfien Noer Primanti Kusumo Negoro,Dokter Umum,MENTARI CDC TUMBUH KEMBANG,"Telukjambe Barat, Kabupaten Karawang",,dokter-umum,2025-06-15 03:14:07
dr. Olien Noer Primant Kusumo Negoro,Dokter Umum,MENTARI CDC TUMBUH KEMBANG,"Telukjambe Barat, Kabupaten Karawang",,dokter-umum,2025-06-15 03:14:07
Dr. Olimvia Dwi Julanda,Dokter Umum,halodoc,"Setiabudi, Jakarta Selatan",,dokter-umum,2025-06-15 03:14:07
dr. Olivia Indra Putri,Dokter Umum,halodoc,"Setiabudi, Jakarta Selatan",,dokter-umum,2025-06-15 03:14:07
Dr. Olivia Petrina Awondatu,Dokter Umum,halodoc,"Setiabudi, Jakarta Selatan",,dokter-umum,2025-06-15 03:14:07
dr. Omar Akbar,Dokter Umum,Klinik Pratama Satoe Dokter,"Majalaya, Kabupaten Bandung",,dokter-umum,2025-06-15 03:14:07
Dr. Omar Indratno,Dokter Umum,Klinik Citra Medika Narogong,"Babelan, Kabupaten Bekasi",,dokter-umum,2025-06-15 03:14:07
Dr. Onelola Dewita Karya MARS,Dokter Umum,Apotek Sehat Murah,"Babelan, Kabupaten Bekasi",,dokter-umum,2025-06-15 03:14:07
dr. Onelola Dewita Karya MARS,Dokter Umum,Apotek Murah Sehat Blok R,"Karawang Timur, Kabupaten Karawang",,dokter-umum,2025-06-15 03:14:07
dr. Onelola Dewita Karya MARS,Dokter Umum,Apotek Murah Sehat Blok R,"Karawang Timur, Kabupaten Karawang",,dokter-umum,2025-06-15 03:14:09
dr. Onelola Dewita Karya MARS,Dokter Umum,Apotek Murah Sehat Blok R,"Karawang Timur, Kabupaten Karawang",,dokter-umum,2025-06-15 03:14:09
"dr. Onelola Dewita Karya,MARS",Dokter Umum,Apotek Murah Sehat Blok R,"Karawang Timur, Kabupaten Karawang",,dokter-umum,2025-06-15 03:14:09
Dr. Onny Pratiwi,Dokter Umum,halodoc,"Setiabudi, Jakarta Selatan",,dokter-umum,2025-06-15 03:14:09
dr. Opi Setia,Dokter Umum,Prkatek dr.OPi Setia,"Sawah Besar, Jakarta Pusat",,dokter-umum,2025-06-15 03:14:09
dr. Opi Setia,Dokter Umum,Prkatek dr.OPi Setia,"Sawah Besar, Jakarta Pusat",,dokter-umum,2025-06-15 03:14:09
dr. Opi Setia,Dokter Umum,Praktek dokter Opi Setia,"Sako, Kota Palembang",,dokter-umum,2025-06-15 03:14:09
Dr. Orin Tasha Ryani Putri,Dokter Umum,halodoc,"Setiabudi, Jakarta Selatan",,dokter-umum,2025-06-15 03:14:09
dr. Osep Supriatna,Dokter Umum,Klinik Dota Medika,"Banyusari, Kabupaten Karawang",,dokter-umum,2025-06-15 03:14:09
Dr. Ovellya Lamabelawa,Dokter Umum,halodoc,"Setiabudi, Jakarta Selatan",,dokter-umum,2025-06-15 03:14:09
dr. Owymardyan Yusel Manafe,Dokter Umum,halodoc,"Setiabudi, Jakarta Selatan",,dokter-umum,2025-06-15 03:14:12
dr. P. Anindita M M BioMed Sp.KK,Dokter Umum,Apotek Anugerah SOS,"Denpasar Timur, Kota Denpasar",,dokter-umum,2025-06-15 03:14:12
dr. P. Trisna Nilamaya,Dokter Umum,Praktek dokter mandiri,"Cileunyi, Kabupaten Bandung",,dokter-umum,2025-06-15 03:14:12
PAHYOKI WARDANA DR,Dokter Umum,RS Medika Rumbai,"Rumbai, Kota Pekanbaru",,dokter-umum,2025-06-15 03:14:12
Dr. Paishal Mizan,Dokter Umum,halodoc,"Setiabudi, Jakarta Selatan",,dokter-umum,2025-06-15 03:14:12
dr. Pandu Prakoso M,Dokter Umum,Klinik Dania,"Cilincing, Jakarta Utara",,dokter-umum,2025-06-15 03:14:12
dr. Pandu Prakoso Mondanoe,Dokter Umum,Klinik Dania,"Cilincing, Jakarta Utara",,dokter-umum,2025-06-15 03:14:12
Paramedis ICS,Dokter Umum,Klinik ICS,"Cibinong, Kabupaten Bogor",,dokter-umum,2025-06-15 03:14:12
dr. Parasikin,Dokter Umum,halodoc,"Setiabudi, Jakarta Selatan",,dokter-umum,2025-06-15 03:14:12
dr. Parli Lambano Banjarnahor,Dokter Umum,halodoc,"Setiabudi, Jakarta Selatan",,dokter-umum,2025-06-15 03:14:12
Dr. Parlindungan,Dokter Umum,Dr Parlindungan,"Jagakarsa, Jakarta Selatan",,dokter-umum,2025-06-15 03:14:15
Dr. Parlindungan M,Dokter Umum,Dr. Parlindungan Manik,"Kelapa Gading, Jakarta Utara",,dokter-umum,2025-06-15 03:14:15
dr Parlindungan Simbolon,Dokter Umum,Klinik Utama Bio test,"Sumurbandung, Kota Bandung",,dokter-umum,2025-06-15 03:14:15
dr. Parnatal Ganda Matua,Dokter Umum,halodoc,"Setiabudi, Jakarta Selatan",,dokter-umum,2025-06-15 03:14:15
Dr. Pasca Nadia Fitri,Dokter Umum,halodoc,"Setiabudi, Jakarta Selatan",,dokter-umum,2025-06-15 03:14:15
dr. Paskalia Endosetriani Romas,Dokter Umum,halodoc,"Setiabudi, Jakarta Selatan",,dokter-umum,2025-06-15 03:14:15
dr. Patima Sitompul,Dokter Umum,DOKTER 24 JAM RAKHA MEDIKA,"Ilir Timur I, Kota Palembang",,dokter-umum,2025-06-15 03:14:15
dr. Patria Timotius Tarigan,Dokter Umum,halodoc,"Setiabudi, Jakarta Selatan",,dokter-umum,2025-06-15 03:14:15
Dr. Patricia Georgiana Hartono,Dokter Umum,halodoc,"Setiabudi, Jakarta Selatan",,dokter-umum,2025-06-15 03:14:15
dr. Patricia Vina Suriani H,Dokter Umum,Klinik Vaxine Care,"Cakung, Jakarta Timur",,dokter-umum,2025-06-15 03:14:15
Dr. Patrick Ramos Pakpahan,Dokter Umum,halodoc,"Setiabudi, Jakarta Selatan",,dokter-umum,2025-06-15 03:14:18
dr. Paulus Apos Tolos H,Dokter Umum,Klinik Pratama SAMARITAN,"Tanjung Priok, Jakarta Utara",,dokter-umum,2025-06-15 03:14:18
dr. Paulus Stephen,Dokter Umum,halodoc,"Setiabudi, Jakarta Selatan",,dokter-umum,2025-06-15 03:14:18
"dr. Pentadi Teguh Setiyanta S.H., M.H.",Dokter Umum,halodoc,"Setiabudi, Jakarta Selatan",,dokter-umum,2025-06-15 03:14:18
Dr. Petrus Juntu,Dokter Umum,Apotek Arwana,"Cempaka Putih, Jakarta Pusat",,dokter-umum,2025-06-15 03:14:18
dr. Pety Tunjung Sari,Dokter Umum,halodoc,"Setiabudi, Jakarta Selatan",,dokter-umum,2025-06-15 03:14:18
dr. Pho Denita Meiliani,Dokter Umum,halodoc,"Setiabudi, Jakarta Selatan",,dokter-umum,2025-06-15 03:14:18
Dr. Pieter,Dokter Umum,halodoc,"Setiabudi, Jakarta Selatan",,dokter-umum,2025-06-15 03:14:18
Dr. Pingkan Widilisa Cesilia Kalumata,Dokter Umum,halodoc,"Setiabudi, Jakarta Selatan",,dokter-umum,2025-06-15 03:14:18
dr. Pisca Melia Rahayu,Dokter Umum,Klinik Bimo Medika Permai,"Bekasi Utara, Bekasi",,dokter-umum,2025-06-15 03:14:18
dr. Pitria Khairunnisa,Dokter Umum,halodoc,"Setiabudi, Jakarta Selatan",,dokter-umum,2025-06-15 03:14:21
Dr. Pocut Slanga,Dokter Umum,Klinik Zhafira Zarifa,"Klari, Kabupaten Karawang",,dokter-umum,2025-06-15 03:14:21
dr. Pony Ndaruaji,Dokter Umum,KLINIK PRATAMA KLAPA 2 PENGGILINGAN,"Cakung, Jakarta Timur",,dokter-umum,2025-06-15 03:14:21
Dr. Popi Zeniusa,Dokter Umum,halodoc,"Setiabudi, Jakarta Selatan",,dokter-umum,2025-06-15 03:14:21
dr. Popo Sugiaman M.H.,Dokter Umum,Apotek Manjur Sehat,"Cipondoh, Tangerang",,dokter-umum,2025-06-15 03:14:21
dr. Popy Lestari MARS,Dokter Umum,Klinik Bahar Medika I,"Pancoran Mas, Depok",,dokter-umum,2025-06-15 03:14:21
Dr. Posma Hutabarat,Dokter Umum,Dr. Posma Hutabarat,"Tambun Selatan, Kabupaten Bekasi",,dokter-umum,2025-06-15 03:14:21
dr. Prabowo,Dokter Umum,KLINIK CILANGKAP MEDIKA,"Tapos, Depok",,dokter-umum,2025-06-15 03:14:21
Dr. Pradinianti,Dokter Umum,halodoc,"Setiabudi, Jakarta Selatan",,dokter-umum,2025-06-15 03:14:21
Dr. Pradipta Sih Utami,Dokter Umum,halodoc,"Setiabudi, Jakarta Selatan",,dokter-umum,2025-06-15 03:14:21
dr. Pradita Adiningsih,Dokter Umum,Prodia Lebak Bulus,"Kebayoran Baru, Jakarta Selatan",,dokter-umum,2025-06-15 03:14:24
dr. Pradita Adiningsih,Dokter Umum,Praktek Mandiri Dokter,"Gambir, Jakarta Pusat",,dokter-umum,2025-06-15 03:14:24
dr. Pradita Adiningsih,Dokter Umum,Praktek Dokter Umum.,"Cilincing, Jakarta Utara",,dokter-umum,2025-06-15 03:14:24
dr Prahita Atyan Hapsari,Dokter Umum,Rumah Sakit Ibu Dan Anak Puri Bunda,"Blimbing, Kota Malang",,dokter-umum,2025-06-15 03:14:24
dr. Prakosa Wicaksono,Dokter Umum,halodoc,"Setiabudi, Jakarta Selatan",,dokter-umum,2025-06-15 03:14:24
dr. Pramasanti Hera K.S,Dokter Umum,halodoc,"Setiabudi, Jakarta Selatan",,dokter-umum,2025-06-15 03:14:24
dr. Pramesi Perwira Kemilau,Dokter Umum,Klinik Ghaisan Medika,"Tambun Selatan, Kabupaten Bekasi",,dokter-umum,2025-06-15 03:14:24
dr. Pramesti Perwira Kemilau,Dokter Umum,Klinik Ghaisan Medika,"Tambun Selatan, Kabupaten Bekasi",,dokter-umum,2025-06-15 03:14:24
dr. Pramesti Perwira Kemilau,Dokter Umum,Klinik Ghaisan Medika,"Tambun Selatan, Kabupaten Bekasi",,dokter-umum,2025-06-15 03:14:24
dr. Pramesti Perwira Kemilau,Dokter Umum,Klinik Ghaisan Medika,"Tambun Selatan, Kabupaten Bekasi",,dokter-umum,2025-06-15 03:14:24
Pricilia Friska,Dokter Umum,halodoc,"Setiabudi, Jakarta Selatan",,dokter-umum,2025-06-15 03:14:29
Dr. Pricilia N. Tanakotta M.Kes,Dokter Umum,halodoc,"Setiabudi, Jakarta Selatan",,dokter-umum,2025-06-15 03:14:29
dr. Prima Chaerunisa Ananda,Dokter Umum,halodoc,"Setiabudi, Jakarta Selatan",,dokter-umum,2025-06-15 03:14:29
Prima Kinanti,Dokter Umum,halodoc,"Setiabudi, Jakarta Selatan",,dokter-umum,2025-06-15 03:14:29
dr. Prima Mulyani,Dokter Umum,RSUD Al Ihsan Provinsi Jawa Barat,"Baleendah, Kabupaten Bandung",,dokter-umum,2025-06-15 03:14:29
Dr. Prima Shandya Dewi,Dokter Umum,halodoc,"Setiabudi, Jakarta Selatan",,dokter-umum,2025-06-15 03:14:29
Primaniarta Subroto,Dokter Umum,halodoc,"Setiabudi, Jakarta Selatan",,dokter-umum,2025-06-15 03:14:29
dr. Princella Monica,Dokter Umum,halodoc,"Setiabudi, Jakarta Selatan",,dokter-umum,2025-06-15 03:14:29
dr. Prisca Meilia Rahayu,Dokter Umum,Klinik Bimo Medika Permai,"Bekasi Utara, Bekasi",,dokter-umum,2025-06-15 03:14:29
dr. Prisca Meilia Rahayu,Dokter Umum,Klinik Bimo Medika Permai,"Bekasi Utara, Bekasi",,dokter-umum,2025-06-15 03:14:29
dr. Prisca Meilia Rahayu,Dokter Umum,Klinik Bimo Medika Permai,"Bekasi Utara, Bekasi",,dokter-umum,2025-06-15 03:14:32
dr. Prisca Meilia Rahayu,Dokter Umum,Klinik Bimo Medika Permai,"Bekasi Utara, Bekasi",,dokter-umum,2025-06-15 03:14:32
dr. Prisca Meilis Rahayu,Dokter Umum,Klinik Bimo Medika Permai,"Bekasi Utara, Bekasi",,dokter-umum,2025-06-15 03:14:32
dr. Prisca Melia Rahayu,Dokter Umum,Klinik Bimo Medika Permai,"Bekasi Utara, Bekasi",,dokter-umum,2025-06-15 03:14:32
Dr. Prisca Mellia Rahayu,Dokter Umum,Klinik Bimo Medika Permai,"Bekasi Utara, Bekasi",,dokter-umum,2025-06-15 03:14:32
dr. Priscila Tarigan,Dokter Umum,halodoc,"Setiabudi, Jakarta Selatan",,dokter-umum,2025-06-15 03:14:32
dr. Priscilla,Dokter Umum,Klinik NRC,"Sawah Besar, Jakarta Pusat",,dokter-umum,2025-06-15 03:14:32
dr. Priscilla,Dokter Umum,halodoc,"Setiabudi, Jakarta Selatan",,dokter-umum,2025-06-15 03:14:32
dr. Priscilla Melia Rahayu,Dokter Umum,Klinik Bimo Medika Permai,"Bekasi Utara, Bekasi",,dokter-umum,2025-06-15 03:14:32
dr. Priscilla Tasya,Dokter Umum,halodoc,"Setiabudi, Jakarta Selatan",,dokter-umum,2025-06-15 03:14:32
Dr. Priscillia Ivana Jie,Dokter Umum,halodoc,"Setiabudi, Jakarta Selatan",,dokter-umum,2025-06-15 03:14:35
dr. Priscillia Levina Susanto,Dokter Umum,halodoc,"Setiabudi, Jakarta Selatan",,dokter-umum,2025-06-15 03:14:35
Dr. Priska Bonnie Widiyanti,Dokter Umum,halodoc,"Setiabudi, Jakarta Selatan",,dokter-umum,2025-06-15 03:14:35
dr. Prytna Widyaningrum,Dokter Umum,halodoc,"Setiabudi, Jakarta Selatan",,dokter-umum,2025-06-15 03:14:35
Dr. Pudji,Dokter Umum,Klinik Kimia Farma Cibatu,"Cikarang Selatan, Kabupaten Bekasi",,dokter-umum,2025-06-15 03:14:35
dr. Puji Hastuti,Dokter Umum,Nirwana Medika,"Cempaka Putih, Jakarta Pusat",,dokter-umum,2025-06-15 03:14:35
Dr. Puji Rahmi,Dokter Umum,halodoc,"Setiabudi, Jakarta Selatan",,dokter-umum,2025-06-15 03:14:35
"Pujima Kinta Kandella Hutagalung, dr",Dokter Umum,halodoc,"Setiabudi, Jakarta Selatan",,dokter-umum,2025-06-15 03:14:35
dr. Puju Aminartu,Dokter Umum,Klinik Pratama Sawangan Medika,"Pancoran Mas, Depok",,dokter-umum,2025-06-15 03:14:35
dr. Pulung Kusuma,Dokter Umum,Klinik Edo Medica,"Tambun Selatan, Kabupaten Bekasi",,dokter-umum,2025-06-15 03:14:35
dr. Pulung Kusuma,Dokter Umum,Klinik Edo Medica,"Tambun Selatan, Kabupaten Bekasi",,dokter-umum,2025-06-15 03:14:38
dr. Punny Hendarsih,Dokter Umum,Apotek Pulo Gebang Permai,"Cakung, Jakarta Timur",,dokter-umum,2025-06-15 03:14:38
dr. Puput Pujiama,Dokter Umum,halodoc,"Setiabudi, Jakarta Selatan",,dokter-umum,2025-06-15 03:14:38
dr. Purwo Handoko,Dokter Umum,Klinik dr. Purwo Handoko,"Susukan Lebak, Kabupaten Cirebon",,dokter-umum,2025-06-15 03:14:38
dr. Purwo Handoko,Dokter Umum,Klinik dr. Purwo Handoko,"Susukan Lebak, Kabupaten Cirebon",,dokter-umum,2025-06-15 03:14:38
dr. Puso Aminarto,Dokter Umum,Klinik Pratama Sawangan Medika,"Pancoran Mas, Depok",,dokter-umum,2025-06-15 03:14:38
Dr. Puspa Dahlia,Dokter Umum,halodoc,"Setiabudi, Jakarta Selatan",,dokter-umum,2025-06-15 03:14:38
Puspita Sari,Dokter Umum,halodoc,"Setiabudi, Jakarta Selatan",,dokter-umum,2025-06-15 03:14:38
dr. Pusriati Rustan,Dokter Umum,halodoc,"Setiabudi, Jakarta Selatan",,dokter-umum,2025-06-15 03:14:38
Dr. Puti Assyifa Alwis,Dokter Umum,halodoc,"Setiabudi, Jakarta Selatan",,dokter-umum,2025-06-15 03:14:38
Dr. Puti Venessa Natta Primadi,Dokter Umum,halodoc,"Setiabudi, Jakarta Selatan",,dokter-umum,2025-06-15 03:14:41
dr. Putri Adnyani,Dokter Umum,halodoc,"Setiabudi, Jakarta Selatan",,dokter-umum,2025-06-15 03:14:41
dr. Putri Andriany,Dokter Umum,halodoc,"Setiabudi, Jakarta Selatan",,dokter-umum,2025-06-15 03:14:41
dr. Putri Ardian,Dokter Umum,halodoc,"Setiabudi, Jakarta Selatan",,dokter-umum,2025-06-15 03:14:41
dr. Putri Ayu Ratnasari,Dokter Umum,halodoc,"Setiabudi, Jakarta Selatan",,dokter-umum,2025-06-15 03:14:41
Dr. Putri Ayu Suciati,Dokter Umum,halodoc,"Setiabudi, Jakarta Selatan",,dokter-umum,2025-06-15 03:14:41
dr. Putri Ayu Widyastuti Raharjo,Dokter Umum,halodoc,"Setiabudi, Jakarta Selatan",,dokter-umum,2025-06-15 03:14:41
dr. Putri Dina Indrisia,Dokter Umum,halodoc,"Setiabudi, Jakarta Selatan",,dokter-umum,2025-06-15 03:14:41
dr. Putri Esti Andryani,Dokter Umum,halodoc,"Setiabudi, Jakarta Selatan",,dokter-umum,2025-06-15 03:14:41
Dr. Putri Fannysa,Dokter Umum,halodoc,"Setiabudi, Jakarta Selatan",,dokter-umum,2025-06-15 03:14:41
Dr. Putri Grace Margaretha,Dokter Umum,halodoc,"Setiabudi, Jakarta Selatan",,dokter-umum,2025-06-15 03:14:45
Dr. Putri Ilhami,Dokter Umum,halodoc,"Setiabudi, Jakarta Selatan",,dokter-umum,2025-06-15 03:14:45
Dr. Putri Indah Fauzani,Dokter Umum,halodoc,"Setiabudi, Jakarta Selatan",,dokter-umum,2025-06-15 03:14:45
Dr. Putri Juita Khairatih,Dokter Umum,halodoc,"Setiabudi, Jakarta Selatan",,dokter-umum,2025-06-15 03:14:45
dr. Putri Kartika,Dokter Umum,Klink Az-Zahra Medika,"Bungursari, Kabupaten Tasikmalaya",,dokter-umum,2025-06-15 03:14:45
Dr. Putri Maulidasari,Dokter Umum,halodoc,"Setiabudi, Jakarta Selatan",,dokter-umum,2025-06-15 03:14:45
dr. Putri Minang Mandasari,Dokter Umum,halodoc,"Setiabudi, Jakarta Selatan",,dokter-umum,2025-06-15 03:14:45
dr. Putri Novian Zahra,Dokter Umum,halodoc,"Setiabudi, Jakarta Selatan",,dokter-umum,2025-06-15 03:14:45
Dr. Putri Nur Aini Sp. A,Dokter Umum,BWCC Bekasi,"Bekasi Selatan, Bekasi",,dokter-umum,2025-06-15 03:14:45
Putri Nur Kumalasari,Dokter Umum,halodoc,"Setiabudi, Jakarta Selatan",,dokter-umum,2025-06-15 03:14:45
Dr. Putri P Gustianti,Dokter Umum,Klinik Pratama graceilla citra medika,"Pangkalan, Kabupaten Karawang",,dokter-umum,2025-06-15 03:14:49
dr. Putri Prapita Sari,Dokter Umum,halodoc,"Setiabudi, Jakarta Selatan",,dokter-umum,2025-06-15 03:14:49
dr. Putri Prihadian Gustiani,Dokter Umum,Klinik Pratama graceilla citra medika,"Pangkalan, Kabupaten Karawang",,dokter-umum,2025-06-15 03:14:49
dr. Putri Prihadian Gustianti,Dokter Umum,Klinik Pratama graceilla citra medika,"Pangkalan, Kabupaten Karawang",,dokter-umum,2025-06-15 03:14:49
Dr. Putri Rahayu Khrisna Danayanthi,Dokter Umum,halodoc,"Setiabudi, Jakarta Selatan",,dokter-umum,2025-06-15 03:14:49
dr. Putri Ratriviandhani,Dokter Umum,halodoc,"Setiabudi, Jakarta Selatan",,dokter-umum,2025-06-15 03:14:49
dr. Putri Restika Bestari,Dokter Umum,Klink Az-Zahra Medika,"Bungursari, Kabupaten Tasikmalaya",,dokter-umum,2025-06-15 03:14:49
dr. Putri Riadhini,Dokter Umum,halodoc,"Setiabudi, Jakarta Selatan",,dokter-umum,2025-06-15 03:14:49
dr. Putri Rizki Ananda,Dokter Umum,halodoc,"Setiabudi, Jakarta Selatan",,dokter-umum,2025-06-15 03:14:49
dr. Putri Syeli,Dokter Umum,halodoc,"Setiabudi, Jakarta Selatan",,dokter-umum,2025-06-15 03:14:49
dr. Putri Utami Pratiwi,Dokter Umum,halodoc,"Setiabudi, Jakarta Selatan",,dokter-umum,2025-06-15 03:14:54
dr. Putri Utaminingrum,Dokter Umum,halodoc,"Setiabudi, Jakarta Selatan",,dokter-umum,2025-06-15 03:14:54
Dr. Putri Wulan Sari,Dokter Umum,halodoc,"Setiabudi, Jakarta Selatan",,dokter-umum,2025-06-15 03:14:54
dr. Putri Wulandari,Dokter Umum,Klinik Pratama Medika Kramat Jati.,"Kramat Jati, Jakarta Timur",,dokter-umum,2025-06-15 03:14:54
dr. Putri Wulandari,Dokter Umum,Klinik Medika Kramat Jati,"Kramat Jati, Jakarta Timur",,dokter-umum,2025-06-15 03:14:54
dr. Putri Wulandari Dipl.AAAM,Dokter Umum,halodoc,"Setiabudi, Jakarta Selatan",,dokter-umum,2025-06-15 03:14:54
dr. Putri Yulia Habsari,Dokter Umum,halodoc,"Setiabudi, Jakarta Selatan",,dokter-umum,2025-06-15 03:14:54
dr. Putri Yuni Apriliyani,Dokter Umum,halodoc,"Setiabudi, Jakarta Selatan",,dokter-umum,2025-06-15 03:14:54
Dr. Putri Zeahan R Y,Dokter Umum,halodoc,"Setiabudi, Jakarta Selatan",,dokter-umum,2025-06-15 03:14:54
Dr. Putri Zulfira Yasmin,Dokter Umum,halodoc,"Setiabudi, Jakarta Selatan",,dokter-umum,2025-06-15 03:14:54
dr. Putry Bayu Rini,Dokter Umum,halodoc,"Setiabudi, Jakarta Selatan",,dokter-umum,2025-06-15 03:14:57
dr. Putu Andree Krisna Purwanta,Dokter Umum,halodoc,"Setiabudi, Jakarta Selatan",,dokter-umum,2025-06-15 03:14:57
dr. Putu Arya Laksmi Amrita Kirana,Dokter Umum,Praktek dokter.,"Bukit Raya, Kota Pekanbaru",,dokter-umum,2025-06-15 03:14:57
Putu Ayu Puspitasari,Dokter Umum,halodoc,"Setiabudi, Jakarta Selatan",,dokter-umum,2025-06-15 03:14:57
dr. Putu Dayanthy Jawan Sampelan,Dokter Umum,halodoc,"Setiabudi, Jakarta Selatan",,dokter-umum,2025-06-15 03:14:57
Dr. Putu Gede Julian Yuan Pratama,Dokter Umum,halodoc,"Setiabudi, Jakarta Selatan",,dokter-umum,2025-06-15 03:14:57
Dr. Putu Gina Astiyandani,Dokter Umum,halodoc,"Setiabudi, Jakarta Selatan",,dokter-umum,2025-06-15 03:14:57
dr. Putu Kharisma Sudina,Dokter Umum,halodoc,"Setiabudi, Jakarta Selatan",,dokter-umum,2025-06-15 03:14:57
dr. Putu Liliana Pradevie,Dokter Umum,halodoc,"Setiabudi, Jakarta Selatan",,dokter-umum,2025-06-15 03:14:57
dr. Putu Putri Andiyani Dewi,Dokter Umum,halodoc,"Setiabudi, Jakarta Selatan",,dokter-umum,2025-06-15 03:14:57
dr. Putu Suryawan S.Ked,Dokter Umum,halodoc,"Setiabudi, Jakarta Selatan",https://d1ojs48v3n42tp.cloudfront.net/personnels/31153_23-5-2022_13-57-47.jpeg,dokter-umum,2025-06-15 03:15:03
Dr. Putut Tri Anda,Dokter Umum,halodoc,"Setiabudi, Jakarta Selatan",,dokter-umum,2025-06-15 03:15:03
dr. Qashmal Mafazi,Dokter Umum,halodoc,"Setiabudi, Jakarta Selatan",,dokter-umum,2025-06-15 03:15:03
dr. Qholfi Anggi Uraini Sahid,Dokter Umum,halodoc,"Setiabudi, Jakarta Selatan",,dokter-umum,2025-06-15 03:15:03
Qoniatunnisa Nuzulul Falakhi,Dokter Umum,halodoc,"Setiabudi, Jakarta Selatan",,dokter-umum,2025-06-15 03:15:03
dr. Qory Ulfiyah Ramayanti,Dokter Umum,halodoc,"Setiabudi, Jakarta Selatan",,dokter-umum,2025-06-15 03:15:03
dr. Queen Sugih Ariyani,Dokter Umum,halodoc,"Setiabudi, Jakarta Selatan",,dokter-umum,2025-06-15 03:15:03
dr. Quiny Lulu Noor Aghnia,Dokter Umum,halodoc,"Setiabudi, Jakarta Selatan",,dokter-umum,2025-06-15 03:15:03
Dr. R B Bambang Witjahjo,Dokter Umum,dr R B Bambang Witjahjo,"Setiabudi, Jakarta Selatan",,dokter-umum,2025-06-15 03:15:03
dr. R M. Lasmana,Dokter Umum,RSUD Al Ihsan Provinsi Jawa Barat,"Baleendah, Kabupaten Bandung",,dokter-umum,2025-06-15 03:15:03
dr. RIBKA,Dokter Umum,KLINIK DAN LABORATORIUM AS-SYIFA NH,"Jatiasih, Bekasi",,dokter-umum,2025-06-15 03:15:05
dr. RIDWAN HARUN SIREGAR,Dokter Umum,Klinik Raga Sehat,"Karawang Barat, Kabupaten Karawang",,dokter-umum,2025-06-15 03:15:05
dr. RIDWAN HARUN SIREGAR,Dokter Umum,Klinik Raga Sehat,"Karawang Barat, Kabupaten Karawang",,dokter-umum,2025-06-15 03:15:05
dr. RIDWAN HARUN SIREGAR,Dokter Umum,Klinik Raga Sehat,"Karawang Barat, Kabupaten Karawang",,dokter-umum,2025-06-15 03:15:05
dr. RISKA SYAIVALINA RANI,Dokter Umum,Klinik Mutiara Sehat 1,"Telukjambe Timur, Kabupaten Karawang",,dokter-umum,2025-06-15 03:15:05
dr. RISTIANTI DWI PRAWITA,Dokter Umum,KLINIK dr. SUZIE BAZ,"Ciputat, Tangerang Selatan",,dokter-umum,2025-06-15 03:15:05
dr. RITA,Dokter Umum,Klinik Mardhani,"Telukjambe Timur, Kabupaten Karawang",,dokter-umum,2025-06-15 03:15:05
dr. RITA,Dokter Umum,Klinik Mardhani,"Telukjambe Timur, Kabupaten Karawang",,dokter-umum,2025-06-15 03:15:05
dr. RIZA MAULIDA,Dokter Umum,RSU BRIMEDIKA MALANG,"Klojen, Kota Malang",,dokter-umum,2025-06-15 03:15:05
Dr. RM Andriyan,Dokter Umum,halodoc,"Setiabudi, Jakarta Selatan",,dokter-umum,2025-06-15 03:15:05
Dr. ROBBY ANWAR,Dokter Umum,Dr Robby Anwar,"Kebon Jeruk, Jakarta Barat",,dokter-umum,2025-06-15 03:15:08
Dr. ROBERT SITORUS,Dokter Umum,Klinik Dr. Robert Sitorus,"Bekasi Utara, Bekasi",,dokter-umum,2025-06-15 03:15:08
dr. RODI NARDOYO,Dokter Umum,Praktek Dokter Umum.,"Cilincing, Jakarta Utara",,dokter-umum,2025-06-15 03:15:08
dr. RR. Indriani Ekowati,Dokter Umum,Klinik Pratama Rawat Inap CICI LIAN Kranggan,"Jatisampurna, Bekasi",,dokter-umum,2025-06-15 03:15:08
dr. Rabinda Fitriana,Dokter Umum,halodoc,"Setiabudi, Jakarta Selatan",,dokter-umum,2025-06-15 03:15:08
dr. Rachel Claudya Sylvia Situmorang,Dokter Umum,halodoc,"Setiabudi, Jakarta Selatan",,dokter-umum,2025-06-15 03:15:08
Dr. Rachellicya R. Sihaloho,Dokter Umum,halodoc,"Setiabudi, Jakarta Selatan",,dokter-umum,2025-06-15 03:15:08
Dr. Rachmad Munawar,Dokter Umum,Klinik Rafazka,"Babelan, Kabupaten Bekasi",,dokter-umum,2025-06-15 03:15:08
dr. Rachmad Munawar,Dokter Umum,Klinik Rafazka,"Babelan, Kabupaten Bekasi",,dokter-umum,2025-06-15 03:15:08
Dr. Rachmad Munawwar,Dokter Umum,Praktek dokter.,"Bukit Raya, Kota Pekanbaru",,dokter-umum,2025-06-15 03:15:08
Dr. Rachmad Munawwar,Dokter Umum,Praktek dokter.,"Bukit Raya, Kota Pekanbaru",,dokter-umum,2025-06-15 03:15:11
dr Rachmad Munawwar,Dokter Umum,Klinik Rafazka,"Babelan, Kabupaten Bekasi",,dokter-umum,2025-06-15 03:15:11
dr. Rachmad Munawwar,Dokter Umum,Klinik Rafazka,"Babelan, Kabupaten Bekasi",,dokter-umum,2025-06-15 03:15:11
dr. Rachmad Munirwan,Dokter Umum,Klinik Rafazka,"Babelan, Kabupaten Bekasi",,dokter-umum,2025-06-15 03:15:11
dr. Rachmadian Akmal,Dokter Umum,halodoc,"Setiabudi, Jakarta Selatan",,dokter-umum,2025-06-15 03:15:11
dr. Rachmalia Nuragustin,Dokter Umum,halodoc,"Setiabudi, Jakarta Selatan",,dokter-umum,2025-06-15 03:15:11
Dr. Rachmat Fajar,Dokter Umum,halodoc,"Setiabudi, Jakarta Selatan",,dokter-umum,2025-06-15 03:15:11
dr. Rachmat Hidayat,Dokter Umum,Klinik Pratama Medisari 24 jam,"Cempaka Putih, Jakarta Pusat",,dokter-umum,2025-06-15 03:15:11
dr. Rachmat Puziyanto,Dokter Umum,halodoc,"Setiabudi, Jakarta Selatan",,dokter-umum,2025-06-15 03:15:11
dr. Rachmatu Bill Multazam,Dokter Umum,halodoc,"Setiabudi, Jakarta Selatan",,dokter-umum,2025-06-15 03:15:11
dr. Rachmawaty,Dokter Umum,halodoc,"Setiabudi, Jakarta Selatan",,dokter-umum,2025-06-15 03:15:13
Rachmeilia Shandra Revi,Dokter Umum,halodoc,"Setiabudi, Jakarta Selatan",,dokter-umum,2025-06-15 03:15:13
dr. Rachmi Elizawati,Dokter Umum,halodoc,"Setiabudi, Jakarta Selatan",,dokter-umum,2025-06-15 03:15:13
dr. Raden Dandi Fathul Iman S P,Dokter Umum,Halodoc Teleconsultation,"Setiabudi, Jakarta Selatan",,dokter-umum,2025-06-15 03:15:13
dr. Raden Ratu Kania Tiaraningrum,Dokter Umum,halodoc,"Setiabudi, Jakarta Selatan",,dokter-umum,2025-06-15 03:15:13
dr. Radha Kurnia Amanda,Dokter Umum,halodoc,"Setiabudi, Jakarta Selatan",,dokter-umum,2025-06-15 03:15:13
dr. Radha Zatti Rahmi,Dokter Umum,halodoc,"Setiabudi, Jakarta Selatan",,dokter-umum,2025-06-15 03:15:13
Dr. Radhifan Fajri,Dokter Umum,halodoc,"Setiabudi, Jakarta Selatan",,dokter-umum,2025-06-15 03:15:13
dr. Radiastomo,Dokter Umum,Klinik Karawang Perdana Husada,"Batujaya, Kabupaten Karawang",,dokter-umum,2025-06-15 03:15:13
"dr. Radietya Alvarabie M.Biomed, AIFO-K",Dokter Umum,halodoc,"Setiabudi, Jakarta Selatan",,dokter-umum,2025-06-15 03:15:13
dr. Radinal Iqbal Ramadhan,Dokter Umum,RSUD Al Ihsan Provinsi Jawa Barat,"Baleendah, Kabupaten Bandung",,dokter-umum,2025-06-15 03:15:16
dr. Raditya,Dokter Umum,Klinik Aizar,"Cikembar, Kabupaten Sukabumi",,dokter-umum,2025-06-15 03:15:16
dr. Raditya Aldi Pradhana,Dokter Umum,halodoc,"Setiabudi, Jakarta Selatan",,dokter-umum,2025-06-15 03:15:16
dr. Raditya Bagas Wicaksono,Dokter Umum,halodoc,"Setiabudi, Jakarta Selatan",,dokter-umum,2025-06-15 03:15:16
dr. Raditya Endro Kusumo,Dokter Umum,halodoc,"Setiabudi, Jakarta Selatan",,dokter-umum,2025-06-15 03:15:16
Dr. Raditz Endre Kusum,Dokter Umum,Kimia Farma Duren Sawit,"Duren Sawit, Jakarta Timur",,dokter-umum,2025-06-15 03:15:16
dr. Radius Hartanto Octavius,Dokter Umum,halodoc,"Setiabudi, Jakarta Selatan",,dokter-umum,2025-06-15 03:15:16
Dr. Raena Sepryana,Dokter Umum,halodoc,"Setiabudi, Jakarta Selatan",,dokter-umum,2025-06-15 03:15:16
Dr. Rafda Lonia,Dokter Umum,halodoc,"Setiabudi, Jakarta Selatan",,dokter-umum,2025-06-15 03:15:16
Dr. Rafi Amanda Rezkia A,Dokter Umum,Halodoc Teleconsultation,"Setiabudi, Jakarta Selatan",,dokter-umum,2025-06-15 03:15:16
Dr. Rafi Amanda Rezkia A,Dokter Umum,halodoc,"Setiabudi, Jakarta Selatan",,dokter-umum,2025-06-15 03:15:18
Dr. Rafi' Nawawi Mubarok,Dokter Umum,halodoc,"Setiabudi, Jakarta Selatan",,dokter-umum,2025-06-15 03:15:18
dr. Rafid,Dokter Umum,halodoc,"Setiabudi, Jakarta Selatan",,dokter-umum,2025-06-15 03:15:18
dr. Rafika,Dokter Umum,halodoc,"Setiabudi, Jakarta Selatan",,dokter-umum,2025-06-15 03:15:18
Dr. Rafika Hanifa,Dokter Umum,APOTEK CENTURY,"Gambir, Jakarta Pusat",,dokter-umum,2025-06-15 03:15:18
Dr. Rafika Kartika Putri,Dokter Umum,halodoc,"Setiabudi, Jakarta Selatan",,dokter-umum,2025-06-15 03:15:18
dr. Rafika Wardani Nasution,Dokter Umum,halodoc,"Setiabudi, Jakarta Selatan",,dokter-umum,2025-06-15 03:15:18
dr. Rafles L.A.C.H CM NLP,Dokter Umum,Klinik Pratama Sisma Medikal Warakas,"Tanjung Priok, Jakarta Utara",,dokter-umum,2025-06-15 03:15:18
Dr. Rahardian Bayu Anggara,Dokter Umum,halodoc,"Setiabudi, Jakarta Selatan",,dokter-umum,2025-06-15 03:15:18
dr. Rahayu Afpriliza,Dokter Umum,APOTEK KESSY,"Bekasi Timur, Bekasi",,dokter-umum,2025-06-15 03:15:18
Dr. Rahayu Afpriliza,Dokter Umum,halodoc,"Setiabudi, Jakarta Selatan",,dokter-umum,2025-06-15 03:15:21
dr. Rahayu Burhanuddin,Dokter Umum,halodoc,"Setiabudi, Jakarta Selatan",,dokter-umum,2025-06-15 03:15:21
Dr. Rahayu Iriani Sari,Dokter Umum,halodoc,"Setiabudi, Jakarta Selatan",,dokter-umum,2025-06-15 03:15:21
dr. Rahayu Tri utami,Dokter Umum,Klinik Utama PMI Kabupaten Banyumas,"Purwokerto Timur, Kabupaten Banyumas",,dokter-umum,2025-06-15 03:15:21
dr. Rahel Kristianingrum,Dokter Umum,halodoc,"Setiabudi, Jakarta Selatan",,dokter-umum,2025-06-15 03:15:21
dr. Rahel Tjandrawan,Dokter Umum,halodoc,"Setiabudi, Jakarta Selatan",,dokter-umum,2025-06-15 03:15:21
Dr. Rahma Cerelia,Dokter Umum,KLINI ZHAFIRA ZARIFA,"Klari, Kabupaten Karawang",,dokter-umum,2025-06-15 03:15:21
dr. Rahma Indah Dwi Handayani,Dokter Umum,Klinik Attina Jaya,"Klari, Kabupaten Karawang",,dokter-umum,2025-06-15 03:15:21
dr. Rahma Indah Dwi Handayani,Dokter Umum,Klinik Attina Jaya,"Klari, Kabupaten Karawang",,dokter-umum,2025-06-15 03:15:21
dr. Rahma Indah Dwi Handayani,Dokter Umum,Klinik Attina Jaya,"Klari, Kabupaten Karawang",,dokter-umum,2025-06-15 03:15:21
dr. Rahma Indah Dwi Handayani,Dokter Umum,Klinik Attina Jaya,"Klari, Kabupaten Karawang",,dokter-umum,2025-06-15 03:15:23
dr. Rahma Indah Dwi Handayani,Dokter Umum,Klinik Attina Jaya,"Klari, Kabupaten Karawang",,dokter-umum,2025-06-15 03:15:23
dr. Rahma Indah Dwi Handayani,Dokter Umum,Klinik Attina Jaya,"Klari, Kabupaten Karawang",,dokter-umum,2025-06-15 03:15:23
Dr. Rahma Isnaini Fitriawati,Dokter Umum,halodoc,"Setiabudi, Jakarta Selatan",,dokter-umum,2025-06-15 03:15:23
Dr. Rahma Mulyani,Dokter Umum,halodoc,"Setiabudi, Jakarta Selatan",,dokter-umum,2025-06-15 03:15:23
Dr. Rahma Nurmayanti Sp. PD,Dokter Umum,Apotik Idaman,"Taraju, Kabupaten Tasikmalaya",,dokter-umum,2025-06-15 03:15:23
Dr. Rahma Rifanesa,Dokter Umum,halodoc,"Setiabudi, Jakarta Selatan",,dokter-umum,2025-06-15 03:15:23
dr. Rahmad Arifin Hsb,Dokter Umum,halodoc,"Setiabudi, Jakarta Selatan",,dokter-umum,2025-06-15 03:15:23
Dr. Rahmadiani Putri Nasution,Dokter Umum,halodoc,"Setiabudi, Jakarta Selatan",,dokter-umum,2025-06-15 03:15:23
Dr. Rahmadni Faresty,Dokter Umum,Praktek dokter.,"Bukit Raya, Kota Pekanbaru",,dokter-umum,2025-06-15 03:15:23
dr. Rahmah Indriyani,Dokter Umum,Klinik Umum Bunda,"Cakung, Jakarta Timur",,dokter-umum,2025-06-15 03:15:26
dr. Rahmah Indriyani,Dokter Umum,Klinik Umum Bunda,"Cakung, Jakarta Timur",,dokter-umum,2025-06-15 03:15:26
dr. Rahmalia Destri Hidayani,Dokter Umum,halodoc,"Setiabudi, Jakarta Selatan",,dokter-umum,2025-06-15 03:15:26
Dr. Rahman,Dokter Umum,Praktek dokter.,"Bukit Raya, Kota Pekanbaru",,dokter-umum,2025-06-15 03:15:26
Dr. Rahmania,Dokter Umum,halodoc,"Setiabudi, Jakarta Selatan",,dokter-umum,2025-06-15 03:15:26
Rahmaniyah Syifaah Hidayani,Dokter Umum,halodoc,"Setiabudi, Jakarta Selatan",,dokter-umum,2025-06-15 03:15:26
Dr. Rahmaní Faresty,Dokter Umum,dr Rahmani Faresty,"Bekasi Selatan, Bekasi",,dokter-umum,2025-06-15 03:15:26
dr. Rahmat Alkausar,Dokter Umum,halodoc,"Setiabudi, Jakarta Selatan",,dokter-umum,2025-06-15 03:15:26
dr. Rahmat Hidayat,Dokter Umum,halodoc,"Setiabudi, Jakarta Selatan",,dokter-umum,2025-06-15 03:15:26
dr. Rahmat Khairul Syakban Nst,Dokter Umum,halodoc,"Setiabudi, Jakarta Selatan",,dokter-umum,2025-06-15 03:15:26
dr. Rahmat Ramadhan,Dokter Umum,KLINIK RUSUNDA,"Muara Gembong, Kabupaten Bekasi",,dokter-umum,2025-06-15 03:15:29
dr. Rahmat Saputra,Dokter Umum,KLINIK DHARMA BAKTI BUNGUR,"Kemayoran, Jakarta Pusat",,dokter-umum,2025-06-15 03:15:29
Dr. Rahmat Tahir Siregar,Dokter Umum,halodoc,"Setiabudi, Jakarta Selatan",,dokter-umum,2025-06-15 03:15:29
dr. Rahmat Widodo,Dokter Umum,Klinik Adhi Graha,"Cempaka Putih, Jakarta Pusat",,dokter-umum,2025-06-15 03:15:29
dr. Rahmatul Fauzan,Dokter Umum,halodoc,"Setiabudi, Jakarta Selatan",,dokter-umum,2025-06-15 03:15:29
dr. Rahmawati,Dokter Umum,halodoc,"Setiabudi, Jakarta Selatan",,dokter-umum,2025-06-15 03:15:29
dr. Rahmawati Rahman,Dokter Umum,Klinik Wawondula,"Wotu, Kabupaten Luwu Timur",,dokter-umum,2025-06-15 03:15:29
dr. Rahmawati S.,Dokter Umum,halodoc,"Setiabudi, Jakarta Selatan",,dokter-umum,2025-06-15 03:15:29
Dr. Rahmawati Sp. AK MM,Dokter Umum,Klinik Utama Enim Medical Center (dr. Rahmawati Sp.Ak (K),"Tanjung Priok, Jakarta Utara",,dokter-umum,2025-06-15 03:15:29
dr. Rahmei Sofia,Dokter Umum,halodoc,"Setiabudi, Jakarta Selatan",,dokter-umum,2025-06-15 03:15:29
dr. Rahmi Ahmad,Dokter Umum,halodoc,"Setiabudi, Jakarta Selatan",,dokter-umum,2025-06-15 03:15:35
Dr. Rahmi Fitri,Dokter Umum,halodoc,"Setiabudi, Jakarta Selatan",,dokter-umum,2025-06-15 03:15:35
Dr. Rahmi Fitri,Dokter Umum,halodoc,"Setiabudi, Jakarta Selatan",,dokter-umum,2025-06-15 03:15:35
Dr. Rahmi Nurfitriani Misilu,Dokter Umum,halodoc,"Setiabudi, Jakarta Selatan",,dokter-umum,2025-06-15 03:15:35
Dr. Rahmi Trisna Yussy,Dokter Umum,halodoc,"Setiabudi, Jakarta Selatan",,dokter-umum,2025-06-15 03:15:35
dr. Rahmida Yanti Ahdinur,Dokter Umum,halodoc,"Setiabudi, Jakarta Selatan",,dokter-umum,2025-06-15 03:15:35
Dr. Rahmita Diananda,Dokter Umum,halodoc,"Setiabudi, Jakarta Selatan",,dokter-umum,2025-06-15 03:15:35
Dr. Rahul Raj,Dokter Umum,halodoc,"Setiabudi, Jakarta Selatan",,dokter-umum,2025-06-15 03:15:35
dr. Raina Amelia,Dokter Umum,KLINI ZHAFIRA ZARIFA,"Klari, Kabupaten Karawang",,dokter-umum,2025-06-15 03:15:35
dr. Raina Benita Sinuraya,Dokter Umum,halodoc,"Setiabudi, Jakarta Selatan",,dokter-umum,2025-06-15 03:15:35
dr. Rangga Ielman Nafiansa Wannee,Dokter Umum,halodoc,"Setiabudi, Jakarta Selatan",,dokter-umum,2025-06-15 03:15:40
dr. Rangga Medita Sp. KK,Dokter Umum,Apotek Ananta Farma,"Denpasar Barat, Kota Denpasar",,dokter-umum,2025-06-15 03:15:40
Dr. Rani Hartati Winanda,Dokter Umum,halodoc,"Setiabudi, Jakarta Selatan",,dokter-umum,2025-06-15 03:15:40
dr. Rani L.B. Bahar,Dokter Umum,praktek dr. Rani L,"Serpong, Tangerang Selatan",,dokter-umum,2025-06-15 03:15:40
dr. Rani L.B. Bahar,Dokter Umum,praktek dr. Rani L,"Serpong, Tangerang Selatan",,dokter-umum,2025-06-15 03:15:40
dr. Rani L.B. Bahar,Dokter Umum,praktek dr. Rani L,"Serpong, Tangerang Selatan",,dokter-umum,2025-06-15 03:15:40
dr. Rani Meiliana Susanti,Dokter Umum,halodoc,"Setiabudi, Jakarta Selatan",,dokter-umum,2025-06-15 03:15:40
Dr. Rania Egyptiana,Dokter Umum,halodoc,"Setiabudi, Jakarta Selatan",,dokter-umum,2025-06-15 03:15:40
dr. Ranny Anneliza,Dokter Umum,halodoc,"Setiabudi, Jakarta Selatan",,dokter-umum,2025-06-15 03:15:40
dr. Ranto Jaya,Dokter Umum,APOTEK AN'NDA,"Gambir, Jakarta Pusat",,dokter-umum,2025-06-15 03:15:40
dr. Rara Naomi Noveria Tampubolon,Dokter Umum,halodoc,"Setiabudi, Jakarta Selatan",,dokter-umum,2025-06-15 03:15:42
dr. Rashellya Rasyida,Dokter Umum,halodoc,"Setiabudi, Jakarta Selatan",,dokter-umum,2025-06-15 03:15:42
dr. Rasi Sallang,Dokter Umum,halodoc,"Setiabudi, Jakarta Selatan",,dokter-umum,2025-06-15 03:15:42
dr. Rasyah Aisyah Isti,Dokter Umum,Klinik Utama dr. Misbah Yossudarso Rumbai Pekanbaru,"Rumbai, Kota Pekanbaru",,dokter-umum,2025-06-15 03:15:42
dr. Ratih Kumala Sari,Dokter Umum,halodoc,"Setiabudi, Jakarta Selatan",,dokter-umum,2025-06-15 03:15:42
Dr. Ratih Paradini,Dokter Umum,halodoc,"Setiabudi, Jakarta Selatan",,dokter-umum,2025-06-15 03:15:42
dr. Ratih Purwanti,Dokter Umum,Rumah Vaksinasi GDC Depok,"Sukmajaya, Depok",,dokter-umum,2025-06-15 03:15:42
Dr. Ratih Purwanti,Dokter Umum,Rumah Vaksinasi GDC Depok,"Sukmajaya, Depok",,dokter-umum,2025-06-15 03:15:42
Dr. Ratih Puspa Wardani,Dokter Umum,halodoc,"Setiabudi, Jakarta Selatan",,dokter-umum,2025-06-15 03:15:42
dr. Ratih Wulan Kusumahapsari,Dokter Umum,halodoc,"Setiabudi, Jakarta Selatan",,dokter-umum,2025-06-15 03:15:42
Dr. Ratna,Dokter Umum,Praktek Dokter Umum Ratna,"Beji, Depok",,dokter-umum,2025-06-15 03:15:45
Dr. Ratna Ayu Wulandari,Dokter Umum,halodoc,"Setiabudi, Jakarta Selatan",,dokter-umum,2025-06-15 03:15:45
dr. Ratna Dewi Kumala Sari,Dokter Umum,Klinik Pratama Shabira Husada,"Sukun, Kota Malang",,dokter-umum,2025-06-15 03:15:45
Dr. Ratna Elya,Dokter Umum,halodoc,"Setiabudi, Jakarta Selatan",,dokter-umum,2025-06-15 03:15:45
drg. Ratna Irawati,Dokter Umum,drg.Ratna Irawati,"Purwokerto Timur, Kabupaten Banyumas",,dokter-umum,2025-06-15 03:15:45
dr. Ratna Ningsih,Dokter Umum,Klinik Bakti Asih,"Pancoran Mas, Depok",,dokter-umum,2025-06-15 03:15:45
dr. Ratna Sunita,Dokter Umum,Klinik Kusuma Medika.,"Telukjambe Timur, Kabupaten Karawang",,dokter-umum,2025-06-15 03:15:45
Ratnani Hidayat,Dokter Umum,halodoc,"Setiabudi, Jakarta Selatan",,dokter-umum,2025-06-15 03:15:45
Dr. Ratnasyari Chaidir,Dokter Umum,halodoc,"Setiabudi, Jakarta Selatan",,dokter-umum,2025-06-15 03:15:45
Dr. Ratnawati Harijanto MSc.,Dokter Umum,halodoc,"Setiabudi, Jakarta Selatan",,dokter-umum,2025-06-15 03:15:45
Dr. Ratning Titissari,Dokter Umum,halodoc,"Setiabudi, Jakarta Selatan",,dokter-umum,2025-06-15 03:15:47
Dr. Ratri Cahya,Dokter Umum,halodoc,"Setiabudi, Jakarta Selatan",,dokter-umum,2025-06-15 03:15:47
Ratriningdyah Dewi Untari Afrianti,Dokter Umum,halodoc,"Setiabudi, Jakarta Selatan",,dokter-umum,2025-06-15 03:15:47
Dr. Ratu Adini Yandi,Dokter Umum,halodoc,"Setiabudi, Jakarta Selatan",,dokter-umum,2025-06-15 03:15:47
dr. Ratu Rosaline Megawiranto Putri,Dokter Umum,halodoc,"Setiabudi, Jakarta Selatan",,dokter-umum,2025-06-15 03:15:47
Dr. Ratu Zahra,Dokter Umum,Klinik Pratama Rawat Inap Al-Fatih Medika 1,"Majalaya, Kabupaten Karawang",,dokter-umum,2025-06-15 03:15:47
Dr. Ratu Zahra Azqia Nur,Dokter Umum,dr Ratu Zahea Azqia Nur,"Telukjambe Barat, Kabupaten Karawang",,dokter-umum,2025-06-15 03:15:47
Dr. Ray Siska,Dokter Umum,Praktek Dokter Umum.,"Cilincing, Jakarta Utara",,dokter-umum,2025-06-15 03:15:47
Dr. Rayhana,Dokter Umum,halodoc,"Setiabudi, Jakarta Selatan",,dokter-umum,2025-06-15 03:15:47
dr. Rayma Hayati,Dokter Umum,halodoc,"Setiabudi, Jakarta Selatan",,dokter-umum,2025-06-15 03:15:47
Dr. Raymond Jeremy Saerang,Dokter Umum,halodoc,"Setiabudi, Jakarta Selatan",,dokter-umum,2025-06-15 03:15:50
Dr. Raymond Oenleng MARS,Dokter Umum,APOTEK ORCHARD,"Kelapa Gading, Jakarta Utara",,dokter-umum,2025-06-15 03:15:50
Dr. Raymond Tanjung,Dokter Umum,halodoc,"Setiabudi, Jakarta Selatan",,dokter-umum,2025-06-15 03:15:50
dr Raysa Irzami,Dokter Umum,0,"Bekasi Selatan, Bekasi",,dokter-umum,2025-06-15 03:15:50
Dr. Rayvivant Izzunmaulanaa R,Dokter Umum,halodoc,"Setiabudi, Jakarta Selatan",,dokter-umum,2025-06-15 03:15:50
dr. Rd Yunina Endang Sari,Dokter Umum,halodoc,"Setiabudi, Jakarta Selatan",,dokter-umum,2025-06-15 03:15:50
drg Rd. Idham Darmawan Yusup,Dokter Umum,klinik dokter anna karawang,"Tegalwaru, Kabupaten Karawang",,dokter-umum,2025-06-15 03:15:50
Dr. Really Mal Karamah,Dokter Umum,halodoc,"Setiabudi, Jakarta Selatan",,dokter-umum,2025-06-15 03:15:50
dr. Rebecca Aurora,Dokter Umum,RS Umum Daerah Cilincing,"Cilincing, Jakarta Utara",,dokter-umum,2025-06-15 03:15:50
dr. Reddy Harindroputra,Dokter Umum,Kalibata City,"Mampang Prapatan, Jakarta Selatan",,dokter-umum,2025-06-15 03:15:50
dr. Redi Widianto,Dokter Umum,Klinik Umum dan Lab 24 Jam (Klinik Mawar Medika),"Pinang, Tangerang",,dokter-umum,2025-06-15 03:15:52
dr. Reditya Anggarani,Dokter Umum,halodoc,"Setiabudi, Jakarta Selatan",,dokter-umum,2025-06-15 03:15:52
dr. Redo Ade Badyo,Dokter Umum,halodoc,"Setiabudi, Jakarta Selatan",,dokter-umum,2025-06-15 03:15:52
Dr. Reevaldo Calvin,Dokter Umum,halodoc,"Setiabudi, Jakarta Selatan",,dokter-umum,2025-06-15 03:15:52
dr. Refa Nabila,Dokter Umum,halodoc,"Setiabudi, Jakarta Selatan",,dokter-umum,2025-06-15 03:15:52
dr Refa Perdana,Dokter Umum,halodoc,"Setiabudi, Jakarta Selatan",,dokter-umum,2025-06-15 03:15:52
Regar Adi Trianto,Dokter Umum,halodoc,"Setiabudi, Jakarta Selatan",,dokter-umum,2025-06-15 03:15:52
dr Regi Azistha Amri,Dokter Umum,halodoc,"Setiabudi, Jakarta Selatan",,dokter-umum,2025-06-15 03:15:52
Regianti,Dokter Umum,Klinik Kimia Farma Singaparna,"Singaparna, Kabupaten Tasikmalaya",,dokter-umum,2025-06-15 03:15:52
dr. Regina Agape Christy Toding,Dokter Umum,halodoc,"Setiabudi, Jakarta Selatan",,dokter-umum,2025-06-15 03:15:52
dr Regina Anjani Budi Pratiwi,Dokter Umum,halodoc,"Setiabudi, Jakarta Selatan",,dokter-umum,2025-06-15 03:15:55
Dr. Regina Paranggian Lumbantoruan,Dokter Umum,halodoc,"Setiabudi, Jakarta Selatan",,dokter-umum,2025-06-15 03:15:55
dr. Regina Putri Apriza,Dokter Umum,halodoc,"Setiabudi, Jakarta Selatan",,dokter-umum,2025-06-15 03:15:55
dr. Regina Septiani,Dokter Umum,halodoc,"Setiabudi, Jakarta Selatan",,dokter-umum,2025-06-15 03:15:55
Dr. Regina Suriawinata,Dokter Umum,Apotik Mandapa Farma,"Bogor Barat, Bogor",,dokter-umum,2025-06-15 03:15:55
Dr. Regina Talitha Rosa,Dokter Umum,halodoc,"Setiabudi, Jakarta Selatan",,dokter-umum,2025-06-15 03:15:55
dr. Regina Triswara,Dokter Umum,halodoc,"Setiabudi, Jakarta Selatan",,dokter-umum,2025-06-15 03:15:55
dr. Reinsy Novi,Dokter Umum,halodoc,"Setiabudi, Jakarta Selatan",,dokter-umum,2025-06-15 03:15:55
dr. Reisya Gina Nurfajri,Dokter Umum,halodoc,"Setiabudi, Jakarta Selatan",,dokter-umum,2025-06-15 03:15:55
Dr. Renal Yusuf,Dokter Umum,Apotek K24 Bintang Farma,"Pondok Gede, Bekasi",,dokter-umum,2025-06-15 03:15:55
Dr. Renal Yusuf,Dokter Umum,halodoc,"Setiabudi, Jakarta Selatan",,dokter-umum,2025-06-15 03:15:58
dr. Renaningtyas Tambun,Dokter Umum,RS St. Carolus Salemba,"Senen, Jakarta Pusat",,dokter-umum,2025-06-15 03:15:58
dr. Renata Ekanindya Anggadewi,Dokter Umum,halodoc,"Setiabudi, Jakarta Selatan",,dokter-umum,2025-06-15 03:15:58
dr. Rendi Aji Ariawan,Dokter Umum,halodoc,"Setiabudi, Jakarta Selatan",,dokter-umum,2025-06-15 03:15:58
dr. Rendi Faris Anggono,Dokter Umum,halodoc,"Setiabudi, Jakarta Selatan",,dokter-umum,2025-06-15 03:15:58
dr. Rendi Mariori,Dokter Umum,halodoc,"Setiabudi, Jakarta Selatan",,dokter-umum,2025-06-15 03:15:58
dr. Rendi Prawira,Dokter Umum,halodoc,"Setiabudi, Jakarta Selatan",,dokter-umum,2025-06-15 03:15:58
Dr. Rendy Franiko,Dokter Umum,halodoc,"Setiabudi, Jakarta Selatan",,dokter-umum,2025-06-15 03:15:58
Dr. Rendy Hendrawinata A,Dokter Umum,halodoc,"Setiabudi, Jakarta Selatan",,dokter-umum,2025-06-15 03:15:58
dr. Rendy Nur Rizaldi,Dokter Umum,Klinik Utama Fakhira,"Setiabudi, Jakarta Selatan",,dokter-umum,2025-06-15 03:15:58
dr. Rendy Nur Rizaldi,Dokter Umum,Klinik Utama Fakhira,"Setiabudi, Jakarta Selatan",,dokter-umum,2025-06-15 03:16:00
dr. Rendy Nur Rizaldi,Dokter Umum,Klinik Utama Fakhira,"Setiabudi, Jakarta Selatan",,dokter-umum,2025-06-15 03:16:00
dr. Rendy Singgih,Dokter Umum,Rumah Sakit Emhaka,"Medan Satria, Bekasi",,dokter-umum,2025-06-15 03:16:00
dr. Rengganis Praswitasari,Dokter Umum,dr. Rengganis Praswitasari,"Candi, Kabupaten Sidoarjo",,dokter-umum,2025-06-15 03:16:00
dr. Reni Anita Rachman,Dokter Umum,halodoc,"Setiabudi, Jakarta Selatan",,dokter-umum,2025-06-15 03:16:00
dr. Reni Indriana Garfini,Dokter Umum,Praktek dr. Raden Reni Indriana Garfini,"Bojongsari, Depok",,dokter-umum,2025-06-15 03:16:00
dr. Reni Indriana Garfini,Dokter Umum,Praktek dr. Raden Reni Indriana Garfini,"Bojongsari, Depok",,dokter-umum,2025-06-15 03:16:00
dr. Reni Indriana Garfini,Dokter Umum,Praktek dr. Raden Reni Indriana Garfini,"Bojongsari, Depok",,dokter-umum,2025-06-15 03:16:00
dr. Reni Indriana Garfini,Dokter Umum,Praktek dr. Raden Reni Indriana Garfini,"Bojongsari, Depok",,dokter-umum,2025-06-15 03:16:00
dr Reni Lesmanasari,Dokter Umum,Klinik Aulia,"Cikarang Selatan, Kabupaten Bekasi",,dokter-umum,2025-06-15 03:16:00
dr. Reni Wahyu Novianti,Dokter Umum,Apotek Kimia Farma Ngesrep,"Banyumanik, Kota Semarang",,dokter-umum,2025-06-15 03:16:03
Dr. Reni Yunianti,Dokter Umum,halodoc,"Setiabudi, Jakarta Selatan",,dokter-umum,2025-06-15 03:16:03
Dr. Renny Anggraini,Dokter Umum,halodoc,"Setiabudi, Jakarta Selatan",,dokter-umum,2025-06-15 03:16:03
Dr. Reno Waisyah,Dokter Umum,halodoc,"Setiabudi, Jakarta Selatan",,dokter-umum,2025-06-15 03:16:03
dr. Reno Wiriyah,Dokter Umum,KLINIK PRATAMA AVINA,"Pondok Aren, Tangerang Selatan",,dokter-umum,2025-06-15 03:16:03
dr. Reny Fitriani,Dokter Umum,Klinik Utama Prima Medika Ciledug,"Ciledug, Tangerang",,dokter-umum,2025-06-15 03:16:03
dr. Reny Fitriani,Dokter Umum,Klinik pratama Prima Medika,"Cilamaya Wetan, Kabupaten Karawang",,dokter-umum,2025-06-15 03:16:03
Dr. Reny Kartini,Dokter Umum,halodoc,"Setiabudi, Jakarta Selatan",,dokter-umum,2025-06-15 03:16:03
Dr. Hj. Repelita Witri,Dokter Umum,halodoc,"Setiabudi, Jakarta Selatan",,dokter-umum,2025-06-15 03:16:03
dr. Resa Agustian,Dokter Umum,Pratama Yardi Prima,"Tambun Selatan, Kabupaten Bekasi",,dokter-umum,2025-06-15 03:16:03
dr. Resa Ayunindra DP,Dokter Umum,halodoc,"Setiabudi, Jakarta Selatan",,dokter-umum,2025-06-15 03:16:06
dr. Resky Amalia Herman,Dokter Umum,halodoc,"Setiabudi, Jakarta Selatan",,dokter-umum,2025-06-15 03:16:06
dr. Resti Cahyani,Dokter Umum,halodoc,"Setiabudi, Jakarta Selatan",,dokter-umum,2025-06-15 03:16:06
Dr. Resti Novriana,Dokter Umum,halodoc,"Setiabudi, Jakarta Selatan",,dokter-umum,2025-06-15 03:16:06
dr. Resti Putri Pratiwi,Dokter Umum,halodoc,"Setiabudi, Jakarta Selatan",,dokter-umum,2025-06-15 03:16:06
dr. Resti Syafitri,Dokter Umum,halodoc,"Setiabudi, Jakarta Selatan",,dokter-umum,2025-06-15 03:16:06
Dr. Restu Evanila Putri,Dokter Umum,halodoc,"Setiabudi, Jakarta Selatan",,dokter-umum,2025-06-15 03:16:06
dr. Restu Pamanggih,Dokter Umum,halodoc,"Setiabudi, Jakarta Selatan",,dokter-umum,2025-06-15 03:16:06
dr. Retania Sandira,Dokter Umum,halodoc,"Setiabudi, Jakarta Selatan",,dokter-umum,2025-06-15 03:16:06
dr. Retman Hartoni,Dokter Umum,halodoc,"Setiabudi, Jakarta Selatan",,dokter-umum,2025-06-15 03:16:06
dr. Retno Ayu,Dokter Umum,halodoc,"Setiabudi, Jakarta Selatan",,dokter-umum,2025-06-15 03:16:08
dr. Retno Ayu Adhisty Sp. A,Dokter Umum,Klinik Utama Rengganis,"Tuban, Kabupaten Tuban",,dokter-umum,2025-06-15 03:16:08
dr. Retno Indrarini,Dokter Umum,Klinik Kimia Farma Simpang Cilegon,"Jombang, Kota Cilegon",,dokter-umum,2025-06-15 03:16:08
Dr. Retno Puspaningtyas,Dokter Umum,halodoc,"Setiabudi, Jakarta Selatan",,dokter-umum,2025-06-15 03:16:08
dr. Retno Widowati,Dokter Umum,Klinik Annurani,"Setiabudi, Jakarta Selatan",,dokter-umum,2025-06-15 03:16:08
Dr. Revina Amalia Saputra,Dokter Umum,halodoc,"Setiabudi, Jakarta Selatan",,dokter-umum,2025-06-15 03:16:08
dr. Rey Mas Fakhrury,Dokter Umum,halodoc,"Setiabudi, Jakarta Selatan",,dokter-umum,2025-06-15 03:16:08
dr. Reyhansyah Rachmadhyan,Dokter Umum,halodoc,"Setiabudi, Jakarta Selatan",,dokter-umum,2025-06-15 03:16:08
dr. Reza Akbar Nasution,Dokter Umum,halodoc,"Setiabudi, Jakarta Selatan",,dokter-umum,2025-06-15 03:16:08
dr. Reza Armansyah,Dokter Umum,N-Lab Khitan Karapitan,"Lengkong, Kota Bandung",,dokter-umum,2025-06-15 03:16:08
dr. Reza Atqia,Dokter Umum,halodoc,"Setiabudi, Jakarta Selatan",,dokter-umum,2025-06-15 03:16:11
dr. Reza Fauzi,Dokter Umum,dr Reza Fauzi,"Bekasi Selatan, Bekasi",,dokter-umum,2025-06-15 03:16:11
dr. Reza Fauzi,Dokter Umum,Klinik Pratama Menssana Harapan,"Tarumajaya, Kabupaten Bekasi",,dokter-umum,2025-06-15 03:16:11
dr. Reza Fauzi,Dokter Umum,Klinik Pratama Menssana Harapan,"Tarumajaya, Kabupaten Bekasi",,dokter-umum,2025-06-15 03:16:11
dr. Reza Fauzi,Dokter Umum,Klinik Pratama Menssana Harapan,"Tarumajaya, Kabupaten Bekasi",,dokter-umum,2025-06-15 03:16:11
dr. Reza Fauzi,Dokter Umum,Klinik Pratama Menssana Harapan,"Tarumajaya, Kabupaten Bekasi",,dokter-umum,2025-06-15 03:16:11
Dr. Reza Gharba Anggara,Dokter Umum,halodoc,"Setiabudi, Jakarta Selatan",,dokter-umum,2025-06-15 03:16:11
dr. Reza P,Dokter Umum,KLINIK PRATAMA KEMANG MEDIKA,"Pasar Minggu, Jakarta Selatan",,dokter-umum,2025-06-15 03:16:11
dr. Reza Pahlevi,Dokter Umum,RSU Wira Husada,"Kota Kisaran Barat, Kabupaten Asahan",,dokter-umum,2025-06-15 03:16:11
dr. Reza Septian Noorady,Dokter Umum,KLINIK PERMATA HATI CILILIN,"Margahayu, Kabupaten Bandung",,dokter-umum,2025-06-15 03:16:11
dr. Rezka Fadillah Yefri,Dokter Umum,halodoc,"Setiabudi, Jakarta Selatan",,dokter-umum,2025-06-15 03:16:13
Rezka Silvawan,Dokter Umum,halodoc,"Setiabudi, Jakarta Selatan",,dokter-umum,2025-06-15 03:16:13
dr. Rezki Yulianti,Dokter Umum,halodoc,"Setiabudi, Jakarta Selatan",,dokter-umum,2025-06-15 03:16:13
dr. Rheza Rizaldy,Dokter Umum,halodoc,"Setiabudi, Jakarta Selatan",,dokter-umum,2025-06-15 03:16:13
dr. Rhisa Oviani MMR,Dokter Umum,halodoc,"Setiabudi, Jakarta Selatan",,dokter-umum,2025-06-15 03:16:13
dr. Ria Arisandi,Dokter Umum,halodoc,"Setiabudi, Jakarta Selatan",,dokter-umum,2025-06-15 03:16:13
dr. Ria Janita,Dokter Umum,halodoc,"Setiabudi, Jakarta Selatan",,dokter-umum,2025-06-15 03:16:13
Dr. Ria Meilita Berlian,Dokter Umum,halodoc,"Setiabudi, Jakarta Selatan",,dokter-umum,2025-06-15 03:16:13
dr. Ria Nur Rachmawaty,Dokter Umum,halodoc,"Setiabudi, Jakarta Selatan",,dokter-umum,2025-06-15 03:16:13
dr. Ria Puspita Sari,Dokter Umum,KLINIK DAWA,"Beji, Depok",,dokter-umum,2025-06-15 03:16:13
dr. Ria Puspita Sari,Dokter Umum,dr. Ria puspita sari SPA,"Gambir, Jakarta Pusat",,dokter-umum,2025-06-15 03:16:16
Dr. Rian Riastika,Dokter Umum,halodoc,"Setiabudi, Jakarta Selatan",,dokter-umum,2025-06-15 03:16:16
dr. Rian Wijaya,Dokter Umum,APOTIK SENTRAL,"Penjaringan, Jakarta Utara",,dokter-umum,2025-06-15 03:16:16
dr. Riana Wijaya,Dokter Umum,APOTEK SENTRAL.,"Bogor Utara, Bogor",,dokter-umum,2025-06-15 03:16:16
Dr. Rianda Afrilia Ardiani,Dokter Umum,halodoc,"Setiabudi, Jakarta Selatan",,dokter-umum,2025-06-15 03:16:16
dr. Riany Jade Sabrina Toisuta,Dokter Umum,halodoc,"Setiabudi, Jakarta Selatan",,dokter-umum,2025-06-15 03:16:16
Dr. Ribka Rosita Siregar,Dokter Umum,halodoc,"Setiabudi, Jakarta Selatan",,dokter-umum,2025-06-15 03:16:16
dr. Ricca Octora Putri,Dokter Umum,halodoc,"Setiabudi, Jakarta Selatan",,dokter-umum,2025-06-15 03:16:16
dr. Richard Edwin Nerchan,Dokter Umum,Klinik Abdi Mulia,"Sukomanunggal, Kota Surabaya",,dokter-umum,2025-06-15 03:16:16
dr. Richard Guntur B,Dokter Umum,halodoc,"Setiabudi, Jakarta Selatan",,dokter-umum,2025-06-15 03:16:16
dr. Richard Leonardo,Dokter Umum,halodoc,"Setiabudi, Jakarta Selatan",,dokter-umum,2025-06-15 03:16:18
Richard Leonardo,Dokter Umum,halodoc,"Setiabudi, Jakarta Selatan",,dokter-umum,2025-06-15 03:16:18
dr. Richky Nurhakim,Dokter Umum,halodoc,"Setiabudi, Jakarta Selatan",,dokter-umum,2025-06-15 03:16:18
dr. Richyan Swarna Chandra,Dokter Umum,halodoc,"Setiabudi, Jakarta Selatan",,dokter-umum,2025-06-15 03:16:18
Ricko Ciady,Dokter Umum,halodoc,"Setiabudi, Jakarta Selatan",,dokter-umum,2025-06-15 03:16:18
dr. Ricky Dwi Putra,Dokter Umum,Rumah Sunat Premium,"Tenayan Raya, Kota Pekanbaru",,dokter-umum,2025-06-15 03:16:18
dr. Ricky Fajar Adiputra,Dokter Umum,Rumah Sakit Ibu Dan Anak Puri Bunda,"Blimbing, Kota Malang",,dokter-umum,2025-06-15 03:16:18
dr. Ricky Hutasoit,Dokter Umum,halodoc,"Setiabudi, Jakarta Selatan",,dokter-umum,2025-06-15 03:16:18
dr. Ricky Pratama Putra,Dokter Umum,Klinik Ahmad Yani Medika,"Karawang Barat, Kabupaten Karawang",,dokter-umum,2025-06-15 03:16:18
dr. Ricky Pratama Putra,Dokter Umum,Klinik Teluk Jambe Medika,"Telukjambe Timur, Kabupaten Karawang",,dokter-umum,2025-06-15 03:16:18
dr Ricky Pratama Putra,Dokter Umum,Klinik Ahmad Yani Medika,"Karawang Barat, Kabupaten Karawang",,dokter-umum,2025-06-15 03:16:21
"Ricky Suwandi, dr., MM., MARS",Dokter Umum,halodoc,"Setiabudi, Jakarta Selatan",,dokter-umum,2025-06-15 03:16:21
dr. Rico Aditya,Dokter Umum,halodoc,"Setiabudi, Jakarta Selatan",,dokter-umum,2025-06-15 03:16:21
dr. Rico Gandy,Dokter Umum,halodoc,"Setiabudi, Jakarta Selatan",,dokter-umum,2025-06-15 03:16:21
dr. Ridha Surya Nugraha,Dokter Umum,RSUD Al Ihsan Provinsi Jawa Barat,"Baleendah, Kabupaten Bandung",,dokter-umum,2025-06-15 03:16:21
Dr. Ridho Fahlevy,Dokter Umum,halodoc,"Setiabudi, Jakarta Selatan",,dokter-umum,2025-06-15 03:16:21
dr. Ridho Pambudi,Dokter Umum,halodoc,"Setiabudi, Jakarta Selatan",,dokter-umum,2025-06-15 03:16:21
dr. Ridhola Fitbriansyah,Dokter Umum,halodoc,"Setiabudi, Jakarta Selatan",,dokter-umum,2025-06-15 03:16:21
dr. Rido Mulawarman,Dokter Umum,halodoc,"Setiabudi, Jakarta Selatan",,dokter-umum,2025-06-15 03:16:21
dr. Riduan Adoro Lumban Gaol,Dokter Umum,RSIA Viola,"Babelan, Kabupaten Bekasi",,dokter-umum,2025-06-15 03:16:21
dr. Ridwan Harun Siregar,Dokter Umum,Klinik Raga Sehat,"Karawang Barat, Kabupaten Karawang",,dokter-umum,2025-06-15 03:16:24
dr. Ridwan Harun Siregar,Dokter Umum,Klinik Raga Sehat,"Karawang Barat, Kabupaten Karawang",,dokter-umum,2025-06-15 03:16:24
dr. Ridwan Harun Siregar,Dokter Umum,Klinik Raga Sehat,"Karawang Barat, Kabupaten Karawang",,dokter-umum,2025-06-15 03:16:24
dr. Ridwan Harun Siregar,Dokter Umum,Klinik Raga Sehat,"Karawang Barat, Kabupaten Karawang",,dokter-umum,2025-06-15 03:16:24
dr. Ridwan Harun Siregar,Dokter Umum,Klinik Raga Sehat,"Karawang Barat, Kabupaten Karawang",,dokter-umum,2025-06-15 03:16:24
dr. Ridwan Ramadhan,Dokter Umum,halodoc,"Setiabudi, Jakarta Selatan",,dokter-umum,2025-06-15 03:16:24
Dr. Rien Novia Maulida,Dokter Umum,halodoc,"Setiabudi, Jakarta Selatan",,dokter-umum,2025-06-15 03:16:24
dr. Rifa Roazah,Dokter Umum,halodoc,"Setiabudi, Jakarta Selatan",,dokter-umum,2025-06-15 03:16:24
dr. Rifai Syarif Abdullah,Dokter Umum,halodoc,"Setiabudi, Jakarta Selatan",,dokter-umum,2025-06-15 03:16:24
dr. Rifin Mariana,Dokter Umum,Apotek dan Klinik Kimia Farma Kosambi,"Klari, Kabupaten Karawang",,dokter-umum,2025-06-15 03:16:24
Rifka Ayu Andraina,Dokter Umum,halodoc,"Setiabudi, Jakarta Selatan",,dokter-umum,2025-06-15 03:16:26
Dr. Rifka Humaida,Dokter Umum,halodoc,"Setiabudi, Jakarta Selatan",,dokter-umum,2025-06-15 03:16:26
dr. Rifki Fadillah,Dokter Umum,Prakter Dokter Rifqi Fadillah,"Balaraja, Kabupaten Tangerang",,dokter-umum,2025-06-15 03:16:26
dr. Rifki Muhamad Faisal,Dokter Umum,Klinik Gardenia Medika,"Cakung, Jakarta Timur",,dokter-umum,2025-06-15 03:16:26
dr. Rifky Habib Amperawan,Dokter Umum,halodoc,"Setiabudi, Jakarta Selatan",,dokter-umum,2025-06-15 03:16:26
dr. Rifqi Ardi Firmansyah,Dokter Umum,halodoc,"Setiabudi, Jakarta Selatan",,dokter-umum,2025-06-15 03:16:26
dr. Rifqi Fadilah,Dokter Umum,Prakter Dokter Rifqi Fadillah,"Balaraja, Kabupaten Tangerang",,dokter-umum,2025-06-15 03:16:26
dr Rifqi Fadillah,Dokter Umum,Prakter Dokter Rifqi Fadillah,"Balaraja, Kabupaten Tangerang",,dokter-umum,2025-06-15 03:16:26
Dr. Rigar David Sungkono,Dokter Umum,halodoc,"Setiabudi, Jakarta Selatan",,dokter-umum,2025-06-15 03:16:26
dr. Rika Evadewy Tan,Dokter Umum,halodoc,"Setiabudi, Jakarta Selatan",,dokter-umum,2025-06-15 03:16:26
Dr. Rikano Lutasema,Dokter Umum,halodoc,"Setiabudi, Jakarta Selatan",,dokter-umum,2025-06-15 03:16:29
dr. Riki,Dokter Umum,halodoc,"Setiabudi, Jakarta Selatan",,dokter-umum,2025-06-15 03:16:29
Dr. Riki Fajar Rahmadila,Dokter Umum,KLINIK PRATAMA CENGKONG KELUARGA MEDIKA,"Purwasari, Kabupaten Karawang",,dokter-umum,2025-06-15 03:16:29
Dr. Riki Nofiandi,Dokter Umum,halodoc,"Setiabudi, Jakarta Selatan",,dokter-umum,2025-06-15 03:16:29
Dr. Rikka,Dokter Umum,APOTEK ROXY,"Bekasi Selatan, Bekasi",,dokter-umum,2025-06-15 03:16:29
Dr. Rikka Mulya Wirman,Dokter Umum,BWCC Bekasi,"Bekasi Selatan, Bekasi",,dokter-umum,2025-06-15 03:16:29
dr. Riky Frinando,Dokter Umum,halodoc,"Setiabudi, Jakarta Selatan",,dokter-umum,2025-06-15 03:16:29
Dr. Rilya Demardi,Dokter Umum,halodoc,"Setiabudi, Jakarta Selatan",,dokter-umum,2025-06-15 03:16:29
Dr. Rima Feranika Zusri,Dokter Umum,halodoc,"Setiabudi, Jakarta Selatan",,dokter-umum,2025-06-15 03:16:29
dr. Rima Novia Sardini,Dokter Umum,halodoc,"Setiabudi, Jakarta Selatan",,dokter-umum,2025-06-15 03:16:29
Dr. Rima Novisca Jasmadi,Dokter Umum,halodoc,"Setiabudi, Jakarta Selatan",,dokter-umum,2025-06-15 03:16:31
dr Rina Andayani,Dokter Umum,halodoc,"Setiabudi, Jakarta Selatan",,dokter-umum,2025-06-15 03:16:31
dr. Rina Anggraini,Dokter Umum,Dokter Rina Anggraini,"Jepara, Kabupaten Jepara",,dokter-umum,2025-06-15 03:16:31
dr. Rina Novitriani,Dokter Umum,halodoc,"Setiabudi, Jakarta Selatan",,dokter-umum,2025-06-15 03:16:31
Dr. Rina Vita,Dokter Umum,dr Rina Vita,"Kemayoran, Jakarta Pusat",,dokter-umum,2025-06-15 03:16:31
Dr. Rina Wulandari,Dokter Umum,halodoc,"Setiabudi, Jakarta Selatan",,dokter-umum,2025-06-15 03:16:31
Rinaldi,Dokter Umum,halodoc,"Setiabudi, Jakarta Selatan",,dokter-umum,2025-06-15 03:16:31
dr. Rinaldy Agung Kurnia,Dokter Umum,halodoc,"Setiabudi, Jakarta Selatan",,dokter-umum,2025-06-15 03:16:31
dr. Rindy Alief Puspitasari M.H.,Dokter Umum,halodoc,"Setiabudi, Jakarta Selatan",,dokter-umum,2025-06-15 03:16:31
Dr. Rini Aprilia,Dokter Umum,halodoc,"Setiabudi, Jakarta Selatan",,dokter-umum,2025-06-15 03:16:31
Dr. Rini Ardianti Alwi,Dokter Umum,halodoc,"Setiabudi, Jakarta Selatan",,dokter-umum,2025-06-15 03:16:34
dr. Rini Santosa,Dokter Umum,halodoc,"Setiabudi, Jakarta Selatan",,dokter-umum,2025-06-15 03:16:34
Dr. Rini Widyastuti,Dokter Umum,halodoc,"Setiabudi, Jakarta Selatan",,dokter-umum,2025-06-15 03:16:34
Dr. Riniwati,Dokter Umum,halodoc,"Setiabudi, Jakarta Selatan",,dokter-umum,2025-06-15 03:16:34
dr. Rinsanny Falensia,Dokter Umum,halodoc,"Setiabudi, Jakarta Selatan",,dokter-umum,2025-06-15 03:16:34
Dr. Rio Adhi Wicaksono,Dokter Umum,Jagoan Khitan,"Tanjung Priok, Jakarta Utara",,dokter-umum,2025-06-15 03:16:34
dr. Rio Alexander,Dokter Umum,Klinik Oilia Medical Centre Rorotan,"Cilincing, Jakarta Utara",,dokter-umum,2025-06-15 03:16:34
Dr. Rio Alexender,Dokter Umum,Klinik Oilia Medical Centre Rorotan,"Cilincing, Jakarta Utara",,dokter-umum,2025-06-15 03:16:34
Dr. Rio Insan Riadi,Dokter Umum,GHIYATSA MEDIKA,"Telukjambe Timur, Kabupaten Karawang",,dokter-umum,2025-06-15 03:16:34
dr. Rio Insan Riady,Dokter Umum,GHIYATSA MEDIKA,"Telukjambe Timur, Kabupaten Karawang",,dokter-umum,2025-06-15 03:16:34
dr. Rio Insan Riady,Dokter Umum,GHIYATSA MEDIKA,"Telukjambe Timur, Kabupaten Karawang",,dokter-umum,2025-06-15 03:16:36
Dr. Rio Mendung Sinaga,Dokter Umum,halodoc,"Setiabudi, Jakarta Selatan",,dokter-umum,2025-06-15 03:16:36
dr. Rio Priady,Dokter Umum,GHIYATSA MEDIKA,"Telukjambe Timur, Kabupaten Karawang",,dokter-umum,2025-06-15 03:16:36
Dr. Rio Wijayanto,Dokter Umum,halodoc,"Setiabudi, Jakarta Selatan",,dokter-umum,2025-06-15 03:16:36
dr. Ririn Azhari,Dokter Umum,halodoc,"Setiabudi, Jakarta Selatan",,dokter-umum,2025-06-15 03:16:36
Dr. Ririn Lausarina,Dokter Umum,halodoc,"Setiabudi, Jakarta Selatan",,dokter-umum,2025-06-15 03:16:36
dr. Ririn Mariana,Dokter Umum,Apotek dan Klinik Kimia Farma Kosambi,"Klari, Kabupaten Karawang",,dokter-umum,2025-06-15 03:16:36
dr. Ririn Mariana,Dokter Umum,Apotek dan Klinik Kimia Farma Kosambi,"Klari, Kabupaten Karawang",,dokter-umum,2025-06-15 03:16:36
dr. Ririn Mariana,Dokter Umum,Apotek dan Klinik Kimia Farma Kosambi,"Klari, Kabupaten Karawang",,dokter-umum,2025-06-15 03:16:36
Dr. Ririn Purwati,Dokter Umum,Praktek Dokter Umum Dr. Ririn Purwati,"Mustika Jaya, Bekasi",,dokter-umum,2025-06-15 03:16:36
Dr. Ririn Purwati,Dokter Umum,Praktek Dokter Umum Dr. Ririn Purwati,"Mustika Jaya, Bekasi",,dokter-umum,2025-06-15 03:16:39
Dr. Ririn Purwati,Dokter Umum,Praktek Dokter Umum Dr. Ririn Purwati,"Mustika Jaya, Bekasi",,dokter-umum,2025-06-15 03:16:39
Dr. Ririn Purwati,Dokter Umum,Praktek Dokter Umum Dr. Ririn Purwati,"Mustika Jaya, Bekasi",,dokter-umum,2025-06-15 03:16:39
Dr. Ririn Purwati,Dokter Umum,Praktek Dokter Umum Dr. Ririn Purwati,"Mustika Jaya, Bekasi",,dokter-umum,2025-06-15 03:16:39
dr Riris Daru Djadmi,Dokter Umum,Apotek Sungai Bambu,"Penjaringan, Jakarta Utara",,dokter-umum,2025-06-15 03:16:39
Dr. Riris Elsa Panjaitan,Dokter Umum,halodoc,"Setiabudi, Jakarta Selatan",,dokter-umum,2025-06-15 03:16:39
dr. Risalatul Amanah,Dokter Umum,halodoc,"Setiabudi, Jakarta Selatan",,dokter-umum,2025-06-15 03:16:39
drg. Rischa Puji Lestari,Dokter Umum,Dina Puspita Dental Care,"Cempaka, Kabupaten Purwakarta",,dokter-umum,2025-06-15 03:16:39
Dr. Risfandi Ahmad Taskura,Dokter Umum,halodoc,"Setiabudi, Jakarta Selatan",,dokter-umum,2025-06-15 03:16:39
dr. Riska,Dokter Umum,Klinik Mutiara Sehat 1,"Telukjambe Timur, Kabupaten Karawang",,dokter-umum,2025-06-15 03:16:39
Dr. Riska,Dokter Umum,Klinik Mutiara Sehat (Bidan Sri Anggi),"Klari, Kabupaten Karawang",,dokter-umum,2025-06-15 03:16:42
Dr. Riska,Dokter Umum,Klinik Mutiara Sehat (Bidan Sri Anggi),"Klari, Kabupaten Karawang",,dokter-umum,2025-06-15 03:16:42
dr. Riska Kurniawati,Dokter Umum,RSUD Kebayoran Baru,"Kebayoran Baru, Jakarta Selatan",,dokter-umum,2025-06-15 03:16:42
Riska Nuraini,Dokter Umum,halodoc,"Setiabudi, Jakarta Selatan",,dokter-umum,2025-06-15 03:16:42
dr. Riska Oktavinda Utami,Dokter Umum,HAFA MEDIKA CENTRE,"Karawang Timur, Kabupaten Karawang",,dokter-umum,2025-06-15 03:16:42
dr. Riska Syahlina Rani,Dokter Umum,Klinik Mutiara Sehat (Bidan Sri Anggi),"Klari, Kabupaten Karawang",,dokter-umum,2025-06-15 03:16:42
dr. Riska Tini Arnis M.biomed,Dokter Umum,Arnis Medika,"Jatiasih, Bekasi",,dokter-umum,2025-06-15 03:16:42
dr. Riska Yudianti,Dokter Umum,halodoc,"Setiabudi, Jakarta Selatan",,dokter-umum,2025-06-15 03:16:42
Dr. Riska Yuliza,Dokter Umum,halodoc,"Setiabudi, Jakarta Selatan",,dokter-umum,2025-06-15 03:16:42
dr. Riskawaty Salim,Dokter Umum,halodoc,"Setiabudi, Jakarta Selatan",,dokter-umum,2025-06-15 03:16:42
Dr. Riske Kharisma Putri,Dokter Umum,halodoc,"Setiabudi, Jakarta Selatan",,dokter-umum,2025-06-15 03:16:45
dr. Riski Ananda,Dokter Umum,halodoc,"Setiabudi, Jakarta Selatan",,dokter-umum,2025-06-15 03:16:45
Dr. Riski Bastanta Ginting,Dokter Umum,halodoc,"Setiabudi, Jakarta Selatan",,dokter-umum,2025-06-15 03:16:45
Riski Ratnashinta Yustitia,Dokter Umum,halodoc,"Setiabudi, Jakarta Selatan",,dokter-umum,2025-06-15 03:16:45
Dr. Riskia Eka Putri,Dokter Umum,halodoc,"Setiabudi, Jakarta Selatan",,dokter-umum,2025-06-15 03:16:45
dr. Risma Orchita,Dokter Umum,halodoc,"Setiabudi, Jakarta Selatan",,dokter-umum,2025-06-15 03:16:45
Risnawati Samosir,Dokter Umum,halodoc,"Setiabudi, Jakarta Selatan",,dokter-umum,2025-06-15 03:16:45
Dr. Rista Nurul Fitria,Dokter Umum,halodoc,"Setiabudi, Jakarta Selatan",,dokter-umum,2025-06-15 03:16:45
dr. Risti Maulani Sindih,Dokter Umum,halodoc,"Setiabudi, Jakarta Selatan",,dokter-umum,2025-06-15 03:16:45
dr. Ristyadita Yuniandry,Dokter Umum,halodoc,"Setiabudi, Jakarta Selatan",,dokter-umum,2025-06-15 03:16:45
Dr. Risya Juniarti,Dokter Umum,halodoc,"Setiabudi, Jakarta Selatan",,dokter-umum,2025-06-15 03:16:47
dr. Risyaf Saladin,Dokter Umum,KLINIK PRATAMA WIDYA HUSADA,"Cakung, Jakarta Timur",,dokter-umum,2025-06-15 03:16:47
dr. Risyaf Saladin,Dokter Umum,KLINIK PRATAMA WIDYA HUSADA,"Cakung, Jakarta Timur",,dokter-umum,2025-06-15 03:16:47
dr. Rita Christanti,Dokter Umum,Yayasan Griya Sehat Indonesia,"Cikeusik, Kabupaten Pandeglang",,dokter-umum,2025-06-15 03:16:47
dr. Ritsya Aulia Isnani,Dokter Umum,halodoc,"Setiabudi, Jakarta Selatan",,dokter-umum,2025-06-15 03:16:47
Dr. Rivaldo Brahmantio Hardani S.Ked,Dokter Umum,halodoc,"Setiabudi, Jakarta Selatan",,dokter-umum,2025-06-15 03:16:47
dr. Riyadila Fajariza,Dokter Umum,halodoc,"Setiabudi, Jakarta Selatan",,dokter-umum,2025-06-15 03:16:47
dr Riyanti Amelia,Dokter Umum,Halodoc Teleconsultation,"Setiabudi, Jakarta Selatan",,dokter-umum,2025-06-15 03:16:47
Dr. Riyanti Amelia,Dokter Umum,halodoc,"Setiabudi, Jakarta Selatan",,dokter-umum,2025-06-15 03:16:47
Dr. Riza Betta Anisa,Dokter Umum,halodoc,"Setiabudi, Jakarta Selatan",,dokter-umum,2025-06-15 03:16:47
Dr. Riza Putri Octarianti,Dokter Umum,halodoc,"Setiabudi, Jakarta Selatan",,dokter-umum,2025-06-15 03:16:50
dr. Rizal Fadli,Dokter Umum,halodoc,"Setiabudi, Jakarta Selatan",https://d1ojs48v3n42tp.cloudfront.net/personnels/259674_27-6-2019_16-22-2.png,dokter-umum,2025-06-15 03:16:50
dr. Rizal Arkan Putranto,Dokter Umum,halodoc,"Setiabudi, Jakarta Selatan",,dokter-umum,2025-06-15 03:16:50
Dr. Rizka Febriani Anggita Putri,Dokter Umum,halodoc,"Setiabudi, Jakarta Selatan",,dokter-umum,2025-06-15 03:16:50
Rizka Hendriyani,Dokter Umum,halodoc,"Setiabudi, Jakarta Selatan",,dokter-umum,2025-06-15 03:16:50
dr. Rizka Leonita Fahmy,Dokter Umum,halodoc,"Setiabudi, Jakarta Selatan",,dokter-umum,2025-06-15 03:16:50
dr. Rizka Mutiara Sari,Dokter Umum,halodoc,"Setiabudi, Jakarta Selatan",,dokter-umum,2025-06-15 03:16:50
dr. Rizka Mutiarasari,Dokter Umum,Abdul Karim Klinik,"Babelan, Kabupaten Bekasi",,dokter-umum,2025-06-15 03:16:50
dr. Rizka Sekar,Dokter Umum,halodoc,"Setiabudi, Jakarta Selatan",,dokter-umum,2025-06-15 03:16:50
dr. Rizki Agung Purnama Putra,Dokter Umum,Klinik Siaga.,"Pasar Minggu, Jakarta Selatan",,dokter-umum,2025-06-15 03:16:50
dr. Rizki Al Hasani,Dokter Umum,halodoc,"Setiabudi, Jakarta Selatan",,dokter-umum,2025-06-15 03:16:52
dr. Rizki Amelia,Dokter Umum,halodoc,"Setiabudi, Jakarta Selatan",,dokter-umum,2025-06-15 03:16:52
Dr. Rizki Amelia Sinensis M.Biomed,Dokter Umum,halodoc,"Setiabudi, Jakarta Selatan",,dokter-umum,2025-06-15 03:16:52
dr. Rizki Ananda,Dokter Umum,halodoc,"Setiabudi, Jakarta Selatan",,dokter-umum,2025-06-15 03:16:52
dr. Rizki Anggardini,Dokter Umum,Klinik Pratama Rawat Inap Indira,"Cilacap Utara, Kabupaten Cilacap",,dokter-umum,2025-06-15 03:16:52
Dr. Rizki Mega Aprilia,Dokter Umum,halodoc,"Setiabudi, Jakarta Selatan",,dokter-umum,2025-06-15 03:16:52
Rizki Nirwandhi Putra,Dokter Umum,halodoc,"Setiabudi, Jakarta Selatan",,dokter-umum,2025-06-15 03:16:52
Dr. Rizki Ramadani Lubis M.Biomed,Dokter Umum,halodoc,"Setiabudi, Jakarta Selatan",,dokter-umum,2025-06-15 03:16:52
dr. Rizkia Pratiwi,Dokter Umum,halodoc,"Setiabudi, Jakarta Selatan",,dokter-umum,2025-06-15 03:16:52
Dr. Rizkia Utika Sari MKM,Dokter Umum,halodoc,"Setiabudi, Jakarta Selatan",,dokter-umum,2025-06-15 03:16:52
Dr. Rizky,Dokter Umum,KLINIK FAISHA MEDIKA,"Ciampel, Kabupaten Karawang",,dokter-umum,2025-06-15 03:16:55
dr. Rizky Afianti,Dokter Umum,halodoc,"Setiabudi, Jakarta Selatan",,dokter-umum,2025-06-15 03:16:55
dr. Rizky Agustria,Dokter Umum,halodoc,"Setiabudi, Jakarta Selatan",,dokter-umum,2025-06-15 03:16:55
Dr. Rizky Fatimah Nur,Dokter Umum,halodoc,"Setiabudi, Jakarta Selatan",,dokter-umum,2025-06-15 03:16:55
dr. Rizky Haryantari,Dokter Umum,halodoc,"Setiabudi, Jakarta Selatan",,dokter-umum,2025-06-15 03:16:55
Dr. Rizky Herna Putra,Dokter Umum,halodoc,"Setiabudi, Jakarta Selatan",,dokter-umum,2025-06-15 03:16:55
Dr. Rizky Ramadani,Dokter Umum,halodoc,"Setiabudi, Jakarta Selatan",,dokter-umum,2025-06-15 03:16:55
dr. Rizky Rizani,Dokter Umum,halodoc,"Setiabudi, Jakarta Selatan",,dokter-umum,2025-06-15 03:16:55
dr. Rizky Teguh Dwi S,Dokter Umum,Praktek dokter.,"Bukit Raya, Kota Pekanbaru",,dokter-umum,2025-06-15 03:16:55
dr. Rizto Wisuda Senuari,Dokter Umum,halodoc,"Setiabudi, Jakarta Selatan",,dokter-umum,2025-06-15 03:16:55
dr. Roat Yeti Mustafida,Dokter Umum,halodoc,"Setiabudi, Jakarta Selatan",,dokter-umum,2025-06-15 03:16:58
dr Robby Hariyanto,Dokter Umum,Klinik Abdi Mulia,"Sukomanunggal, Kota Surabaya",,dokter-umum,2025-06-15 03:16:58
dr Robby Hariyanto,Dokter Umum,Klinik Abdi Mulia,"Sukomanunggal, Kota Surabaya",,dokter-umum,2025-06-15 03:16:58
dr. Robby Hariyanto,Dokter Umum,Parahita Diagnostic Center,"Setiabudi, Jakarta Selatan",,dokter-umum,2025-06-15 03:16:58
dr. Robby Haryanto,Dokter Umum,Parahita Diagnostic Center,"Setiabudi, Jakarta Selatan",,dokter-umum,2025-06-15 03:16:58
dr. Robdhi Alimsyah Panjaitan,Dokter Umum,Klinik Bakti Asih,"Pancoran Mas, Depok",,dokter-umum,2025-06-15 03:16:58
Dr. Robert Dyorus,Dokter Umum,Klinik Dr. Robert Sitorus,"Bekasi Utara, Bekasi",,dokter-umum,2025-06-15 03:16:58
Dr. Robert O.Y.,Dokter Umum,Apotek Arumbai,"Cempaka Putih, Jakarta Pusat",,dokter-umum,2025-06-15 03:16:58
Dr. Robert Sitorus,Dokter Umum,Klinik Dr. Robert Sitorus,"Bekasi Utara, Bekasi",,dokter-umum,2025-06-15 03:16:58
dr. Robert Sitorus,Dokter Umum,Apotek 3 Farma,"Bekasi Utara, Bekasi",,dokter-umum,2025-06-15 03:16:58
dr. Roberta Charles,Dokter Umum,halodoc,"Setiabudi, Jakarta Selatan",,dokter-umum,2025-06-15 03:17:00
Dr. Rodiyah,Dokter Umum,halodoc,"Setiabudi, Jakarta Selatan",,dokter-umum,2025-06-15 03:17:00
dr. Rofi Rahmaning Widi,Dokter Umum,halodoc,"Setiabudi, Jakarta Selatan",,dokter-umum,2025-06-15 03:17:00
dr. Rofi'atul Aini,Dokter Umum,KLINIK YKPI,"Koja, Jakarta Utara",,dokter-umum,2025-06-15 03:17:00
Dr. Rohilah,Dokter Umum,Praktek Dokter Umum.,"Cilincing, Jakarta Utara",,dokter-umum,2025-06-15 03:17:00
dr. Rohilah,Dokter Umum,PRAKTEK DOKTER UMUM - Marunda,"Cilincing, Jakarta Utara",,dokter-umum,2025-06-15 03:17:00
Dr. Rohilah,Dokter Umum,Praktek dr. Rohilah,"Kotabaru, Kabupaten Karawang",,dokter-umum,2025-06-15 03:17:00
Dr. Roi Ocrico Isa,Dokter Umum,halodoc,"Setiabudi, Jakarta Selatan",,dokter-umum,2025-06-15 03:17:00
dr. Roldus Andy Bunga,Dokter Umum,halodoc,"Setiabudi, Jakarta Selatan",,dokter-umum,2025-06-15 03:17:00
dr. Romadhani Nadri,Dokter Umum,halodoc,"Setiabudi, Jakarta Selatan",,dokter-umum,2025-06-15 03:17:00
Dr. Romanita Adiyani,Dokter Umum,halodoc,"Setiabudi, Jakarta Selatan",,dokter-umum,2025-06-15 03:17:03
dr. Romi Slamet Mukti Wibowo,Dokter Umum,Praktek Dokter dan Apotek Al Fatih,"Cilincing, Jakarta Utara",,dokter-umum,2025-06-15 03:17:03
dr. Romi Wijianto,Dokter Umum,halodoc,"Setiabudi, Jakarta Selatan",,dokter-umum,2025-06-15 03:17:03
Dr. Romika Jerry,Dokter Umum,️Praktek Dokter Romika Jerry,"Cibinong, Kabupaten Bogor",,dokter-umum,2025-06-15 03:17:03
Dr. Romualdy P. Siburian,Dokter Umum,Klinik Persada Sari,"Cengkareng, Jakarta Barat",,dokter-umum,2025-06-15 03:17:03
dr. Rona Hafida Heriyanto Putri,Dokter Umum,halodoc,"Setiabudi, Jakarta Selatan",,dokter-umum,2025-06-15 03:17:03
dr. Ronaa Alief Fauziyyah,Dokter Umum,halodoc,"Setiabudi, Jakarta Selatan",,dokter-umum,2025-06-15 03:17:03
dr. Ronald,Dokter Umum,Klinik Pratama Mujur Medika Center,"Bekasi Barat, Bekasi",,dokter-umum,2025-06-15 03:17:03
dr. Ronald S. Setiawan,Dokter Umum,Praktek Dokter Umum.,"Cilincing, Jakarta Utara",,dokter-umum,2025-06-15 03:17:03
dr. Ronald Simbar,Dokter Umum,Apotek Rakyat.,"Kertak Hanyar, Kota Banjarmasin",,dokter-umum,2025-06-15 03:17:03
dr. Rori Syahnidep,Dokter Umum,halodoc,"Setiabudi, Jakarta Selatan",,dokter-umum,2025-06-15 03:17:05
dr. Rosalia Pintauli Sinaga,Dokter Umum,halodoc,"Setiabudi, Jakarta Selatan",,dokter-umum,2025-06-15 03:17:05
Rosalina Febrianti,Dokter Umum,halodoc,"Setiabudi, Jakarta Selatan",,dokter-umum,2025-06-15 03:17:05
dr. Rosalina Hutapea,Dokter Umum,halodoc,"Setiabudi, Jakarta Selatan",,dokter-umum,2025-06-15 03:17:05
dr. Rosariala Dyta,Dokter Umum,halodoc,"Setiabudi, Jakarta Selatan",,dokter-umum,2025-06-15 03:17:05
Rosnatalia Datu Arruan,Dokter Umum,halodoc,"Setiabudi, Jakarta Selatan",,dokter-umum,2025-06-15 03:17:05
dr. Rosnelina,Dokter Umum,Dokter Umum Dr.Rosnelina,"Slawi, Tegal",,dokter-umum,2025-06-15 03:17:05
Dr. Rossalia Visser,Dokter Umum,halodoc,"Setiabudi, Jakarta Selatan",,dokter-umum,2025-06-15 03:17:05
dr Rosse E G Lomboan,Dokter Umum,halodoc,"Setiabudi, Jakarta Selatan",,dokter-umum,2025-06-15 03:17:05
Rosyida Nurhamidah,Dokter Umum,halodoc,"Setiabudi, Jakarta Selatan",,dokter-umum,2025-06-15 03:17:05
dr. Rova Martika,Dokter Umum,halodoc,"Setiabudi, Jakarta Selatan",,dokter-umum,2025-06-15 03:17:08
dr. Rozaki Mara Hana,Dokter Umum,RSU PKU Muhammadiyah Kutowinangun,"Kutowinangun, Kabupaten Kebumen",,dokter-umum,2025-06-15 03:17:08
dr. Rozalina Zulvi,Dokter Umum,halodoc,"Setiabudi, Jakarta Selatan",,dokter-umum,2025-06-15 03:17:08
Dr. Rr. Pratiwi MP,Dokter Umum,halodoc,"Setiabudi, Jakarta Selatan",,dokter-umum,2025-06-15 03:17:08
dr. Rudi Agung Wahono MH.Kes.,Dokter Umum,Dokter Rudi Agung Wahono,"Bogor Tengah, Bogor",,dokter-umum,2025-06-15 03:17:08
dr. Rudi Dermawan,Dokter Umum,Prakter dr. Rudi Dermawan,"Majalaya, Kabupaten Karawang",,dokter-umum,2025-06-15 03:17:08
dr. Rudi Dermawan,Dokter Umum,dr Rudi Dermawan,"Banyusari, Kabupaten Karawang",,dokter-umum,2025-06-15 03:17:08
dr. Rudi Dermawan,Dokter Umum,dr Rudi Dermawan,"Banyusari, Kabupaten Karawang",,dokter-umum,2025-06-15 03:17:08
dr. Rudi Dermawan,Dokter Umum,dr Rudi Dermawan,"Banyusari, Kabupaten Karawang",,dokter-umum,2025-06-15 03:17:08
dr. Rudi Saputra,Dokter Umum,halodoc,"Setiabudi, Jakarta Selatan",,dokter-umum,2025-06-15 03:17:08
dr. Rudiyanto,Dokter Umum,Praktek dr. Rudiyanto,"Kemayoran, Jakarta Pusat",,dokter-umum,2025-06-15 03:17:10
Dr. Rudolf Fernando Turnip,Dokter Umum,halodoc,"Setiabudi, Jakarta Selatan",,dokter-umum,2025-06-15 03:17:10
Dr. Rudy Azry,Dokter Umum,halodoc,"Setiabudi, Jakarta Selatan",,dokter-umum,2025-06-15 03:17:10
dr. Rudy Efendi,Dokter Umum,Klinik Amanda Medika,"Bogor Barat, Bogor",,dokter-umum,2025-06-15 03:17:10
dr. Rudy Effendi,Dokter Umum,Klinik Amanda Medika,"Bogor Barat, Bogor",,dokter-umum,2025-06-15 03:17:10
dr. Rully Prasetyo Suryonugroho,Dokter Umum,halodoc,"Setiabudi, Jakarta Selatan",,dokter-umum,2025-06-15 03:17:10
dr. Rully Suwartiningsih MM,Dokter Umum,halodoc,"Setiabudi, Jakarta Selatan",,dokter-umum,2025-06-15 03:17:10
dr Rustanto Dianing Asmara,Dokter Umum,halodoc,"Setiabudi, Jakarta Selatan",,dokter-umum,2025-06-15 03:17:10
dr. Ruth Amelia Panggabean,Dokter Umum,halodoc,"Setiabudi, Jakarta Selatan",,dokter-umum,2025-06-15 03:17:10
Dr. Ruth Neval,Dokter Umum,Apotek Nayyara Farma,"Cikupa, Kabupaten Tangerang",,dokter-umum,2025-06-15 03:17:10
Dr. Ruth Serevina,Dokter Umum,halodoc,"Setiabudi, Jakarta Selatan",,dokter-umum,2025-06-15 03:17:13
Dr. Ruxandra Febriana Sarli,Dokter Umum,halodoc,"Setiabudi, Jakarta Selatan",,dokter-umum,2025-06-15 03:17:13
Dr. Ryan Aditya Triyowibowo,Dokter Umum,halodoc,"Setiabudi, Jakarta Selatan",,dokter-umum,2025-06-15 03:17:13
dr. Ryan Julio Permana,Dokter Umum,halodoc,"Setiabudi, Jakarta Selatan",,dokter-umum,2025-06-15 03:17:13
dr. Ryan Mahendra Pudja,Dokter Umum,halodoc,"Setiabudi, Jakarta Selatan",,dokter-umum,2025-06-15 03:17:13
Ryan Ravi Is Syahputra,Dokter Umum,halodoc,"Setiabudi, Jakarta Selatan",,dokter-umum,2025-06-15 03:17:13
dr. Ryan Setyadi Harja,Dokter Umum,halodoc,"Setiabudi, Jakarta Selatan",,dokter-umum,2025-06-15 03:17:13
dr. Rycha Dwi Syafutri,Dokter Umum,halodoc,"Setiabudi, Jakarta Selatan",,dokter-umum,2025-06-15 03:17:13
Dr. Ryski Meliga,Dokter Umum,APOTEK CENTURY,"Gambir, Jakarta Pusat",,dokter-umum,2025-06-15 03:17:13
Dr. S.T. Andreas,Dokter Umum,BWCC Bekasi,"Bekasi Selatan, Bekasi",,dokter-umum,2025-06-15 03:17:13
DR. SALLY PALIT,Dokter Umum,Klinik utama mon cheri,"Batujaya, Kabupaten Karawang",,dokter-umum,2025-06-15 03:17:16
dr. SELWAN SITUNGKIR,Dokter Umum,Apotek Echa Farma,"Rangkasbitung, Kabupaten Lebak",,dokter-umum,2025-06-15 03:17:16
dr. SHELA ASH GRANITYA,Dokter Umum,Klinik Syafira 2,"Cikampek, Kabupaten Karawang",,dokter-umum,2025-06-15 03:17:16
DR SOLIKHIN,Dokter Umum,Apotek Roxy Batu Ampar,"Kramat Jati, Jakarta Timur",,dokter-umum,2025-06-15 03:17:16
dr. SRI Mulyani Sp. A,Dokter Umum,Apotek Anugerah Bahagia,"Cempaka Putih, Jakarta Pusat",,dokter-umum,2025-06-15 03:17:16
dr. SRIASTUTI RAHAYU MKM,Dokter Umum,KLINIK KARYA MEDIKA,"Ciruas, Kabupaten Serang",,dokter-umum,2025-06-15 03:17:16
"dr. ST. Rahmah Rahim, Sp.A M.Kes",Dokter Umum,Klinik Nakitha,"Mustika Jaya, Bekasi",,dokter-umum,2025-06-15 03:17:16
dr. SUKARDY P SP. OG,Dokter Umum,Klinik Utama Andir,"Ciranjang, Kabupaten Cianjur",,dokter-umum,2025-06-15 03:17:16
dr. SURYANINGSIH,Dokter Umum,Praktek dokter.,"Bukit Raya, Kota Pekanbaru",,dokter-umum,2025-06-15 03:17:16
Dr. SUSENO HARTONO,Dokter Umum,Praktek Umum Dr. Suseno Hartono,"Purwasari, Kabupaten Karawang",,dokter-umum,2025-06-15 03:17:16
dr. SYARIF ALWI,Dokter Umum,halodoc,"Setiabudi, Jakarta Selatan",,dokter-umum,2025-06-15 03:17:19
dr. Sabrina Putri Lofissa,Dokter Umum,halodoc,"Setiabudi, Jakarta Selatan",,dokter-umum,2025-06-15 03:17:19
dr. Sabrine Dwigint,Dokter Umum,halodoc,"Setiabudi, Jakarta Selatan",,dokter-umum,2025-06-15 03:17:19
dr. Saddam Arrazi,Dokter Umum,halodoc,"Setiabudi, Jakarta Selatan",,dokter-umum,2025-06-15 03:17:19
dr Saddam Mulhim,Dokter Umum,halodoc,"Setiabudi, Jakarta Selatan",,dokter-umum,2025-06-15 03:17:19
dr. Safira Fatimah Anjani,Dokter Umum,SYAFANA MEDIKA,"Cikarang Selatan, Kabupaten Bekasi",,dokter-umum,2025-06-15 03:17:19
Dr. Safirah Syihab,Dokter Umum,halodoc,"Setiabudi, Jakarta Selatan",,dokter-umum,2025-06-15 03:17:19
dr. Safrizal,Dokter Umum,Klinik Zara Cikeas,"Bogor Timur, Bogor",,dokter-umum,2025-06-15 03:17:19
dr. Sagita Dewi,Dokter Umum,RAHAYU CLINIC,"Abiansemal, Kabupaten Badung",,dokter-umum,2025-06-15 03:17:19
Dr. Sahala Ferry Sirait MKM,Dokter Umum,Klinik Bersama dr. Mardelis,"Matraman, Jakarta Timur",,dokter-umum,2025-06-15 03:17:19
dr. Sahara,Dokter Umum,halodoc,"Setiabudi, Jakarta Selatan",,dokter-umum,2025-06-15 03:17:21
dr. Sahrijal Saputra Sikumbang,Dokter Umum,halodoc,"Setiabudi, Jakarta Selatan",,dokter-umum,2025-06-15 03:17:21
Dr. Sahriyal Siregar,Dokter Umum,halodoc,"Setiabudi, Jakarta Selatan",,dokter-umum,2025-06-15 03:17:21
dr. Saidatur Rahmi,Dokter Umum,halodoc,"Setiabudi, Jakarta Selatan",,dokter-umum,2025-06-15 03:17:21
dr. Saipul Muhammad,Dokter Umum,KLINIK SYAFFANA MEDIKA,"Purwasari, Kabupaten Karawang",,dokter-umum,2025-06-15 03:17:21
Dr. Sajidah Selasabila,Dokter Umum,Klinik Bregas Mulya,"Slawi, Tegal",,dokter-umum,2025-06-15 03:17:21
dr. Sakheel Ahmad E. Jureje,Dokter Umum,APOTEK ROXY,"Bekasi Selatan, Bekasi",,dokter-umum,2025-06-15 03:17:21
Dr. Sally Palit,Dokter Umum,Klinik Mon Cheri (Growth Together),"Karawang Barat, Kabupaten Karawang",,dokter-umum,2025-06-15 03:17:21
Sally Suharyani,Dokter Umum,halodoc,"Setiabudi, Jakarta Selatan",,dokter-umum,2025-06-15 03:17:21
dr. Salma Savita,Dokter Umum,halodoc,"Setiabudi, Jakarta Selatan",,dokter-umum,2025-06-15 03:17:21
Dr. Salsabela Fithri,Dokter Umum,halodoc,"Setiabudi, Jakarta Selatan",,dokter-umum,2025-06-15 03:17:24
dr. Salsabila Ariefani,Dokter Umum,halodoc,"Setiabudi, Jakarta Selatan",,dokter-umum,2025-06-15 03:17:24
Dr. Salshabila La Rose Puspita,Dokter Umum,halodoc,"Setiabudi, Jakarta Selatan",,dokter-umum,2025-06-15 03:17:24
Dr. Samuel,Dokter Umum,APOTEK DARMA PLUS,"Balikpapan Selatan, Kota Balikpapan",,dokter-umum,2025-06-15 03:17:24
Dr. Samuel,Dokter Umum,APOTEK DARMA PLUS,"Balikpapan Selatan, Kota Balikpapan",,dokter-umum,2025-06-15 03:17:24
Dr. Samuel,Dokter Umum,APOTEK DARMA PLUS,"Balikpapan Selatan, Kota Balikpapan",,dokter-umum,2025-06-15 03:17:24
Dr. Samuel Hadisaputro,Dokter Umum,halodoc,"Setiabudi, Jakarta Selatan",,dokter-umum,2025-06-15 03:17:24
dr. Samuel Halason Sihotang,Dokter Umum,halodoc,"Setiabudi, Jakarta Selatan",,dokter-umum,2025-06-15 03:17:24
dr. Samuel Lionardi,Dokter Umum,halodoc,"Setiabudi, Jakarta Selatan",,dokter-umum,2025-06-15 03:17:24
dr. Samuel Onpin,Dokter Umum,Kimia Farma Bandung,"Andir, Kota Bandung",,dokter-umum,2025-06-15 03:17:24
Dr. Samuel Yan Touw,Dokter Umum,halodoc,"Setiabudi, Jakarta Selatan",,dokter-umum,2025-06-15 03:17:26
dr. Sanda Subrata Husaeni,Dokter Umum,KLINIK IDA SANTOSO,"Bekasi Barat, Bekasi",,dokter-umum,2025-06-15 03:17:26
dr. Sandi Apriadi,Dokter Umum,halodoc,"Setiabudi, Jakarta Selatan",,dokter-umum,2025-06-15 03:17:26
Dr. Sandi Putra Jaya,Dokter Umum,halodoc,"Setiabudi, Jakarta Selatan",,dokter-umum,2025-06-15 03:17:26
Dr. Sankani Halim,Dokter Umum,Apotek Arwana,"Cempaka Putih, Jakarta Pusat",,dokter-umum,2025-06-15 03:17:26
dr. Sanny Santana Sp.OG,Dokter Umum,Klinik Utama Sentosa - Kalimantan Barat,"Sungai Raya, Kabupaten Kubu Raya",,dokter-umum,2025-06-15 03:17:26
dr. Santayana MPH,Dokter Umum,halodoc,"Setiabudi, Jakarta Selatan",,dokter-umum,2025-06-15 03:17:26
Dr. Santi,Dokter Umum,Apotek Annisa,"Kuningan, Kabupaten Kuningan",,dokter-umum,2025-06-15 03:17:26
dr. Santi Intansari,Dokter Umum,halodoc,"Setiabudi, Jakarta Selatan",,dokter-umum,2025-06-15 03:17:26
Santi Maria Burhanuddin,Dokter Umum,Klinik Utama Yuwa Raja,"Cibeunying Kidul, Kota Bandung",,dokter-umum,2025-06-15 03:17:26
dr. SantiFakhira,Dokter Umum,Praktek dokter.,"Bukit Raya, Kota Pekanbaru",,dokter-umum,2025-06-15 03:17:29
dr. Santody Hasan,Dokter Umum,Arafah Medika,"Ciomas, Kabupaten Bogor",,dokter-umum,2025-06-15 03:17:29
Dr. Santoso Cokro,Dokter Umum,halodoc,"Setiabudi, Jakarta Selatan",,dokter-umum,2025-06-15 03:17:29
dr. Santy Sulistya,Dokter Umum,KLINIK PRATAMA SASANTY,"Ciledug, Tangerang",,dokter-umum,2025-06-15 03:17:29
Dr. Saptudin Surin,Dokter Umum,APOTEK JATI KRAMAT,"Bekasi Selatan, Bekasi",,dokter-umum,2025-06-15 03:17:29
Dr. Sarah Adwiarto,Dokter Umum,halodoc,"Setiabudi, Jakarta Selatan",,dokter-umum,2025-06-15 03:17:29
dr. Sarah Amani,Dokter Umum,halodoc,"Setiabudi, Jakarta Selatan",,dokter-umum,2025-06-15 03:17:29
Sarah Ayuni,Dokter Umum,halodoc,"Setiabudi, Jakarta Selatan",,dokter-umum,2025-06-15 03:17:29
Dr. Sarah Davita Pasaribu,Dokter Umum,halodoc,"Setiabudi, Jakarta Selatan",,dokter-umum,2025-06-15 03:17:29
dr. Sarah Davita Pasaribu,Dokter Umum,halodoc,"Setiabudi, Jakarta Selatan",,dokter-umum,2025-06-15 03:17:29
dr. Sarah Febriyanti,Dokter Umum,halodoc,"Setiabudi, Jakarta Selatan",,dokter-umum,2025-06-15 03:17:31
Dr. Sarah Madeleyne Baringbing,Dokter Umum,halodoc,"Setiabudi, Jakarta Selatan",,dokter-umum,2025-06-15 03:17:31
Dr. Saraya Khairuna Tama Siregar,Dokter Umum,halodoc,"Setiabudi, Jakarta Selatan",,dokter-umum,2025-06-15 03:17:31
Dr. Sari,Dokter Umum,Klinik Permatasari,"Cileungsi, Kabupaten Bogor",,dokter-umum,2025-06-15 03:17:31
dr. Sari Narulita,Dokter Umum,halodoc,"Setiabudi, Jakarta Selatan",,dokter-umum,2025-06-15 03:17:31
dr. Sari Nurlita,Dokter Umum,Sari Nurulita,"Babelan, Kabupaten Bekasi",,dokter-umum,2025-06-15 03:17:31
dr. Sari Octavyanti,Dokter Umum,halodoc,"Setiabudi, Jakarta Selatan",,dokter-umum,2025-06-15 03:17:31
dr. Sari Purnama Hidayat Sp. PD,Dokter Umum,Prodia Karawang,"Karawang Barat, Kabupaten Karawang",,dokter-umum,2025-06-15 03:17:31
dr. Sari Ramadhani,Dokter Umum,halodoc,"Setiabudi, Jakarta Selatan",,dokter-umum,2025-06-15 03:17:31
dr. Sari Riastiningsih,Dokter Umum,halodoc,"Setiabudi, Jakarta Selatan",,dokter-umum,2025-06-15 03:17:31
dr. Sartika,Dokter Umum,Praktek Dokter Umum.,"Cilincing, Jakarta Utara",,dokter-umum,2025-06-15 03:17:34
dr. Sarwanti,Dokter Umum,halodoc,"Setiabudi, Jakarta Selatan",,dokter-umum,2025-06-15 03:17:34
dr. Sasanti Ratna,Dokter Umum,halodoc,"Setiabudi, Jakarta Selatan",,dokter-umum,2025-06-15 03:17:34
Sasha Anka Dilan,Dokter Umum,halodoc,"Setiabudi, Jakarta Selatan",,dokter-umum,2025-06-15 03:17:34
dr. Saskia Juslida,Dokter Umum,apotek asadel farma,"Landasan Ulin, Kota Banjarbaru",,dokter-umum,2025-06-15 03:17:34
dr. Saskia Justicia,Dokter Umum,apotek asadel farma,"Landasan Ulin, Kota Banjarbaru",,dokter-umum,2025-06-15 03:17:34
dr. Saskia Salsa,Dokter Umum,Klinik 212 Jagakarsa,"Jagakarsa, Jakarta Selatan",,dokter-umum,2025-06-15 03:17:34
Dr. Saskia Salsa Nissabilla,Dokter Umum,halodoc,"Setiabudi, Jakarta Selatan",,dokter-umum,2025-06-15 03:17:34
Dr. Saskya Maulidya Astari,Dokter Umum,halodoc,"Setiabudi, Jakarta Selatan",,dokter-umum,2025-06-15 03:17:34
Dr. Sasqia Putri Aulia,Dokter Umum,halodoc,"Setiabudi, Jakarta Selatan",,dokter-umum,2025-06-15 03:17:34
Dr. Satiti Endah Dwi Wulandari,Dokter Umum,halodoc,"Setiabudi, Jakarta Selatan",,dokter-umum,2025-06-15 03:17:36
dr. Satria Azzahro,Dokter Umum,Klinik Amelia Rizal SpM,"Medan Denai, Kota Medan",,dokter-umum,2025-06-15 03:17:36
dr. Satria Mahardika,Dokter Umum,Klinik Bebita,"Cicurug, Kabupaten Sukabumi",,dokter-umum,2025-06-15 03:17:36
Satrio Mandala Tinardy,Dokter Umum,halodoc,"Setiabudi, Jakarta Selatan",,dokter-umum,2025-06-15 03:17:36
Dr. Saur Maria Fitri Sinambela,Dokter Umum,halodoc,"Setiabudi, Jakarta Selatan",,dokter-umum,2025-06-15 03:17:36
dr. Saut Sianturi,Dokter Umum,NUR EFAN MEDIKA,"Karawang Timur, Kabupaten Karawang",,dokter-umum,2025-06-15 03:17:36
Savero Evan Abisha,Dokter Umum,halodoc,"Setiabudi, Jakarta Selatan",,dokter-umum,2025-06-15 03:17:36
Savina Umar,Dokter Umum,halodoc,"Setiabudi, Jakarta Selatan",,dokter-umum,2025-06-15 03:17:36
dr. Sayyidatul Azizah,Dokter Umum,Klinik Pratama Smile Aesthetic & Family Medical,"Kebayoran Baru, Jakarta Selatan",,dokter-umum,2025-06-15 03:17:36
Dr. Sebastian,Dokter Umum,Apotek Mitra Sehat,"Pademangan, Jakarta Utara",,dokter-umum,2025-06-15 03:17:36
Dr. Sebastian,Dokter Umum,Apotek Mitra Sehat,"Pademangan, Jakarta Utara",,dokter-umum,2025-06-15 03:17:39
dr. Sebastian Genadi,Dokter Umum,Praktek Dokter Umum.,"Cilincing, Jakarta Utara",,dokter-umum,2025-06-15 03:17:39
Dr. Sekar,Dokter Umum,APOTEK CENTURY,"Gambir, Jakarta Pusat",,dokter-umum,2025-06-15 03:17:39
dr. Sekar Mutiara,Dokter Umum,Praktek dokter.,"Bukit Raya, Kota Pekanbaru",,dokter-umum,2025-06-15 03:17:39
dr. Selina Natalia,Dokter Umum,halodoc,"Setiabudi, Jakarta Selatan",,dokter-umum,2025-06-15 03:17:39
"Dr. Selvi Pratiwi S. Ked., M. Kes, AIFO-K",Dokter Umum,halodoc,"Setiabudi, Jakarta Selatan",,dokter-umum,2025-06-15 03:17:39
dr. Selvia Yuliani,Dokter Umum,halodoc,"Setiabudi, Jakarta Selatan",,dokter-umum,2025-06-15 03:17:39
dr. Selviana Meidriyantie,Dokter Umum,halodoc,"Setiabudi, Jakarta Selatan",,dokter-umum,2025-06-15 03:17:39
dr. Selviandi,Dokter Umum,halodoc,"Setiabudi, Jakarta Selatan",,dokter-umum,2025-06-15 03:17:39
dr. Selvy Devita Anggraini,Dokter Umum,Praktek Dokter Pribadi dr. Selvy Devita Anggraini,"Matraman, Jakarta Timur",,dokter-umum,2025-06-15 03:17:39
dr. Senri Utami Pramadipta,Dokter Umum,halodoc,"Setiabudi, Jakarta Selatan",,dokter-umum,2025-06-15 03:17:42
dr. Septania Amalia Putri,Dokter Umum,halodoc,"Setiabudi, Jakarta Selatan",,dokter-umum,2025-06-15 03:17:42
Dr. Septian Arsy,Dokter Umum,PRAKTEK DOKTER LILY GUNAWAN,"Pekalongan Barat, Kota Pekalongan",,dokter-umum,2025-06-15 03:17:42
Dr. Septian Ary,Dokter Umum,Apotek Sukaraja,"Setiabudi, Jakarta Selatan",,dokter-umum,2025-06-15 03:17:42
dr. Septiana Wahyu Suryani,Dokter Umum,halodoc,"Setiabudi, Jakarta Selatan",,dokter-umum,2025-06-15 03:17:42
Dr. Septianus Hermanto,Dokter Umum,halodoc,"Setiabudi, Jakarta Selatan",,dokter-umum,2025-06-15 03:17:42
dr. Septianus Hermanto,Dokter Umum,Apotek K - 24 Asmawi Depok,"Beji, Depok",,dokter-umum,2025-06-15 03:17:42
Dr. Septika Mandasari,Dokter Umum,halodoc,"Setiabudi, Jakarta Selatan",,dokter-umum,2025-06-15 03:17:42
dr. Septina Ashariani,Dokter Umum,halodoc,"Setiabudi, Jakarta Selatan",,dokter-umum,2025-06-15 03:17:42
dr. Septinna Kurnia,Dokter Umum,halodoc,"Setiabudi, Jakarta Selatan",,dokter-umum,2025-06-15 03:17:42
Dr. Servasius Suwaldus Situ,Dokter Umum,halodoc,"Setiabudi, Jakarta Selatan",,dokter-umum,2025-06-15 03:17:44
Dr. Sespry Asriyani,Dokter Umum,halodoc,"Setiabudi, Jakarta Selatan",,dokter-umum,2025-06-15 03:17:44
Dr. Setia,Dokter Umum,Klinik Medikarya,"Kelapa Gading, Jakarta Utara",,dokter-umum,2025-06-15 03:17:44
Dr. Setia Anggina,Dokter Umum,Balai Pengobatan Putra Bunda Medikal,"Tarumajaya, Kabupaten Bekasi",,dokter-umum,2025-06-15 03:17:44
Dr. Setia Hasti Saily,Dokter Umum,halodoc,"Setiabudi, Jakarta Selatan",,dokter-umum,2025-06-15 03:17:44
dr. Setijo Budi Utomo,Dokter Umum,dr. Setijo Budiotomo,"Semarang Tengah, Kota Semarang",,dokter-umum,2025-06-15 03:17:44
"dr. Setio Indriatin Megawati, Sp.GK",Dokter Umum,"dr. Setio Indriatin Megawati, Sp.GK","Tanjung Priok, Jakarta Utara",,dokter-umum,2025-06-15 03:17:44
dr. Setyo Sutanto,Dokter Umum,halodoc,"Setiabudi, Jakarta Selatan",,dokter-umum,2025-06-15 03:17:44
Setyowati,Dokter Umum,Apotek Roxy Jatibaru,"Gambir, Jakarta Pusat",,dokter-umum,2025-06-15 03:17:44
dr. Shabena Setiasari,Dokter Umum,Klinik Indosehat 2003,"Tanjung Priok, Jakarta Utara",,dokter-umum,2025-06-15 03:17:44
dr. Shabrina Ghassani Roza,Dokter Umum,dr.Shabrina Ghassani Roza,"Cikarang Barat, Kabupaten Bekasi",,dokter-umum,2025-06-15 03:17:47
dr. Shabrina Ghassani Roza,Dokter Umum,dr.Shabrina Ghassani Roza,"Cikarang Barat, Kabupaten Bekasi",,dokter-umum,2025-06-15 03:17:47
dr. Shabrina Ghassani Roza,Dokter Umum,dr.Shabrina Ghassani Roza,"Cikarang Barat, Kabupaten Bekasi",,dokter-umum,2025-06-15 03:17:47
dr. Shabrina Maharani,Dokter Umum,halodoc,"Setiabudi, Jakarta Selatan",,dokter-umum,2025-06-15 03:17:47
Dr. Shabrina Setiasari,Dokter Umum,Klinik Indosehat 2003,"Tanjung Priok, Jakarta Utara",,dokter-umum,2025-06-15 03:17:47
dr. Shafa Nada Saphira,Dokter Umum,Klinik Pratama Smile Aesthetic & Family Medical,"Kebayoran Baru, Jakarta Selatan",,dokter-umum,2025-06-15 03:17:47
dr. Shafa Nada Saphira,Dokter Umum,Klinik Pratama Smile Aesthetic & Family Medical,"Kebayoran Baru, Jakarta Selatan",,dokter-umum,2025-06-15 03:17:47
dr. Shafa Zuhurlia Dharmasakya,Dokter Umum,halodoc,"Setiabudi, Jakarta Selatan",,dokter-umum,2025-06-15 03:17:47
dr. Shafarina Maulia Prasudia,Dokter Umum,halodoc,"Setiabudi, Jakarta Selatan",,dokter-umum,2025-06-15 03:17:47
dr. Shahumi Anun Petronawati,Dokter Umum,halodoc,"Setiabudi, Jakarta Selatan",,dokter-umum,2025-06-15 03:17:47
dr. Shanti Andri Sakarisa,Dokter Umum,halodoc,"Setiabudi, Jakarta Selatan",,dokter-umum,2025-06-15 03:17:50
dr. Shanti Handayani,Dokter Umum,halodoc,"Setiabudi, Jakarta Selatan",,dokter-umum,2025-06-15 03:17:50
Dr. Shanti Handayani,Dokter Umum,halodoc,"Setiabudi, Jakarta Selatan",,dokter-umum,2025-06-15 03:17:50
dr. Shatrieo Hartono,Dokter Umum,Klinik Utama Berkat Agung,"Pondok Gede, Bekasi",,dokter-umum,2025-06-15 03:17:50
dr. Shella Martina Devi,Dokter Umum,halodoc,"Setiabudi, Jakarta Selatan",,dokter-umum,2025-06-15 03:17:50
dr. Shella Sukova,Dokter Umum,Klinik Al - Barokah,"Cibinong, Kabupaten Bogor",,dokter-umum,2025-06-15 03:17:50
Dr. Shella Sukova,Dokter Umum,Praktek dr. Shella Sukova,"Tapos, Depok",,dokter-umum,2025-06-15 03:17:50
Dr. Shellya Mentari,Dokter Umum,halodoc,"Setiabudi, Jakarta Selatan",,dokter-umum,2025-06-15 03:17:50
dr Shelvia Chalista,Dokter Umum,halodoc,"Setiabudi, Jakarta Selatan",,dokter-umum,2025-06-15 03:17:50
Dr. Shelvia Chalista,Dokter Umum,halodoc,"Setiabudi, Jakarta Selatan",,dokter-umum,2025-06-15 03:17:50
dr. Shera Amielia Ruchmana,Dokter Umum,halodoc,"Setiabudi, Jakarta Selatan",,dokter-umum,2025-06-15 03:17:52
Dr. Sherly,Dokter Umum,halodoc,"Setiabudi, Jakarta Selatan",,dokter-umum,2025-06-15 03:17:52
dr. Sherly,Dokter Umum,halodoc,"Setiabudi, Jakarta Selatan",,dokter-umum,2025-06-15 03:17:52
Dr. Sherly Amri,Dokter Umum,halodoc,"Setiabudi, Jakarta Selatan",,dokter-umum,2025-06-15 03:17:52
dr. Sherly Makmur,Dokter Umum,halodoc,"Setiabudi, Jakarta Selatan",,dokter-umum,2025-06-15 03:17:52
dr. Sheylla Octavanny Rachman,Dokter Umum,halodoc,"Setiabudi, Jakarta Selatan",,dokter-umum,2025-06-15 03:17:52
dr. Shindy Claudya Aprianti,Dokter Umum,halodoc,"Setiabudi, Jakarta Selatan",,dokter-umum,2025-06-15 03:17:52
dr. Shinta Andvica A.,Dokter Umum,dr. Shinta andwicia,"Setiabudi, Jakarta Selatan",,dokter-umum,2025-06-15 03:17:52
dr. Shinta Andwicia,Dokter Umum,halodoc,"Setiabudi, Jakarta Selatan",,dokter-umum,2025-06-15 03:17:52
dr. Shinta Besly Cumlaude,Dokter Umum,halodoc,"Setiabudi, Jakarta Selatan",,dokter-umum,2025-06-15 03:17:52
dr. Shinta Sp. A,Dokter Umum,KLINIK PERMATA IBU,"Bugul Kidul, Kota Pasuruan",,dokter-umum,2025-06-15 03:17:55
Dr. Shintya Nainggolan,Dokter Umum,halodoc,"Setiabudi, Jakarta Selatan",,dokter-umum,2025-06-15 03:17:55
dr Shirley Febrina,Dokter Umum,APOTEK KIMIA FARMA MANUKAN TAMA,"Sambikerep, Kota Surabaya",,dokter-umum,2025-06-15 03:17:55
dr Shirley Febrina,Dokter Umum,Apotek Kimia Farma - Kupang Jaya,"Sukomanunggal, Kota Surabaya",,dokter-umum,2025-06-15 03:17:55
dr. Shirley Febrina Winoto,Dokter Umum,Laboratorium Klinik Kimia Farma.,"Subang, Kabupaten Subang",,dokter-umum,2025-06-15 03:17:55
dr. Shita Apilla Elya,Dokter Umum,halodoc,"Setiabudi, Jakarta Selatan",,dokter-umum,2025-06-15 03:17:55
dr. Shizuka Ashraf Shakosnikova,Dokter Umum,Apotek Kimia Farma Bendungan Hilir,"Tanah Abang, Jakarta Pusat",,dokter-umum,2025-06-15 03:17:55
dr. Sholihin,Dokter Umum,Klinik Pratama Sholihin,"Bekasi Timur, Bekasi",,dokter-umum,2025-06-15 03:17:55
dr. Sholihin,Dokter Umum,Klinik Pratama Sholihin Medical Center,"Bekasi Timur, Bekasi",,dokter-umum,2025-06-15 03:17:55
dr. Siansari Pramesthi,Dokter Umum,halodoc,"Setiabudi, Jakarta Selatan",,dokter-umum,2025-06-15 03:17:55
dr. Sibro Malisi,Dokter Umum,Klinik Raudhatul Wahyu Assalam,"Babelan, Kabupaten Bekasi",,dokter-umum,2025-06-15 03:17:58
dr. Sibro Malisi,Dokter Umum,Klinik Raudhatul Wahyu Assalam,"Babelan, Kabupaten Bekasi",,dokter-umum,2025-06-15 03:17:58
dr. Sibro Malisi,Dokter Umum,Klinik Raudhatul Wahyu Assalam,"Babelan, Kabupaten Bekasi",,dokter-umum,2025-06-15 03:17:58
dr. Sibro Malisi,Dokter Umum,Klinik Raudhatul Wahyu Assalam,"Babelan, Kabupaten Bekasi",,dokter-umum,2025-06-15 03:17:58
dr. Sibro Malisi,Dokter Umum,Klinik Raudhatul Wahyu Assalam,"Babelan, Kabupaten Bekasi",,dokter-umum,2025-06-15 03:17:58
dr. Sigit Budiman,Dokter Umum,Praktek dokter.,"Bukit Raya, Kota Pekanbaru",,dokter-umum,2025-06-15 03:17:58
dr. Sigit Pramono,Dokter Umum,Harmony Medical Clinic,"Telukjambe Timur, Kabupaten Karawang",,dokter-umum,2025-06-15 03:17:58
dr. Sigit Purwanto,Dokter Umum,dr. Sigit Purwanto,"Ciawi, Kabupaten Bogor",,dokter-umum,2025-06-15 03:17:58
dr. Sigit Wahyu Pamungkas,Dokter Umum,RSU PKU Muhammadiyah Kutowinangun,"Kutowinangun, Kabupaten Kebumen",,dokter-umum,2025-06-15 03:17:58
dr. Sigit Wahyu Pamungkas,Dokter Umum,RSU PKU Muhammadiyah Kutowinangun,"Kutowinangun, Kabupaten Kebumen",,dokter-umum,2025-06-15 03:17:58
dr. Sigit Wahyu Pamungkas,Dokter Umum,RSU PKU Muhammadiyah Kutowinangun,"Kutowinangun, Kabupaten Kebumen",,dokter-umum,2025-06-15 03:18:00
dr. Sihro Malisi,Dokter Umum,Klinik Raudhatul Wahyu Assalam,"Babelan, Kabupaten Bekasi",,dokter-umum,2025-06-15 03:18:00
Dr. Silma Nur Awali Wardah,Dokter Umum,halodoc,"Setiabudi, Jakarta Selatan",,dokter-umum,2025-06-15 03:18:00
dr. Silmi,Dokter Umum,Klinik Cahya Medika Keluarga,"Bekasi Utara, Bekasi",,dokter-umum,2025-06-15 03:18:00
dr. Silvester Gesainto Kurniawan Linggayo,Dokter Umum,Siloam Hospitals Makassar -,"Ujung Pandang, Kota Makassar",,dokter-umum,2025-06-15 03:18:00
Dr. Silvester Hendry Lerasina,Dokter Umum,halodoc,"Setiabudi, Jakarta Selatan",,dokter-umum,2025-06-15 03:18:00
dr. Silvestri,Dokter Umum,halodoc,"Setiabudi, Jakarta Selatan",,dokter-umum,2025-06-15 03:18:00
dr. Silvi Silvania,Dokter Umum,halodoc,"Setiabudi, Jakarta Selatan",,dokter-umum,2025-06-15 03:18:00
dr. Silvia Aruma Lestari,Dokter Umum,halodoc,"Setiabudi, Jakarta Selatan",,dokter-umum,2025-06-15 03:18:00
dr. Silvia Halim Pranoto,Dokter Umum,halodoc,"Setiabudi, Jakarta Selatan",,dokter-umum,2025-06-15 03:18:00
dr. Silvia Handayani,Dokter Umum,halodoc,"Setiabudi, Jakarta Selatan",,dokter-umum,2025-06-15 03:18:05
dr. Silvia Indriani,Dokter Umum,halodoc,"Setiabudi, Jakarta Selatan",,dokter-umum,2025-06-15 03:18:05
dr. Silvia Indriani,Dokter Umum,halodoc,"Setiabudi, Jakarta Selatan",,dokter-umum,2025-06-15 03:18:05
dr. Silvia Indriani,Dokter Umum,halodoc,"Setiabudi, Jakarta Selatan",,dokter-umum,2025-06-15 03:18:05
Dr. Silvia Rane,Dokter Umum,halodoc,"Setiabudi, Jakarta Selatan",,dokter-umum,2025-06-15 03:18:05
Dr. Silvia Rizki Amanda,Dokter Umum,halodoc,"Setiabudi, Jakarta Selatan",,dokter-umum,2025-06-15 03:18:05
dr. Silvina Natalia Setyoso Sp.A,Dokter Umum,halodoc,"Setiabudi, Jakarta Selatan",,dokter-umum,2025-06-15 03:18:05
dr. Sindy Gus Setiani,Dokter Umum,halodoc,"Setiabudi, Jakarta Selatan",,dokter-umum,2025-06-15 03:18:05
dr. Sindy Mustika,Dokter Umum,halodoc,"Setiabudi, Jakarta Selatan",,dokter-umum,2025-06-15 03:18:05
dr Siniarwin,Dokter Umum,KLINIK KASIH SEHAT,"Medan Satria, Bekasi",,dokter-umum,2025-06-15 03:18:05
Dr. Sintha Sp. A,Dokter Umum,KLINIK PERMATA IBU,"Bugul Kidul, Kota Pasuruan",,dokter-umum,2025-06-15 03:18:08
Dr. Sinthia Clara Tokan,Dokter Umum,halodoc,"Setiabudi, Jakarta Selatan",,dokter-umum,2025-06-15 03:18:08
dr. Sintia Damayanti,Dokter Umum,PRAKTEK dr. Sintia Damayanti,"Setiabudi, Jakarta Selatan",,dokter-umum,2025-06-15 03:18:08
dr. Siqbal Karta Asmana,Dokter Umum,halodoc,"Setiabudi, Jakarta Selatan",,dokter-umum,2025-06-15 03:18:08
dr. Sisca Elpiyanti,Dokter Umum,KLINIK SITI AZARIA,"Karawang Timur, Kabupaten Karawang",,dokter-umum,2025-06-15 03:18:08
dr. Siska Elipyanti,Dokter Umum,KLINIK SITI AZARIA,"Karawang Timur, Kabupaten Karawang",,dokter-umum,2025-06-15 03:18:08
dr. Siska Elpiyanti,Dokter Umum,PRATAMA RAWAT INAP SITI AZARIA,"Karawang Timur, Kabupaten Karawang",,dokter-umum,2025-06-15 03:18:08
dr. Siska Elpiyanti,Dokter Umum,KLINIK SITI AZARIA,"Karawang Timur, Kabupaten Karawang",,dokter-umum,2025-06-15 03:18:08
Dr. Siska Elpiyanti,Dokter Umum,APOTEK SAHABAT,"Samarinda Kota, Kota Samarinda",,dokter-umum,2025-06-15 03:18:08
dr. Siska Elpiyanti,Dokter Umum,APOTEK SAHABAT,"Samarinda Kota, Kota Samarinda",,dokter-umum,2025-06-15 03:18:08
dr. Siska Elpiyanti,Dokter Umum,APOTEK SAHABAT,"Samarinda Kota, Kota Samarinda",,dokter-umum,2025-06-15 03:18:10
dr. Siska Elpiyanti,Dokter Umum,PRATAMA RAWAT INAP SITI AZARIA,"Karawang Timur, Kabupaten Karawang",,dokter-umum,2025-06-15 03:18:10
dr. Siska Elpiyanti,Dokter Umum,KLINIK SITI AZARIA,"Karawang Timur, Kabupaten Karawang",,dokter-umum,2025-06-15 03:18:10
dr. Siska Elpranti,Dokter Umum,Siti Azaria Clinic,"Karawang Timur, Kabupaten Karawang",,dokter-umum,2025-06-15 03:18:10
dr. Siska Elpyanti,Dokter Umum,KLINIK SITI AZARIA,"Karawang Timur, Kabupaten Karawang",,dokter-umum,2025-06-15 03:18:10
dr. Siska Erliyanti,Dokter Umum,PRATAMA RAWAT INAP SITI AZARIA,"Karawang Timur, Kabupaten Karawang",,dokter-umum,2025-06-15 03:18:10
Dr. Siska Fitriana,Dokter Umum,halodoc,"Setiabudi, Jakarta Selatan",,dokter-umum,2025-06-15 03:18:10
dr. Siska Hayuli Siregar,Dokter Umum,halodoc,"Setiabudi, Jakarta Selatan",,dokter-umum,2025-06-15 03:18:10
Dr. Siska Kesuma Wulan,Dokter Umum,halodoc,"Setiabudi, Jakarta Selatan",,dokter-umum,2025-06-15 03:18:10
Dr. Sitaresmi Dutaning Sri Pawenang,Dokter Umum,halodoc,"Setiabudi, Jakarta Selatan",,dokter-umum,2025-06-15 03:18:10
dr. Sitha Nurahma,Dokter Umum,Klinik Pratama Leha - leha,"Bekasi Selatan, Bekasi",,dokter-umum,2025-06-15 03:18:13
Dr. Sitha Nurahma,Dokter Umum,halodoc,"Setiabudi, Jakarta Selatan",,dokter-umum,2025-06-15 03:18:13
dr. Siti Alfiana CIMI,Dokter Umum,halodoc,"Setiabudi, Jakarta Selatan",,dokter-umum,2025-06-15 03:18:13
Dr. Siti Alya Zafira,Dokter Umum,halodoc,"Setiabudi, Jakarta Selatan",,dokter-umum,2025-06-15 03:18:13
dr. Siti Amalia Lubis,Dokter Umum,Praktek dokter.,"Bukit Raya, Kota Pekanbaru",,dokter-umum,2025-06-15 03:18:13
dr. Siti Amanah,Dokter Umum,Rumah Vaksinasi GDC Depok,"Sukmajaya, Depok",,dokter-umum,2025-06-15 03:18:13
dr. Siti Anisa Maesura,Dokter Umum,halodoc,"Setiabudi, Jakarta Selatan",,dokter-umum,2025-06-15 03:18:13
Dr. Siti Bulkis Ashari,Dokter Umum,halodoc,"Setiabudi, Jakarta Selatan",,dokter-umum,2025-06-15 03:18:13
dr. Siti Chanifah,Dokter Umum,halodoc,"Setiabudi, Jakarta Selatan",,dokter-umum,2025-06-15 03:18:13
dr. Siti Diani Fathia,Dokter Umum,halodoc,"Setiabudi, Jakarta Selatan",,dokter-umum,2025-06-15 03:18:13
dr. Siti Hamidah,Dokter Umum,Alifah Clinic,"Karawang Barat, Kabupaten Karawang",,dokter-umum,2025-06-15 03:18:18
dr. Siti Hanifahfuri Silverrikova,Dokter Umum,halodoc,"Setiabudi, Jakarta Selatan",,dokter-umum,2025-06-15 03:18:18
dr. Siti Hardiyanti,Dokter Umum,KLINIK PRATAMA SAHIRA,"Johar Baru, Jakarta Pusat",,dokter-umum,2025-06-15 03:18:18
dr. Siti Hardiyanti,Dokter Umum,KLINIK PRATAMA SAHIRA,"Johar Baru, Jakarta Pusat",,dokter-umum,2025-06-15 03:18:18
dr. Siti Hazard Aldina,Dokter Umum,Klinik Pratama Bhakti Medika,"Tanjung Priok, Jakarta Utara",,dokter-umum,2025-06-15 03:18:18
dr. Siti Hazard Aldina,Dokter Umum,Klinik Pratama Bhakti Medika,"Tanjung Priok, Jakarta Utara",,dokter-umum,2025-06-15 03:18:18
dr. Siti Hazard Aldina,Dokter Umum,Klinik Pratama Bhakti Medika,"Tanjung Priok, Jakarta Utara",,dokter-umum,2025-06-15 03:18:18
dr. Siti Hazard Aldina,Dokter Umum,Klinik Pratama Bhakti Medika,"Tanjung Priok, Jakarta Utara",,dokter-umum,2025-06-15 03:18:18
Dr. Siti Hodijah,Dokter Umum,Praktek Dokter Umum.,"Cilincing, Jakarta Utara",,dokter-umum,2025-06-15 03:18:18
Dr. Siti Hodijah,Dokter Umum,Praktek Dr. Siti Hodijah,"Cibitung, Kabupaten Bekasi",,dokter-umum,2025-06-15 03:18:18
Dr. Siti Hodijah,Dokter Umum,Praktek Dr. Siti Hodijah,"Cibitung, Kabupaten Bekasi",,dokter-umum,2025-06-15 03:18:21
dr. Siti Januarita,Dokter Umum,Praktek Pribadi dr. Siti Januarita,"Setiabudi, Jakarta Selatan",,dokter-umum,2025-06-15 03:18:21
dr Siti Januarita,Dokter Umum,Praktek Pribadi dr. Siti Januarita,"Setiabudi, Jakarta Selatan",,dokter-umum,2025-06-15 03:18:21
dr. Siti Januarita,Dokter Umum,Praktek Pribadi dr. Siti Januarita,"Setiabudi, Jakarta Selatan",,dokter-umum,2025-06-15 03:18:21
Dr. Siti Julianti BR Pinem,Dokter Umum,Klinik Harapan Baru Puri Kosambi -,"Klari, Kabupaten Karawang",,dokter-umum,2025-06-15 03:18:21
Dr. Siti Julianti Br Pinem,Dokter Umum,Klinik Harapan Baru Puri Kosambi -,"Klari, Kabupaten Karawang",,dokter-umum,2025-06-15 03:18:21
dr. Siti Julianti Samiud Pinem,Dokter Umum,KLINIK PGRI,"Karawang Barat, Kabupaten Karawang",,dokter-umum,2025-06-15 03:18:21
Dr. Siti Juliati BR Pinem,Dokter Umum,Klinik Harapan Baru Puri Kosambi -,"Klari, Kabupaten Karawang",,dokter-umum,2025-06-15 03:18:21
dr. Siti Liyah,Dokter Umum,halodoc,"Setiabudi, Jakarta Selatan",,dokter-umum,2025-06-15 03:18:21
Dr. Siti Maisaroh,Dokter Umum,halodoc,"Setiabudi, Jakarta Selatan",,dokter-umum,2025-06-15 03:18:21
dr. Siti Mudiroh,Dokter Umum,halodoc,"Setiabudi, Jakarta Selatan",,dokter-umum,2025-06-15 03:18:23
Siti Nofriansyah Putri,Dokter Umum,halodoc,"Setiabudi, Jakarta Selatan",,dokter-umum,2025-06-15 03:18:23
dr. Siti Novita Kuman,Dokter Umum,halodoc,"Setiabudi, Jakarta Selatan",,dokter-umum,2025-06-15 03:18:23
dr. Siti Nur,Dokter Umum,Klinik Shafa Medika,"Majalaya, Kabupaten Karawang",,dokter-umum,2025-06-15 03:18:23
dr. Siti Nur Rachmani,Dokter Umum,halodoc,"Setiabudi, Jakarta Selatan",,dokter-umum,2025-06-15 03:18:23
Dr. Siti Nurhayati,Dokter Umum,halodoc,"Setiabudi, Jakarta Selatan",,dokter-umum,2025-06-15 03:18:23
dr. Siti Nuriken Tambunan,Dokter Umum,Klinik Sari Lestari,"Banyusari, Kabupaten Karawang",,dokter-umum,2025-06-15 03:18:23
dr. Siti Nuriken Tambunan,Dokter Umum,Klinik Sari Lestari,"Banyusari, Kabupaten Karawang",,dokter-umum,2025-06-15 03:18:23
dr. Siti Nurlaela,Dokter Umum,halodoc,"Setiabudi, Jakarta Selatan",,dokter-umum,2025-06-15 03:18:23
dr. Siti Nurmala,Dokter Umum,Klinik Shafa Medika,"Majalaya, Kabupaten Karawang",,dokter-umum,2025-06-15 03:18:23
dr. Siti Nurmala,Dokter Umum,Klinik Shafa Medika,"Majalaya, Kabupaten Karawang",,dokter-umum,2025-06-15 03:18:26
Dr. Siti Ramadhani M.KKK,Dokter Umum,halodoc,"Setiabudi, Jakarta Selatan",,dokter-umum,2025-06-15 03:18:26
dr. Siti Rohaen,Dokter Umum,Klinik Kimia Farma Kawan Lama Jababeka,"Cikarang Selatan, Kabupaten Bekasi",,dokter-umum,2025-06-15 03:18:26
dr. Siti Romawati M.K.M,Dokter Umum,halodoc,"Setiabudi, Jakarta Selatan",,dokter-umum,2025-06-15 03:18:26
dr. Siti Sahara,Dokter Umum,halodoc,"Setiabudi, Jakarta Selatan",,dokter-umum,2025-06-15 03:18:26
dr. Siti Sarah,Dokter Umum,Kimia Farma Duren Sawit,"Duren Sawit, Jakarta Timur",,dokter-umum,2025-06-15 03:18:26
Siti Sausan Salma,Dokter Umum,halodoc,"Setiabudi, Jakarta Selatan",,dokter-umum,2025-06-15 03:18:26
Dr. Siti Shafa Indah Safira,Dokter Umum,KLINIK WIJAYA MEDIKA,"Pondok Melati, Bekasi",,dokter-umum,2025-06-15 03:18:26
dr. Siti Umi Kulsum,Dokter Umum,halodoc,"Setiabudi, Jakarta Selatan",,dokter-umum,2025-06-15 03:18:26
dr. Siti Zahra Afifah,Dokter Umum,RSIJ Cempaka Putih,"Cempaka Putih, Jakarta Pusat",,dokter-umum,2025-06-15 03:18:26
dr. Sitti Azizah Rahmah,Dokter Umum,halodoc,"Setiabudi, Jakarta Selatan",,dokter-umum,2025-06-15 03:18:29
Dr. Sitti Jamalia Sakamole,Dokter Umum,halodoc,"Setiabudi, Jakarta Selatan",,dokter-umum,2025-06-15 03:18:29
dr. Sitti Zaenab,Dokter Umum,halodoc,"Setiabudi, Jakarta Selatan",,dokter-umum,2025-06-15 03:18:29
dr. Siu Phing,Dokter Umum,KLINIK ( dr. Siu Phing ),"Bekasi Selatan, Bekasi",,dokter-umum,2025-06-15 03:18:29
dr Siwi Afiani,Dokter Umum,Praktek Dokter Gigi Siwi Afiani,"Babelan, Kabupaten Bekasi",,dokter-umum,2025-06-15 03:18:29
dr. Siwi Arifah Sabila,Dokter Umum,halodoc,"Setiabudi, Jakarta Selatan",,dokter-umum,2025-06-15 03:18:29
dr. Six Mey Karyani,Dokter Umum,halodoc,"Setiabudi, Jakarta Selatan",,dokter-umum,2025-06-15 03:18:29
dr. Skmarina Hanna Larose S.,Dokter Umum,Rumah Sakit Emhaka,"Medan Satria, Bekasi",,dokter-umum,2025-06-15 03:18:29
Dr. Slamet,Dokter Umum,Apotek Berlian,"Tanjung Karang Timur, Kota Bandar Lampung",,dokter-umum,2025-06-15 03:18:29
Dr. Soebiantoro Halim,Dokter Umum,Dr. Soebiantoro Halim,"Tegalsari, Kota Surabaya",,dokter-umum,2025-06-15 03:18:29
Dr. Soegiharto,Dokter Umum,Prakter dr. Soegiharto,"Bandar, Kabupaten Batang",,dokter-umum,2025-06-15 03:18:31
dr. Sofiah,Dokter Umum,dr. Sofiah,"Kebayoran Baru, Jakarta Selatan",,dokter-umum,2025-06-15 03:18:31
Dr. Sofian,Dokter Umum,Apotek AA,"Tambora, Jakarta Barat",,dokter-umum,2025-06-15 03:18:31
dr. Sofian Bunjamin,Dokter Umum,Andi Farma Apotik,"Medan Polonia, Kota Medan",,dokter-umum,2025-06-15 03:18:31
dr. Sofian Bunjamin,Dokter Umum,Andi Farma Apotik,"Medan Polonia, Kota Medan",,dokter-umum,2025-06-15 03:18:31
dr. Sofian Bunjamin,Dokter Umum,dr. Sofian Bunjamin,"Medan Polonia, Kota Medan",,dokter-umum,2025-06-15 03:18:31
dr. Sofwah Nisana,Dokter Umum,Rumah Vaksinasi Bogor,"Bogor Barat, Bogor",,dokter-umum,2025-06-15 03:18:31
dr. Sonny Syamsudin,Dokter Umum,Apotek Bintang Sehat,"Cililin, Kabupaten Bandung Barat",,dokter-umum,2025-06-15 03:18:31
Dr. Sonya Alexandra Panjaitan,Dokter Umum,halodoc,"Setiabudi, Jakarta Selatan",,dokter-umum,2025-06-15 03:18:31
dr. Sonya Mora Naomi,Dokter Umum,halodoc,"Setiabudi, Jakarta Selatan",,dokter-umum,2025-06-15 03:18:31
dr. Sri Enny M,Dokter Umum,Kedaung Medika,"Babelan, Kabupaten Bekasi",,dokter-umum,2025-06-15 03:18:40
dr. Sri Enny Meniati M.M,Dokter Umum,Kedaung Medika,"Babelan, Kabupaten Bekasi",,dokter-umum,2025-06-15 03:18:40
dr. Sri Eny Mainiarti MKM,Dokter Umum,Kedaung Medika,"Babelan, Kabupaten Bekasi",,dokter-umum,2025-06-15 03:18:40
Dr. Sri Feliciani,Dokter Umum,halodoc,"Setiabudi, Jakarta Selatan",,dokter-umum,2025-06-15 03:18:40
dr. Sri Indarti,Dokter Umum,Apotek dan Praktek Dokter Indranila,"Mustika Jaya, Bekasi",,dokter-umum,2025-06-15 03:18:40
dr. Sri Indrati,Dokter Umum,Apotek dan Praktek Dokter Indranila,"Mustika Jaya, Bekasi",,dokter-umum,2025-06-15 03:18:40
dr. Sri Indrati,Dokter Umum,Apotek dan Praktek Dokter Indranila,"Mustika Jaya, Bekasi",,dokter-umum,2025-06-15 03:18:40
dr. Sri Lestari,Dokter Umum,halodoc,"Setiabudi, Jakarta Selatan",,dokter-umum,2025-06-15 03:18:40
dr. Sri Maharani A,Dokter Umum,dr Sri Maharani A,"Bekasi Selatan, Bekasi",,dokter-umum,2025-06-15 03:18:40
dr. Sri Maharani A.,Dokter Umum,dr Sri Maharani A,"Bekasi Selatan, Bekasi",,dokter-umum,2025-06-15 03:18:40
dr. Sri Maharani A.,Dokter Umum,dr Sri Maharani A,"Bekasi Selatan, Bekasi",,dokter-umum,2025-06-15 03:18:43
dr. Sri Maharani A.,Dokter Umum,dr Sri Maharani A,"Bekasi Selatan, Bekasi",,dokter-umum,2025-06-15 03:18:43
dr Sri Maharani A.,Dokter Umum,dr Sri Maharani A,"Bekasi Selatan, Bekasi",,dokter-umum,2025-06-15 03:18:43
dr. Sri Maharani A.,Dokter Umum,dr Sri Maharani A,"Bekasi Selatan, Bekasi",,dokter-umum,2025-06-15 03:18:43
dr. Sri Maharani A.,Dokter Umum,dr Sri Maharani A,"Bekasi Selatan, Bekasi",,dokter-umum,2025-06-15 03:18:43
dr. Sri Maharani A.,Dokter Umum,dr Sri Maharani A,"Bekasi Selatan, Bekasi",,dokter-umum,2025-06-15 03:18:43
dr. Sri Maharani A.,Dokter Umum,dr Sri Maharani A,"Bekasi Selatan, Bekasi",,dokter-umum,2025-06-15 03:18:43
dr. Sri Maharani A.,Dokter Umum,dr Sri Maharani A,"Bekasi Selatan, Bekasi",,dokter-umum,2025-06-15 03:18:43
dr. Sri Maharani A.,Dokter Umum,dr Sri Maharani A,"Bekasi Selatan, Bekasi",,dokter-umum,2025-06-15 03:18:43
dr. Sri Maryana,Dokter Umum,halodoc,"Setiabudi, Jakarta Selatan",,dokter-umum,2025-06-15 03:18:43
dr. Sri Natalia Ginting,Dokter Umum,halodoc,"Setiabudi, Jakarta Selatan",,dokter-umum,2025-06-15 03:18:46
Dr. Sri Nur Atikah,Dokter Umum,halodoc,"Setiabudi, Jakarta Selatan",,dokter-umum,2025-06-15 03:18:46
dr. Sri Putri Handayani,Dokter Umum,halodoc,"Setiabudi, Jakarta Selatan",,dokter-umum,2025-06-15 03:18:46
Dr. Sri Rahayu,Dokter Umum,halodoc,"Setiabudi, Jakarta Selatan",,dokter-umum,2025-06-15 03:18:46
dr. Sri Retnowati,Dokter Umum,halodoc,"Setiabudi, Jakarta Selatan",,dokter-umum,2025-06-15 03:18:46
dr. Sri Retnowati,Dokter Umum,halodoc,"Setiabudi, Jakarta Selatan",,dokter-umum,2025-06-15 03:18:46
dr Sri Syahnani,Dokter Umum,Apotek Kimia Farma Kebon Bawang,"Tanjung Priok, Jakarta Utara",,dokter-umum,2025-06-15 03:18:46
dr Sri Syahriani,Dokter Umum,Apotek Kimia Farma Kebon Bawang,"Tanjung Priok, Jakarta Utara",,dokter-umum,2025-06-15 03:18:46
dr Sri Syahriani Rintonga,Dokter Umum,Apotek Kimia Farma Kebon Bawang,"Tanjung Priok, Jakarta Utara",,dokter-umum,2025-06-15 03:18:46
Dr. Sri Syahriani Ritonga,Dokter Umum,Apotek Kimia Farma Kebon Bawang,"Tanjung Priok, Jakarta Utara",,dokter-umum,2025-06-15 03:18:46
Dr. Sri Veronica Chindy,Dokter Umum,halodoc,"Setiabudi, Jakarta Selatan",,dokter-umum,2025-06-15 03:18:48
dr. Sri W. Wiharso,Dokter Umum,Klinik pratama dr Sari W Wiharso,"Cempaka Putih, Jakarta Pusat",,dokter-umum,2025-06-15 03:18:48
dr. Sri Wahyuni,Dokter Umum,halodoc,"Setiabudi, Jakarta Selatan",,dokter-umum,2025-06-15 03:18:48
Sri Wahyuni,Dokter Umum,halodoc,"Setiabudi, Jakarta Selatan",,dokter-umum,2025-06-15 03:18:48
Dr. Sri Wulandari,Dokter Umum,halodoc,"Setiabudi, Jakarta Selatan",,dokter-umum,2025-06-15 03:18:48
dr. Sri Yunita,Dokter Umum,halodoc,"Setiabudi, Jakarta Selatan",,dokter-umum,2025-06-15 03:18:48
dr. Srikandhi,Dokter Umum,halodoc,"Setiabudi, Jakarta Selatan",,dokter-umum,2025-06-15 03:18:48
dr. Srikandi Novida Hrp,Dokter Umum,Sehati Klinik,"Cibitung, Kabupaten Bekasi",,dokter-umum,2025-06-15 03:18:48
dr. Srikandi Novrida Hrp,Dokter Umum,Klinik Sehati,"Cakung, Jakarta Timur",,dokter-umum,2025-06-15 03:18:48
dr. Sriwahyuni Syamsul,Dokter Umum,halodoc,"Setiabudi, Jakarta Selatan",,dokter-umum,2025-06-15 03:18:48
dr. Sriwiwara Rawilase,Dokter Umum,halodoc,"Setiabudi, Jakarta Selatan",,dokter-umum,2025-06-15 03:18:51
Dr. Sry Rahayu,Dokter Umum,halodoc,"Setiabudi, Jakarta Selatan",,dokter-umum,2025-06-15 03:18:51
Dr. Stefani Oktavia Sitompul,Dokter Umum,halodoc,"Setiabudi, Jakarta Selatan",,dokter-umum,2025-06-15 03:18:51
"Dr. Stefanus Kukuh Halomoan S.Ked. MARS, FISQua",Dokter Umum,halodoc,"Setiabudi, Jakarta Selatan",,dokter-umum,2025-06-15 03:18:51
dr. Stefanus TH usman,Dokter Umum,Apotek Anggie Farma,"Kota Timur, Kota Gorontalo",,dokter-umum,2025-06-15 03:18:51
dr. Stefanus Tabbo Mangiwa,Dokter Umum,halodoc,"Setiabudi, Jakarta Selatan",,dokter-umum,2025-06-15 03:18:51
dr. Stefi Hayon,Dokter Umum,halodoc,"Setiabudi, Jakarta Selatan",,dokter-umum,2025-06-15 03:18:51
dr. Stella Adevita,Dokter Umum,halodoc,"Setiabudi, Jakarta Selatan",,dokter-umum,2025-06-15 03:18:51
Dr. Stella Junita,Dokter Umum,halodoc,"Setiabudi, Jakarta Selatan",,dokter-umum,2025-06-15 03:18:51
dr Stephani,Dokter Umum,Apotik Adiarsa,"Cempaka Putih, Jakarta Pusat",,dokter-umum,2025-06-15 03:18:51
dr. Stephanie Amelia Argodipuro,Dokter Umum,halodoc,"Setiabudi, Jakarta Selatan",,dokter-umum,2025-06-15 03:18:54
Dr. Stephanie H.r,Dokter Umum,Apotek Vita Farma,"Cicendo, Kota Bandung",,dokter-umum,2025-06-15 03:18:54
dr Stephanus Hs,Dokter Umum,Apotik Adiarsa,"Cempaka Putih, Jakarta Pusat",,dokter-umum,2025-06-15 03:18:54
dr. Stephen Utama Candinegara,Dokter Umum,halodoc,"Setiabudi, Jakarta Selatan",,dokter-umum,2025-06-15 03:18:54
Dr. Stevan Kristian Lionardi,Dokter Umum,halodoc,"Setiabudi, Jakarta Selatan",,dokter-umum,2025-06-15 03:18:54
Dr. Stevano Mengko,Dokter Umum,halodoc,"Setiabudi, Jakarta Selatan",,dokter-umum,2025-06-15 03:18:54
dr. Steven Matuali,Dokter Umum,APOTEK LIDO,"Koja, Jakarta Utara",,dokter-umum,2025-06-15 03:18:54
dr. Stevi Erhadestria,Dokter Umum,halodoc,"Setiabudi, Jakarta Selatan",,dokter-umum,2025-06-15 03:18:54
dr. Strange PPE,Dokter Umum,halodoc,"Setiabudi, Jakarta Selatan",,dokter-umum,2025-06-15 03:18:54
dr. Suaydiy Okdiyanzah,Dokter Umum,halodoc,"Setiabudi, Jakarta Selatan",,dokter-umum,2025-06-15 03:18:54
dr Sucahyo Adi Nugroho,Dokter Umum,Apotek Warakas Sisma Pharma,"Cilincing, Jakarta Utara",,dokter-umum,2025-06-15 03:18:56
dr. Suci Leni Mimanda Sp. DVE,Dokter Umum,halodoc,"Setiabudi, Jakarta Selatan",,dokter-umum,2025-06-15 03:18:56
Dr. Suci Masyidah,Dokter Umum,halodoc,"Setiabudi, Jakarta Selatan",,dokter-umum,2025-06-15 03:18:56
dr. Suci Megasari,Dokter Umum,halodoc,"Setiabudi, Jakarta Selatan",,dokter-umum,2025-06-15 03:18:56
Dr. Suci Rahmadhani,Dokter Umum,halodoc,"Setiabudi, Jakarta Selatan",,dokter-umum,2025-06-15 03:18:56
dr. Suci Triana Putri,Dokter Umum,halodoc,"Setiabudi, Jakarta Selatan",,dokter-umum,2025-06-15 03:18:56
dr. Suci Vidya Pratami,Dokter Umum,halodoc,"Setiabudi, Jakarta Selatan",,dokter-umum,2025-06-15 03:18:56
dr. Sucipto,Dokter Umum,Apotek Kimia Farma Mutiara Taman Palem 550,"Cengkareng, Jakarta Barat",,dokter-umum,2025-06-15 03:18:56
dr. Sudirman,Dokter Umum,Apotek K24,"Banjarbaru Selatan, Kota Banjarbaru",,dokter-umum,2025-06-15 03:18:56
dr. Sudirman,Dokter Umum,APOTEK BUDI MULIA,"Matraman, Jakarta Timur",,dokter-umum,2025-06-15 03:18:56
dr. Sudirman,Dokter Umum,Klinik Sudirman,"Banjarsari, Kabupaten Ciamis",,dokter-umum,2025-06-15 03:18:59
dr. Sudomo Situmorang,Dokter Umum,halodoc,"Setiabudi, Jakarta Selatan",,dokter-umum,2025-06-15 03:18:59
Dr. Sufia Permatasari Syaefullah,Dokter Umum,BEC Tasik,"Sukaresik, Kabupaten Tasikmalaya",,dokter-umum,2025-06-15 03:18:59
Suga Marthawati,Dokter Umum,halodoc,"Setiabudi, Jakarta Selatan",,dokter-umum,2025-06-15 03:18:59
Dr. Sugeng Eko Prabowo,Dokter Umum,Dr. Eko Sugeng Prabowo klinik,"Bekasi Barat, Bekasi",,dokter-umum,2025-06-15 03:18:59
Dr. Sugeng Eko Prabowo,Dokter Umum,dr Sugeng eko,"Cempaka Putih, Jakarta Pusat",,dokter-umum,2025-06-15 03:18:59
Dr. Sugeng Eko Prabowo,Dokter Umum,dr Sugeng eko,"Cempaka Putih, Jakarta Pusat",,dokter-umum,2025-06-15 03:18:59
dr. Suharno,Dokter Umum,Praktik Mandiri dr. Suharno,"Bekasi Barat, Bekasi",,dokter-umum,2025-06-15 03:18:59
dr. Suharto,Dokter Umum,dr Suharto,"Kemayoran, Jakarta Pusat",,dokter-umum,2025-06-15 03:18:59
Dr. Suhendri,Dokter Umum,halodoc,"Setiabudi, Jakarta Selatan",,dokter-umum,2025-06-15 03:18:59
dr. Sukma Anggun Putri,Dokter Umum,halodoc,"Setiabudi, Jakarta Selatan",,dokter-umum,2025-06-15 03:19:01
dr. Sukma Dewantari,Dokter Umum,halodoc,"Setiabudi, Jakarta Selatan",,dokter-umum,2025-06-15 03:19:01
dr. Sukma Susilawati,Dokter Umum,halodoc,"Setiabudi, Jakarta Selatan",,dokter-umum,2025-06-15 03:19:01
Dr. Sukriyah,Dokter Umum,Klinik Wahana Sejahtera 2,"Tanjung Priok, Jakarta Utara",,dokter-umum,2025-06-15 03:19:01
dr. Sukriyah Yarmen,Dokter Umum,dr Sukriyah,"Cempaka Putih, Jakarta Pusat",,dokter-umum,2025-06-15 03:19:01
dr. Sukriyah Yarnem,Dokter Umum,dr Sukriyah,"Cempaka Putih, Jakarta Pusat",,dokter-umum,2025-06-15 03:19:01
dr. Sulamto,Dokter Umum,Klinik Nur Alif,"Cipayung, Jakarta Timur",,dokter-umum,2025-06-15 03:19:01
dr. Sulastri,Dokter Umum,halodoc,"Setiabudi, Jakarta Selatan",,dokter-umum,2025-06-15 03:19:01
Dr. Sulistyo Negoro Tommy Antariksa S.H.,Dokter Umum,halodoc,"Setiabudi, Jakarta Selatan",,dokter-umum,2025-06-15 03:19:01
dr. Sulpiana,Dokter Umum,halodoc,"Setiabudi, Jakarta Selatan",,dokter-umum,2025-06-15 03:19:01
dr. Sulung Sp. OG,Dokter Umum,APOTEK KIMIA FARMA KATANG KEDIRI,"Kras, Kabupaten Kediri",,dokter-umum,2025-06-15 03:19:04
dr. Sumarni,Dokter Umum,KLINIK SASANTI,"Megamendung, Kabupaten Bogor",,dokter-umum,2025-06-15 03:19:04
dr. Sumarni,Dokter Umum,KLINIK SASANTI,"Megamendung, Kabupaten Bogor",,dokter-umum,2025-06-15 03:19:04
Dr. Sumaryanti,Dokter Umum,Klinik Bakti Kencana,"Tambun Selatan, Kabupaten Bekasi",,dokter-umum,2025-06-15 03:19:04
dr. Sumiati,Dokter Umum,Klinik Citra Wijayakusuma,"Klari, Kabupaten Karawang",,dokter-umum,2025-06-15 03:19:04
dr. Sumitro Pasaribu,Dokter Umum,halodoc,"Setiabudi, Jakarta Selatan",,dokter-umum,2025-06-15 03:19:04
dr. Sunandang,Dokter Umum,Klinik Dr Sunandang,"Tarumajaya, Kabupaten Bekasi",,dokter-umum,2025-06-15 03:19:04
dr. Sunandang,Dokter Umum,halodoc,"Setiabudi, Jakarta Selatan",,dokter-umum,2025-06-15 03:19:04
dr. Sunandang,Dokter Umum,Praktek Dokter Umum.,"Cilincing, Jakarta Utara",,dokter-umum,2025-06-15 03:19:04
dr. Sunandang,Dokter Umum,PRAKTEK DOKTER UMUM DAN DOKTER GIGI,"Tarumajaya, Kabupaten Bekasi",,dokter-umum,2025-06-15 03:19:04
dr. Sunandang,Dokter Umum,Klinik Dr Sunandang,"Tarumajaya, Kabupaten Bekasi",,dokter-umum,2025-06-15 03:19:06
dr. Sunandang,Dokter Umum,PRAKTEK DOKTER UMUM DAN DOKTER GIGI,"Tarumajaya, Kabupaten Bekasi",,dokter-umum,2025-06-15 03:19:06
dr. Sunandang,Dokter Umum,Klinik dokter umum dan dokter gigi,"Menteng, Jakarta Pusat",,dokter-umum,2025-06-15 03:19:06
dr. Sunandang,Dokter Umum,Praktek Dokter Umum.,"Cilincing, Jakarta Utara",,dokter-umum,2025-06-15 03:19:06
dr. Sunanto,Dokter Umum,Tugu Medical Center,"Cimanggis, Depok",,dokter-umum,2025-06-15 03:19:06
dr. Sundang,Dokter Umum,Klinik Dr Sunandang,"Tarumajaya, Kabupaten Bekasi",,dokter-umum,2025-06-15 03:19:06
Dr. Sunki Yulia Dwi Putri,Dokter Umum,halodoc,"Setiabudi, Jakarta Selatan",,dokter-umum,2025-06-15 03:19:06
dr. Suparto,Dokter Umum,halodoc,"Setiabudi, Jakarta Selatan",,dokter-umum,2025-06-15 03:19:06
dr Supriatin Adiputra,Dokter Umum,halodoc,"Setiabudi, Jakarta Selatan",,dokter-umum,2025-06-15 03:19:06
dr. Suri Emilia Annisa,Dokter Umum,halodoc,"Setiabudi, Jakarta Selatan",,dokter-umum,2025-06-15 03:19:06
dr. Surnahika,Dokter Umum,halodoc,"Setiabudi, Jakarta Selatan",,dokter-umum,2025-06-15 03:19:09
Dr. Surya Dharma,Dokter Umum,halodoc,"Setiabudi, Jakarta Selatan",,dokter-umum,2025-06-15 03:19:09
Surya Pratama Brilliantika,Dokter Umum,halodoc,"Setiabudi, Jakarta Selatan",,dokter-umum,2025-06-15 03:19:09
dr. Surya Raj,Dokter Umum,halodoc,"Setiabudi, Jakarta Selatan",,dokter-umum,2025-06-15 03:19:09
dr. Surya Widya Jaya Budiman,Dokter Umum,halodoc,"Setiabudi, Jakarta Selatan",,dokter-umum,2025-06-15 03:19:09
dr. Suryanto Sp. PD,Dokter Umum,Renata Medical,"Bogor Utara, Bogor",,dokter-umum,2025-06-15 03:19:09
dr. Suryat Thedra Lie,Dokter Umum,Apotik Husada,"Pontianak Kota, Kota Pontianak",,dokter-umum,2025-06-15 03:19:09
dr Suryono,Dokter Umum,Klinik Kimia Farma Duren Sawit,"Duren Sawit, Jakarta Timur",,dokter-umum,2025-06-15 03:19:09
Dr. Susana,Dokter Umum,Apotik Rini,"Pulo Gadung, Jakarta Timur",,dokter-umum,2025-06-15 03:19:09
dr. Susanto,Dokter Umum,halodoc,"Setiabudi, Jakarta Selatan",,dokter-umum,2025-06-15 03:19:09
dr. Syah Muhammad Reza,Dokter Umum,Klinik Devina Medika,"Jatiasih, Bekasi",,dokter-umum,2025-06-15 03:19:19
dr. Syahhirul Arief Ulim,Dokter Umum,halodoc,"Setiabudi, Jakarta Selatan",,dokter-umum,2025-06-15 03:19:19
Syahreza Nazhara,Dokter Umum,halodoc,"Setiabudi, Jakarta Selatan",,dokter-umum,2025-06-15 03:19:19
dr. Syaiful Bachtiar,Dokter Umum,Klinik Syafira 2,"Cikampek, Kabupaten Karawang",,dokter-umum,2025-06-15 03:19:19
dr. Syaiful Islam,Dokter Umum,halodoc,"Setiabudi, Jakarta Selatan",,dokter-umum,2025-06-15 03:19:19
Dr. Syamsul Arifin,Dokter Umum,halodoc,"Setiabudi, Jakarta Selatan",,dokter-umum,2025-06-15 03:19:19
dr. Syarif Alwi,Dokter Umum,Klinik Pratama dr. Syarif Alwi,"Bekasi Timur, Bekasi",,dokter-umum,2025-06-15 03:19:19
dr. Syarif Awaluddin,Dokter Umum,Klinik Pratama Sholihin Medical Center,"Bekasi Timur, Bekasi",,dokter-umum,2025-06-15 03:19:19
Syarifah Kamalia,Dokter Umum,halodoc,"Setiabudi, Jakarta Selatan",,dokter-umum,2025-06-15 03:19:19
dr. Syarifuddin,Dokter Umum,KLINIK DAN LABORATORIUM AS-SYIFA NH,"Jatiasih, Bekasi",,dokter-umum,2025-06-15 03:19:19
dr. Syaripah Nazilah,Dokter Umum,halodoc,"Setiabudi, Jakarta Selatan",,dokter-umum,2025-06-15 03:19:22
dr. Syarofis Siayah,Dokter Umum,halodoc,"Setiabudi, Jakarta Selatan",,dokter-umum,2025-06-15 03:19:22
Dr. Syartika Megasanjaya,Dokter Umum,halodoc,"Setiabudi, Jakarta Selatan",,dokter-umum,2025-06-15 03:19:22
dr. Syeren Litani,Dokter Umum,halodoc,"Setiabudi, Jakarta Selatan",,dokter-umum,2025-06-15 03:19:22
dr. Syifa Amalia Hanif,Dokter Umum,halodoc,"Setiabudi, Jakarta Selatan",,dokter-umum,2025-06-15 03:19:22
dr. Syifa Khusnul Khotimah,Dokter Umum,halodoc,"Setiabudi, Jakarta Selatan",,dokter-umum,2025-06-15 03:19:22
dr. Syifa Silviyah,Dokter Umum,halodoc,"Setiabudi, Jakarta Selatan",,dokter-umum,2025-06-15 03:19:22
Dr. Sylvi,Dokter Umum,halodoc,"Setiabudi, Jakarta Selatan",,dokter-umum,2025-06-15 03:19:22
dr. Sylvia Joson,Dokter Umum,halodoc,"Setiabudi, Jakarta Selatan",,dokter-umum,2025-06-15 03:19:22
Dr. Sylvia Rachman,Dokter Umum,halodoc,"Setiabudi, Jakarta Selatan",,dokter-umum,2025-06-15 03:19:22
Sylvia Teresa,Dokter Umum,halodoc,"Setiabudi, Jakarta Selatan",,dokter-umum,2025-06-15 03:19:24
dr. Sylvienia,Dokter Umum,halodoc,"Setiabudi, Jakarta Selatan",,dokter-umum,2025-06-15 03:19:24
dr Synthia Rizki,Dokter Umum,halodoc,"Setiabudi, Jakarta Selatan",,dokter-umum,2025-06-15 03:19:24
dr. Syufriyadi DS,Dokter Umum,halodoc,"Setiabudi, Jakarta Selatan",,dokter-umum,2025-06-15 03:19:24
Dr. Syukria Fitri,Dokter Umum,halodoc,"Setiabudi, Jakarta Selatan",,dokter-umum,2025-06-15 03:19:24
dr. T. Danang Adkhani,Dokter Umum,Klinik Inpres Medika,"Larangan, Tangerang",,dokter-umum,2025-06-15 03:19:24
dr. T. H. Chitra Kirana,Dokter Umum,RS Bethesda Yogya,"Kraton, Kota Yogyakarta",,dokter-umum,2025-06-15 03:19:24
Dr. T. Hermanto,Dokter Umum,halodoc,"Setiabudi, Jakarta Selatan",,dokter-umum,2025-06-15 03:19:24
dr. T. M Ikbal,Dokter Umum,Praktek dokter.,"Bukit Raya, Kota Pekanbaru",,dokter-umum,2025-06-15 03:19:24
Dr. TANDYO S.M.,Dokter Umum,Dr. Tandyo SM,"Jebres, Kota Surakarta",,dokter-umum,2025-06-15 03:19:24
Dr. TEDDY KARLI,Dokter Umum,Dr. TEDDY KARLI,"Cengkareng, Jakarta Barat",,dokter-umum,2025-06-15 03:19:27
Dr. TEDDY KARLI,Dokter Umum,Bio Medika Kedoya,"Kebon Jeruk, Jakarta Barat",,dokter-umum,2025-06-15 03:19:27
Dr. TH. WINATA,Dokter Umum,dr. TH WINATA,"Pademangan, Jakarta Utara",,dokter-umum,2025-06-15 03:19:27
dr. TIA ZAHRA PURNAMA,Dokter Umum,dr. Tia Zahra,"Kalimanah, Kabupaten Purbalingga",,dokter-umum,2025-06-15 03:19:27
Dr. Tama Natalia,Dokter Umum,halodoc,"Setiabudi, Jakarta Selatan",,dokter-umum,2025-06-15 03:19:27
dr. Tammy Vania,Dokter Umum,Rumah Sakit Umum Amira,"Purwakarta, Kabupaten Purwakarta",,dokter-umum,2025-06-15 03:19:27
dr. Tammy Vania,Dokter Umum,Klinik Utama Shanaya,"Purwakarta, Kabupaten Purwakarta",,dokter-umum,2025-06-15 03:19:27
dr. Tandrio,Dokter Umum,Praktek dokter bersama-,"Ciawi, Kabupaten Bogor",,dokter-umum,2025-06-15 03:19:27
Dr. Tania Yuza Putri,Dokter Umum,halodoc,"Setiabudi, Jakarta Selatan",,dokter-umum,2025-06-15 03:19:27
dr. Tanika SP Larega,Dokter Umum,halodoc,"Setiabudi, Jakarta Selatan",,dokter-umum,2025-06-15 03:19:27
dr. Tantri Kurniawati Sp. THT-K,Dokter Umum,halodoc,"Setiabudi, Jakarta Selatan",,dokter-umum,2025-06-15 03:19:30
dr. Tantri Sopia Sagita Chaniago,Dokter Umum,Klinik Darusyifa Mulia,"Cilandak, Jakarta Selatan",,dokter-umum,2025-06-15 03:19:30
dr. Taqwatin Ma`rifah,Dokter Umum,halodoc,"Setiabudi, Jakarta Selatan",,dokter-umum,2025-06-15 03:19:30
dr. Tasnim,Dokter Umum,halodoc,"Setiabudi, Jakarta Selatan",,dokter-umum,2025-06-15 03:19:30
dr. Tasya Riyadi,Dokter Umum,halodoc,"Setiabudi, Jakarta Selatan",,dokter-umum,2025-06-15 03:19:30
dr. Tasya Sylvia Nursofa,Dokter Umum,halodoc,"Setiabudi, Jakarta Selatan",,dokter-umum,2025-06-15 03:19:30
dr. Tatik Sulistyowati,Dokter Umum,Klinik Rawa Banteng,"Bekasi Barat, Bekasi",,dokter-umum,2025-06-15 03:19:30
dr. Tatit,Dokter Umum,Apotek Kimia Farma Sukoharjo,"Sukoharjo, Kab Sukoharjo",,dokter-umum,2025-06-15 03:19:30
dr. Taty Prasetya,Dokter Umum,Citra Sehat Medika,"Cikupa, Kabupaten Tangerang",,dokter-umum,2025-06-15 03:19:30
dr. Taufik Pasya,Dokter Umum,Apotek Kimia Farma Bekasi Utara,"Bekasi Utara, Bekasi",,dokter-umum,2025-06-15 03:19:30
Taufik hidayat,Dokter Umum,halodoc,"Setiabudi, Jakarta Selatan",,dokter-umum,2025-06-15 03:19:32
Dr. Teddy Karli,Dokter Umum,Apotek Mulia Farma,"Cempaka Putih, Jakarta Pusat",,dokter-umum,2025-06-15 03:19:32
dr. Teddy Tjahjanto,Dokter Umum,dr. Teddy Tjahjanto,"Kelapa Gading, Jakarta Utara",,dokter-umum,2025-06-15 03:19:32
Dr. Tedja Prakoso,Dokter Umum,halodoc,"Setiabudi, Jakarta Selatan",,dokter-umum,2025-06-15 03:19:32
drg. Tegar Wahyu P,Dokter Umum,Klinik Wahyu 2,"Pondok Aren, Tangerang Selatan",,dokter-umum,2025-06-15 03:19:32
dr. Tegi Muhammad Tugiman,Dokter Umum,Sismamedikal,"Sawah Besar, Jakarta Pusat",,dokter-umum,2025-06-15 03:19:32
dr. Teguh B S,Dokter Umum,dr.Teguh Budi Santoso,"Tambun Utara, Kabupaten Bekasi",,dokter-umum,2025-06-15 03:19:32
dr. Teguh B.S,Dokter Umum,dr.Teguh Budi Santoso,"Tambun Utara, Kabupaten Bekasi",,dokter-umum,2025-06-15 03:19:32
dr. Teguh Budi Santoso,Dokter Umum,dr.Teguh Budi Santoso,"Tambun Utara, Kabupaten Bekasi",,dokter-umum,2025-06-15 03:19:32
dr. Teguh Budi Santoso,Dokter Umum,dr.Teguh Budi Santoso,"Tambun Utara, Kabupaten Bekasi",,dokter-umum,2025-06-15 03:19:32
dr. Teguh Daryatmo,Dokter Umum,halodoc,"Setiabudi, Jakarta Selatan",,dokter-umum,2025-06-15 03:19:35
dr. Teguh Dwi Wicaksono,Dokter Umum,halodoc,"Setiabudi, Jakarta Selatan",,dokter-umum,2025-06-15 03:19:35
dr. Teguh Priyatmo,Dokter Umum,halodoc,"Setiabudi, Jakarta Selatan",,dokter-umum,2025-06-15 03:19:35
dr. Telu Rahmat Chamtio Meyanto,Dokter Umum,halodoc,"Setiabudi, Jakarta Selatan",,dokter-umum,2025-06-15 03:19:35
dr. Tendy Austin Christian,Dokter Umum,halodoc,"Setiabudi, Jakarta Selatan",,dokter-umum,2025-06-15 03:19:35
Dr. Tengku Nurhasanah,Dokter Umum,halodoc,"Setiabudi, Jakarta Selatan",,dokter-umum,2025-06-15 03:19:35
dr. Teodorus Alfons Pratama,Dokter Umum,halodoc,"Setiabudi, Jakarta Selatan",,dokter-umum,2025-06-15 03:19:35
dr. Terry Mukminah Sari,Dokter Umum,halodoc,"Setiabudi, Jakarta Selatan",,dokter-umum,2025-06-15 03:19:35
dr. Tesa Iswa Rahman,Dokter Umum,halodoc,"Setiabudi, Jakarta Selatan",,dokter-umum,2025-06-15 03:19:35
dr. Tesia Iryani,Dokter Umum,halodoc,"Setiabudi, Jakarta Selatan",,dokter-umum,2025-06-15 03:19:35
Testi Melina Candra,Dokter Umum,halodoc,"Setiabudi, Jakarta Selatan",,dokter-umum,2025-06-15 03:19:37
dr. Teti Andrianti,Dokter Umum,halodoc,"Setiabudi, Jakarta Selatan",,dokter-umum,2025-06-15 03:19:37
dr. Tety Ricka Don MM,Dokter Umum,halodoc,"Setiabudi, Jakarta Selatan",,dokter-umum,2025-06-15 03:19:37
Teuku Ilhami Surya Akbar,Dokter Umum,halodoc,"Setiabudi, Jakarta Selatan",,dokter-umum,2025-06-15 03:19:37
Teuku Nicko Rinaldi,Dokter Umum,halodoc,"Setiabudi, Jakarta Selatan",,dokter-umum,2025-06-15 03:19:37
Dr. Tezza Dinayanti,Dokter Umum,RSIA Miriam Kudus,"Kota Kudus, Kabupaten Kudus",,dokter-umum,2025-06-15 03:19:37
Dr. Tezza Dinayanti Sp. A,Dokter Umum,RSIA Miriam Kudus,"Kota Kudus, Kabupaten Kudus",,dokter-umum,2025-06-15 03:19:37
dr. Thalia Febriati,Dokter Umum,halodoc,"Setiabudi, Jakarta Selatan",,dokter-umum,2025-06-15 03:19:37
Theodora Injang Winedar,Dokter Umum,halodoc,"Setiabudi, Jakarta Selatan",,dokter-umum,2025-06-15 03:19:37
dr. Theodorus Sapta Atmadja MM,Dokter Umum,Kimia Farma Beringin,"Jambi Selatan, Kota Jambi",,dokter-umum,2025-06-15 03:19:37
Theofilus Aswadi,Dokter Umum,halodoc,"Setiabudi, Jakarta Selatan",,dokter-umum,2025-06-15 03:19:40
dr. Theresia,Dokter Umum,Klinik Pratama dr.Hasto S,"Cibitung, Kabupaten Bekasi",,dokter-umum,2025-06-15 03:19:40
dr. Theresia Chesar,Dokter Umum,halodoc,"Setiabudi, Jakarta Selatan",,dokter-umum,2025-06-15 03:19:40
dr. Theresia Dessy K,Dokter Umum,dr Theresia Dessy K,"Pasar Rebo, Jakarta Timur",,dokter-umum,2025-06-15 03:19:40
Dr. Theresia Dian,Dokter Umum,halodoc,"Setiabudi, Jakarta Selatan",,dokter-umum,2025-06-15 03:19:40
dr. Theresia Dita,Dokter Umum,halodoc,"Setiabudi, Jakarta Selatan",,dokter-umum,2025-06-15 03:19:40
dr. Theresia Karina Witanta,Dokter Umum,halodoc,"Setiabudi, Jakarta Selatan",,dokter-umum,2025-06-15 03:19:40
dr. Theresia Monica Subagio,Dokter Umum,halodoc,"Setiabudi, Jakarta Selatan",,dokter-umum,2025-06-15 03:19:40
Dr. Thevany,Dokter Umum,halodoc,"Setiabudi, Jakarta Selatan",,dokter-umum,2025-06-15 03:19:40
dr. Thomas Darwin M.Kes,Dokter Umum,halodoc,"Setiabudi, Jakarta Selatan",,dokter-umum,2025-06-15 03:19:40
Dr. Thyra Anissa Putri,Dokter Umum,halodoc,"Setiabudi, Jakarta Selatan",,dokter-umum,2025-06-15 03:19:43
dr. Tiara Anggraini,Dokter Umum,halodoc,"Setiabudi, Jakarta Selatan",,dokter-umum,2025-06-15 03:19:43
dr. Tiara Aris Dahriani,Dokter Umum,halodoc,"Setiabudi, Jakarta Selatan",,dokter-umum,2025-06-15 03:19:43
Dr. Tiara Asa Juwita,Dokter Umum,halodoc,"Setiabudi, Jakarta Selatan",,dokter-umum,2025-06-15 03:19:43
Dr. Tiara Ayu Pratiwi,Dokter Umum,Klinik Pratama Almuzzammil,"Jatiasih, Bekasi",,dokter-umum,2025-06-15 03:19:43
dr. Tiara Hana Keisya,Dokter Umum,halodoc,"Setiabudi, Jakarta Selatan",,dokter-umum,2025-06-15 03:19:43
dr. Tiara Merdeka Putri,Dokter Umum,halodoc,"Setiabudi, Jakarta Selatan",,dokter-umum,2025-06-15 03:19:43
dr. Tiara Mustikadewi,Dokter Umum,halodoc,"Setiabudi, Jakarta Selatan",,dokter-umum,2025-06-15 03:19:43
dr. Tiara Setyoning Arum,Dokter Umum,KLINIK H. RASIDI,"Balikpapan Kota, Kota Balikpapan",,dokter-umum,2025-06-15 03:19:43
dr. Tiara Tibriny Wahab,Dokter Umum,halodoc,"Setiabudi, Jakarta Selatan",,dokter-umum,2025-06-15 03:19:43
Dr. Tiara Yunela,Dokter Umum,Halodoc Teleconsultation,"Setiabudi, Jakarta Selatan",,dokter-umum,2025-06-15 03:19:45
Dr. Tiara Yunela,Dokter Umum,halodoc,"Setiabudi, Jakarta Selatan",,dokter-umum,2025-06-15 03:19:45
dr. Tifany S,Dokter Umum,Klinik Pratama Amaliah,"Kotabaru, Kabupaten Karawang",,dokter-umum,2025-06-15 03:19:45
Dr. Tiffany Baby Sentosa,Dokter Umum,halodoc,"Setiabudi, Jakarta Selatan",,dokter-umum,2025-06-15 03:19:45
Dr. Timothy Agung Prabowo Mualim,Dokter Umum,halodoc,"Setiabudi, Jakarta Selatan",,dokter-umum,2025-06-15 03:19:45
dr. Timotius Agung Soripada,Dokter Umum,halodoc,"Setiabudi, Jakarta Selatan",,dokter-umum,2025-06-15 03:19:45
Dr. Timotius Garry,Dokter Umum,halodoc,"Setiabudi, Jakarta Selatan",,dokter-umum,2025-06-15 03:19:45
dr. Timuryana Wahyuniansyah,Dokter Umum,halodoc,"Setiabudi, Jakarta Selatan",,dokter-umum,2025-06-15 03:19:45
dr. Tina Purbayati Nugrahaningrum,Dokter Umum,halodoc,"Setiabudi, Jakarta Selatan",,dokter-umum,2025-06-15 03:19:45
Dr. Tirza Iria Pratama Lubis,Dokter Umum,halodoc,"Setiabudi, Jakarta Selatan",,dokter-umum,2025-06-15 03:19:45
dr. Tisa Susanti,Dokter Umum,halodoc,"Setiabudi, Jakarta Selatan",,dokter-umum,2025-06-15 03:19:48
dr. Tita Dwi Cahyaningtyas,Dokter Umum,halodoc,"Setiabudi, Jakarta Selatan",,dokter-umum,2025-06-15 03:19:48
Dr. Tita Menawati Sp. A,Dokter Umum,Apotik Ratu Farma,"Gambir, Jakarta Pusat",,dokter-umum,2025-06-15 03:19:48
dr. Titek Indah W,Dokter Umum,halodoc,"Setiabudi, Jakarta Selatan",,dokter-umum,2025-06-15 03:19:48
Dr. Titian Indah R. M. Mendrofa,Dokter Umum,halodoc,"Setiabudi, Jakarta Selatan",,dokter-umum,2025-06-15 03:19:48
dr. Tiur Romauli,Dokter Umum,halodoc,"Setiabudi, Jakarta Selatan",,dokter-umum,2025-06-15 03:19:48
dr. Tiur Romauli,Dokter Umum,halodoc,"Setiabudi, Jakarta Selatan",,dokter-umum,2025-06-15 03:19:48
dr. Tiur Romauli,Dokter Umum,halodoc,"Setiabudi, Jakarta Selatan",,dokter-umum,2025-06-15 03:19:48
dr. Tiur Sinta Marito Simamora,Dokter Umum,halodoc,"Setiabudi, Jakarta Selatan",,dokter-umum,2025-06-15 03:19:48
dr. Tjipto Wahyono,Dokter Umum,Praktek dokter mandiri,"Cileunyi, Kabupaten Bandung",,dokter-umum,2025-06-15 03:19:48
dr. Tom Thomas,Dokter Umum,SOS MEDIKA,"Cilandak, Jakarta Selatan",,dokter-umum,2025-06-15 03:19:51
dr. Tommy,Dokter Umum,halodoc,"Setiabudi, Jakarta Selatan",,dokter-umum,2025-06-15 03:19:51
Dr. Tommy Firman Samuel L Tobing,Dokter Umum,halodoc,"Setiabudi, Jakarta Selatan",,dokter-umum,2025-06-15 03:19:51
dr. Tommy Pancha Karnoetama,Dokter Umum,halodoc,"Setiabudi, Jakarta Selatan",,dokter-umum,2025-06-15 03:19:51
Dr. Tommy Shahrial Ramadhan,Dokter Umum,halodoc,"Setiabudi, Jakarta Selatan",,dokter-umum,2025-06-15 03:19:51
Dr. Tommy Susanto,Dokter Umum,Apotek Pelita Sari,"Lowokwaru, Kota Malang",,dokter-umum,2025-06-15 03:19:51
Dr. Tommy Susanto,Dokter Umum,Apotek Pelita Sari,"Lowokwaru, Kota Malang",,dokter-umum,2025-06-15 03:19:51
Dr. Tonggok J.U Sitorus,Dokter Umum,KLINIK UMUM RAIHAN MEDICA,"Kebayoran Baru, Jakarta Selatan",,dokter-umum,2025-06-15 03:19:51
Dr. Toni Fradson Marbun,Dokter Umum,Klinik Klapanunggal,"Klapanunggal, Kabupaten Bogor",,dokter-umum,2025-06-15 03:19:51
Dr. Toni Fradson Marbun,Dokter Umum,Klinik Klapanunggal,"Klapanunggal, Kabupaten Bogor",,dokter-umum,2025-06-15 03:19:51
Dr. Toni Fradson Marbun,Dokter Umum,Klinik Klapanunggal,"Klapanunggal, Kabupaten Bogor",,dokter-umum,2025-06-15 03:19:53
dr. Toni Maryanto,Dokter Umum,KLINIK PRATAMA SARTIKA - Kramat Jati - Jakarta Timur -,"Kramat Jati, Jakarta Timur",,dokter-umum,2025-06-15 03:19:53
dr. Tony Aziz,Dokter Umum,halodoc,"Setiabudi, Jakarta Selatan",,dokter-umum,2025-06-15 03:19:53
dr. Tony. SB,Dokter Umum,Lab. Prima,"Medan Timur, Kota Medan",,dokter-umum,2025-06-15 03:19:53
dr. Totok Subiyanto,Dokter Umum,halodoc,"Setiabudi, Jakarta Selatan",,dokter-umum,2025-06-15 03:19:53
dr. Tri Asih Fatubun,Dokter Umum,halodoc,"Setiabudi, Jakarta Selatan",,dokter-umum,2025-06-15 03:19:53
Dr. Tri Boy Petrus Petra Panjaitan,Dokter Umum,halodoc,"Setiabudi, Jakarta Selatan",,dokter-umum,2025-06-15 03:19:53
Dr. Tri Budi Santoso,Dokter Umum,Klinik Fikri Medika 2,"Klari, Kabupaten Karawang",,dokter-umum,2025-06-15 03:19:53
Dr. Tri Budi Santoso,Dokter Umum,Klinik Fikri Medika 2,"Klari, Kabupaten Karawang",,dokter-umum,2025-06-15 03:19:53
Dr. Tri Budi Santoso,Dokter Umum,Klinik Fikri Medika 2,"Klari, Kabupaten Karawang",,dokter-umum,2025-06-15 03:19:53
Dr. Tri Budi Santoso,Dokter Umum,Klinik Fikri Medika 2,"Klari, Kabupaten Karawang",,dokter-umum,2025-06-15 03:19:56
Dr. Tri Budi Santoso,Dokter Umum,Klinik Fikri Medika 2,"Klari, Kabupaten Karawang",,dokter-umum,2025-06-15 03:19:56
Dr. Tri Budi Santoso,Dokter Umum,Klinik Fikri Medika 2,"Klari, Kabupaten Karawang",,dokter-umum,2025-06-15 03:19:56
Dr. Tri Budi Santoso,Dokter Umum,Klinik Fikri Medika 2,"Klari, Kabupaten Karawang",,dokter-umum,2025-06-15 03:19:56
Dr. Tri Budi Santoso,Dokter Umum,Klinik Fikri Medika 2,"Klari, Kabupaten Karawang",,dokter-umum,2025-06-15 03:19:56
dr. Tri Handayani Panjaitan,Dokter Umum,halodoc,"Setiabudi, Jakarta Selatan",,dokter-umum,2025-06-15 03:19:56
dr. Tri Harum Masimah,Dokter Umum,halodoc,"Setiabudi, Jakarta Selatan",,dokter-umum,2025-06-15 03:19:56
dr. Tri Harum Masimah,Dokter Umum,halodoc,"Setiabudi, Jakarta Selatan",,dokter-umum,2025-06-15 03:19:56
dr. Tri Indah,Dokter Umum,Klinik Pratama Eka Medika,"Cempaka Putih, Jakarta Pusat",,dokter-umum,2025-06-15 03:19:56
dr. Tri Indriani,Dokter Umum,halodoc,"Setiabudi, Jakarta Selatan",,dokter-umum,2025-06-15 03:19:56
dr. Tri Nining Ramayeni,Dokter Umum,halodoc,"Setiabudi, Jakarta Selatan",,dokter-umum,2025-06-15 03:19:58
dr. Tri Patriyuni,Dokter Umum,halodoc,"Setiabudi, Jakarta Selatan",,dokter-umum,2025-06-15 03:19:58
dr. Tri Waitul Nofri,Dokter Umum,Klinik Utama Glori Medika,"Tanjung Priok, Jakarta Utara",,dokter-umum,2025-06-15 03:19:58
dr. Tri Wulandari,Dokter Umum,Praktek dr Tri Wulandari,"Sindang Jaya, Kabupaten Tangerang",,dokter-umum,2025-06-15 03:19:58
dr. Tria Utaminingsih,Dokter Umum,halodoc,"Setiabudi, Jakarta Selatan",,dokter-umum,2025-06-15 03:19:58
dr. Triani Martio,Dokter Umum,halodoc,"Setiabudi, Jakarta Selatan",,dokter-umum,2025-06-15 03:19:58
Dr. Trias Setiana,Dokter Umum,halodoc,"Setiabudi, Jakarta Selatan",,dokter-umum,2025-06-15 03:19:58
Dr. Triharyadi F. Tegu,Dokter Umum,Apotek K24,"Banjarbaru Selatan, Kota Banjarbaru",,dokter-umum,2025-06-15 03:19:58
Dr. Trikarnasih Yulindah,Dokter Umum,halodoc,"Setiabudi, Jakarta Selatan",,dokter-umum,2025-06-15 03:19:58
dr. Trinita Diyah Permatasari,Dokter Umum,halodoc,"Setiabudi, Jakarta Selatan",,dokter-umum,2025-06-15 03:19:58
Dr. Trisna Surya K,Dokter Umum,halodoc,"Setiabudi, Jakarta Selatan",,dokter-umum,2025-06-15 03:20:01
Dr. Trisna Yanti Nainggolan,Dokter Umum,halodoc,"Setiabudi, Jakarta Selatan",,dokter-umum,2025-06-15 03:20:01
dr. Tristiyanto,Dokter Umum,DR TRISTIYANTO,"Cempaka Putih, Jakarta Pusat",,dokter-umum,2025-06-15 03:20:01
Dr. Tristiyanto,Dokter Umum,Klinik Umum Putra Medica,"Tambun Utara, Kabupaten Bekasi",,dokter-umum,2025-06-15 03:20:01
dr Tristiyanto,Dokter Umum,Klinik Umum Putra Medica,"Tambun Utara, Kabupaten Bekasi",,dokter-umum,2025-06-15 03:20:01
Dr. Triyanti,Dokter Umum,Apotik Sumber Sehat Medika,"Bekasi Utara, Bekasi",,dokter-umum,2025-06-15 03:20:01
dr. Try Satrio Wicaksono,Dokter Umum,halodoc,"Setiabudi, Jakarta Selatan",,dokter-umum,2025-06-15 03:20:01
dr. Tsuchiya Tristiana Dewi,Dokter Umum,RSUD Al Ihsan Provinsi Jawa Barat,"Baleendah, Kabupaten Bandung",,dokter-umum,2025-06-15 03:20:01
Dr. Tulus Kurnia Indah,Dokter Umum,halodoc,"Setiabudi, Jakarta Selatan",,dokter-umum,2025-06-15 03:20:01
Dr. Tumpal Rajagukguk,Dokter Umum,Apotek dan Praktek Dokter Golden Sehat,"Kebon Jeruk, Jakarta Barat",,dokter-umum,2025-06-15 03:20:01
Dr. Tumpal Rajagukguk,Dokter Umum,APOTEK GOLDEN SEHAT,"Bekasi Utara, Bekasi",,dokter-umum,2025-06-15 03:20:03
dr. Tuti Hernawati,Dokter Umum,Klinik Sari Lestari,"Banyusari, Kabupaten Karawang",,dokter-umum,2025-06-15 03:20:03
Dr. Tuti Ona,Dokter Umum,"Klinik dr.Tuti Ona,MARS.","Tanjung Priok, Jakarta Utara",,dokter-umum,2025-06-15 03:20:03
Dr. Tuti Ona,Dokter Umum,"Klinik dr.Tuti Ona,MARS.","Tanjung Priok, Jakarta Utara",,dokter-umum,2025-06-15 03:20:03
Dr. Tuti Ona,Dokter Umum,"Klinik dr.Tuti Ona,MARS.","Tanjung Priok, Jakarta Utara",,dokter-umum,2025-06-15 03:20:03
"Dr. Tuti Ona, MARS.",Dokter Umum,"Klinik dr.Tuti Ona,MARS.","Tanjung Priok, Jakarta Utara",,dokter-umum,2025-06-15 03:20:03
dr. Tutug Kinasih,Dokter Umum,halodoc,"Setiabudi, Jakarta Selatan",,dokter-umum,2025-06-15 03:20:03
dr. Tutuko Radite,Dokter Umum,Klinik Pratama Perisai Dharma Medika,"Bekasi Utara, Bekasi",,dokter-umum,2025-06-15 03:20:03
dr Tutut Nila Munana,Dokter Umum,Essa Lab,"Senen, Jakarta Pusat",,dokter-umum,2025-06-15 03:20:03
Dr. Tutut Rachmawati,Dokter Umum,halodoc,"Setiabudi, Jakarta Selatan",,dokter-umum,2025-06-15 03:20:03
dr. Tyagita Ayu,Dokter Umum,halodoc,"Setiabudi, Jakarta Selatan",,dokter-umum,2025-06-15 03:20:06
Dr. Tyara Debi Arrisha,Dokter Umum,halodoc,"Setiabudi, Jakarta Selatan",,dokter-umum,2025-06-15 03:20:06
Dr. Tyas Aulia Puspa,Dokter Umum,halodoc,"Setiabudi, Jakarta Selatan",,dokter-umum,2025-06-15 03:20:06
dr. Tyas Wisnu Hendrawan,Dokter Umum,Klinik Teluk Jambe Medika,"Telukjambe Timur, Kabupaten Karawang",,dokter-umum,2025-06-15 03:20:06
dr. Tyasa Budiman,Dokter Umum,halodoc,"Setiabudi, Jakarta Selatan",,dokter-umum,2025-06-15 03:20:06
dr. UMMI FATMAWATI INTAHIYAH,Dokter Umum,RSU PERMATA BLORA,"Ngawen, Kabupaten Blora",,dokter-umum,2025-06-15 03:20:06
dr. URIP SADELI,Dokter Umum,Praktek Dokter Hankam,"Bogor Barat, Bogor",,dokter-umum,2025-06-15 03:20:06
dr. URIR SADELI,Dokter Umum,Praktek Dokter Hankam,"Bogor Barat, Bogor",,dokter-umum,2025-06-15 03:20:06
Dr. Ubeta Adikusnadi,Dokter Umum,dr. Ubeta Adikusnadi,"Karawaci, Tangerang",,dokter-umum,2025-06-15 03:20:06
dr. Ulfa Fadhilah Lubis,Dokter Umum,halodoc,"Setiabudi, Jakarta Selatan",,dokter-umum,2025-06-15 03:20:06
Dr. Ulfa Hayati Putri,Dokter Umum,halodoc,"Setiabudi, Jakarta Selatan",,dokter-umum,2025-06-15 03:20:09
dr Ulfa Prartiwi,Dokter Umum,halodoc,"Setiabudi, Jakarta Selatan",,dokter-umum,2025-06-15 03:20:09
dr. Ulfah Widya Yulya Putri,Dokter Umum,halodoc,"Setiabudi, Jakarta Selatan",,dokter-umum,2025-06-15 03:20:09
dr. Ulfha Aldyani,Dokter Umum,halodoc,"Setiabudi, Jakarta Selatan",,dokter-umum,2025-06-15 03:20:09
dr. Ulfia Azmi,Dokter Umum,halodoc,"Setiabudi, Jakarta Selatan",,dokter-umum,2025-06-15 03:20:09
Dr. Ulil Amri,Dokter Umum,Apotek Trijaya,"Sawah Besar, Jakarta Pusat",,dokter-umum,2025-06-15 03:20:09
dr. Ulima Mazaya Ghaisani,Dokter Umum,0,"Bekasi Selatan, Bekasi",,dokter-umum,2025-06-15 03:20:09
Dr. Ulyandini,Dokter Umum,halodoc,"Setiabudi, Jakarta Selatan",,dokter-umum,2025-06-15 03:20:09
Dr. Ummi Pertiwi,Dokter Umum,halodoc,"Setiabudi, Jakarta Selatan",,dokter-umum,2025-06-15 03:20:09
dr. Ummi Syarofah,Dokter Umum,halodoc,"Setiabudi, Jakarta Selatan",,dokter-umum,2025-06-15 03:20:09
dr. Ummul Khair Imaduddin,Dokter Umum,halodoc,"Setiabudi, Jakarta Selatan",,dokter-umum,2025-06-15 03:20:11
dr. Umpi Asparingga,Dokter Umum,halodoc,"Setiabudi, Jakarta Selatan",,dokter-umum,2025-06-15 03:20:11
dr. Umraini,Dokter Umum,halodoc,"Setiabudi, Jakarta Selatan",,dokter-umum,2025-06-15 03:20:11
dr. Uniqueain Maliu,Dokter Umum,halodoc,"Setiabudi, Jakarta Selatan",,dokter-umum,2025-06-15 03:20:11
dr. Ursula Natasya PP,Dokter Umum,halodoc,"Setiabudi, Jakarta Selatan",,dokter-umum,2025-06-15 03:20:11
dr. Usamah Hasanah,Dokter Umum,klinik dokter anna karawang,"Tegalwaru, Kabupaten Karawang",,dokter-umum,2025-06-15 03:20:11
dr. Ustavian Hasanah,Dokter Umum,halodoc,"Setiabudi, Jakarta Selatan",,dokter-umum,2025-06-15 03:20:11
dr. Uswatul Hasanah,Dokter Umum,halodoc,"Setiabudi, Jakarta Selatan",,dokter-umum,2025-06-15 03:20:11
dr. Uswatun Hasanah,Dokter Umum,klinik dokter anna karawang,"Tegalwaru, Kabupaten Karawang",,dokter-umum,2025-06-15 03:20:11
dr. Uswatun Hasanah,Dokter Umum,klinik dokter anna karawang,"Tegalwaru, Kabupaten Karawang",,dokter-umum,2025-06-15 03:20:11
dr. Utari Gusti Yulimdra,Dokter Umum,halodoc,"Setiabudi, Jakarta Selatan",,dokter-umum,2025-06-15 03:20:14
Dr. VERA NIRMALA,Dokter Umum,Praktek dokter.,"Bukit Raya, Kota Pekanbaru",,dokter-umum,2025-06-15 03:20:14
dr. VERONIKA MARSELLA,Dokter Umum,Apotek Meridian Farma,"Samarinda Kota, Kota Samarinda",,dokter-umum,2025-06-15 03:20:14
dr. Valentina Adinda Putri,Dokter Umum,halodoc,"Setiabudi, Jakarta Selatan",,dokter-umum,2025-06-15 03:20:14
Dr. Vanda Gizela Hami,Dokter Umum,halodoc,"Setiabudi, Jakarta Selatan",,dokter-umum,2025-06-15 03:20:14
Dr. Vania Angela,Dokter Umum,Kimia Farma Bandung,"Andir, Kota Bandung",,dokter-umum,2025-06-15 03:20:14
dr. Vania Elvira,Dokter Umum,Klinik GWS,"Kebon Jeruk, Jakarta Barat",,dokter-umum,2025-06-15 03:20:14
dr. Vanji Irawan,Dokter Umum,halodoc,"Setiabudi, Jakarta Selatan",,dokter-umum,2025-06-15 03:20:14
dr. Vanny Gitanisa,Dokter Umum,halodoc,"Setiabudi, Jakarta Selatan",,dokter-umum,2025-06-15 03:20:14
dr. Vanya Genevieve Orapau,Dokter Umum,halodoc,"Setiabudi, Jakarta Selatan",,dokter-umum,2025-06-15 03:20:14
dr. Vega Andhira,Dokter Umum,halodoc,"Setiabudi, Jakarta Selatan",,dokter-umum,2025-06-15 03:20:16
dr. Veggy Pratama Ananda Putra,Dokter Umum,halodoc,"Setiabudi, Jakarta Selatan",,dokter-umum,2025-06-15 03:20:16
dr. Vegy Supriadi,Dokter Umum,halodoc,"Setiabudi, Jakarta Selatan",,dokter-umum,2025-06-15 03:20:16
dr. Velda Amalia Andina,Dokter Umum,halodoc,"Setiabudi, Jakarta Selatan",,dokter-umum,2025-06-15 03:20:16
dr. Vellyana Gustika MARS,Dokter Umum,halodoc,"Setiabudi, Jakarta Selatan",,dokter-umum,2025-06-15 03:20:16
Venaursus Mario Perdana Rudi S.Farm.,Dokter Umum,halodoc,"Setiabudi, Jakarta Selatan",,dokter-umum,2025-06-15 03:20:16
dr. Vency Tjahyaputra,Dokter Umum,dr. Vency Thyaputra,"Tajur Halang, Kabupaten Bogor",,dokter-umum,2025-06-15 03:20:16
dr. Ventine Sianturi,Dokter Umum,halodoc,"Setiabudi, Jakarta Selatan",,dokter-umum,2025-06-15 03:20:16
Dr. Vera Septiani,Dokter Umum,halodoc,"Setiabudi, Jakarta Selatan",,dokter-umum,2025-06-15 03:20:16
Vera Yolanda,Dokter Umum,halodoc,"Setiabudi, Jakarta Selatan",,dokter-umum,2025-06-15 03:20:16
Dr. Veranita,Dokter Umum,halodoc,"Setiabudi, Jakarta Selatan",,dokter-umum,2025-06-15 03:20:19
Dr. Verawaty Erni MPHM,Dokter Umum,halodoc,"Setiabudi, Jakarta Selatan",,dokter-umum,2025-06-15 03:20:19
Dr. Verawaty Erni MPHM,Dokter Umum,halodoc,"Setiabudi, Jakarta Selatan",,dokter-umum,2025-06-15 03:20:19
Dr. Veri Ambar Sari,Dokter Umum,halodoc,"Setiabudi, Jakarta Selatan",,dokter-umum,2025-06-15 03:20:19
dr. Veronica Fetrina,Dokter Umum,halodoc,"Setiabudi, Jakarta Selatan",,dokter-umum,2025-06-15 03:20:19
Dr. Veronica Ginting,Dokter Umum,Klinik Pratama Madaniyyah,"Sukawangi, Kabupaten Bekasi",,dokter-umum,2025-06-15 03:20:19
Dr. Veronica Orchid R.,Dokter Umum,Pathlab Laboratorium Klinik,"Setiabudi, Jakarta Selatan",,dokter-umum,2025-06-15 03:20:19
dr. Veronika,Dokter Umum,halodoc,"Setiabudi, Jakarta Selatan",,dokter-umum,2025-06-15 03:20:19
Veronika Kristinawati Sangadji,Dokter Umum,halodoc,"Setiabudi, Jakarta Selatan",,dokter-umum,2025-06-15 03:20:19
dr. Veronika Marsella,Dokter Umum,Apotek Meridian Farma,"Samarinda Kota, Kota Samarinda",,dokter-umum,2025-06-15 03:20:19
dr. Verury Verona Handayani,Dokter Umum,halodoc,"Setiabudi, Jakarta Selatan",https://d1ojs48v3n42tp.cloudfront.net/personnels/717244_23-6-2022_13-51-20.jpeg,dokter-umum,2025-06-15 03:20:22
dr. Veven T.,Dokter Umum,Klinik Umum Sandya Medika,"Cibodas, Tangerang",,dokter-umum,2025-06-15 03:20:22
dr. Vicianita,Dokter Umum,halodoc,"Setiabudi, Jakarta Selatan",,dokter-umum,2025-06-15 03:20:22
dr. Vicky Dhara Wahyuni,Dokter Umum,halodoc,"Setiabudi, Jakarta Selatan",,dokter-umum,2025-06-15 03:20:22
dr. Vicky Sanrio Angky,Dokter Umum,halodoc,"Setiabudi, Jakarta Selatan",,dokter-umum,2025-06-15 03:20:22
dr. Vicky Wiharmawan,Dokter Umum,RSUD Al Ihsan Provinsi Jawa Barat,"Baleendah, Kabupaten Bandung",,dokter-umum,2025-06-15 03:20:22
dr. Vicky Yunitasari,Dokter Umum,halodoc,"Setiabudi, Jakarta Selatan",,dokter-umum,2025-06-15 03:20:22
dr. Victomercy Ay Elyanor Haan,Dokter Umum,halodoc,"Setiabudi, Jakarta Selatan",,dokter-umum,2025-06-15 03:20:22
dr. Victor Nguru,Dokter Umum,halodoc,"Setiabudi, Jakarta Selatan",,dokter-umum,2025-06-15 03:20:22
dr. Victor Sayaso,Dokter Umum,dr.Victor Sayaso,"Senen, Jakarta Pusat",,dokter-umum,2025-06-15 03:20:22
dr. Victoria Chris Ovara,Dokter Umum,KLINIK PRATAMA MIRANTI,"Penjaringan, Jakarta Utara",,dokter-umum,2025-06-15 03:20:24
dr. Vidia Hikmana,Dokter Umum,halodoc,"Setiabudi, Jakarta Selatan",,dokter-umum,2025-06-15 03:20:24
dr. Vidro Alif Gunawan,Dokter Umum,halodoc,"Setiabudi, Jakarta Selatan",,dokter-umum,2025-06-15 03:20:24
Viendri Firhand Nisa,Dokter Umum,halodoc,"Setiabudi, Jakarta Selatan",,dokter-umum,2025-06-15 03:20:24
dr. Vijay Dhillon,Dokter Umum,Klinik Pakam Medical Center,"Lubuk Pakam, Kabupaten Deli Serdang",,dokter-umum,2025-06-15 03:20:24
dr. Viki Dwi Randa,Dokter Umum,halodoc,"Setiabudi, Jakarta Selatan",,dokter-umum,2025-06-15 03:20:24
dr. Vilona Afrita Zilmi,Dokter Umum,halodoc,"Setiabudi, Jakarta Selatan",,dokter-umum,2025-06-15 03:20:24
dr. Vina Amalia,Dokter Umum,halodoc,"Setiabudi, Jakarta Selatan",,dokter-umum,2025-06-15 03:20:24
dr. Vina Cyrilla,Dokter Umum,halodoc,"Setiabudi, Jakarta Selatan",,dokter-umum,2025-06-15 03:20:24
dr. Vina Devi Octaviani,Dokter Umum,RSIA Viola,"Babelan, Kabupaten Bekasi",,dokter-umum,2025-06-15 03:20:24
dr. Vina Devi Octaviani,Dokter Umum,RSIA Viola,"Babelan, Kabupaten Bekasi",,dokter-umum,2025-06-15 03:20:27
dr. Vina Devi Octavianty,Dokter Umum,RSIA Viola,"Babelan, Kabupaten Bekasi",,dokter-umum,2025-06-15 03:20:27
dr. Vina Devi Octaviany,Dokter Umum,RSIA Viola,"Babelan, Kabupaten Bekasi",,dokter-umum,2025-06-15 03:20:27
dr. Vina Devi Octaviany,Dokter Umum,RSIA Viola,"Babelan, Kabupaten Bekasi",,dokter-umum,2025-06-15 03:20:27
dr. Vina Devi Octaviany,Dokter Umum,RSIA Viola,"Babelan, Kabupaten Bekasi",,dokter-umum,2025-06-15 03:20:27
dr. Vina Devi Octaviany,Dokter Umum,RSIA Viola,"Babelan, Kabupaten Bekasi",,dokter-umum,2025-06-15 03:20:27
dr. Vina Devi Octaviany,Dokter Umum,RSIA Viola,"Babelan, Kabupaten Bekasi",,dokter-umum,2025-06-15 03:20:27
Dr. Vina Manasye Handoyo,Dokter Umum,halodoc,"Setiabudi, Jakarta Selatan",,dokter-umum,2025-06-15 03:20:27
dr. Vina Muspita,Dokter Umum,halodoc,"Setiabudi, Jakarta Selatan",,dokter-umum,2025-06-15 03:20:27
dr. Vina Tamara,Dokter Umum,RUMAH VAKSINASI BEKASI,"Bekasi Utara, Bekasi",,dokter-umum,2025-06-15 03:20:27
dr. Vinanda Maria Alexandra Limbong,Dokter Umum,halodoc,"Setiabudi, Jakarta Selatan",,dokter-umum,2025-06-15 03:20:30
dr. Vincent Kane,Dokter Umum,halodoc,"Setiabudi, Jakarta Selatan",,dokter-umum,2025-06-15 03:20:30
dr. Vincentia Hendriana,Dokter Umum,halodoc,"Setiabudi, Jakarta Selatan",,dokter-umum,2025-06-15 03:20:30
dr. Vinda Meydina Bestari,Dokter Umum,halodoc,"Setiabudi, Jakarta Selatan",,dokter-umum,2025-06-15 03:20:30
Dr. Vindina Retha Sp. THT,Dokter Umum,halodoc,"Setiabudi, Jakarta Selatan",,dokter-umum,2025-06-15 03:20:30
dr. Vindita Mentari,Dokter Umum,halodoc,"Setiabudi, Jakarta Selatan",,dokter-umum,2025-06-15 03:20:30
dr. Vindy Novita,Dokter Umum,halodoc,"Setiabudi, Jakarta Selatan",,dokter-umum,2025-06-15 03:20:30
dr. Vine Aprilianita Sri Indah Putri,Dokter Umum,halodoc,"Setiabudi, Jakarta Selatan",,dokter-umum,2025-06-15 03:20:30
dr. Vingki Ventineu Amelya,Dokter Umum,halodoc,"Setiabudi, Jakarta Selatan",,dokter-umum,2025-06-15 03:20:30
dr. Vinna Fazrihardani Adlis,Dokter Umum,halodoc,"Setiabudi, Jakarta Selatan",,dokter-umum,2025-06-15 03:20:30
dr. Viola Annisa,Dokter Umum,halodoc,"Setiabudi, Jakarta Selatan",,dokter-umum,2025-06-15 03:20:32
dr. Viona Aprilia Sucipto,Dokter Umum,Praktek dokter.,"Bukit Raya, Kota Pekanbaru",,dokter-umum,2025-06-15 03:20:32
dr. Vionika Vitasari,Dokter Umum,halodoc,"Setiabudi, Jakarta Selatan",,dokter-umum,2025-06-15 03:20:32
Dr. Viska Anastashia,Dokter Umum,halodoc,"Setiabudi, Jakarta Selatan",,dokter-umum,2025-06-15 03:20:32
dr. Viska Anastashia,Dokter Umum,Halodoc Teleconsultation,"Setiabudi, Jakarta Selatan",,dokter-umum,2025-06-15 03:20:32
dr. Viska Anastashia,Dokter Umum,halodoc,"Setiabudi, Jakarta Selatan",,dokter-umum,2025-06-15 03:20:32
Dr. Vista Winuring Cintyawati,Dokter Umum,halodoc,"Setiabudi, Jakarta Selatan",,dokter-umum,2025-06-15 03:20:32
dr. Visto Pangestu,Dokter Umum,halodoc,"Setiabudi, Jakarta Selatan",,dokter-umum,2025-06-15 03:20:32
dr. Vita Fauziah Noer Hidayah,Dokter Umum,Muhammadiyah Medical Center,"Kartasura, Kab Sukoharjo",,dokter-umum,2025-06-15 03:20:32
Dr. Vita Yulianti Tirta,Dokter Umum,halodoc,"Setiabudi, Jakarta Selatan",,dokter-umum,2025-06-15 03:20:32
dr. Vithri Iriani Sp. P,Dokter Umum,RADJAK HOSPITAL PURWAKARTA,"Bungursari, Kabupaten Purwakarta",,dokter-umum,2025-06-15 03:20:35
dr. Vitis Anatoni,Dokter Umum,halodoc,"Setiabudi, Jakarta Selatan",,dokter-umum,2025-06-15 03:20:35
dr. Vito Etenio Ade Laryan,Dokter Umum,halodoc,"Setiabudi, Jakarta Selatan",,dokter-umum,2025-06-15 03:20:35
dr. Vitria Puspita Arum,Dokter Umum,halodoc,"Setiabudi, Jakarta Selatan",,dokter-umum,2025-06-15 03:20:35
Dr. Vitya Rodliyatul Mardiah,Dokter Umum,halodoc,"Setiabudi, Jakarta Selatan",,dokter-umum,2025-06-15 03:20:35
dr. Vivera Ananda,Dokter Umum,halodoc,"Setiabudi, Jakarta Selatan",,dokter-umum,2025-06-15 03:20:35
dr. Vivi Daryanti,Dokter Umum,halodoc,"Setiabudi, Jakarta Selatan",,dokter-umum,2025-06-15 03:20:35
dr. Vivi Daryanti,Dokter Umum,Apotek Vida,"Cipondoh, Tangerang",,dokter-umum,2025-06-15 03:20:35
dr. Vivi Novalia,Dokter Umum,halodoc,"Setiabudi, Jakarta Selatan",,dokter-umum,2025-06-15 03:20:35
Dr. Vivian Leoditta Sitinjak,Dokter Umum,halodoc,"Setiabudi, Jakarta Selatan",,dokter-umum,2025-06-15 03:20:35
dr. Vivie Ireyke Rembang,Dokter Umum,halodoc,"Setiabudi, Jakarta Selatan",,dokter-umum,2025-06-15 03:20:37
Dr. Volti Diana Suryawadi,Dokter Umum,halodoc,"Setiabudi, Jakarta Selatan",,dokter-umum,2025-06-15 03:20:37
dr. Voni Ayunita,Dokter Umum,halodoc,"Setiabudi, Jakarta Selatan",,dokter-umum,2025-06-15 03:20:37
dr. Vonisya Mutia,Dokter Umum,halodoc,"Setiabudi, Jakarta Selatan",,dokter-umum,2025-06-15 03:20:37
dr. WAHYUDIN,Dokter Umum,Praktek Pribadi dr. Wahyudin,"Setiabudi, Jakarta Selatan",,dokter-umum,2025-06-15 03:20:37
DR. WIDHA PUJI ISMAWATI,Dokter Umum,Klinik Indosehat 2003,"Tanjung Priok, Jakarta Utara",,dokter-umum,2025-06-15 03:20:37
Dr. WIDHA PUJI ISMAYAWATI,Dokter Umum,Klinik Indosehat 2003,"Tanjung Priok, Jakarta Utara",,dokter-umum,2025-06-15 03:20:37
DR. WIDHA PUJI ISMAYAWATI,Dokter Umum,Klinik Indosehat 2003,"Tanjung Priok, Jakarta Utara",,dokter-umum,2025-06-15 03:20:37
Dr. WIRANTY SUNARDO,Dokter Umum,KLINIK PRATAMA AVINA,"Pondok Aren, Tangerang Selatan",,dokter-umum,2025-06-15 03:20:37
Dr. WULAN DARU DARMA T,Dokter Umum,Apotek dan praktek dokter kimora farma,"Bojongsari, Depok",,dokter-umum,2025-06-15 03:20:37
Dr. Wachid,Dokter Umum,Apotik Rini,"Pulo Gadung, Jakarta Timur",,dokter-umum,2025-06-15 03:20:40
Wafya Melosi Ramschie,Dokter Umum,halodoc,"Setiabudi, Jakarta Selatan",,dokter-umum,2025-06-15 03:20:40
dr. Wage Nurmaulina,Dokter Umum,halodoc,"Setiabudi, Jakarta Selatan",,dokter-umum,2025-06-15 03:20:40
dr. Wahyu Al Imran,Dokter Umum,halodoc,"Setiabudi, Jakarta Selatan",,dokter-umum,2025-06-15 03:20:40
Dr. Wahyu Anggung Nugroho,Dokter Umum,Klinik Kusuma Medika.,"Telukjambe Timur, Kabupaten Karawang",,dokter-umum,2025-06-15 03:20:40
dr. Wahyu Aprianto,Dokter Umum,halodoc,"Setiabudi, Jakarta Selatan",,dokter-umum,2025-06-15 03:20:40
dr. Wahyu Putri,Dokter Umum,halodoc,"Setiabudi, Jakarta Selatan",,dokter-umum,2025-06-15 03:20:40
Dr. Wahyu Setiawan,Dokter Umum,halodoc,"Setiabudi, Jakarta Selatan",,dokter-umum,2025-06-15 03:20:40
dr. Wahyu Teguh,Dokter Umum,Praktek Dokter Umum.,"Cilincing, Jakarta Utara",,dokter-umum,2025-06-15 03:20:40
"dr. Wahyu Teguh Erniza,MM.Kes",Dokter Umum,Praktek Dokter Bersama Erinza,"Kota Baru, Kota Jambi",,dokter-umum,2025-06-15 03:20:40
dr. Wahyudi Firmana,Dokter Umum,halodoc,"Setiabudi, Jakarta Selatan",,dokter-umum,2025-06-15 03:20:42
dr. Wahyudin,Dokter Umum,Praktek Pribadi dr. Wahyudin,"Setiabudi, Jakarta Selatan",,dokter-umum,2025-06-15 03:20:42
dr. Wahyuni Saleh S.Ked,Dokter Umum,halodoc,"Setiabudi, Jakarta Selatan",,dokter-umum,2025-06-15 03:20:42
dr. Wahyuni Wagiyanti,Dokter Umum,dr. Wahyuni Wagiyanti,"Suradadi, Tegal",,dokter-umum,2025-06-15 03:20:42
dr. Wais Al Qurni,Dokter Umum,Klinik Syabil Medika,"Cakung, Jakarta Timur",,dokter-umum,2025-06-15 03:20:42
dr Wais Al Qurni,Dokter Umum,Klinik Syabil Medika,"Cakung, Jakarta Timur",,dokter-umum,2025-06-15 03:20:42
dr. Walida Nur Habibah,Dokter Umum,halodoc,"Setiabudi, Jakarta Selatan",,dokter-umum,2025-06-15 03:20:42
dr. Wangi Niko Yuandika,Dokter Umum,halodoc,"Setiabudi, Jakarta Selatan",,dokter-umum,2025-06-15 03:20:42
Wara Anung Anindita,Dokter Umum,halodoc,"Setiabudi, Jakarta Selatan",,dokter-umum,2025-06-15 03:20:42
dr. Wardatunnisa,Dokter Umum,halodoc,"Setiabudi, Jakarta Selatan",,dokter-umum,2025-06-15 03:20:42
dr. Wawan Junaedi,Dokter Umum,Klinik Pratama Mandala,"Kebon Jeruk, Jakarta Barat",,dokter-umum,2025-06-15 03:20:45
Dr. Wayan Mudita,Dokter Umum,Klinik Roslia Medika,"Bekasi Timur, Bekasi",,dokter-umum,2025-06-15 03:20:45
dr. Welin Wahyudi,Dokter Umum,halodoc,"Setiabudi, Jakarta Selatan",,dokter-umum,2025-06-15 03:20:45
Dr. Wella Daniati MKM,Dokter Umum,halodoc,"Setiabudi, Jakarta Selatan",,dokter-umum,2025-06-15 03:20:45
dr. Wella Sinta Marintan Manurung,Dokter Umum,halodoc,"Setiabudi, Jakarta Selatan",,dokter-umum,2025-06-15 03:20:45
dr. Welly Elvandari,Dokter Umum,halodoc,"Setiabudi, Jakarta Selatan",,dokter-umum,2025-06-15 03:20:45
dr. Wenata Utama Solaiman,Dokter Umum,RSIA NUN SURABAYA -,"Bubutan, Kota Surabaya",,dokter-umum,2025-06-15 03:20:45
dr. Wendy,Dokter Umum,Kimia Farma Beringin,"Jambi Selatan, Kota Jambi",,dokter-umum,2025-06-15 03:20:45
Dr. Wendy Isman Sitepu M.K.M,Dokter Umum,halodoc,"Setiabudi, Jakarta Selatan",,dokter-umum,2025-06-15 03:20:45
Dr. Weni Wihardjo,Dokter Umum,Praktek Dokter Umum.,"Cilincing, Jakarta Utara",,dokter-umum,2025-06-15 03:20:45
dr. Wenni Agustin Wijaya,Dokter Umum,halodoc,"Setiabudi, Jakarta Selatan",,dokter-umum,2025-06-15 03:20:48
Dr. Wenny Suandini Sp. A,Dokter Umum,RS. Mitra Plumbon Cibitung,"Cibitung, Kabupaten Bekasi",,dokter-umum,2025-06-15 03:20:48
Dr. Weny Wihardjo,Dokter Umum,Dunia Sehat,"Penjaringan, Jakarta Utara",,dokter-umum,2025-06-15 03:20:48
Dr. Wesli Simbolon,Dokter Umum,Klinik Pratama CKM Medika,"Karawang Timur, Kabupaten Karawang",,dokter-umum,2025-06-15 03:20:48
dr. Wesli Simbolon,Dokter Umum,Klinik Pratama CKM Medika,"Karawang Timur, Kabupaten Karawang",,dokter-umum,2025-06-15 03:20:48
dr. Westy Ayu Permatasari,Dokter Umum,halodoc,"Setiabudi, Jakarta Selatan",,dokter-umum,2025-06-15 03:20:48
dr. Whisnu BJ,Dokter Umum,halodoc,"Setiabudi, Jakarta Selatan",,dokter-umum,2025-06-15 03:20:48
Dr. Wianne Carima,Dokter Umum,halodoc,"Setiabudi, Jakarta Selatan",,dokter-umum,2025-06-15 03:20:48
dr. Wida Ayu Nurahma,Dokter Umum,halodoc,"Setiabudi, Jakarta Selatan",,dokter-umum,2025-06-15 03:20:48
dr. Wida Ratna Sari,Dokter Umum,halodoc,"Setiabudi, Jakarta Selatan",,dokter-umum,2025-06-15 03:20:48
Dr. Widha Putri Ismawati,Dokter Umum,Klinik Indosehat 2003,"Tanjung Priok, Jakarta Utara",,dokter-umum,2025-06-15 03:20:50
dr. Widi Maulidya,Dokter Umum,halodoc,"Setiabudi, Jakarta Selatan",,dokter-umum,2025-06-15 03:20:50
Dr. Widia Yuni Tiffany,Dokter Umum,halodoc,"Setiabudi, Jakarta Selatan",,dokter-umum,2025-06-15 03:20:50
dr. Widiya Tussakinah,Dokter Umum,halodoc,"Setiabudi, Jakarta Selatan",,dokter-umum,2025-06-15 03:20:50
dr. Widjayanti,Dokter Umum,halodoc,"Setiabudi, Jakarta Selatan",,dokter-umum,2025-06-15 03:20:50
Dr. Widopo Handi,Dokter Umum,dr. Widopo Handi,"Medan Area, Kota Medan",,dokter-umum,2025-06-15 03:20:50
Dr. Widya,Dokter Umum,Apotek K-24 Kosambi Karawang,"Banyusari, Kabupaten Karawang",,dokter-umum,2025-06-15 03:20:50
Dr. Widya,Dokter Umum,Apotik Golden Libra1,"Pulo Gadung, Jakarta Timur",,dokter-umum,2025-06-15 03:20:50
dr. Widya Astri Rahmayani M.H,Dokter Umum,halodoc,"Setiabudi, Jakarta Selatan",,dokter-umum,2025-06-15 03:20:50
Dr. Widya Manja Putri,Dokter Umum,halodoc,"Setiabudi, Jakarta Selatan",,dokter-umum,2025-06-15 03:20:50
dr. Widya Novita Tarigan,Dokter Umum,halodoc,"Setiabudi, Jakarta Selatan",,dokter-umum,2025-06-15 03:20:53
Dr. Widya Puspita Sari,Dokter Umum,halodoc,"Setiabudi, Jakarta Selatan",,dokter-umum,2025-06-15 03:20:53
dr. Widya Setyaningrum,Dokter Umum,Praktek dokter.,"Bukit Raya, Kota Pekanbaru",,dokter-umum,2025-06-15 03:20:53
dr. Widyatma Adinda Jubhari,Dokter Umum,halodoc,"Setiabudi, Jakarta Selatan",,dokter-umum,2025-06-15 03:20:53
dr. Widyatul Aina,Dokter Umum,halodoc,"Setiabudi, Jakarta Selatan",,dokter-umum,2025-06-15 03:20:53
dr. Widyayanti,Dokter Umum,halodoc,"Setiabudi, Jakarta Selatan",,dokter-umum,2025-06-15 03:20:53
dr Wigati,Dokter Umum,APOTEK LIDO,"Koja, Jakarta Utara",,dokter-umum,2025-06-15 03:20:53
dr. Wijadi Widjaya,Dokter Umum,Apotik Kawi,"Klojen, Kota Malang",,dokter-umum,2025-06-15 03:20:53
dr. Wijadi Widjaya,Dokter Umum,SIMA LAB,"Gurah, Kabupaten Kediri",,dokter-umum,2025-06-15 03:20:53
dr. Wijayanto,Dokter Umum,Prakter dr. Wijayanto,"Senen, Jakarta Pusat",,dokter-umum,2025-06-15 03:20:53
dr. Wijdani Sharfina,Dokter Umum,halodoc,"Setiabudi, Jakarta Selatan",,dokter-umum,2025-06-15 03:20:55
dr. Wikan Wijayanti,Dokter Umum,dr. Wiken Wijayanti,"Setiabudi, Jakarta Selatan",,dokter-umum,2025-06-15 03:20:55
dr. Wilda Al Aluf Riandini,Dokter Umum,halodoc,"Setiabudi, Jakarta Selatan",,dokter-umum,2025-06-15 03:20:55
Wilda Nur Diansari,Dokter Umum,halodoc,"Setiabudi, Jakarta Selatan",,dokter-umum,2025-06-15 03:20:55
Dr. Wilianto,Dokter Umum,Apotek sanggam,"Tanjung Redeb, Kabupaten Berau",,dokter-umum,2025-06-15 03:20:55
dr. Wilko William,Dokter Umum,halodoc,"Setiabudi, Jakarta Selatan",,dokter-umum,2025-06-15 03:20:55
dr. William Bunga D,Dokter Umum,Klinik Permata Husada,"Ranca Bungur, Kabupaten Bogor",,dokter-umum,2025-06-15 03:20:55
dr. William Bunga. D,Dokter Umum,Klinik Permata Husada,"Ranca Bungur, Kabupaten Bogor",,dokter-umum,2025-06-15 03:20:55
dr. William Bunga. D,Dokter Umum,Klinik Permata Husada,"Ranca Bungur, Kabupaten Bogor",,dokter-umum,2025-06-15 03:20:55
dr. William Kasanah,Dokter Umum,RS Budi Agung Juwana,"Juwana, Kabupaten Pati",,dokter-umum,2025-06-15 03:20:55
Dr. William Kosasih Sp. A,Dokter Umum,RS Budi Agung Juwana,"Juwana, Kabupaten Pati",,dokter-umum,2025-06-15 03:20:58
Dr. William Suriady,Dokter Umum,halodoc,"Setiabudi, Jakarta Selatan",,dokter-umum,2025-06-15 03:20:58
dr Willy B,Dokter Umum,klinik umum sehat,"Rawalumbu, Bekasi",,dokter-umum,2025-06-15 03:20:58
Dr. Willy Brordus,Dokter Umum,klinik umum sehat,"Rawalumbu, Bekasi",,dokter-umum,2025-06-15 03:20:58
Dr. Wilson Bastian,Dokter Umum,halodoc,"Setiabudi, Jakarta Selatan",,dokter-umum,2025-06-15 03:20:58
"Dr. Wilson Bunjamin M.K.M, AIFO-K",Dokter Umum,halodoc,"Setiabudi, Jakarta Selatan",,dokter-umum,2025-06-15 03:20:58
Dr. Wilujeng Anggraeni Sp. PD,Dokter Umum,APOTEK LIDO,"Koja, Jakarta Utara",,dokter-umum,2025-06-15 03:20:58
Dr. Wily Tamara Farobby,Dokter Umum,halodoc,"Setiabudi, Jakarta Selatan",,dokter-umum,2025-06-15 03:20:58
Dr. Wilza Ayudya Hosiana,Dokter Umum,halodoc,"Setiabudi, Jakarta Selatan",,dokter-umum,2025-06-15 03:20:58
Dr. Wim Panggarbesi,Dokter Umum,Apotek Kimia Farma Bekasi Utara,"Bekasi Utara, Bekasi",,dokter-umum,2025-06-15 03:20:58
Dr. Wim Pratama Wijaya,Dokter Umum,halodoc,"Setiabudi, Jakarta Selatan",,dokter-umum,2025-06-15 03:21:01
dr. Wimpie Florentinus Panggarbesi,Dokter Umum,RS Mitra Keluarga Bekasi Barat,"Mustika Jaya, Bekasi",,dokter-umum,2025-06-15 03:21:01
dr. Wina Kanya Wasystha,Dokter Umum,halodoc,"Setiabudi, Jakarta Selatan",,dokter-umum,2025-06-15 03:21:01
Dr. Wina Nafullani,Dokter Umum,halodoc,"Setiabudi, Jakarta Selatan",,dokter-umum,2025-06-15 03:21:01
dr. Winarti Rimadhani,Dokter Umum,halodoc,"Setiabudi, Jakarta Selatan",,dokter-umum,2025-06-15 03:21:01
dr. Winata Fika,Dokter Umum,halodoc,"Setiabudi, Jakarta Selatan",,dokter-umum,2025-06-15 03:21:01
dr. Winda Adelia Lubis,Dokter Umum,halodoc,"Setiabudi, Jakarta Selatan",,dokter-umum,2025-06-15 03:21:01
dr. Winda Dwi Putri,Dokter Umum,halodoc,"Setiabudi, Jakarta Selatan",,dokter-umum,2025-06-15 03:21:01
dr. Winda Fricilia Oktarina,Dokter Umum,KEBALEN MEDIKA,"Babelan, Kabupaten Bekasi",,dokter-umum,2025-06-15 03:21:01
dr. Winda Fricilia Oktarina,Dokter Umum,Klinik Mitra Sehat Kabelan,"Setiabudi, Jakarta Selatan",,dokter-umum,2025-06-15 03:21:01
dr. Winda Fricilia Oktarina,Dokter Umum,Klinik Mitra Sehat Kabelan,"Setiabudi, Jakarta Selatan",,dokter-umum,2025-06-15 03:21:03
dr. Winda Frisilia O,Dokter Umum,Klinik Mitra Sehat Kabelan,"Setiabudi, Jakarta Selatan",,dokter-umum,2025-06-15 03:21:03
dr. Winda Joelia Anastasia Tinambunan,Dokter Umum,halodoc,"Setiabudi, Jakarta Selatan",,dokter-umum,2025-06-15 03:21:03
dr. Winda Novellia,Dokter Umum,halodoc,"Setiabudi, Jakarta Selatan",,dokter-umum,2025-06-15 03:21:03
dr. Windasari,Dokter Umum,halodoc,"Setiabudi, Jakarta Selatan",,dokter-umum,2025-06-15 03:21:03
Dr. Windi Novita Sari,Dokter Umum,halodoc,"Setiabudi, Jakarta Selatan",,dokter-umum,2025-06-15 03:21:03
dr. Winne Suwarti,Dokter Umum,Praktek dokter.,"Bukit Raya, Kota Pekanbaru",,dokter-umum,2025-06-15 03:21:03
dr. Winny Budiharto,Dokter Umum,halodoc,"Setiabudi, Jakarta Selatan",,dokter-umum,2025-06-15 03:21:03
dr. Winny Budiharto,Dokter Umum,Prodia Bekasi - Kota,"Bekasi Selatan, Bekasi",,dokter-umum,2025-06-15 03:21:03
dr. Winny Budiharto,Dokter Umum,halodoc,"Setiabudi, Jakarta Selatan",,dokter-umum,2025-06-15 03:21:03
dr. Wira Utami Prawekti,Dokter Umum,halodoc,"Setiabudi, Jakarta Selatan",,dokter-umum,2025-06-15 03:21:06
dr. Wiriana Joanisty,Dokter Umum,halodoc,"Setiabudi, Jakarta Selatan",,dokter-umum,2025-06-15 03:21:06
dr. Wiryati Wulansari,Dokter Umum,Klinik Hayati Husada Tanah Tinggi,"Tarumajaya, Kabupaten Bekasi",,dokter-umum,2025-06-15 03:21:06
dr. Wisi Fauziatun Nasa,Dokter Umum,halodoc,"Setiabudi, Jakarta Selatan",,dokter-umum,2025-06-15 03:21:06
dr. Wisnu Agung Wiyangga,Dokter Umum,halodoc,"Setiabudi, Jakarta Selatan",,dokter-umum,2025-06-15 03:21:06
dr. Wisnu Ario Pratisto,Dokter Umum,halodoc,"Setiabudi, Jakarta Selatan",,dokter-umum,2025-06-15 03:21:06
dr. Wisnu Sakti Dwiputranto,Dokter Umum,Apotek Kimia Farma Bekasi Utara,"Bekasi Utara, Bekasi",,dokter-umum,2025-06-15 03:21:06
dr. Wisnu Surya Wardhana,Dokter Umum,halodoc,"Setiabudi, Jakarta Selatan",,dokter-umum,2025-06-15 03:21:06
dr. Wisty Chintia Putri S.,Dokter Umum,halodoc,"Setiabudi, Jakarta Selatan",,dokter-umum,2025-06-15 03:21:06
dr. Witantra,Dokter Umum,halodoc,"Setiabudi, Jakarta Selatan",,dokter-umum,2025-06-15 03:21:06
dr. Wiwiek,Dokter Umum,SUNAT BARENG SAFUBOT,"Rajabasa, Kota Bandar Lampung",,dokter-umum,2025-06-15 03:21:08
dr. Wiwiek N.,Dokter Umum,Klinik Rodondo,"Pamulang, Tangerang Selatan",,dokter-umum,2025-06-15 03:21:08
Wiwiek Probowati,Dokter Umum,APOTEK ROXY JATIASIH,"Jatiasih, Bekasi",,dokter-umum,2025-06-15 03:21:08
Wiwiek Wira,Dokter Umum,halodoc,"Setiabudi, Jakarta Selatan",,dokter-umum,2025-06-15 03:21:08
dr. Wiwik Awinawati,Dokter Umum,dr. wiwik awinawati,"Kelapa Gading, Jakarta Utara",,dokter-umum,2025-06-15 03:21:08
dr. Wiwin Indra Permana,Dokter Umum,Klinik Teluk Jambe Medika,"Telukjambe Timur, Kabupaten Karawang",,dokter-umum,2025-06-15 03:21:08
dr. Wiwin Indra Permana,Dokter Umum,Klinik Teluk Jambe Medika,"Telukjambe Timur, Kabupaten Karawang",,dokter-umum,2025-06-15 03:21:08
dr. Wiwin Juliandi MPH,Dokter Umum,halodoc,"Setiabudi, Jakarta Selatan",,dokter-umum,2025-06-15 03:21:08
dr. Wiwit Wijasari,Dokter Umum,Klinik Hayati Husada Tanah Tinggi,"Tarumajaya, Kabupaten Bekasi",,dokter-umum,2025-06-15 03:21:08
dr. Wiwit Wijiasari,Dokter Umum,Klinik Hayati Husada Tanah Tinggi,"Tarumajaya, Kabupaten Bekasi",,dokter-umum,2025-06-15 03:21:08
dr. Wiwit Wijiasari,Dokter Umum,Klinik Hayati Husada Tanah Tinggi,"Tarumajaya, Kabupaten Bekasi",,dokter-umum,2025-06-15 03:21:11
dr. Wiwit Wijiasri,Dokter Umum,Klinik Hayati Husada Tanah Tinggi,"Tarumajaya, Kabupaten Bekasi",,dokter-umum,2025-06-15 03:21:11
dr. Wiwit Wijiasri,Dokter Umum,Klinik Hayati Husada Tanah Tinggi,"Tarumajaya, Kabupaten Bekasi",,dokter-umum,2025-06-15 03:21:11
dr. Wiwit Wijiasri,Dokter Umum,Klinik Hayati Husada Tanah Tinggi,"Tarumajaya, Kabupaten Bekasi",,dokter-umum,2025-06-15 03:21:11
dr. Wiwit Wijiasri,Dokter Umum,Klinik Hayati Husada Tanah Tinggi,"Tarumajaya, Kabupaten Bekasi",,dokter-umum,2025-06-15 03:21:11
dr. Wiwit Wijiasri,Dokter Umum,Klinik Hayati Husada Tanah Tinggi,"Tarumajaya, Kabupaten Bekasi",,dokter-umum,2025-06-15 03:21:11
dr. Wiwit Wijiasri,Dokter Umum,Klinik Hayati Husada Tanah Tinggi,"Tarumajaya, Kabupaten Bekasi",,dokter-umum,2025-06-15 03:21:11
dr. Wiwit Wijiasri,Dokter Umum,Klinik Hayati Husada Tanah Tinggi,"Tarumajaya, Kabupaten Bekasi",,dokter-umum,2025-06-15 03:21:11
dr. Wiwit Wujiastri,Dokter Umum,Klinik Hayati Husada Tanah Tinggi,"Tarumajaya, Kabupaten Bekasi",,dokter-umum,2025-06-15 03:21:11
Dr. Woro S Irawan,Dokter Umum,apotek k24 rawamangun,"Pulo Gadung, Jakarta Timur",,dokter-umum,2025-06-15 03:21:11
dr. Wowo M. Mahfud. MMR,Dokter Umum,Klinik Pratama Sahabat Almeera,"Tirtamulya, Kabupaten Karawang",,dokter-umum,2025-06-15 03:21:14
dr. Wulan Daria Darma,Dokter Umum,Apotek dan praktek dokter kimora farma,"Bojongsari, Depok",,dokter-umum,2025-06-15 03:21:14
Dr. Wulan Ervinna Simanjuntak,Dokter Umum,halodoc,"Setiabudi, Jakarta Selatan",,dokter-umum,2025-06-15 03:21:14
Dr. Wulan Octaviani,Dokter Umum,halodoc,"Setiabudi, Jakarta Selatan",,dokter-umum,2025-06-15 03:21:14
dr. Wuluh Lituhayu,Dokter Umum,halodoc,"Setiabudi, Jakarta Selatan",,dokter-umum,2025-06-15 03:21:14
Dr. Wynna Manami,Dokter Umum,halodoc,"Setiabudi, Jakarta Selatan",,dokter-umum,2025-06-15 03:21:14
dr. Wynne Oktaviane L,Dokter Umum,halodoc,"Setiabudi, Jakarta Selatan",,dokter-umum,2025-06-15 03:21:14
dr. Y Sugiarto,Dokter Umum,Apotek Paten -,"Setiabudi, Jakarta Selatan",,dokter-umum,2025-06-15 03:21:14
Dr. Y Sugiarto,Dokter Umum,dr Y Sugiarto,"Bantar Gebang, Bekasi",,dokter-umum,2025-06-15 03:21:14
Dr. Y Sugiarto,Dokter Umum,dr Y Sugiarto,"Bantar Gebang, Bekasi",,dokter-umum,2025-06-15 03:21:14
dr. Y Sugiarto,Dokter Umum,Apotek Paten Wahana,"Babelan, Kabupaten Bekasi",,dokter-umum,2025-06-15 03:21:16
dr. Y Sugiarto,Dokter Umum,dr Y Sugiarto,"Bantar Gebang, Bekasi",,dokter-umum,2025-06-15 03:21:16
dr. Y. MELIA,Dokter Umum,halodoc,"Setiabudi, Jakarta Selatan",,dokter-umum,2025-06-15 03:21:16
Dr. Y. SUGIARTO,Dokter Umum,dr Y Sugiarto,"Bantar Gebang, Bekasi",,dokter-umum,2025-06-15 03:21:16
Dr. Y. SUGIARTO,Dokter Umum,dr Y Sugiarto,"Bantar Gebang, Bekasi",,dokter-umum,2025-06-15 03:21:16
Dr. Y. SUGIARTO,Dokter Umum,dr Y Sugiarto,"Bantar Gebang, Bekasi",,dokter-umum,2025-06-15 03:21:16
Dr. Y. SUGIARTO,Dokter Umum,dr Y Sugiarto,"Bantar Gebang, Bekasi",,dokter-umum,2025-06-15 03:21:16
Dr. Y. SUGIARTO,Dokter Umum,dr Y Sugiarto,"Bantar Gebang, Bekasi",,dokter-umum,2025-06-15 03:21:16
dr. Y. Sugiarto,Dokter Umum,Praktek Pribadi dr. Y Sugiarto,"Duren Sawit, Jakarta Timur",,dokter-umum,2025-06-15 03:21:16
dr. Y. Sugiharto,Dokter Umum,Apotek Paten -,"Setiabudi, Jakarta Selatan",,dokter-umum,2025-06-15 03:21:16
Dr. YASINTA,Dokter Umum,Klinik Pratama Huwa Yasyfiin,"Comal, Kabupaten Pemalang",,dokter-umum,2025-06-15 03:21:19
dr. YASRI DALFI YAUNIN SP. A,Dokter Umum,halodoc,"Setiabudi, Jakarta Selatan",,dokter-umum,2025-06-15 03:21:19
dr. YAYAT,Dokter Umum,Mutiara Medika,"Sawangan, Depok",,dokter-umum,2025-06-15 03:21:19
dr. YAYAT,Dokter Umum,Mutiara Medika,"Sawangan, Depok",,dokter-umum,2025-06-15 03:21:19
dr. YENI RATNAWATI,Dokter Umum,Praktek dokter.,"Bukit Raya, Kota Pekanbaru",,dokter-umum,2025-06-15 03:21:19
dr. YENNI SUSANTY,Dokter Umum,Klinik Pratama Jasamedika,"Jagakarsa, Jakarta Selatan",,dokter-umum,2025-06-15 03:21:19
dr. YIELKY DARLINTON,Dokter Umum,Klinik Pratama Medissa.,"Pasar Rebo, Jakarta Timur",,dokter-umum,2025-06-15 03:21:19
dr. YOGA YUDANTARA,Dokter Umum,Klinik umum & Bersalin fathan Sulaiman Medika,"Serang, Kota Serang",,dokter-umum,2025-06-15 03:21:19
dr. YOHANES NENDRA,Dokter Umum,Klinik shazfa mounira,"Kotabaru, Kabupaten Karawang",,dokter-umum,2025-06-15 03:21:19
dr. YOSUA HARIANTO GAGOLA,Dokter Umum,halodoc,"Setiabudi, Jakarta Selatan",,dokter-umum,2025-06-15 03:21:19
dr. YUSTINA ROSANTI,Dokter Umum,RSUD R.T. Notopuro Sidoarjo,"Sidoarjo, Kabupaten Sidoarjo",,dokter-umum,2025-06-15 03:21:21
dr. Yafet B Kurniawan,Dokter Umum,dr. Yafet B Kurniawan,"Cengkareng, Jakarta Barat",,dokter-umum,2025-06-15 03:21:21
Dr. Yafet Bastian Kurniawan,Dokter Umum,dr. Yafet B Kurniawan,"Cengkareng, Jakarta Barat",,dokter-umum,2025-06-15 03:21:21
Dr. Yahaziel Yason Wijaya,Dokter Umum,halodoc,"Setiabudi, Jakarta Selatan",,dokter-umum,2025-06-15 03:21:21
dr. Yahaziel Yason Wijaya,Dokter Umum,halodoc,"Setiabudi, Jakarta Selatan",,dokter-umum,2025-06-15 03:21:21
dr. Yan Ardiansyah,Dokter Umum,Klinik Bona Mitra Keluarga,"Bojongsoang, Kabupaten Bandung",,dokter-umum,2025-06-15 03:21:21
dr. Yan Asri,Dokter Umum,Klinik Karya Medika - Karawang,"Telukjambe Timur, Kabupaten Karawang",,dokter-umum,2025-06-15 03:21:21
dr. Yan Asri,Dokter Umum,Klinik KARYA MEDIKA KARAWANG,"Telukjambe Timur, Kabupaten Karawang",,dokter-umum,2025-06-15 03:21:21
Dr. Yani Wibowo,Dokter Umum,halodoc,"Setiabudi, Jakarta Selatan",,dokter-umum,2025-06-15 03:21:21
dr. Yanita Gea Nurillah,Dokter Umum,Klinik Pratama Sentra Medika Kebumen,"Prembun, Kabupaten Kebumen",,dokter-umum,2025-06-15 03:21:21
Dr. Yanti Silman,Dokter Umum,Apotik Arfipema,"Senen, Jakarta Pusat",,dokter-umum,2025-06-15 03:21:24
Dr. Yanuar,Dokter Umum,Apotek Kimia Farma Telaga Bestari,"Sindang Jaya, Kabupaten Tangerang",,dokter-umum,2025-06-15 03:21:24
Dr. Yanuar Pribadi,Dokter Umum,Yanuar Pribadi Klinik,"Mustika Jaya, Bekasi",,dokter-umum,2025-06-15 03:21:24
dr. Yashinta,Dokter Umum,halodoc,"Setiabudi, Jakarta Selatan",,dokter-umum,2025-06-15 03:21:24
dr. Yasmin Diah Pratiwi,Dokter Umum,halodoc,"Setiabudi, Jakarta Selatan",,dokter-umum,2025-06-15 03:21:24
Dr. Yaumil Aqsa,Dokter Umum,halodoc,"Setiabudi, Jakarta Selatan",,dokter-umum,2025-06-15 03:21:24
dr. Yaumil Khalida Putri,Dokter Umum,halodoc,"Setiabudi, Jakarta Selatan",,dokter-umum,2025-06-15 03:21:24
dr. Yaumil Qorisa,Dokter Umum,halodoc,"Setiabudi, Jakarta Selatan",,dokter-umum,2025-06-15 03:21:24
dr Yayu Puji Astuti,Dokter Umum,Klinik Beta Medika,"Sukatani, Kabupaten Bekasi",,dokter-umum,2025-06-15 03:21:24
dr. Yayuk MKM,Dokter Umum,"Praktek Dokter Gigi drg. Yayuk S Rahayu, Sp. Pros","Tarogong Kidul, Kabupaten Garut",,dokter-umum,2025-06-15 03:21:24
dr. Yayuk MKM,Dokter Umum,"Praktek Dokter Gigi drg. Yayuk S Rahayu, Sp. Pros","Tarogong Kidul, Kabupaten Garut",,dokter-umum,2025-06-15 03:21:26
dr. Yayuk MKM,Dokter Umum,"Praktek Dokter Gigi drg. Yayuk S Rahayu, Sp. Pros","Tarogong Kidul, Kabupaten Garut",,dokter-umum,2025-06-15 03:21:26
dr. Yayuk MKM,Dokter Umum,"Praktek Dokter Gigi drg. Yayuk S Rahayu, Sp. Pros","Tarogong Kidul, Kabupaten Garut",,dokter-umum,2025-06-15 03:21:26
dr. Yelin Julita,Dokter Umum,Karawang Jaya Medika,"Cilamaya Wetan, Kabupaten Karawang",,dokter-umum,2025-06-15 03:21:26
dr. Yelin Julita,Dokter Umum,Karawang Jaya Medika,"Cilamaya Wetan, Kabupaten Karawang",,dokter-umum,2025-06-15 03:21:26
dr. Yelin Julita,Dokter Umum,Karawang Jaya Medika,"Cilamaya Wetan, Kabupaten Karawang",,dokter-umum,2025-06-15 03:21:26
dr. Yelsa Yulanda Putri,Dokter Umum,halodoc,"Setiabudi, Jakarta Selatan",,dokter-umum,2025-06-15 03:21:26
Dr. Yeni Veronika Br Simbolon,Dokter Umum,halodoc,"Setiabudi, Jakarta Selatan",,dokter-umum,2025-06-15 03:21:26
dr. Yenny Rachmawati,Dokter Umum,KLINIK AL-QOMAR,"Cileungsi, Kabupaten Bogor",,dokter-umum,2025-06-15 03:21:26
dr. Yenny Vandalita,Dokter Umum,halodoc,"Setiabudi, Jakarta Selatan",,dokter-umum,2025-06-15 03:21:26
dr. Yepi Fredia Permana,Dokter Umum,Praktek dr. Yepi Fredia P & dr. Indriyani N,"Cireunghas, Kabupaten Sukabumi",,dokter-umum,2025-06-15 03:21:29
dr. Yesica Fitri,Dokter Umum,APOTIK SITI KHADIJAH,"Banyusari, Kabupaten Karawang",,dokter-umum,2025-06-15 03:21:29
dr. Yesinta Diandra,Dokter Umum,halodoc,"Setiabudi, Jakarta Selatan",,dokter-umum,2025-06-15 03:21:29
dr. Yessy Dwi Oktavia,Dokter Umum,halodoc,"Setiabudi, Jakarta Selatan",,dokter-umum,2025-06-15 03:21:29
dr. Yetty Suwardi,Dokter Umum,Praktek dr Yetty Suwardi,"Cempaka Putih, Jakarta Pusat",,dokter-umum,2025-06-15 03:21:29
dr. Yetty Suwardi,Dokter Umum,Praktek dr Yetty Suwardi,"Cempaka Putih, Jakarta Pusat",,dokter-umum,2025-06-15 03:21:29
Dr. Yevi Meivelina,Dokter Umum,halodoc,"Setiabudi, Jakarta Selatan",,dokter-umum,2025-06-15 03:21:29
dr. Yimmy Onggoro,Dokter Umum,dr. Yimmy Onggoro,"Alang-Alang Lebar, Kota Palembang",,dokter-umum,2025-06-15 03:21:29
dr. Yodie,Dokter Umum,apotek kimia farma -,"Cihara, Kabupaten Lebak",,dokter-umum,2025-06-15 03:21:29
dr. Yoga Yudantara,Dokter Umum,Klinik umum & Bersalin fathan Sulaiman Medika,"Serang, Kota Serang",,dokter-umum,2025-06-15 03:21:29
dr. Yogi Priambada,Dokter Umum,halodoc,"Setiabudi, Jakarta Selatan",,dokter-umum,2025-06-15 03:21:31
dr. Yogi W. Parhusip,Dokter Umum,halodoc,"Setiabudi, Jakarta Selatan",,dokter-umum,2025-06-15 03:21:31
dr. Yohana Prastyanti Dhitardewi,Dokter Umum,halodoc,"Setiabudi, Jakarta Selatan",,dokter-umum,2025-06-15 03:21:31
dr. Yohanes Chandra Kurniawan,Dokter Umum,halodoc,"Setiabudi, Jakarta Selatan",,dokter-umum,2025-06-15 03:21:31
dr. Yohanes Kurniawan MM,Dokter Umum,halodoc,"Setiabudi, Jakarta Selatan",,dokter-umum,2025-06-15 03:21:31
Dr. Yohanes Mario,Dokter Umum,halodoc,"Setiabudi, Jakarta Selatan",,dokter-umum,2025-06-15 03:21:31
dr. Yohanna Octaviany Gultom,Dokter Umum,halodoc,"Setiabudi, Jakarta Selatan",,dokter-umum,2025-06-15 03:21:31
Dr. Yohannes Nauman,Dokter Umum,halodoc,"Setiabudi, Jakarta Selatan",,dokter-umum,2025-06-15 03:21:31
dr. Yoke Soesatmoko,Dokter Umum,dr. Yoke Soesatmoko,"Setu, Tangerang Selatan",,dokter-umum,2025-06-15 03:21:31
Dr. Yoko Caterine,Dokter Umum,halodoc,"Setiabudi, Jakarta Selatan",,dokter-umum,2025-06-15 03:21:31
Dr. Yolanda Indriani,Dokter Umum,halodoc,"Setiabudi, Jakarta Selatan",,dokter-umum,2025-06-15 03:21:34
dr. Yolanda Intan Farellina,Dokter Umum,halodoc,"Setiabudi, Jakarta Selatan",,dokter-umum,2025-06-15 03:21:34
drg. Yolanda Putri Mulyana,Dokter Umum,drg. Yolanda Putri Mulyana,"Taman Sari, Jakarta Barat",,dokter-umum,2025-06-15 03:21:34
Yolanda Theresia Hutahaean,Dokter Umum,halodoc,"Setiabudi, Jakarta Selatan",,dokter-umum,2025-06-15 03:21:34
dr. Yonixs Majri Roza,Dokter Umum,halodoc,"Setiabudi, Jakarta Selatan",,dokter-umum,2025-06-15 03:21:34
dr. Yopih Yohanes,Dokter Umum,halodoc,"Setiabudi, Jakarta Selatan",,dokter-umum,2025-06-15 03:21:34
dr. Yori Ilham,Dokter Umum,Klinik Labid 3,"Sawangan, Depok",,dokter-umum,2025-06-15 03:21:34
dr. Yorri Ananto,Dokter Umum,halodoc,"Setiabudi, Jakarta Selatan",,dokter-umum,2025-06-15 03:21:34
dr. Yorri Ananto Pratomo,Dokter Umum,Sismapharma,"Cempaka Putih, Jakarta Pusat",,dokter-umum,2025-06-15 03:21:34
Dr. Yosantaraputra,Dokter Umum,halodoc,"Setiabudi, Jakarta Selatan",,dokter-umum,2025-06-15 03:21:34
dr. Yosefina Imelda Manik,Dokter Umum,halodoc,"Setiabudi, Jakarta Selatan",,dokter-umum,2025-06-15 03:21:36
dr. Yosefina Sonia CK,Dokter Umum,halodoc,"Setiabudi, Jakarta Selatan",,dokter-umum,2025-06-15 03:21:36
dr. Yoselyn Orlando,Dokter Umum,KLINIK MITRA SETIA MEDIKA,"Bekasi Barat, Bekasi",,dokter-umum,2025-06-15 03:21:36
Dr. Yoseph Chandra M.Kes,Dokter Umum,halodoc,"Setiabudi, Jakarta Selatan",,dokter-umum,2025-06-15 03:21:36
dr. Yosephina Salim,Dokter Umum,Dr. Yosephina Salim,"Penjaringan, Jakarta Utara",,dokter-umum,2025-06-15 03:21:36
dr. Yosephina Salim,Dokter Umum,dr Yosephine Salim,"Kebayoran Baru, Jakarta Selatan",,dokter-umum,2025-06-15 03:21:36
dr. Yosephine Ika Adikawati,Dokter Umum,halodoc,"Setiabudi, Jakarta Selatan",,dokter-umum,2025-06-15 03:21:36
dr. Yosi Harianti Zanil,Dokter Umum,halodoc,"Setiabudi, Jakarta Selatan",,dokter-umum,2025-06-15 03:21:36
Dr. Yosi Pramelisa,Dokter Umum,halodoc,"Setiabudi, Jakarta Selatan",,dokter-umum,2025-06-15 03:21:36
dr. Yosiana Wijaya Sp. OG,Dokter Umum,RSIA MPH Purbalingga,"Pengadegan, Kabupaten Purbalingga",,dokter-umum,2025-06-15 03:21:36
dr. Yoskarina Wongso,Dokter Umum,0,"Bekasi Selatan, Bekasi",,dokter-umum,2025-06-15 03:21:39
Dr. Yosua Setiawan Dwi Nugroho,Dokter Umum,halodoc,"Setiabudi, Jakarta Selatan",,dokter-umum,2025-06-15 03:21:39
dr. Yosuf R. Mahendra,Dokter Umum,klinik utama tomang,"Kalideres, Jakarta Barat",,dokter-umum,2025-06-15 03:21:39
dr. Yosy Ridinal Fitra,Dokter Umum,halodoc,"Setiabudi, Jakarta Selatan",,dokter-umum,2025-06-15 03:21:39
dr. Youhan Nurcahyo,Dokter Umum,klinik utama tomang,"Kalideres, Jakarta Barat",,dokter-umum,2025-06-15 03:21:39
dr. Youhan Nurcahyo,Dokter Umum,klinik utama tomang,"Kalideres, Jakarta Barat",,dokter-umum,2025-06-15 03:21:39
Yoviena Kusuma Terichtia Tamaranny,Dokter Umum,halodoc,"Setiabudi, Jakarta Selatan",,dokter-umum,2025-06-15 03:21:39
Dr. Yovita Gloria Rawung,Dokter Umum,halodoc,"Setiabudi, Jakarta Selatan",,dokter-umum,2025-06-15 03:21:39
dr. Yozza Delvina Yusdi,Dokter Umum,halodoc,"Setiabudi, Jakarta Selatan",,dokter-umum,2025-06-15 03:21:39
dr. Yuanita Citra Syafitri,Dokter Umum,halodoc,"Setiabudi, Jakarta Selatan",,dokter-umum,2025-06-15 03:21:39
Dr. Yuanna,Dokter Umum,Klinik Anugerah,"Batuceper, Tangerang",,dokter-umum,2025-06-15 03:21:42
dr. Yuddi Gumara,Dokter Umum,Klinik DR. Yudhi Gumara,"Jagakarsa, Jakarta Selatan",,dokter-umum,2025-06-15 03:21:42
Dr. Yudha Ramdani A. P,Dokter Umum,halodoc,"Setiabudi, Jakarta Selatan",,dokter-umum,2025-06-15 03:21:42
dr Yudhi H,Dokter Umum,PRAKTEK DOKTER UMUM DHIRGA MEDIKA,"Tanah Sareal, Bogor",,dokter-umum,2025-06-15 03:21:42
dr. Yudhi Hardi Wantara Azhar,Dokter Umum,KLINIK HARAPAN MEDICAL CENTER (HMP),"Tarumajaya, Kabupaten Bekasi",,dokter-umum,2025-06-15 03:21:42
Yudhi Hardi Wantara Azhar,Dokter Umum,halodoc,"Setiabudi, Jakarta Selatan",,dokter-umum,2025-06-15 03:21:42
Dr. Yudhistira Hutomo,Dokter Umum,halodoc,"Setiabudi, Jakarta Selatan",,dokter-umum,2025-06-15 03:21:42
dr. Yudi Dimyati,Dokter Umum,Praktek Umum Dr. Yudi Dimyati,"Johar Baru, Jakarta Pusat",,dokter-umum,2025-06-15 03:21:42
dr. Yudia Mahardika,Dokter Umum,halodoc,"Setiabudi, Jakarta Selatan",,dokter-umum,2025-06-15 03:21:42
dr. Yudia Septi Yenny,Dokter Umum,halodoc,"Setiabudi, Jakarta Selatan",,dokter-umum,2025-06-15 03:21:42
dr. Yuditiya Purvesunu,Dokter Umum,KLINIK BIRU PUTIH,"Bekasi Selatan, Bekasi",,dokter-umum,2025-06-15 03:21:44
dr. Yuditiya Purwosunu Sp. OG,Dokter Umum,KLINIK BIRU PUTIH,"Bekasi Selatan, Bekasi",,dokter-umum,2025-06-15 03:21:44
dr. Yuditya Purnama,Dokter Umum,KLINIK BIRU PUTIH,"Bekasi Selatan, Bekasi",,dokter-umum,2025-06-15 03:21:44
dr. Yufika Pialiani,Dokter Umum,halodoc,"Setiabudi, Jakarta Selatan",,dokter-umum,2025-06-15 03:21:44
dr. Yuji Aditya,Dokter Umum,KLINIK ISLAMIC CENTER PROVINSI KALIMANTAN TIMUR,"Samarinda Kota, Kota Samarinda",,dokter-umum,2025-06-15 03:21:44
dr. Yuke Damayanti,Dokter Umum,halodoc,"Setiabudi, Jakarta Selatan",,dokter-umum,2025-06-15 03:21:44
dr. Yuke Yudhawati,Dokter Umum,dr. Yuke Yudhawati,"Mampang Prapatan, Jakarta Selatan",,dokter-umum,2025-06-15 03:21:44
Yuli Lusiana Sari,Dokter Umum,halodoc,"Setiabudi, Jakarta Selatan",,dokter-umum,2025-06-15 03:21:44
Dr. Yuli Rilda MKM,Dokter Umum,halodoc,"Setiabudi, Jakarta Selatan",,dokter-umum,2025-06-15 03:21:44
Dr. Yuli Supardi,Dokter Umum,Dr.Yuli Supardi,"Ciputat, Tangerang Selatan",,dokter-umum,2025-06-15 03:21:44
Dr. Yuli Supardi,Dokter Umum,Dr.Yuli Supardi,"Ciputat, Tangerang Selatan",,dokter-umum,2025-06-15 03:21:47
dr. Yulia,Dokter Umum,Prodia Health Care,"Senen, Jakarta Pusat",,dokter-umum,2025-06-15 03:21:47
dr. Yulia Djatiwardani,Dokter Umum,halodoc,"Setiabudi, Jakarta Selatan",,dokter-umum,2025-06-15 03:21:47
dr. Yulia Efni,Dokter Umum,halodoc,"Setiabudi, Jakarta Selatan",,dokter-umum,2025-06-15 03:21:47
dr. Yulia Merita Sahdilla Putri,Dokter Umum,halodoc,"Setiabudi, Jakarta Selatan",,dokter-umum,2025-06-15 03:21:47
Dr. Yulia Pri M,Dokter Umum,Praktek dokter.,"Bukit Raya, Kota Pekanbaru",,dokter-umum,2025-06-15 03:21:47
dr. Yulia Rahmah,Dokter Umum,halodoc,"Setiabudi, Jakarta Selatan",,dokter-umum,2025-06-15 03:21:47
dr. Yulia Rahmayanti,Dokter Umum,halodoc,"Setiabudi, Jakarta Selatan",,dokter-umum,2025-06-15 03:21:47
dr. Yuliadi,Dokter Umum,Klinik Wahyu 2,"Pondok Aren, Tangerang Selatan",,dokter-umum,2025-06-15 03:21:47
dr. Yuliana,Dokter Umum,halodoc,"Setiabudi, Jakarta Selatan",,dokter-umum,2025-06-15 03:21:47
Dr. Yuliana Guwanto,Dokter Umum,Dr. Yuliana Guwanto,"Cempaka Putih, Jakarta Pusat",,dokter-umum,2025-06-15 03:21:50
Dr. Yuliana Hioe,Dokter Umum,halodoc,"Setiabudi, Jakarta Selatan",,dokter-umum,2025-06-15 03:21:50
dr. Yuliana Inosensia Uba,Dokter Umum,Apotek Melati Wisma Asri,"Bekasi Utara, Bekasi",,dokter-umum,2025-06-15 03:21:50
Dr. Yuliana Kumalasari,Dokter Umum,Rumah Sakit Mitra Plumbon Indramayu,"Widasari, Kabupaten Indramayu",,dokter-umum,2025-06-15 03:21:50
dr. Yuliana Marbun,Dokter Umum,halodoc,"Setiabudi, Jakarta Selatan",,dokter-umum,2025-06-15 03:21:50
Dr. Yuliana Salvany Santoso,Dokter Umum,halodoc,"Setiabudi, Jakarta Selatan",,dokter-umum,2025-06-15 03:21:50
Dr. Yuliana Wahyuni,Dokter Umum,halodoc,"Setiabudi, Jakarta Selatan",,dokter-umum,2025-06-15 03:21:50
Dr. Yuliani Rahayu,Dokter Umum,halodoc,"Setiabudi, Jakarta Selatan",,dokter-umum,2025-06-15 03:21:50
dr. Yulianson Oeistan,Dokter Umum,Prakter dr. Yulianson Oeistan,"Cilincing, Jakarta Utara",,dokter-umum,2025-06-15 03:21:50
dr. Yulianti,Dokter Umum,RSUD Al Ihsan Provinsi Jawa Barat,"Baleendah, Kabupaten Bandung",,dokter-umum,2025-06-15 03:21:50
Yuliawitri,Dokter Umum,halodoc,"Setiabudi, Jakarta Selatan",,dokter-umum,2025-06-15 03:21:54
Dr. Yulidar Khairani,Dokter Umum,halodoc,"Setiabudi, Jakarta Selatan",,dokter-umum,2025-06-15 03:21:54
dr. Yulin Mustika Sari M.K.M,Dokter Umum,halodoc,"Setiabudi, Jakarta Selatan",,dokter-umum,2025-06-15 03:21:54
dr. Yulistia Eka Sari,Dokter Umum,halodoc,"Setiabudi, Jakarta Selatan",,dokter-umum,2025-06-15 03:21:54
Yumi Handayani Gusmina Sp. A,Dokter Umum,MyKliniku,"Koto Tangah, Kota Padang",,dokter-umum,2025-06-15 03:21:54
Dr. Yunanto Setiadji,Dokter Umum,Prakter dr. Yunanto S,"Jambe, Kabupaten Tangerang",,dokter-umum,2025-06-15 03:21:54
Dr. Yunanto Setiadji,Dokter Umum,Prakter dr. Yunanto S,"Jambe, Kabupaten Tangerang",,dokter-umum,2025-06-15 03:21:54
Dr. Yunanto Setiadji,Dokter Umum,Prakter dr. Yunanto S,"Jambe, Kabupaten Tangerang",,dokter-umum,2025-06-15 03:21:54
dr. Yuni Astuti,Dokter Umum,halodoc,"Setiabudi, Jakarta Selatan",,dokter-umum,2025-06-15 03:21:54
dr. Yuni Asutiningsih,Dokter Umum,Klinik Utama Sejahtera Ciracas,"Ciracas, Jakarta Timur",,dokter-umum,2025-06-15 03:21:54
dr. Yuni Harniati,Dokter Umum,dr Yuni Harniati,"Karawang Barat, Kabupaten Karawang",,dokter-umum,2025-06-15 03:21:58
dr. Yuni Lestari,Dokter Umum,Klinik Johar Medika-,"Johar Baru, Jakarta Pusat",,dokter-umum,2025-06-15 03:21:58
dr. Yuni Mardirahayu,Dokter Umum,Apotek K-24,"Tanjung Priok, Jakarta Utara",,dokter-umum,2025-06-15 03:21:58
Dr. Yuni Puspita Sari Manullang,Dokter Umum,halodoc,"Setiabudi, Jakarta Selatan",,dokter-umum,2025-06-15 03:21:58
dr. Yuni Suwinda,Dokter Umum,Klinik Nurmala Medika.,"Cakung, Jakarta Timur",,dokter-umum,2025-06-15 03:21:58
dr. Yunia Ruslan Nur,Dokter Umum,RSUD Al Ihsan Provinsi Jawa Barat,"Baleendah, Kabupaten Bandung",,dokter-umum,2025-06-15 03:21:58
Dr. Yuniar Novita Sari,Dokter Umum,halodoc,"Setiabudi, Jakarta Selatan",,dokter-umum,2025-06-15 03:21:58
Dr. Yunice Kurniawati,Dokter Umum,halodoc,"Setiabudi, Jakarta Selatan",,dokter-umum,2025-06-15 03:21:58
dr. Yunita Adiprabudi,Dokter Umum,Lotus Clinic,"Penjaringan, Jakarta Utara",,dokter-umum,2025-06-15 03:21:58
dr. Yunita Adiprabudi,Dokter Umum,Apotek Khanti,"Kelapa Gading, Jakarta Utara",,dokter-umum,2025-06-15 03:21:58
Dr. Yunita Refomi,Dokter Umum,halodoc,"Setiabudi, Jakarta Selatan",,dokter-umum,2025-06-15 03:22:00
Dr. Yunita Sari,Dokter Umum,"Apotek, Laboratorium Medis, dan Klinik Kimia Farma Grahayana","Telukjambe Timur, Kabupaten Karawang",,dokter-umum,2025-06-15 03:22:00
dr Yunita Sari,Dokter Umum,Apotek Kimia Farma Courtyard Galuh Mas,"Telukjambe Timur, Kabupaten Karawang",,dokter-umum,2025-06-15 03:22:00
dr. Yunita Sari,Dokter Umum,halodoc,"Setiabudi, Jakarta Selatan",,dokter-umum,2025-06-15 03:22:00
Dr. Yunita Sari,Dokter Umum,Kimia Farma Ahmad Yani By Pass Karawang,"Karawang Barat, Kabupaten Karawang",,dokter-umum,2025-06-15 03:22:00
dr. Yunitasan,Dokter Umum,"Apotek, Laboratorium Medis, dan Klinik Kimia Farma Grahayana","Telukjambe Timur, Kabupaten Karawang",,dokter-umum,2025-06-15 03:22:00
dr Yunitasia,Dokter Umum,halodoc,"Setiabudi, Jakarta Selatan",,dokter-umum,2025-06-15 03:22:00
Dr. Yunitra Devi M.K.M.,Dokter Umum,halodoc,"Setiabudi, Jakarta Selatan",,dokter-umum,2025-06-15 03:22:00
dr. Yunivera Irmanita,Dokter Umum,halodoc,"Setiabudi, Jakarta Selatan",,dokter-umum,2025-06-15 03:22:00
dr. Yuniwati MARS,Dokter Umum,halodoc,"Setiabudi, Jakarta Selatan",,dokter-umum,2025-06-15 03:22:00
dr. Yupita Maya Sari,Dokter Umum,halodoc,"Setiabudi, Jakarta Selatan",,dokter-umum,2025-06-15 03:22:03
dr. Yurika Fitriani Hasibuan,Dokter Umum,Klinik Pratama Dokter Kita Cilandak,"Cilandak, Jakarta Selatan",,dokter-umum,2025-06-15 03:22:03
dr Yurika Fitriani Hasibuan,Dokter Umum,Klinik Pratama Dokter Kita Cilandak,"Cilandak, Jakarta Selatan",,dokter-umum,2025-06-15 03:22:03
dr. Yuriska Chintya A,Dokter Umum,Klinik Pratama Cendana,"Grogol Petamburan, Jakarta Barat",,dokter-umum,2025-06-15 03:22:03
dr Yuriza Fadila,Dokter Umum,KLINIK RISQIA MEDIKA,"Cibatu, Kabupaten Garut",,dokter-umum,2025-06-15 03:22:03
dr. Yusak B. Ibrahim,Dokter Umum,Chestian Clinic,"Karawang Timur, Kabupaten Karawang",,dokter-umum,2025-06-15 03:22:03
dr Yusalana,Dokter Umum,Apotek Melati Rawalumbu,"Rawalumbu, Bekasi",,dokter-umum,2025-06-15 03:22:03
Dr. Yushera Atika Sari,Dokter Umum,halodoc,"Setiabudi, Jakarta Selatan",,dokter-umum,2025-06-15 03:22:03
Dr. Yusmita Darmayanti,Dokter Umum,halodoc,"Setiabudi, Jakarta Selatan",,dokter-umum,2025-06-15 03:22:03
dr. Yusmita Utami,Dokter Umum,klinik al-fatih Medika 2,"Klari, Kabupaten Karawang",,dokter-umum,2025-06-15 03:22:03
dr. Yuspa Indah Nuraini,Dokter Umum,Klinik Sumber Sehat.,"Johar Baru, Jakarta Pusat",,dokter-umum,2025-06-15 03:22:06
Dr. Yusra,Dokter Umum,Praktik Dokter Az-zaahirah,"Tarumajaya, Kabupaten Bekasi",,dokter-umum,2025-06-15 03:22:06
dr. Yustiana Dewi,Dokter Umum,halodoc,"Setiabudi, Jakarta Selatan",,dokter-umum,2025-06-15 03:22:06
dr. Yustiana Savvera Nensi,Dokter Umum,halodoc,"Setiabudi, Jakarta Selatan",,dokter-umum,2025-06-15 03:22:06
Dr. Yustin Marinta,Dokter Umum,halodoc,"Setiabudi, Jakarta Selatan",,dokter-umum,2025-06-15 03:22:06
dr. Yustina Nababan,Dokter Umum,halodoc,"Setiabudi, Jakarta Selatan",,dokter-umum,2025-06-15 03:22:06
Dr. Yusuf Ahmad Soi,Dokter Umum,Praktek dr Yusuf Ahmad,"Cempaka Putih, Jakarta Pusat",,dokter-umum,2025-06-15 03:22:06
"dr. Yusuf Gunawan M.Kes, MM",Dokter Umum,halodoc,"Setiabudi, Jakarta Selatan",,dokter-umum,2025-06-15 03:22:06
dr. Yusuf HK,Dokter Umum,halodoc,"Setiabudi, Jakarta Selatan",,dokter-umum,2025-06-15 03:22:06
Dr. Yusuf Wilisono,Dokter Umum,APOTEK TUNAS,"Bekasi Barat, Bekasi",,dokter-umum,2025-06-15 03:22:06
Dr. Yuti Delben,Dokter Umum,halodoc,"Setiabudi, Jakarta Selatan",,dokter-umum,2025-06-15 03:22:09
Dr. Yuvi Wahyudi,Dokter Umum,halodoc,"Setiabudi, Jakarta Selatan",,dokter-umum,2025-06-15 03:22:09
dr. Yuwandita Tamara Putri D,Dokter Umum,halodoc,"Setiabudi, Jakarta Selatan",,dokter-umum,2025-06-15 03:22:09
Dr. Yuyun Suci M,Dokter Umum,Apotek Roxy Batu Ampar,"Kramat Jati, Jakarta Timur",,dokter-umum,2025-06-15 03:22:09
dr. Zaenal,Dokter Umum,Watsons,"Matraman, Jakarta Timur",,dokter-umum,2025-06-15 03:22:09
dr. Zahra,Dokter Umum,halodoc,"Setiabudi, Jakarta Selatan",,dokter-umum,2025-06-15 03:22:09
dr. Zahra Ayu Handayani,Dokter Umum,Sismapharma,"Cempaka Putih, Jakarta Pusat",,dokter-umum,2025-06-15 03:22:09
dr. Zahra Muhanariza,Dokter Umum,halodoc,"Setiabudi, Jakarta Selatan",,dokter-umum,2025-06-15 03:22:09
dr. Zahra Nadya,Dokter Umum,halodoc,"Setiabudi, Jakarta Selatan",,dokter-umum,2025-06-15 03:22:09
dr. Zahra Zettira,Dokter Umum,halodoc,"Setiabudi, Jakarta Selatan",,dokter-umum,2025-06-15 03:22:09
dr. Zahrah El Faradisa,Dokter Umum,halodoc,"Setiabudi, Jakarta Selatan",,dokter-umum,2025-06-15 03:22:15
dr. Zahrah Febiani M.Biomed,Dokter Umum,halodoc,"Setiabudi, Jakarta Selatan",,dokter-umum,2025-06-15 03:22:15
dr. Zahraqumi Halimati,Dokter Umum,halodoc,"Setiabudi, Jakarta Selatan",,dokter-umum,2025-06-15 03:22:15
dr. Zahrifa Dwi Andina,Dokter Umum,halodoc,"Setiabudi, Jakarta Selatan",,dokter-umum,2025-06-15 03:22:15
dr. Zahrina Amalia E N,Dokter Umum,halodoc,"Setiabudi, Jakarta Selatan",,dokter-umum,2025-06-15 03:22:15
dr. Zaid Hizbullah A. G. Z.,Dokter Umum,halodoc,"Setiabudi, Jakarta Selatan",,dokter-umum,2025-06-15 03:22:15
Dr. Zainab Az Zahra,Dokter Umum,halodoc,"Setiabudi, Jakarta Selatan",,dokter-umum,2025-06-15 03:22:15
Dr. Zakharia Ardi,Dokter Umum,halodoc,"Setiabudi, Jakarta Selatan",,dokter-umum,2025-06-15 03:22:15
dr. Zakiyatul Hidayah,Dokter Umum,KLINIK & APOTEK GMC,"Sinjai Barat, Kabupaten Sinjai",,dokter-umum,2025-06-15 03:22:15
Dr. Zakky Moch. Fuad,Dokter Umum,Klinik Eka Darma,"Talagasari, Kabupaten Karawang",,dokter-umum,2025-06-15 03:22:15
dr. Zudha Mauliyani,Dokter Umum,halodoc,"Setiabudi, Jakarta Selatan",,dokter-umum,2025-06-15 03:22:17
dr. Zuhaini Ahrizal,Dokter Umum,Apotek Sumber Waras Putera,"Sananwetan, Kota Blitar",,dokter-umum,2025-06-15 03:22:17
dr. Zulaeha Misrayana,Dokter Umum,halodoc,"Setiabudi, Jakarta Selatan",,dokter-umum,2025-06-15 03:22:17
dr. Zulfa Nurul Fath,Dokter Umum,Apotek dan Klinik Kimia Farma Kosambi,"Klari, Kabupaten Karawang",,dokter-umum,2025-06-15 03:22:17
Dr. Zulfa Nurul Fath,Dokter Umum,Apotek dan Klinik Kimia Farma Kosambi,"Klari, Kabupaten Karawang",,dokter-umum,2025-06-15 03:22:17
dr. Zulfa Nurul Fath,Dokter Umum,Apotek dan Klinik Kimia Farma Kosambi,"Klari, Kabupaten Karawang",,dokter-umum,2025-06-15 03:22:17
Dr. Zulfa Nurul Fath,Dokter Umum,Apotek dan Klinik Kimia Farma Kosambi,"Klari, Kabupaten Karawang",,dokter-umum,2025-06-15 03:22:17
dr. Zulfa Nurul Fath,Dokter Umum,Apotek dan Klinik Kimia Farma Kosambi,"Klari, Kabupaten Karawang",,dokter-umum,2025-06-15 03:22:17
dr. Zulfa Nurul Fath,Dokter Umum,halodoc,"Setiabudi, Jakarta Selatan",,dokter-umum,2025-06-15 03:22:17
Dr. Zulfan Manurung,Dokter Umum,halodoc,"Setiabudi, Jakarta Selatan",,dokter-umum,2025-06-15 03:22:17
dr. Zulfikar Andimapali,Dokter Umum,halodoc,"Setiabudi, Jakarta Selatan",,dokter-umum,2025-06-15 03:22:20
dr. Zulfikar Andimapali,Dokter Umum,halodoc,"Setiabudi, Jakarta Selatan",,dokter-umum,2025-06-15 03:22:20
dr. Zulfikar Tria Raharja,Dokter Umum,halodoc,"Setiabudi, Jakarta Selatan",,dokter-umum,2025-06-15 03:22:20
Dr. Zulham Adisaputro,Dokter Umum,halodoc,"Setiabudi, Jakarta Selatan",,dokter-umum,2025-06-15 03:22:20
Dr. Zuliza Adha,Dokter Umum,halodoc,"Setiabudi, Jakarta Selatan",,dokter-umum,2025-06-15 03:22:20
dr. Zulkarnaini,Dokter Umum,KLINIK YKPI,"Koja, Jakarta Utara",,dokter-umum,2025-06-15 03:22:20
dr. Zullkarnain,Dokter Umum,KLINIK YKPI,"Koja, Jakarta Utara",,dokter-umum,2025-06-15 03:22:20
dr. Zulva,Dokter Umum,Apotek K-24 Citayam Depok,"Bojongsari, Depok",,dokter-umum,2025-06-15 03:22:20
dr. Zurdayanis Dipl. Cibtac,Dokter Umum,halodoc,"Setiabudi, Jakarta Selatan",,dokter-umum,2025-06-15 03:22:20
dr. darwin ferdinan salim,Dokter Umum,Apotek Cardea,"Karawaci, Tangerang",,dokter-umum,2025-06-15 03:22:20
de Resa Sahaha Ulfa,Dokter Umum,halodoc,"Setiabudi, Jakarta Selatan",,dokter-umum,2025-06-15 03:22:22
dr Afriza Kartika,Dokter Umum,Klinik Pratama Medisari 24 jam,"Cempaka Putih, Jakarta Pusat",,dokter-umum,2025-06-15 03:22:22
dr Agnes,Dokter Umum,Apotek AMANAH Pharma,"Bantar Gebang, Bekasi",,dokter-umum,2025-06-15 03:22:22
dr Ahmad Rizzqi,Dokter Umum,halodoc,"Setiabudi, Jakarta Selatan",,dokter-umum,2025-06-15 03:22:22
dr Alban Dien,Dokter Umum,halodoc,"Setiabudi, Jakarta Selatan",,dokter-umum,2025-06-15 03:22:22
dr Almira salsabila,Dokter Umum,halodoc,"Setiabudi, Jakarta Selatan",,dokter-umum,2025-06-15 03:22:22
dr Amindya,Dokter Umum,halodoc,"Setiabudi, Jakarta Selatan",,dokter-umum,2025-06-15 03:22:22
dr Ana Rianti Syamsiar,Dokter Umum,halodoc,"Setiabudi, Jakarta Selatan",,dokter-umum,2025-06-15 03:22:22
dr. dr Andi Fari Rahata A,Dokter Umum,Klinik Pratama Citra Cibubur,"Pasar Rebo, Jakarta Timur",,dokter-umum,2025-06-15 03:22:22
dr Annisa Rahayu SPM,Dokter Umum,halodoc,"Setiabudi, Jakarta Selatan",,dokter-umum,2025-06-15 03:22:22
dr Ardian Suryo Anggoro,Dokter Umum,MND Clinic,"Kramat Jati, Jakarta Timur",,dokter-umum,2025-06-15 03:22:25
dr Ardian Suryo Anggoro,Dokter Umum,MND Clinic,"Kramat Jati, Jakarta Timur",,dokter-umum,2025-06-15 03:22:25
dr Astrid Puspitasari,Dokter Umum,halodoc,"Setiabudi, Jakarta Selatan",,dokter-umum,2025-06-15 03:22:25
dr Atyk Suharty,Dokter Umum,KLINIK PRATAMA IRAS,"Mampang Prapatan, Jakarta Selatan",,dokter-umum,2025-06-15 03:22:25
dr Ayu Lestari,Dokter Umum,halodoc,"Setiabudi, Jakarta Selatan",,dokter-umum,2025-06-15 03:22:25
dr Berdie,Dokter Umum,Apotek Kimia Farma Bekasi Utara,"Bekasi Utara, Bekasi",,dokter-umum,2025-06-15 03:22:25
dr Bobi Kurnia Hartanto,Dokter Umum,halodoc,"Setiabudi, Jakarta Selatan",,dokter-umum,2025-06-15 03:22:25
dr Bramadhya Fragil J,Dokter Umum,halodoc,"Setiabudi, Jakarta Selatan",,dokter-umum,2025-06-15 03:22:25
dr Budi Hartati,Dokter Umum,0,"Bekasi Selatan, Bekasi",,dokter-umum,2025-06-15 03:22:25
dr C. Krismini DI MARS,Dokter Umum,Health Care Clinic,"Tambun Utara, Kabupaten Bekasi",,dokter-umum,2025-06-15 03:22:25
dr Cahyangi Abi Saka,Dokter Umum,Halodoc Teleconsultation,"Setiabudi, Jakarta Selatan",,dokter-umum,2025-06-15 03:22:27
dr dr Carla C.M Levara,Dokter Umum,Poliklinik dr Carla C.M Levara,"Cilincing, Jakarta Utara",,dokter-umum,2025-06-15 03:22:27
dr Carla Levara,Dokter Umum,Halodoc Teleconsultation,"Setiabudi, Jakarta Selatan",,dokter-umum,2025-06-15 03:22:27
dr Danti Meirani,Dokter Umum,halodoc,"Setiabudi, Jakarta Selatan",,dokter-umum,2025-06-15 03:22:27
dr Deo Alexander,Dokter Umum,halodoc,"Setiabudi, Jakarta Selatan",,dokter-umum,2025-06-15 03:22:27
dr Desi Nataria,Dokter Umum,RS Pusdikkes,"Kramat Jati, Jakarta Timur",,dokter-umum,2025-06-15 03:22:27
dr Desire Sutrisno,Dokter Umum,halodoc,"Setiabudi, Jakarta Selatan",,dokter-umum,2025-06-15 03:22:27
dr Desy Marina,Dokter Umum,Klinik Utama Atlantic,"Taman Sari, Jakarta Barat",,dokter-umum,2025-06-15 03:22:27
dr Dewi Kartika sari,Dokter Umum,halodoc,"Setiabudi, Jakarta Selatan",,dokter-umum,2025-06-15 03:22:27
dr Dian Sari Rachmawati,Dokter Umum,halodoc,"Setiabudi, Jakarta Selatan",,dokter-umum,2025-06-15 03:22:27
dr Dina Febriani,Dokter Umum,halodoc,"Setiabudi, Jakarta Selatan",,dokter-umum,2025-06-15 03:22:30
dr Dwi Anggraeni P,Dokter Umum,Klinik Devina Medika,"Jatiasih, Bekasi",,dokter-umum,2025-06-15 03:22:30
dr Edietya Bima Prakasa,Dokter Umum,halodoc,"Setiabudi, Jakarta Selatan",,dokter-umum,2025-06-15 03:22:30
dr Ega Meilyta ANdriani,Dokter Umum,halodoc,"Setiabudi, Jakarta Selatan",,dokter-umum,2025-06-15 03:22:30
dr Elsa Adila,Dokter Umum,halodoc,"Setiabudi, Jakarta Selatan",,dokter-umum,2025-06-15 03:22:30
dr Erikha Anggrainy,Dokter Umum,halodoc,"Setiabudi, Jakarta Selatan",,dokter-umum,2025-06-15 03:22:30
dr Fahmi Rafsanjani,Dokter Umum,Halodoc Teleconsultation,"Setiabudi, Jakarta Selatan",,dokter-umum,2025-06-15 03:22:30
dr Fani,Dokter Umum,Apotekku Singaraja,"Tejakula, Kabupaten Buleleng",,dokter-umum,2025-06-15 03:22:30
dr Fatia Rahmanita,Dokter Umum,halodoc,"Setiabudi, Jakarta Selatan",,dokter-umum,2025-06-15 03:22:30
dr Fatin Eka Prandani,Dokter Umum,APOTEK SUMBER SEHAT,"Kelapa Gading, Jakarta Utara",,dokter-umum,2025-06-15 03:22:30
dr Galih Suharno,Dokter Umum,halodoc,"Setiabudi, Jakarta Selatan",,dokter-umum,2025-06-15 03:22:33
dr Hana ayu shafira,Dokter Umum,halodoc,"Setiabudi, Jakarta Selatan",,dokter-umum,2025-06-15 03:22:33
dr Hendra Prasetia,Dokter Umum,halodoc,"Setiabudi, Jakarta Selatan",,dokter-umum,2025-06-15 03:22:33
dr Herlina Anggraini,Dokter Umum,halodoc,"Setiabudi, Jakarta Selatan",,dokter-umum,2025-06-15 03:22:33
dr Holy veylin Akusticya,Dokter Umum,halodoc,"Setiabudi, Jakarta Selatan",,dokter-umum,2025-06-15 03:22:33
dr IKE VARIANTI,Dokter Umum,Klinik pratama Prima Medika,"Cilamaya Wetan, Kabupaten Karawang",,dokter-umum,2025-06-15 03:22:33
dr Imam Marzuqi Sp.KFR,Dokter Umum,halodoc,"Setiabudi, Jakarta Selatan",,dokter-umum,2025-06-15 03:22:33
dr Indri Puspita sari,Dokter Umum,"Apotek, Laboratorium Medis, dan Klinik Kimia Farma Grahayana","Telukjambe Timur, Kabupaten Karawang",,dokter-umum,2025-06-15 03:22:33
dr Intan Lamy Manao,Dokter Umum,halodoc,"Setiabudi, Jakarta Selatan",,dokter-umum,2025-06-15 03:22:33
dr Irene Ardiani Pramudya Wardhani,Dokter Umum,Halodoc Teleconsultation,"Setiabudi, Jakarta Selatan",,dokter-umum,2025-06-15 03:22:33
Dr. dr Izmul Idham,Dokter Umum,Praktek dr Izmul Idham,"Telukjambe Timur, Kabupaten Karawang",,dokter-umum,2025-06-15 03:22:35
dr J.Januarta,Dokter Umum,dr.J Januarta,"Babelan, Kabupaten Bekasi",,dokter-umum,2025-06-15 03:22:35
dr Jeremy Rafael Tandaju,Dokter Umum,halodoc,"Setiabudi, Jakarta Selatan",,dokter-umum,2025-06-15 03:22:35
dr Johanna Myra Lengkong,Dokter Umum,Klinik Medika Bintaro,"Pondok Aren, Tangerang Selatan",,dokter-umum,2025-06-15 03:22:35
dr Karyawati pinondang Siahaan,Dokter Umum,halodoc,"Setiabudi, Jakarta Selatan",,dokter-umum,2025-06-15 03:22:35
"dr Kemas Yakub, Sp.PK M.Kes",Dokter Umum,Rumah Sakit Bunda Palembang,"Ilir Barat I, Kota Palembang",,dokter-umum,2025-06-15 03:22:35
"dr Kemas Yakub, Sp.PK M.Kes",Dokter Umum,Apotik Enggal,"Enggal, Kota Bandar Lampung",,dokter-umum,2025-06-15 03:22:35
dr Kenji Sebastian halim,Dokter Umum,halodoc,"Setiabudi, Jakarta Selatan",,dokter-umum,2025-06-15 03:22:35
dr Khoirunisa,Dokter Umum,dr Khoirunisa,"Cempaka Putih, Jakarta Pusat",,dokter-umum,2025-06-15 03:22:35
dr Kurniawan Tjahajadi,Dokter Umum,halodoc,"Setiabudi, Jakarta Selatan",,dokter-umum,2025-06-15 03:22:35
dr LORA EVALINA D.,Dokter Umum,dr. Lora Evalina,"Bogor Selatan, Bogor",,dokter-umum,2025-06-15 03:22:38
dr Lucy Wijaya,Dokter Umum,halodoc,"Setiabudi, Jakarta Selatan",,dokter-umum,2025-06-15 03:22:38
dr Luh Diah Pusparini,Dokter Umum,Apotek Grand Farma,"Panongan, Kabupaten Tangerang",,dokter-umum,2025-06-15 03:22:38
dr Luh Diah Pusparini,Dokter Umum,Apotek Grand Farma,"Panongan, Kabupaten Tangerang",,dokter-umum,2025-06-15 03:22:38
dr Lupita Yessica Tarigan,Dokter Umum,halodoc,"Setiabudi, Jakarta Selatan",,dokter-umum,2025-06-15 03:22:38
dr Lurentius Juan wicaksono,Dokter Umum,halodoc,"Setiabudi, Jakarta Selatan",,dokter-umum,2025-06-15 03:22:38
dr M Zulfikar Hadiaturahman,Dokter Umum,halodoc,"Setiabudi, Jakarta Selatan",,dokter-umum,2025-06-15 03:22:38
"dr M, Arief Munandar SPM MH",Dokter Umum,halodoc,"Setiabudi, Jakarta Selatan",,dokter-umum,2025-06-15 03:22:38
dr Maharani Nur Sita,Dokter Umum,halodoc,"Setiabudi, Jakarta Selatan",,dokter-umum,2025-06-15 03:22:38
dr Mahbub Muhammad,Dokter Umum,Apotik Idaman,"Taraju, Kabupaten Tasikmalaya",,dokter-umum,2025-06-15 03:22:38
dr Marco Pangestu Lautan,Dokter Umum,Halodoc Teleconsultation,"Setiabudi, Jakarta Selatan",,dokter-umum,2025-06-15 03:22:40
dr Margareth Ayu Carolin,Dokter Umum,halodoc,"Setiabudi, Jakarta Selatan",,dokter-umum,2025-06-15 03:22:40
dr Marta Yuliana,Dokter Umum,halodoc,"Setiabudi, Jakarta Selatan",,dokter-umum,2025-06-15 03:22:40
dr Mas Wardah Aliyatur Rachmah,Dokter Umum,halodoc,"Setiabudi, Jakarta Selatan",,dokter-umum,2025-06-15 03:22:40
dr Mochamad Husni A.H. Buloe,Dokter Umum,Halodoc Teleconsultation,"Setiabudi, Jakarta Selatan",,dokter-umum,2025-06-15 03:22:40
dr Muhajir,Dokter Umum,dr Muhajir,"Cempaka Putih, Jakarta Pusat",,dokter-umum,2025-06-15 03:22:40
dr Muhammad Alvin Robban,Dokter Umum,halodoc,"Setiabudi, Jakarta Selatan",,dokter-umum,2025-06-15 03:22:40
dr Muhammad Ridhwan F Sp. PD,Dokter Umum,Halodoc Teleconsultation,"Setiabudi, Jakarta Selatan",,dokter-umum,2025-06-15 03:22:40
dr NURDIN,Dokter Umum,Klinik Ardita Ciracas,"Ciracas, Jakarta Timur",,dokter-umum,2025-06-15 03:22:40
dr Naetty R,Dokter Umum,dr Naetty R,"Bekasi Selatan, Bekasi",,dokter-umum,2025-06-15 03:22:40
dr Novia Wira Tungadi,Dokter Umum,halodoc,"Setiabudi, Jakarta Selatan",,dokter-umum,2025-06-15 03:22:43
dr Novie Widjaja,Dokter Umum,Apotek Sarika,"Banyumanik, Kota Semarang",,dokter-umum,2025-06-15 03:22:43
dr Nurika Arviana,Dokter Umum,halodoc,"Setiabudi, Jakarta Selatan",,dokter-umum,2025-06-15 03:22:43
dr Putri Anggitha Prartiwi,Dokter Umum,halodoc,"Setiabudi, Jakarta Selatan",,dokter-umum,2025-06-15 03:22:43
dr Putri Nabila,Dokter Umum,halodoc,"Setiabudi, Jakarta Selatan",,dokter-umum,2025-06-15 03:22:43
dr Radian Adhiputra Antonius,Dokter Umum,halodoc,"Setiabudi, Jakarta Selatan",,dokter-umum,2025-06-15 03:22:43
dr Rafifah Putri rahardjo,Dokter Umum,halodoc,"Setiabudi, Jakarta Selatan",,dokter-umum,2025-06-15 03:22:43
dr Rasyid Azmi Aryadhani,Dokter Umum,halodoc,"Setiabudi, Jakarta Selatan",,dokter-umum,2025-06-15 03:22:43
dr Ratna juwita,Dokter Umum,halodoc,"Setiabudi, Jakarta Selatan",,dokter-umum,2025-06-15 03:22:43
dr Reza Fauzi,Dokter Umum,dr Reza Fauzi,"Bekasi Selatan, Bekasi",,dokter-umum,2025-06-15 03:22:43
dr Rilda CItra Janiarti,Dokter Umum,halodoc,"Setiabudi, Jakarta Selatan",,dokter-umum,2025-06-15 03:22:46
dr Rina Oktavidianti,Dokter Umum,halodoc,"Setiabudi, Jakarta Selatan",,dokter-umum,2025-06-15 03:22:46
dr Risfy Gusti pamungkas,Dokter Umum,halodoc,"Setiabudi, Jakarta Selatan",,dokter-umum,2025-06-15 03:22:46
dr Riska Oktarinda Utami,Dokter Umum,APOTEK HAFA,"Wara, Kota Palopo",,dokter-umum,2025-06-15 03:22:46
dr Rita Diahas,Dokter Umum,Apotek Kimia Farma Kalisari,"Pasar Rebo, Jakarta Timur",,dokter-umum,2025-06-15 03:22:46
dr Rita Diahas,Dokter Umum,Apotek Kimia Farma Kalisari,"Pasar Rebo, Jakarta Timur",,dokter-umum,2025-06-15 03:22:46
dr Rita Diahastuti,Dokter Umum,Apotek Kimia Farma Kalisari,"Pasar Rebo, Jakarta Timur",,dokter-umum,2025-06-15 03:22:46
dr Rohedy Adlina,Dokter Umum,dr Amel,"Kramat, Tegal",,dokter-umum,2025-06-15 03:22:46
dr Ruben Stevanus,Dokter Umum,halodoc,"Setiabudi, Jakarta Selatan",,dokter-umum,2025-06-15 03:22:46
dr Rusydah Syarlina,Dokter Umum,halodoc,"Setiabudi, Jakarta Selatan",,dokter-umum,2025-06-15 03:22:46
dr Ryan Augustian,Dokter Umum,Balai Pengobatan Putra Jakarta,"Setiabudi, Jakarta Selatan",,dokter-umum,2025-06-15 03:22:49
dr Salsabila,Dokter Umum,halodoc,"Setiabudi, Jakarta Selatan",,dokter-umum,2025-06-15 03:22:49
dr Sandy,Dokter Umum,Praktek Dokter Umum.,"Cilincing, Jakarta Utara",,dokter-umum,2025-06-15 03:22:49
dr Saskia Justicia,Dokter Umum,apotek asadel farma,"Landasan Ulin, Kota Banjarbaru",,dokter-umum,2025-06-15 03:22:49
dr Septian Widianto,Dokter Umum,halodoc,"Setiabudi, Jakarta Selatan",,dokter-umum,2025-06-15 03:22:49
dr Shabrina Rakhmah,Dokter Umum,halodoc,"Setiabudi, Jakarta Selatan",,dokter-umum,2025-06-15 03:22:49
dr Shafia rahmanindha sukmana,Dokter Umum,halodoc,"Setiabudi, Jakarta Selatan",,dokter-umum,2025-06-15 03:22:49
dr Siti Azaniah Putri,Dokter Umum,halodoc,"Setiabudi, Jakarta Selatan",,dokter-umum,2025-06-15 03:22:49
dr Sitti Jamalia Sakamole,Dokter Umum,Halodoc Teleconsultation,"Setiabudi, Jakarta Selatan",,dokter-umum,2025-06-15 03:22:49
dr Sri sulastri,Dokter Umum,halodoc,"Setiabudi, Jakarta Selatan",,dokter-umum,2025-06-15 03:22:49
dr Sri sulastri,Dokter Umum,halodoc,"Setiabudi, Jakarta Selatan",,dokter-umum,2025-06-15 03:22:51
dr Stephen Wirya,Dokter Umum,halodoc,"Setiabudi, Jakarta Selatan",,dokter-umum,2025-06-15 03:22:51
dr Supartinah Sp. THT,Dokter Umum,AA Apotek Anugrah,"Kebayoran Baru, Jakarta Selatan",,dokter-umum,2025-06-15 03:22:51
dr Teddy Kurnia Farmanda Putra,Dokter Umum,dr Teddy Kurnia Farmanda Putra,"Setiabudi, Jakarta Selatan",,dokter-umum,2025-06-15 03:22:51
dr Tiara Wahyu Dewanti,Dokter Umum,halodoc,"Setiabudi, Jakarta Selatan",,dokter-umum,2025-06-15 03:22:51
dr Timothy Manurung,Dokter Umum,halodoc,"Setiabudi, Jakarta Selatan",,dokter-umum,2025-06-15 03:22:51
dr Tiur Romauli,Dokter Umum,halodoc,"Setiabudi, Jakarta Selatan",,dokter-umum,2025-06-15 03:22:51
dr Tommy Martin,Dokter Umum,halodoc,"Setiabudi, Jakarta Selatan",,dokter-umum,2025-06-15 03:22:51
dr Vania Angela,Dokter Umum,halodoc,"Setiabudi, Jakarta Selatan",,dokter-umum,2025-06-15 03:22:51
dr Wahyuni Hafid,Dokter Umum,halodoc,"Setiabudi, Jakarta Selatan",,dokter-umum,2025-06-15 03:22:51
dr Wulan Ayu Lestari,Dokter Umum,halodoc,"Setiabudi, Jakarta Selatan",,dokter-umum,2025-06-15 03:22:54
dr Yanti S,Dokter Umum,Apotik Arfipema,"Senen, Jakarta Pusat",,dokter-umum,2025-06-15 03:22:54
dr Yosia Kristianto,Dokter Umum,Klinik Syifa,"Medan Maimun, Kota Medan",,dokter-umum,2025-06-15 03:22:54
dr Yuri sabrina susani,Dokter Umum,halodoc,"Setiabudi, Jakarta Selatan",,dokter-umum,2025-06-15 03:22:54
dr Yusra Nabila,Dokter Umum,halodoc,"Setiabudi, Jakarta Selatan",,dokter-umum,2025-06-15 03:22:54
dr Zevani Olivia,Dokter Umum,halodoc,"Setiabudi, Jakarta Selatan",,dokter-umum,2025-06-15 03:22:54
dr alaa Ulil Haqiyah,Dokter Umum,halodoc,"Setiabudi, Jakarta Selatan",,dokter-umum,2025-06-15 03:22:54
dr fauzan emir,Dokter Umum,halodoc,"Setiabudi, Jakarta Selatan",,dokter-umum,2025-06-15 03:22:54
dr yunita Sari,Dokter Umum,"Apotek, Laboratorium Medis, dan Klinik Kimia Farma Grahayana","Telukjambe Timur, Kabupaten Karawang",,dokter-umum,2025-06-15 03:22:54
dr. A. A. N. Mika Dwi M.,Dokter Umum,dr. A. A. N. Mika Dwi M.,"Mengwi, Kabupaten Badung",,dokter-umum,2025-06-15 03:22:54
dr. A. Novel,Dokter Umum,dr. A. Novel,"Bekasi Selatan, Bekasi",,dokter-umum,2025-06-15 03:22:57
dr. ANIK PURWANINGSIH,Dokter Umum,dr. ANIK PURWANINGSIH,"Sukamulya, Kabupaten Tangerang",,dokter-umum,2025-06-15 03:22:57
dr. ANIK PURWANINGSIH,Dokter Umum,dr. ANIK PURWANINGSIH,"Sukamulya, Kabupaten Tangerang",,dokter-umum,2025-06-15 03:22:57
dr. Adi Winata,Dokter Umum,halodoc,"Setiabudi, Jakarta Selatan",,dokter-umum,2025-06-15 03:22:57
dr. Adimas Euro Kurnia,Dokter Umum,halodoc,"Setiabudi, Jakarta Selatan",,dokter-umum,2025-06-15 03:22:57
dr. Adinda Nourmalyta,Dokter Umum,halodoc,"Setiabudi, Jakarta Selatan",,dokter-umum,2025-06-15 03:22:57
dr. Adinda Nourmalyta,Dokter Umum,halodoc,"Setiabudi, Jakarta Selatan",,dokter-umum,2025-06-15 03:22:57
dr. Adinda Sandya Poernomo,Dokter Umum,halodoc,"Setiabudi, Jakarta Selatan",,dokter-umum,2025-06-15 03:22:57
dr. Afratsin Maisya,Dokter Umum,halodoc,"Setiabudi, Jakarta Selatan",,dokter-umum,2025-06-15 03:22:57
dr. Agus Rianto Munawar,Dokter Umum,0,"Bekasi Selatan, Bekasi",,dokter-umum,2025-06-15 03:22:57
dr. Ahmad Rizzqi,Dokter Umum,halodoc,"Setiabudi, Jakarta Selatan",,dokter-umum,2025-06-15 03:22:59
dr. Akhmad Fajri Purna Aji,Dokter Umum,RS PKU Muhammadiyah Kartasura,"Kartasura, Kab Sukoharjo",,dokter-umum,2025-06-15 03:22:59
dr. Alfian Ikhwanul Ihsan,Dokter Umum,halodoc,"Setiabudi, Jakarta Selatan",,dokter-umum,2025-06-15 03:22:59
dr. Alfian Zulhakim,Dokter Umum,halodoc,"Setiabudi, Jakarta Selatan",,dokter-umum,2025-06-15 03:22:59
dr. Alvin Antonius,Dokter Umum,RSIA Viola,"Babelan, Kabupaten Bekasi",,dokter-umum,2025-06-15 03:22:59
dr. Alvin Antonius,Dokter Umum,RSIA Viola,"Babelan, Kabupaten Bekasi",,dokter-umum,2025-06-15 03:22:59
dr. Amanda Tanasia,Dokter Umum,RS Pantai Indah Kapuk,"Penjaringan, Jakarta Utara",,dokter-umum,2025-06-15 03:22:59
dr. Amanda Trisliana Dwi Putri,Dokter Umum,Halodoc Teleconsultation,"Setiabudi, Jakarta Selatan",,dokter-umum,2025-06-15 03:22:59
dr. Ameria Paramita SPM,Dokter Umum,halodoc,"Setiabudi, Jakarta Selatan",,dokter-umum,2025-06-15 03:22:59
dr. Amir Djohansyah,Dokter Umum,Pratama Yakdi Medical,"Setiabudi, Jakarta Selatan",,dokter-umum,2025-06-15 03:22:59
dr. Andri Yanuardi,Dokter Umum,Klinik Mutiara Banten,"Gunungkaler, Kabupaten Tangerang",,dokter-umum,2025-06-15 03:23:02
dr. Andryana Setiana,Dokter Umum,halodoc,"Setiabudi, Jakarta Selatan",,dokter-umum,2025-06-15 03:23:02
Dr. dr. Anggraeni Alam Sp.A(K),Dokter Umum,APOTIK JAYA SENTOSA,"Bojongsoang, Kabupaten Bandung",,dokter-umum,2025-06-15 03:23:02
dr. Anggraeni Parwati,Dokter Umum,halodoc,"Setiabudi, Jakarta Selatan",,dokter-umum,2025-06-15 03:23:02
dr. Anik Purwaningsih,Dokter Umum,dr. ANIK PURWANINGSIH,"Sukamulya, Kabupaten Tangerang",,dokter-umum,2025-06-15 03:23:02
dr. Anto Triwibowo,Dokter Umum,halodoc,"Setiabudi, Jakarta Selatan",,dokter-umum,2025-06-15 03:23:02
dr. Antonius,Dokter Umum,halodoc,"Setiabudi, Jakarta Selatan",,dokter-umum,2025-06-15 03:23:02
dr. Aristya Rahadiyan Budi,Dokter Umum,halodoc,"Setiabudi, Jakarta Selatan",,dokter-umum,2025-06-15 03:23:02
dr. Armitsi Anggia Arta,Dokter Umum,halodoc,"Setiabudi, Jakarta Selatan",,dokter-umum,2025-06-15 03:23:02
dr. Atiek Endah,Dokter Umum,halodoc,"Setiabudi, Jakarta Selatan",,dokter-umum,2025-06-15 03:23:02
dr. Audi Yudhasmara,Dokter Umum,halodoc,"Setiabudi, Jakarta Selatan",,dokter-umum,2025-06-15 03:23:04
dr. Aullia Widya K,Dokter Umum,halodoc,"Setiabudi, Jakarta Selatan",,dokter-umum,2025-06-15 03:23:04
dr. Bayu rohmi purnamа,Dokter Umum,halodoc,"Setiabudi, Jakarta Selatan",,dokter-umum,2025-06-15 03:23:04
Dr. dr. Bernie Medise Sp. A (K,Dokter Umum,Klinik Tumbuh Kembang Anak Lalita Bekasi,"Bekasi Utara, Bekasi",,dokter-umum,2025-06-15 03:23:04
Dr. dr. Bernie Medise Sp. A (K,Dokter Umum,Klinik Tumbuh Kembang Anak Lalita Bekasi,"Bekasi Utara, Bekasi",,dokter-umum,2025-06-15 03:23:04
dr. Bobby Anggara Manalu,Dokter Umum,halodoc,"Setiabudi, Jakarta Selatan",,dokter-umum,2025-06-15 03:23:04
dr. Brandon Sugiharto,Dokter Umum,halodoc,"Setiabudi, Jakarta Selatan",,dokter-umum,2025-06-15 03:23:04
dr. Catherine Josephine,Dokter Umum,halodoc,"Setiabudi, Jakarta Selatan",,dokter-umum,2025-06-15 03:23:04
dr. Chaneda Naela Karima,Dokter Umum,Praktek Dokter Umum.,"Cilincing, Jakarta Utara",,dokter-umum,2025-06-15 03:23:04
dr. Chintya Ayu P.N.,Dokter Umum,Amalia Medica dr. Luhung,"Klojen, Kota Malang",,dokter-umum,2025-06-15 03:23:04
dr. Cindy Sixsty Oktura,Dokter Umum,halodoc,"Setiabudi, Jakarta Selatan",,dokter-umum,2025-06-15 03:23:07
dr. Claudya Susanto,Dokter Umum,halodoc,"Setiabudi, Jakarta Selatan",,dokter-umum,2025-06-15 03:23:07
dr. Damai Noor Fatimah,Dokter Umum,APOTEK MAHAKAM SEHAT,"Samarinda Seberang, Kota Samarinda",,dokter-umum,2025-06-15 03:23:07
dr. Daniel Linardi,Dokter Umum,halodoc,"Setiabudi, Jakarta Selatan",,dokter-umum,2025-06-15 03:23:07
dr. David Yong,Dokter Umum,halodoc,"Setiabudi, Jakarta Selatan",,dokter-umum,2025-06-15 03:23:07
dr. Desi Deviana Djokohartono,Dokter Umum,halodoc,"Setiabudi, Jakarta Selatan",,dokter-umum,2025-06-15 03:23:07
dr. Dewi Renaningtyas,Dokter Umum,halodoc,"Setiabudi, Jakarta Selatan",,dokter-umum,2025-06-15 03:23:07
dr. Dewi Renaningtyas,Dokter Umum,0,"Bekasi Selatan, Bekasi",,dokter-umum,2025-06-15 03:23:07
dr. Dhimas Muhammad Suharyo,Dokter Umum,halodoc,"Setiabudi, Jakarta Selatan",,dokter-umum,2025-06-15 03:23:07
dr. Difya Shavira,Dokter Umum,halodoc,"Setiabudi, Jakarta Selatan",,dokter-umum,2025-06-15 03:23:07
dr. Dina Mardiana,Dokter Umum,Praktek dokter mandiri,"Cileunyi, Kabupaten Bandung",,dokter-umum,2025-06-15 03:23:10
dr. Dina Oktasia,Dokter Umum,halodoc,"Setiabudi, Jakarta Selatan",,dokter-umum,2025-06-15 03:23:10
dr. Dinda Sayyidah Laela,Dokter Umum,halodoc,"Setiabudi, Jakarta Selatan",,dokter-umum,2025-06-15 03:23:10
dr. Edginov Demas Feyar Dalfi,Dokter Umum,halodoc,"Setiabudi, Jakarta Selatan",,dokter-umum,2025-06-15 03:23:10
dr. Edrina Putri,Dokter Umum,halodoc,"Setiabudi, Jakarta Selatan",,dokter-umum,2025-06-15 03:23:10
dr. Edwin Setiawan,Dokter Umum,halodoc,"Setiabudi, Jakarta Selatan",,dokter-umum,2025-06-15 03:23:10
dr. Elia Susanto,Dokter Umum,halodoc,"Setiabudi, Jakarta Selatan",,dokter-umum,2025-06-15 03:23:10
dr. Elsa Fidelia Purnomo,Dokter Umum,RS St. Carolus Salemba,"Senen, Jakarta Pusat",,dokter-umum,2025-06-15 03:23:10
dr. Ence Selamat Eldian,Dokter Umum,halodoc,"Setiabudi, Jakarta Selatan",,dokter-umum,2025-06-15 03:23:10
dr. Erd Pratama,Dokter Umum,RS St. Carolus Salemba,"Senen, Jakarta Pusat",,dokter-umum,2025-06-15 03:23:10
dr. Erika Kusumawati,Dokter Umum,halodoc,"Setiabudi, Jakarta Selatan",,dokter-umum,2025-06-15 03:23:13
dr. Erri Pratama,Dokter Umum,RS St. Carolus Salemba,"Senen, Jakarta Pusat",,dokter-umum,2025-06-15 03:23:13
dr. Ervan L Prasetyarto,Dokter Umum,klinik utama tomang,"Kalideres, Jakarta Barat",,dokter-umum,2025-06-15 03:23:13
dr. Erwin Arief,Dokter Umum,APOTEK AFI FARMA,"Kepulauan Seribu Utara, Kepulauan Seribu",,dokter-umum,2025-06-15 03:23:13
"dr. Eva Musfayani, MM",Dokter Umum,Klinik Al-Muslimun,"Mustika Jaya, Bekasi",,dokter-umum,2025-06-15 03:23:13
dr. Evan Aleron,Dokter Umum,halodoc,"Setiabudi, Jakarta Selatan",,dokter-umum,2025-06-15 03:23:13
dr. Eveline Febrina,Dokter Umum,0,"Bekasi Selatan, Bekasi",,dokter-umum,2025-06-15 03:23:13
dr. Evelyn Komala,Dokter Umum,halodoc,"Setiabudi, Jakarta Selatan",,dokter-umum,2025-06-15 03:23:13
dr. F. V. Slamet Sugiyanto,Dokter Umum,halodoc,"Setiabudi, Jakarta Selatan",,dokter-umum,2025-06-15 03:23:13
dr. F.V. Slamet Sugiyanto,Dokter Umum,halodoc,"Setiabudi, Jakarta Selatan",,dokter-umum,2025-06-15 03:23:13
dr. Fairuz syahla,Dokter Umum,halodoc,"Setiabudi, Jakarta Selatan",,dokter-umum,2025-06-15 03:23:15
dr. Fandy Winasis,Dokter Umum,halodoc,"Setiabudi, Jakarta Selatan",,dokter-umum,2025-06-15 03:23:15
dr. Febrian Pratiwi,Dokter Umum,dr. Febrian Pratiwi,"Bekasi Utara, Bekasi",,dokter-umum,2025-06-15 03:23:15
"dr. Fikrilah Abdul Aziz Usmana, M.MRS",Dokter Umum,halodoc,"Setiabudi, Jakarta Selatan",,dokter-umum,2025-06-15 03:23:15
dr. Fine Farhani,Dokter Umum,halodoc,"Setiabudi, Jakarta Selatan",,dokter-umum,2025-06-15 03:23:15
dr. Fista Widawati,Dokter Umum,halodoc,"Setiabudi, Jakarta Selatan",,dokter-umum,2025-06-15 03:23:15
dr. Fuad Zainudin,Dokter Umum,Praktek dr.Fuad Zainudin,"Weru, Kabupaten Cirebon",,dokter-umum,2025-06-15 03:23:15
dr. Fuji,Dokter Umum,halodoc,"Setiabudi, Jakarta Selatan",,dokter-umum,2025-06-15 03:23:15
dr. Galih Ricci Muchamad,Dokter Umum,halodoc,"Setiabudi, Jakarta Selatan",,dokter-umum,2025-06-15 03:23:15
dr. Gede Agus Chintya Putra,Dokter Umum,Kasih Ibu Denpasar,"Denpasar Selatan, Kota Denpasar",,dokter-umum,2025-06-15 03:23:15
dr. Gianta Dharma,Dokter Umum,halodoc,"Setiabudi, Jakarta Selatan",,dokter-umum,2025-06-15 03:23:18
dr. Givary Savalindo,Dokter Umum,halodoc,"Setiabudi, Jakarta Selatan",,dokter-umum,2025-06-15 03:23:18
dr. Glaudia Jennifer Tanamal T.,Dokter Umum,RS St. Carolus Salemba,"Senen, Jakarta Pusat",,dokter-umum,2025-06-15 03:23:18
dr. Gusti Galang Pambudi,Dokter Umum,halodoc,"Setiabudi, Jakarta Selatan",,dokter-umum,2025-06-15 03:23:18
"dr. dr. H. Adi Setiawan, MMRS MH.Kes",Dokter Umum,"dr. H. Adi Setiawan, MMRS","Cileungsi, Kabupaten Bogor",,dokter-umum,2025-06-15 03:23:18
dr. Harry Suprapto,Dokter Umum,dr. Harry Suprapto,"Batuceper, Tangerang",,dokter-umum,2025-06-15 03:23:18
dr. Haseena Hersiwinukir,Dokter Umum,0,"Bekasi Selatan, Bekasi",,dokter-umum,2025-06-15 03:23:18
dr. Hawa Mustika,Dokter Umum,halodoc,"Setiabudi, Jakarta Selatan",,dokter-umum,2025-06-15 03:23:18
dr. Hendra Hari Santoso,Dokter Umum,Praktek dr. Hendra,"Arjasari, Kabupaten Bandung",,dokter-umum,2025-06-15 03:23:18
dr. Heru Sulistiyanto,Dokter Umum,Praktek dr. Heru Sulistiyanto,"Pati, Kabupaten Pati",,dokter-umum,2025-06-15 03:23:18
dr. I Gede Suwastika,Dokter Umum,halodoc,"Setiabudi, Jakarta Selatan",,dokter-umum,2025-06-15 03:23:20
Dr. dr. I Ketut Somara Jaya MM,Dokter Umum,Klinik Kimia Farma Danau Tamblingan,"Denpasar Selatan, Kota Denpasar",,dokter-umum,2025-06-15 03:23:20
dr. I Made Sukasta,Dokter Umum,halodoc,"Setiabudi, Jakarta Selatan",,dokter-umum,2025-06-15 03:23:20
dr. Ide Rosalita,Dokter Umum,Klinik Pratama Rawat Inap IDE,"Susukan Lebak, Kabupaten Cirebon",,dokter-umum,2025-06-15 03:23:20
dr. Ihya Fakhrurizal Amin,Dokter Umum,halodoc,"Setiabudi, Jakarta Selatan",,dokter-umum,2025-06-15 03:23:20
dr. Indah Amalia,Dokter Umum,halodoc,"Setiabudi, Jakarta Selatan",,dokter-umum,2025-06-15 03:23:20
dr. Inggrid Elisabeth,Dokter Umum,RSIA Viola,"Babelan, Kabupaten Bekasi",,dokter-umum,2025-06-15 03:23:20
dr. Ismy Drina Mutia,Dokter Umum,halodoc,"Setiabudi, Jakarta Selatan",,dokter-umum,2025-06-15 03:23:20
dr. Isrina Basmalah,Dokter Umum,halodoc,"Setiabudi, Jakarta Selatan",,dokter-umum,2025-06-15 03:23:20
dr. Ivan Pratama Rusadi,Dokter Umum,halodoc,"Setiabudi, Jakarta Selatan",,dokter-umum,2025-06-15 03:23:20
dr. Jessica Maybella Adelia Sucipto,Dokter Umum,halodoc,"Setiabudi, Jakarta Selatan",,dokter-umum,2025-06-15 03:23:23
dr. Johanes Raymond,Dokter Umum,Klinik Santo Yosef,"Bengkalis, Kabupaten Bengkalis",,dokter-umum,2025-06-15 03:23:23
dr. Johanna Jonathan,Dokter Umum,RS St. Carolus Salemba,"Senen, Jakarta Pusat",,dokter-umum,2025-06-15 03:23:23
dr. Jukiarta,Dokter Umum,RSIA Viola,"Babelan, Kabupaten Bekasi",,dokter-umum,2025-06-15 03:23:23
Dr. dr. Julitasari S. MSc-PH,Dokter Umum,Praktek Umum dr Julitasari,"Kembangan, Jakarta Barat",,dokter-umum,2025-06-15 03:23:23
Dr. dr. Julitasari S. MSC - PH,Dokter Umum,Praktek Umum dr Julitasari,"Kembangan, Jakarta Barat",,dokter-umum,2025-06-15 03:23:23
dr. Karlina Nurizky,Dokter Umum,halodoc,"Setiabudi, Jakarta Selatan",,dokter-umum,2025-06-15 03:23:23
dr. Kelvin Pangestu,Dokter Umum,0,"Bekasi Selatan, Bekasi",,dokter-umum,2025-06-15 03:23:23
dr. Khansa Alifia Syafiqah,Dokter Umum,halodoc,"Setiabudi, Jakarta Selatan",,dokter-umum,2025-06-15 03:23:23
dr. Khaula Latifah Ramadhani Sahidah,Dokter Umum,halodoc,"Setiabudi, Jakarta Selatan",,dokter-umum,2025-06-15 03:23:23
dr. Kuntum Sureda,Dokter Umum,halodoc,"Setiabudi, Jakarta Selatan",,dokter-umum,2025-06-15 03:23:25
dr. Kurnia Samuel,Dokter Umum,halodoc,"Setiabudi, Jakarta Selatan",,dokter-umum,2025-06-15 03:23:25
dr. Kurniati Fadilah Burhanudin,Dokter Umum,0,"Bekasi Selatan, Bekasi",,dokter-umum,2025-06-15 03:23:25
dr. Kusuma Tri Wahyuningtyas,Dokter Umum,halodoc,"Setiabudi, Jakarta Selatan",,dokter-umum,2025-06-15 03:23:25
dr. LINA R. SUWANDI,Dokter Umum,dr. LINA R. SUWANDI,"Cempaka Putih, Jakarta Pusat",,dokter-umum,2025-06-15 03:23:25
dr. Laila Chudory,Dokter Umum,0,"Bekasi Selatan, Bekasi",,dokter-umum,2025-06-15 03:23:25
dr. Laras Oktaviani,Dokter Umum,halodoc,"Setiabudi, Jakarta Selatan",,dokter-umum,2025-06-15 03:23:25
dr. Linda Uli Natalisa,Dokter Umum,Siloam Hospitals Balikpapan,"Balikpapan Selatan, Kota Balikpapan",,dokter-umum,2025-06-15 03:23:25
dr. Linda Uli Natalisa,Dokter Umum,Siloam Hospitals Balikpapan,"Balikpapan Selatan, Kota Balikpapan",,dokter-umum,2025-06-15 03:23:25
dr. Linda Uli Natalisa,Dokter Umum,Siloam Hospitals Balikpapan,"Balikpapan Selatan, Kota Balikpapan",,dokter-umum,2025-06-15 03:23:25
dr. Lulu Wilda Nurani,Dokter Umum,halodoc,"Setiabudi, Jakarta Selatan",,dokter-umum,2025-06-15 03:23:28
dr. Lusy Lupita Damayanti,Dokter Umum,halodoc,"Setiabudi, Jakarta Selatan",,dokter-umum,2025-06-15 03:23:28
dr. M. Nurfazrul Islam,Dokter Umum,0,"Bekasi Selatan, Bekasi",,dokter-umum,2025-06-15 03:23:28
dr. Magieline Rosalina Y,Dokter Umum,Painfree Sehat (DH/Spine Sehat) Klinik,"Kelapa Gading, Jakarta Utara",,dokter-umum,2025-06-15 03:23:28
dr. Marcelina Luya Sorta Manly Silitonga,Dokter Umum,halodoc,"Setiabudi, Jakarta Selatan",,dokter-umum,2025-06-15 03:23:28
dr. Maria Jozilyn Bria Seran,Dokter Umum,halodoc,"Setiabudi, Jakarta Selatan",,dokter-umum,2025-06-15 03:23:28
dr. Marwan Faisal Aziz,Dokter Umum,dr. Marwan Faisal Aziz,"Bogor Selatan, Bogor",,dokter-umum,2025-06-15 03:23:28
dr. Marwan Taslim,Dokter Umum,halodoc,"Setiabudi, Jakarta Selatan",,dokter-umum,2025-06-15 03:23:28
dr. Masayu Siti Gumala Sari,Dokter Umum,halodoc,"Setiabudi, Jakarta Selatan",,dokter-umum,2025-06-15 03:23:28
dr. Medinia Agustine Napitulu,Dokter Umum,halodoc,"Setiabudi, Jakarta Selatan",,dokter-umum,2025-06-15 03:23:28
dr. Meidy Regianto,Dokter Umum,dr. Meidy Regianto,"Cempaka Putih, Jakarta Pusat",,dokter-umum,2025-06-15 03:23:31
dr. Melis Djaja,Dokter Umum,Sismapharma,"Cempaka Putih, Jakarta Pusat",,dokter-umum,2025-06-15 03:23:31
dr. Mifta Wiraswesti,Dokter Umum,dr. Mifta Wiraswesti,"Cipayung, Jakarta Timur",,dokter-umum,2025-06-15 03:23:31
dr. Mifthifina Aulahaq,Dokter Umum,halodoc,"Setiabudi, Jakarta Selatan",,dokter-umum,2025-06-15 03:23:31
dr. Mila Rizki Adila,Dokter Umum,halodoc,"Setiabudi, Jakarta Selatan",,dokter-umum,2025-06-15 03:23:31
dr. Mira Wiji Lestari,Dokter Umum,halodoc,"Setiabudi, Jakarta Selatan",,dokter-umum,2025-06-15 03:23:31
dr. Mirna Artati,Dokter Umum,Halodoc Teleconsultation,"Setiabudi, Jakarta Selatan",,dokter-umum,2025-06-15 03:23:31
dr. Mirsalina Sukma Prabowo,Dokter Umum,halodoc,"Setiabudi, Jakarta Selatan",,dokter-umum,2025-06-15 03:23:31
dr. Mohamad zulfikar,Dokter Umum,halodoc,"Setiabudi, Jakarta Selatan",,dokter-umum,2025-06-15 03:23:31
dr. Mohammad Rizky,Dokter Umum,halodoc,"Setiabudi, Jakarta Selatan",,dokter-umum,2025-06-15 03:23:31
dr. Muh. Aditya Prasada,Dokter Umum,halodoc,"Setiabudi, Jakarta Selatan",,dokter-umum,2025-06-15 03:23:33
dr. Muhamad Irfan,Dokter Umum,halodoc,"Setiabudi, Jakarta Selatan",,dokter-umum,2025-06-15 03:23:33
dr. Muhamad Yusup,Dokter Umum,halodoc,"Setiabudi, Jakarta Selatan",,dokter-umum,2025-06-15 03:23:33
dr. Muhammad Rais,Dokter Umum,halodoc,"Setiabudi, Jakarta Selatan",,dokter-umum,2025-06-15 03:23:33
dr. Muthia Farah	Ashma,Dokter Umum,halodoc,"Setiabudi, Jakarta Selatan",,dokter-umum,2025-06-15 03:23:33
"dr. Nabila Aljufri, SpM",Dokter Umum,RS Jakarta Medical Center,"Pancoran, Jakarta Selatan",,dokter-umum,2025-06-15 03:23:33
dr. Nabilah Putri Amiyanti,Dokter Umum,halodoc,"Setiabudi, Jakarta Selatan",,dokter-umum,2025-06-15 03:23:33
dr. Nadia Eva Zahara,Dokter Umum,halodoc,"Setiabudi, Jakarta Selatan",,dokter-umum,2025-06-15 03:23:33
dr. Nafissa Amanda,Dokter Umum,halodoc,"Setiabudi, Jakarta Selatan",,dokter-umum,2025-06-15 03:23:33
dr. Nailul Illiyyun HS,Dokter Umum,Apotik Melawai,"Senen, Jakarta Pusat",,dokter-umum,2025-06-15 03:23:33
dr. Ni Made Ayu Candrayuni,Dokter Umum,halodoc,"Setiabudi, Jakarta Selatan",,dokter-umum,2025-06-15 03:23:36
dr. Ni Putu Monica Ignes Saraswati,Dokter Umum,halodoc,"Setiabudi, Jakarta Selatan",,dokter-umum,2025-06-15 03:23:36
dr. Nilang Pabisiang,Dokter Umum,halodoc,"Setiabudi, Jakarta Selatan",,dokter-umum,2025-06-15 03:23:36
dr. Nisa Kamila,Dokter Umum,KLINIK MUTIARA RIZKI,"Kota Palabuhanratu, Kabupaten Sukabumi",,dokter-umum,2025-06-15 03:23:36
dr. Nisia Maharani,Dokter Umum,halodoc,"Setiabudi, Jakarta Selatan",,dokter-umum,2025-06-15 03:23:36
dr. Nova,Dokter Umum,Klinik Zhafira Zarifa,"Klari, Kabupaten Karawang",,dokter-umum,2025-06-15 03:23:36
dr. Novalia,Dokter Umum,KLINIK SEHAT,"Sagaranten, Kabupaten Sukabumi",,dokter-umum,2025-06-15 03:23:36
dr. Noverly Gina Jessica Go,Dokter Umum,halodoc,"Setiabudi, Jakarta Selatan",,dokter-umum,2025-06-15 03:23:36
dr. Novita Himawan,Dokter Umum,Apotek Maggha Mulia,"Ilir Timur I, Kota Palembang",,dokter-umum,2025-06-15 03:23:36
dr. Nur Aisyah,Dokter Umum,halodoc,"Setiabudi, Jakarta Selatan",,dokter-umum,2025-06-15 03:23:36
dr. Nur Aulia Intan Pratiwi,Dokter Umum,halodoc,"Setiabudi, Jakarta Selatan",,dokter-umum,2025-06-15 03:23:39
dr. Nur Rahmadina,Dokter Umum,halodoc,"Setiabudi, Jakarta Selatan",,dokter-umum,2025-06-15 03:23:39
dr. Nurhasanah,Dokter Umum,halodoc,"Setiabudi, Jakarta Selatan",,dokter-umum,2025-06-15 03:23:39
dr. Odelia Humaira,Dokter Umum,halodoc,"Setiabudi, Jakarta Selatan",,dokter-umum,2025-06-15 03:23:39
dr. Olivia Chandra Devi,Dokter Umum,halodoc,"Setiabudi, Jakarta Selatan",,dokter-umum,2025-06-15 03:23:39
Dr. dr. Pizza Dwi Antika S,Dokter Umum,PKU Muhammadiyah Gandrungmangu,"Gandrungmangu, Kabupaten Cilacap",,dokter-umum,2025-06-15 03:23:39
dr. Prandji Septian,Dokter Umum,halodoc,"Setiabudi, Jakarta Selatan",,dokter-umum,2025-06-15 03:23:39
dr. Pratiwi,Dokter Umum,halodoc,"Setiabudi, Jakarta Selatan",,dokter-umum,2025-06-15 03:23:39
Dr. dr. Punny Hendarsih,Dokter Umum,dr. Punny Hendarsih,"Jatiasih, Bekasi",,dokter-umum,2025-06-15 03:23:39
dr. Putri Nurfaadhilah Basari,Dokter Umum,halodoc,"Setiabudi, Jakarta Selatan",,dokter-umum,2025-06-15 03:23:39
dr. dr. Putu Ieke Kurniasari,Dokter Umum,dr. Putu Ieke Kurniasari,"Tegalsari, Kota Surabaya",,dokter-umum,2025-06-15 03:23:42
dr. RIzal Dwi Sanjani,Dokter Umum,halodoc,"Setiabudi, Jakarta Selatan",,dokter-umum,2025-06-15 03:23:42
dr. Raden Reni Indriana Garfini,Dokter Umum,Praktek dr. Raden Reni Indriana Garfini,"Bojongsari, Depok",,dokter-umum,2025-06-15 03:23:42
dr. Rahma Apriliana Dewi,Dokter Umum,halodoc,"Setiabudi, Jakarta Selatan",,dokter-umum,2025-06-15 03:23:42
dr. Rahma indah,Dokter Umum,Klinik Attina Jaya,"Klari, Kabupaten Karawang",,dokter-umum,2025-06-15 03:23:42
dr. Ratna Dewi Kumala sari,Dokter Umum,Klinik Pratama Shabira Husada,"Sukun, Kota Malang",,dokter-umum,2025-06-15 03:23:42
dr. Reivan Basten S,Dokter Umum,halodoc,"Setiabudi, Jakarta Selatan",,dokter-umum,2025-06-15 03:23:42
dr. Rembulan Ayodia Ramadhanti,Dokter Umum,halodoc,"Setiabudi, Jakarta Selatan",,dokter-umum,2025-06-15 03:23:42
dr. Reza Natanael Widyawono,Dokter Umum,halodoc,"Setiabudi, Jakarta Selatan",,dokter-umum,2025-06-15 03:23:42
. dr. Ricky Nurhakim,Dokter Umum,halodoc,"Setiabudi, Jakarta Selatan",,dokter-umum,2025-06-15 03:23:42
dr. Rinda,Dokter Umum,Klinik Zarra Medika,"Singaparna, Kabupaten Tasikmalaya",,dokter-umum,2025-06-15 03:23:44
dr. Rizki Syahreza,Dokter Umum,halodoc,"Setiabudi, Jakarta Selatan",,dokter-umum,2025-06-15 03:23:44
dr. Rizky Amalia,Dokter Umum,halodoc,"Setiabudi, Jakarta Selatan",,dokter-umum,2025-06-15 03:23:44
dr. Rizky Aslia Kusuma Putri,Dokter Umum,halodoc,"Setiabudi, Jakarta Selatan",,dokter-umum,2025-06-15 03:23:44
dr. Rizqyta,Dokter Umum,halodoc,"Setiabudi, Jakarta Selatan",,dokter-umum,2025-06-15 03:23:44
dr. Romy Herbert Pangihutan,Dokter Umum,0,"Bekasi Selatan, Bekasi",,dokter-umum,2025-06-15 03:23:44
dr. Rudy Tanius Tejo Ismanto,Dokter Umum,halodoc,"Setiabudi, Jakarta Selatan",,dokter-umum,2025-06-15 03:23:44
dr. Ruth Jean Tri Apriliyanty,Dokter Umum,0,"Bekasi Selatan, Bekasi",,dokter-umum,2025-06-15 03:23:44
dr. Salim Ubaid,Dokter Umum,halodoc,"Setiabudi, Jakarta Selatan",,dokter-umum,2025-06-15 03:23:44
dr. Santi Handayani,Dokter Umum,halodoc,"Setiabudi, Jakarta Selatan",,dokter-umum,2025-06-15 03:23:44
dr. Selly Oktaviani,Dokter Umum,halodoc,"Setiabudi, Jakarta Selatan",,dokter-umum,2025-06-15 03:23:47
dr. Silvia Saraswati S,Dokter Umum,halodoc,"Setiabudi, Jakarta Selatan",,dokter-umum,2025-06-15 03:23:47
dr. Sonia Novitasari,Dokter Umum,halodoc,"Setiabudi, Jakarta Selatan",,dokter-umum,2025-06-15 03:23:47
dr. Strata Pertiwi,Dokter Umum,halodoc,"Setiabudi, Jakarta Selatan",,dokter-umum,2025-06-15 03:23:47
"dr. Sunny Wangko, MSI,DK",Dokter Umum,"dr. Sunny Wangko, MSI,DK","Malalayang, Kota Manado",,dokter-umum,2025-06-15 03:23:47
dr. Surya Dharma,Dokter Umum,halodoc,"Setiabudi, Jakarta Selatan",,dokter-umum,2025-06-15 03:23:47
dr. Syahrul Amirullah,Dokter Umum,halodoc,"Setiabudi, Jakarta Selatan",,dokter-umum,2025-06-15 03:23:47
dr. Syamsul Rizal,Dokter Umum,halodoc,"Setiabudi, Jakarta Selatan",,dokter-umum,2025-06-15 03:23:47
dr. Tamyana Amalia Chariski,Dokter Umum,halodoc,"Setiabudi, Jakarta Selatan",,dokter-umum,2025-06-15 03:23:47
dr. Taupa Ichsan Tuarita,Dokter Umum,Klinik Agusahidin Medica,"Limo, Depok",,dokter-umum,2025-06-15 03:23:47
dr. dr. Teguh Daryatmo,Dokter Umum,halodoc,"Setiabudi, Jakarta Selatan",,dokter-umum,2025-06-15 03:23:50
dr. Teteg Puspasari,Dokter Umum,halodoc,"Setiabudi, Jakarta Selatan",,dokter-umum,2025-06-15 03:23:50
dr. Titin Retnowati,Dokter Umum,Praktek Dokter Umum.,"Cilincing, Jakarta Utara",,dokter-umum,2025-06-15 03:23:50
dr. Tonggo Maria Napitulu,Dokter Umum,halodoc,"Setiabudi, Jakarta Selatan",,dokter-umum,2025-06-15 03:23:50
dr. Tri bakti Oktarizal,Dokter Umum,halodoc,"Setiabudi, Jakarta Selatan",,dokter-umum,2025-06-15 03:23:50
dr. Triaini Fadjrin Juliana,Dokter Umum,Parahita Diagnostic Malang,"Lowokwaru, Kota Malang",,dokter-umum,2025-06-15 03:23:50
"dr. Tuti Ona,MARS.",Dokter Umum,"Klinik dr.Tuti Ona,MARS.","Tanjung Priok, Jakarta Utara",,dokter-umum,2025-06-15 03:23:50
dr. Tuty Sugriningsih,Dokter Umum,halodoc,"Setiabudi, Jakarta Selatan",,dokter-umum,2025-06-15 03:23:50
dr. Vivian Otha Vasthi,Dokter Umum,halodoc,"Setiabudi, Jakarta Selatan",,dokter-umum,2025-06-15 03:23:50
dr. Wery,Dokter Umum,Apotek Sembuh,"Mustika Jaya, Bekasi",,dokter-umum,2025-06-15 03:23:50
dr. Widatun Najah,Dokter Umum,halodoc,"Setiabudi, Jakarta Selatan",,dokter-umum,2025-06-15 03:23:52
dr. Widya Ayu Setiyaningtyas,Dokter Umum,halodoc,"Setiabudi, Jakarta Selatan",,dokter-umum,2025-06-15 03:23:52
dr. William Andreas Siagian,Dokter Umum,halodoc,"Setiabudi, Jakarta Selatan",,dokter-umum,2025-06-15 03:23:52
dr. William Virajati Panaikkon Silitonga,Dokter Umum,halodoc,"Setiabudi, Jakarta Selatan",,dokter-umum,2025-06-15 03:23:52
Dr. dr. Wulan Orioni,Dokter Umum,Prakter dr. Wulan Orioni,"Jatinegara, Jakarta Timur",,dokter-umum,2025-06-15 03:23:52
dr. Wynne Widiarti,Dokter Umum,halodoc,"Setiabudi, Jakarta Selatan",,dokter-umum,2025-06-15 03:23:52
dr. YOYO SUNARYO,Dokter Umum,KLINIK PRATAMA MITRA KELUARGA,"Lima Puluh, Kota Pekanbaru",,dokter-umum,2025-06-15 03:23:52
"dr. Yan Martha Putri, MRes.",Dokter Umum,halodoc,"Setiabudi, Jakarta Selatan",,dokter-umum,2025-06-15 03:23:52
"dr. Yanuar Zulkifli Harun, SpM",Dokter Umum,halodoc,"Setiabudi, Jakarta Selatan",,dokter-umum,2025-06-15 03:23:52
"dr. Yoppy Agung Priambodo, Sh, MH",Dokter Umum,"dr. Yoppy Agung Priambodo, Sh, MH","Tenggilis Mejoyo, Kota Surabaya",,dokter-umum,2025-06-15 03:23:52
dr. Yulius Direk S,Dokter Umum,halodoc,"Setiabudi, Jakarta Selatan",,dokter-umum,2025-06-15 03:23:55
dr. Yuni Astutiningsih,Dokter Umum,Klinik Utama Sejahtera Ciracas,"Ciracas, Jakarta Timur",,dokter-umum,2025-06-15 03:23:55
dr. dr. Zainal Abidin,Dokter Umum,Prakter dr. Zainal Abidin,"Telukjambe Barat, Kabupaten Karawang",,dokter-umum,2025-06-15 03:23:55
dr. Zia Ulfa K,Dokter Umum,halodoc,"Setiabudi, Jakarta Selatan",,dokter-umum,2025-06-15 03:23:55
dr. Zoraya Febriana Syahnaz,Dokter Umum,halodoc,"Setiabudi, Jakarta Selatan",,dokter-umum,2025-06-15 03:23:55
dr. Zuresh Shafira Sharafina,Dokter Umum,halodoc,"Setiabudi, Jakarta Selatan",,dokter-umum,2025-06-15 03:23:55
dr. vito etenio,Dokter Umum,halodoc,"Setiabudi, Jakarta Selatan",,dokter-umum,2025-06-15 03:23:55
dr.Aidil Fazli,Dokter Umum,halodoc,"Setiabudi, Jakarta Selatan",,dokter-umum,2025-06-15 03:23:55
dr.Fatmanisa,Dokter Umum,halodoc,"Setiabudi, Jakarta Selatan",,dokter-umum,2025-06-15 03:23:55
dr.Paruhum Rico Yohanes,Dokter Umum,halodoc,"Setiabudi, Jakarta Selatan",,dokter-umum,2025-06-15 03:23:55
dr.Rivan Picaso,Dokter Umum,halodoc,"Setiabudi, Jakarta Selatan",,dokter-umum,2025-06-15 03:23:58
dr.Ubaidillah,Dokter Umum,halodoc,"Setiabudi, Jakarta Selatan",,dokter-umum,2025-06-15 03:23:58
dr. dr.Wiwien Yunita Indriyati,Dokter Umum,dr.Wiwien Yunita Indriyati,"Ngaliyan, Kota Semarang",,dokter-umum,2025-06-15 03:23:58
dr.Wulan Ayu Lestari,Dokter Umum,halodoc,"Setiabudi, Jakarta Selatan",,dokter-umum,2025-06-15 03:23:58
drg. Ismail Huri,Dokter Umum,Siloam Hospitals Balikpapan,"Balikpapan Selatan, Kota Balikpapan",,dokter-umum,2025-06-15 03:23:58
drg. Lidya Visca Nanda,Dokter Umum,0,"Bekasi Selatan, Bekasi",,dokter-umum,2025-06-15 03:23:58
drg. Willy Prasetyo,Dokter Umum,halodoc,"Setiabudi, Jakarta Selatan",,dokter-umum,2025-06-15 03:23:58
drg.muhammad mitra,Dokter Umum,halodoc,"Setiabudi, Jakarta Selatan",,dokter-umum,2025-06-15 03:23:58
dr. dwiastri iris,Dokter Umum,halodoc,"Setiabudi, Jakarta Selatan",,dokter-umum,2025-06-15 03:23:58
dr. indira Noor,Dokter Umum,Klinik DokterHub Kemayoran,"Kemayoran, Jakarta Pusat",,dokter-umum,2025-06-15 03:23:58
dr. iti Januarita,Dokter Umum,Praktek Pribadi dr. Siti Januarita,"Setiabudi, Jakarta Selatan",,dokter-umum,2025-06-15 03:24:01
dr. lidia,Dokter Umum,Apotek Anugerah Bahagia,"Cempaka Putih, Jakarta Pusat",,dokter-umum,2025-06-15 03:24:01
Dr. med. Sandjaja Soetadji,Dokter Umum,Dr. Med Sandjaja Soetadji,"Cicendo, Kota Bandung",,dokter-umum,2025-06-15 03:24:01
Dr. med. Sandjaja Soetadji,Dokter Umum,Dr. Med Sandjaja Soetadji,"Cicendo, Kota Bandung",,dokter-umum,2025-06-15 03:24:01
dr novita dewi Sp. A,Dokter Umum,Medicare Clinic,"Pasar Minggu, Jakarta Selatan",,dokter-umum,2025-06-15 03:24:01
dr. riah,Dokter Umum,Praktek dokter mandiri,"Cileunyi, Kabupaten Bandung",,dokter-umum,2025-06-15 03:24:01
