name,speciality,hospital,city,img,slug,timestamp
dr. A.A. Ayu Ratnawati Sp.M,Sp. Anak,RS Lira Medika,"Karawang Timur, Kabupaten Karawang",,pediatrician,2025-06-15 02:25:04
dr. ACKNI HARTATI MKES SP.A,Sp. Anak,RS Permata Bekasi,"Mustika Jaya, Bekasi",,pediatrician,2025-06-15 02:25:04
dr. ADE AMELIA SP. A M.Ked,Sp. Anak,RS Citra Sari Husada,"Klari, Kabupaten Karawang",,pediatrician,2025-06-15 02:25:04
"dr. ADE AMELIA, M.Ked (Ped) Sp.A",Sp. Anak,RS Citra Sari Husada,"Klari, Kabupaten Karawang",,pediatrician,2025-06-15 02:25:04
"dr. ADE AMELIA, M.Ked (Ped) Sp.A",Sp. Anak,RS Citra Sari Husada,"Klari, Kabupaten Karawang",,pediatrician,2025-06-15 02:25:04
"dr. ADE AMELIA, M.Ked (Ped) Sp.A",Sp. Anak,RS Citra Sari Husada,"Klari, Kabupaten Karawang",,pediatrician,2025-06-15 02:25:04
"AGUNG GAUTAMA TANUHARADJA, Dr. Sp.A",Sp. Anak,RS Medistra,"Setiabudi, Jakarta Selatan",,pediatrician,2025-06-15 02:25:04
"dr. ALVIN HARDI HARDJAWINATA, MARS SpAK",Sp. Anak,Mayapada Hospital Jakarta Selatan,"Cilandak, Jakarta Selatan",,pediatrician,2025-06-15 02:25:04
dr. Abdul Mutholib Rambe Sp.A,Sp. Anak,RS Murni Teguh Eria,"Seukajadi, Kota Pekanbaru",,pediatrician,2025-06-15 02:25:04
"dr. Achmad Yudha A. P., M.Kes Sp.A",Sp. Anak,RS JIH Purwokerto,"Kembaran, Kabupaten Banyumas",,pediatrician,2025-06-15 02:25:04
dr. Acil Rukmono Sp.A,Sp. Anak,RS Permata Keluarga Karawang,"Telukjambe Timur, Kabupaten Karawang",,pediatrician,2025-06-15 02:25:07
dr Adam Sultansah Sp. A,Sp. Anak,RSU Fikri Medika,"Klari, Kabupaten Karawang",,pediatrician,2025-06-15 02:25:07
dr. Ade Amalia Sp. A,Sp. Anak,RS Citra Sari Husada,"Klari, Kabupaten Karawang",,pediatrician,2025-06-15 02:25:07
"dr Ade Hafni, Sp.A",Sp. Anak,RSU Fikri Medika,"Klari, Kabupaten Karawang",,pediatrician,2025-06-15 02:25:07
"dr. Adhie Nur Radityo, MSi, Med, SP.A(K)",Sp. Anak,RS Telogorejo,"Semarang Tengah, Kota Semarang",,pediatrician,2025-06-15 02:25:07
"dr. Adi Suryanto Budhipramono, Sp.A",Sp. Anak,Siloam Hospitals Lippo Village,"Kelapa Dua, Kabupaten Tangerang",https://d1ojs48v3n42tp.cloudfront.net/personnels/225106_24-3-2022_15-54-31.png,pediatrician,2025-06-15 02:25:07
"dr. Aedi Budi Dharma, dr, Sp.A(K) M.Kes",Sp. Anak,RSIA Limijati,"Bandung Wetan, Kota Bandung",,pediatrician,2025-06-15 02:25:07
Dr. Agung Danar Restiono Sp. A,Sp. Anak,RSU Islam Harapan Anda Tegal,"Tegal Selatan, Kota Tegal",,pediatrician,2025-06-15 02:25:07
"dr. Agus Darajat, Sp.A M.Kes",Sp. Anak,RS Mulia Pajajaran,"Bogor Utara, Bogor",,pediatrician,2025-06-15 02:25:07
"dr. Agus Priyatno, SpA",Sp. Anak,RS Telogorejo,"Semarang Tengah, Kota Semarang",,pediatrician,2025-06-15 02:25:07
"Dr. Agustina Santi Sp.A, M.Sc, IBCLC",Sp. Anak,Siloam Hospitals Denpasar,"Kuta, Kabupaten Badung",https://d1ojs48v3n42tp.cloudfront.net/personnels/370610_30-6-2021_16-26-17.png,pediatrician,2025-06-15 02:25:10
"dr. Agustinus Patandianan, Sp.A",Sp. Anak,RS Bina Husada,"Cibinong, Kabupaten Bogor",https://d1ojs48v3n42tp.cloudfront.net/personnels/739216_6-1-2021_16-40-10.png,pediatrician,2025-06-15 02:25:10
"dr. Ahmad Fauzin, Sp.A",Sp. Anak,RS Mitra Keluarga Waru,"Waru, Kabupaten Sidoarjo",https://d1ojs48v3n42tp.cloudfront.net/personnels/629209_14-12-2022_14-17-35.png,pediatrician,2025-06-15 02:25:10
Dr. Aji Kristianto Wijaya Sp.A,Sp. Anak,RS Mitra Keluarga Pondok Tjandra,"Waru, Kabupaten Sidoarjo",https://d1ojs48v3n42tp.cloudfront.net/personnels/505921_29-7-2024_13-52-18.png,pediatrician,2025-06-15 02:25:10
dr. Aldo Yustiantio Muliana Sp.A,Sp. Anak,RS Panti Wilasa Citarum,"Semarang Timur, Kota Semarang",,pediatrician,2025-06-15 02:25:10
dr. Aleander Leonard Caesar J Sp.A.,Sp. Anak,RS Mitra Keluarga Pondok Tjandra,"Waru, Kabupaten Sidoarjo",,pediatrician,2025-06-15 02:25:10
"dr. Alexander Leonard C.J, Sp.A",Sp. Anak,RS Mitra Keluarga Pondok Tjandra,"Waru, Kabupaten Sidoarjo",https://d1ojs48v3n42tp.cloudfront.net/personnels/793103_19-6-2024_11-23-44.jpeg,pediatrician,2025-06-15 02:25:10
dr. Alexander Leonard Caesar J Sp.A.,Sp. Anak,RS Mitra Keluarga Pondok Tjandra,"Waru, Kabupaten Sidoarjo",,pediatrician,2025-06-15 02:25:10
dr. Alexander Leonard Caesar J Sp.A.,Sp. Anak,RS Mitra Keluarga Pondok Tjandra,"Waru, Kabupaten Sidoarjo",,pediatrician,2025-06-15 02:25:10
"dr. Ali Sjahri, Sp.A",Sp. Anak,Mayapada Hospital Bogor,"Bogor Timur, Bogor",https://d1ojs48v3n42tp.cloudfront.net/personnels/103278_13-12-2022_13-45-54.jpeg,pediatrician,2025-06-15 02:25:10
dr. Alok Adipurnama Sp.A,Sp. Anak,RS Immanuel,"Bojongloa Kidul, Kota Bandung",https://d1ojs48v3n42tp.cloudfront.net/personnels/129489_18-5-2021_17-19-32.jpeg,pediatrician,2025-06-15 02:25:13
"dr. Amin Husni, Sp.A",Sp. Anak,RS An-Nisa Tangerang,"Cibodas, Tangerang",,pediatrician,2025-06-15 02:25:13
"dr. Analysa Margaretha Bogar, Sp.A",Sp. Anak,Siloam Hospitals Bogor,"Bogor Tengah, Bogor",https://d1ojs48v3n42tp.cloudfront.net/personnels/411754_30-6-2022_16-11-33.jpeg,pediatrician,2025-06-15 02:25:13
"dr. Anastasia Maureen, Sp.A",Sp. Anak,Mayapada Hospital Tangerang,"Tangerang, Tangerang",https://d1ojs48v3n42tp.cloudfront.net/personnels/855324_13-12-2022_15-41-27.png,pediatrician,2025-06-15 02:25:13
dr. Andreas Liando SpA,Sp. Anak,Siloam Hospitals Lippo Village,"Kelapa Dua, Kabupaten Tangerang",,pediatrician,2025-06-15 02:25:13
"dr. Andreas Liando, Sp.A",Sp. Anak,Siloam Hospitals Lippo Village,"Kelapa Dua, Kabupaten Tangerang",https://d1ojs48v3n42tp.cloudfront.net/personnels/213443_24-3-2022_15-54-50.png,pediatrician,2025-06-15 02:25:13
"dr. Andry Juliansen, Sp.A",Sp. Anak,Siloam Hospitals Lippo Village,"Kelapa Dua, Kabupaten Tangerang",https://d1ojs48v3n42tp.cloudfront.net/personnels/819045_24-3-2022_15-55-22.jpeg,pediatrician,2025-06-15 02:25:13
"dr. Andry Tangkilisan, Sp.A,",Sp. Anak,RS PIK,"Penjaringan, Jakarta Utara",,pediatrician,2025-06-15 02:25:13
"dr. Andy Darma, Sp.A (K)",Sp. Anak,RS Mitra Keluarga Surabaya,"Sukomanunggal, Kota Surabaya",https://d1ojs48v3n42tp.cloudfront.net/personnels/656594_14-12-2022_15-34-24.png,pediatrician,2025-06-15 02:25:13
"dr. Andy Japutra, Sp.A",Sp. Anak,Siloam Hospitals Kebon Jeruk,"Kebon Jeruk, Jakarta Barat",https://d1ojs48v3n42tp.cloudfront.net/personnels/472921_22-6-2023_10-5-48.png,pediatrician,2025-06-15 02:25:13
"dr. Angelica, Sp.A CIMI",Sp. Anak,RS Royal Taruma,"Grogol Petamburan, Jakarta Barat",,pediatrician,2025-06-15 02:25:15
dr. Angelina Armine Susanto Putri Sp.A,Sp. Anak,Eka Hospital Bekasi,"Tarumajaya, Kabupaten Bekasi",,pediatrician,2025-06-15 02:25:15
dr. Anisa Setiorini Sp.A,Sp. Anak,RS EMC Sentul,"Babakan Madang, Kabupaten Bogor",,pediatrician,2025-06-15 02:25:15
dr. Anita Juniatiningsih Sp.A,Sp. Anak,Klinik Tembuni Birth Center,"Mampang Prapatan, Jakarta Selatan",,pediatrician,2025-06-15 02:25:15
"dr. Anita Kartika Sari, Sp.A",Sp. Anak,RS Mitra Keluarga Depok,"Pancoran Mas, Depok",https://d1ojs48v3n42tp.cloudfront.net/personnels/98368_11-4-2022_12-30-31.jpeg,pediatrician,2025-06-15 02:25:15
"dr. Anita Rusmawati, M.Kes SpA",Sp. Anak,Klinik Ria Pilar,"Cikarang Utara, Kabupaten Bekasi",,pediatrician,2025-06-15 02:25:15
"dr. Anita Rusmawati, M.Kes Sp.A",Sp. Anak,Klinik Ria Pilar,"Cikarang Utara, Kabupaten Bekasi",,pediatrician,2025-06-15 02:25:15
"dr. Annisa Nur Aini, Sp.A",Sp. Anak,RSUP Dr. Sitanala Tangerang,"Neglasari, Tangerang",https://d1ojs48v3n42tp.cloudfront.net/personnels/256818_18-8-2022_8-11-54.jpeg,pediatrician,2025-06-15 02:25:15
"dr. Annisa Zuhrah, Sp.A",Sp. Anak,RSIA PKU Muhammadyah Cipondoh,"Cipondoh, Tangerang",,pediatrician,2025-06-15 02:25:15
dr. Ardita Puspitadewi Sp.A.,Sp. Anak,RS Mitra Keluarga Bekasi Timur,"Bekasi Timur, Bekasi",,pediatrician,2025-06-15 02:25:15
"dr. Ardita Puspitadewi, Sp.A",Sp. Anak,RS Mitra Keluarga Bekasi Timur,"Bekasi Timur, Bekasi",https://d1ojs48v3n42tp.cloudfront.net/personnels/862096_11-1-2023_16-4-22.png,pediatrician,2025-06-15 02:25:18
"dr. Areta Idarto, Sp.A",Sp. Anak,RS Mitra Keluarga Kenjeran,"Mulyorejo, Kota Surabaya",https://d1ojs48v3n42tp.cloudfront.net/personnels/482135_14-12-2022_10-41-23.png,pediatrician,2025-06-15 02:25:18
"dr. Ari Setyawati, Sp.A",Sp. Anak,RS Mitra Keluarga Waru,"Waru, Kabupaten Sidoarjo",https://d1ojs48v3n42tp.cloudfront.net/personnels/437424_14-12-2022_14-39-51.png,pediatrician,2025-06-15 02:25:18
"dr. Ariawan Setiadi, Sp.A",Sp. Anak,Siloam Hospitals Semarang,"Semarang Selatan, Kota Semarang",https://d1ojs48v3n42tp.cloudfront.net/personnels/285585_30-12-2022_17-19-5.png,pediatrician,2025-06-15 02:25:18
"dr. Arie Yulianto, Sp.A., M.Sc",Sp. Anak,Mayapada Hospital Kuningan,"Setiabudi, Jakarta Selatan",https://d1ojs48v3n42tp.cloudfront.net/personnels/513050_13-12-2022_11-8-47.jpeg,pediatrician,2025-06-15 02:25:18
"dr. Arieta Rachmawati Kawengian, Sp.A",Sp. Anak,Siloam Hospitals Palangka Raya,"Pahandut, Kota Palangka Raya",https://d1ojs48v3n42tp.cloudfront.net/personnels/896655_30-6-2022_18-1-28.jpeg,pediatrician,2025-06-15 02:25:18
dr. Arif Priambodo Sp. A,Sp. Anak,RS Bayukarta,"Karawang Barat, Kabupaten Karawang",,pediatrician,2025-06-15 02:25:18
"dr. Aris Soebardi, Sp.A",Sp. Anak,Mayapada Hospital Bogor,"Bogor Timur, Bogor",https://d1ojs48v3n42tp.cloudfront.net/personnels/418816_4-5-2022_14-9-18.png,pediatrician,2025-06-15 02:25:18
"dr. Arvan Martovan, Sp.A",Sp. Anak,Siloam Hospitals Bogor,"Bogor Tengah, Bogor",https://d1ojs48v3n42tp.cloudfront.net/personnels/280396_30-6-2022_16-14-0.png,pediatrician,2025-06-15 02:25:18
"dr. Aryana Diani, Sp.A",Sp. Anak,RS Mitra Keluarga Cibubur,"Jatisampurna, Bekasi",https://d1ojs48v3n42tp.cloudfront.net/personnels/206241_4-4-2022_13-53-50.jpeg,pediatrician,2025-06-15 02:25:18
"dr. Asti Praborini, Sp.A",Sp. Anak,RS Permata Depok,"Sawangan, Depok",,pediatrician,2025-06-15 02:25:20
"dr. Aulia Fitri Swity, Sp.A (K)., M.Kes",Sp. Anak,Mayapada Hospital Kuningan,"Setiabudi, Jakarta Selatan",https://d1ojs48v3n42tp.cloudfront.net/personnels/274366_4-4-2023_23-13-25.jpeg,pediatrician,2025-06-15 02:25:20
dr. Ava Lanny Kawilarang Sp.A,Sp. Anak,RS Sentra Medika Cisalak,"Sukmajaya, Depok",,pediatrician,2025-06-15 02:25:20
"dr. Avyandita Meirizkia, Sp.A",Sp. Anak,Siloam Hospitals Sriwijaya Palembang,"Ilir Barat I, Kota Palembang",https://d1ojs48v3n42tp.cloudfront.net/personnels/198329_23-12-2022_11-57-12.jpeg,pediatrician,2025-06-15 02:25:20
dr. Bagus Samsu Tri Nugroho. SpA,Sp. Anak,RSIA Pondok Jati,"Sidoarjo, Kabupaten Sidoarjo",,pediatrician,2025-06-15 02:25:20
"dr. Benita Deselina, Sp.A",Sp. Anak,RS Mitra Keluarga Bintaro,"Pondok Aren, Tangerang Selatan",https://d1ojs48v3n42tp.cloudfront.net/personnels/874280_4-4-2022_14-32-50.png,pediatrician,2025-06-15 02:25:20
"dr. Benny Herlianto, Sp.A",Sp. Anak,Mayapada Hospital Surabaya,"Sawahan, Kota Surabaya",https://d1ojs48v3n42tp.cloudfront.net/personnels/237600_13-12-2022_14-6-0.jpeg,pediatrician,2025-06-15 02:25:20
"dr. Benny Wibisono, Sp.A",Sp. Anak,RS Mitra Keluarga Kenjeran,"Mulyorejo, Kota Surabaya",https://d1ojs48v3n42tp.cloudfront.net/personnels/287669_29-3-2023_16-55-5.jpeg,pediatrician,2025-06-15 02:25:20
dr. Bernardus Andrew SP.A,Sp. Anak,Grows and Giggles Healthy Clinic,"Pasar Minggu, Jakarta Selatan",,pediatrician,2025-06-15 02:25:20
"Dr. Bernardus Andrew, Dpop SpA",Sp. Anak,Grows and Giggles Healthy Clinic,"Pasar Minggu, Jakarta Selatan",,pediatrician,2025-06-15 02:25:20
"Dr.dr. Bugis Mardina, M.Ked(Ped), Sp.A, Subsp. Neo",Sp. Anak,RSIA Stella Maris,"Medan Maimun, Kota Medan",,pediatrician,2025-06-15 02:25:27
"Dr. Bugis Mardina, M.Xed(Ped), Sp.A Subsp",Sp. Anak,RSIA Stella Maris,"Medan Maimun, Kota Medan",,pediatrician,2025-06-15 02:25:27
dr. Buntet Sp.A,Sp. Anak,RSIA Budhi Mulia,"Marpoyan Damai, Kota Pekanbaru",,pediatrician,2025-06-15 02:25:27
dr. Carla Pusparani Sp. A,Sp. Anak,Siloam Hospitals Bekasi Sepanjang Jaya,"Rawalumbu, Bekasi",,pediatrician,2025-06-15 02:25:27
"dr. Carla Pusparani, Sp.A",Sp. Anak,Siloam Hospitals Bekasi Sepanjang Jaya,"Rawalumbu, Bekasi",https://d1ojs48v3n42tp.cloudfront.net/personnels/189458_1-11-2022_10-24-49.jpeg,pediatrician,2025-06-15 02:25:27
"dr. Carolina Salim, Sp.B",Sp. Anak,Siloam Hospitals Sentosa Bekasi,"Bekasi Timur, Bekasi",https://d1ojs48v3n42tp.cloudfront.net/personnels/513269_7-9-2022_14-23-58.jpeg,pediatrician,2025-06-15 02:25:27
"dr. Caroline Mulawi, Sp.A",Sp. Anak,Siloam Hospitals Agora,"Cempaka Putih, Jakarta Pusat",https://d1ojs48v3n42tp.cloudfront.net/personnels/53335_31-10-2022_16-28-25.jpeg,pediatrician,2025-06-15 02:25:27
dr. Catur Sp.A,Sp. Anak,RSIA Amanah Probolinggo,"Mayangan, Kota Probolinggo",,pediatrician,2025-06-15 02:25:27
"dr. Chely Gunawan, Sp.A",Sp. Anak,Siloam Hospitals Surabaya,"Gubeng, Kota Surabaya",https://d1ojs48v3n42tp.cloudfront.net/personnels/177937_24-5-2021_9-44-2.png,pediatrician,2025-06-15 02:25:27
"dr. Christianus W. H., M.Si.Med, Sp.A",Sp. Anak,RS Immanuel,"Bojongloa Kidul, Kota Bandung",https://d1ojs48v3n42tp.cloudfront.net/personnels/183830_18-5-2021_17-37-38.jpeg,pediatrician,2025-06-15 02:25:27
"dr. Cindy Diana Christie, Sp.A",Sp. Anak,RS Mitra Keluarga Kalideres,"Kalideres, Jakarta Barat",https://d1ojs48v3n42tp.cloudfront.net/personnels/827583_14-12-2022_17-9-12.jpeg,pediatrician,2025-06-15 02:25:30
"dr. Citra Ganesha Putri, Sp.A",Sp. Anak,RS Mitra Keluarga Pondok Tjandra,"Waru, Kabupaten Sidoarjo",https://d1ojs48v3n42tp.cloudfront.net/personnels/659615_14-12-2022_16-38-54.png,pediatrician,2025-06-15 02:25:30
"dr. Citra Radhita, Sp.A",Sp. Anak,Mayapada Hospital Jakarta Selatan,"Cilandak, Jakarta Selatan",https://d1ojs48v3n42tp.cloudfront.net/personnels/401023_23-6-2022_17-8-47.jpeg,pediatrician,2025-06-15 02:25:30
"dr. Cut Badriah, Sp.A",Sp. Anak,RSIA Sammarie Basra,"Duren Sawit, Jakarta Timur",,pediatrician,2025-06-15 02:25:30
dr. Cynthia Rindang Kusumaningtyas Sp.A,Sp. Anak,RS Pondok Indah - Puri Indah,"Kembangan, Jakarta Barat",,pediatrician,2025-06-15 02:25:30
Dr. Cynthia Rindang Kusumaningtyas Sp. A,Sp. Anak,RS Pondok Indah - Puri Indah,"Kembangan, Jakarta Barat",,pediatrician,2025-06-15 02:25:30
Dr. Cynthia Rindang Kusumaningtyas SP A,Sp. Anak,RS Pondok Indah - Puri Indah,"Kembangan, Jakarta Barat",,pediatrician,2025-06-15 02:25:30
"dr. Cynthia Rindang Kusumaningtyas, Sp. A.",Sp. Anak,RS Pondok Indah - Puri Indah,"Kembangan, Jakarta Barat",,pediatrician,2025-06-15 02:25:30
dr. DESSY SHINTA MURTY Sp.A,Sp. Anak,RS Universitas Islam Indonesia,"Pandak, Kabupaten Bantul",,pediatrician,2025-06-15 02:25:30
"DR. HANDARMI SOSIAWAN, SP.A",Sp. Anak,RS Meilia,"Cimanggis, Depok",,pediatrician,2025-06-15 02:25:30
dr. DWI HARYADI Sp.A,Sp. Anak,RSIA dr. Djoko Pramono,"Karawang Barat, Kabupaten Karawang",,pediatrician,2025-06-15 02:25:32
dr. DWI HARYADI Sp.A,Sp. Anak,RSIA dr. Djoko Pramono,"Karawang Barat, Kabupaten Karawang",,pediatrician,2025-06-15 02:25:32
"dr. Damar Prasetya Ajie Putra, Sp.A , M.Sc",Sp. Anak,RS Mitra Keluarga Kemayoran,"Kemayoran, Jakarta Pusat",https://d1ojs48v3n42tp.cloudfront.net/personnels/544080_13-12-2022_16-14-7.png,pediatrician,2025-06-15 02:25:32
dr. Darma Yudha Hadianti Sp.A,Sp. Anak,National Hospital,"Wiyung, Kota Surabaya",,pediatrician,2025-06-15 02:25:32
dr. Darma Yudha Hostiadi Sp A,Sp. Anak,National Hospital,"Wiyung, Kota Surabaya",,pediatrician,2025-06-15 02:25:32
"dr. Darma Yudha Hostiadi, Sp.A",Sp. Anak,RS Mitra Keluarga Surabaya,"Sukomanunggal, Kota Surabaya",https://d1ojs48v3n42tp.cloudfront.net/personnels/242367_14-12-2022_14-2-5.jpeg,pediatrician,2025-06-15 02:25:32
Dr. Dasman Sp.A,Sp. Anak,Tzu Chi Hospital,"Penjaringan, Jakarta Utara",,pediatrician,2025-06-15 02:25:32
dr. Dasman Sp.A,Sp. Anak,RSKIA Eka Family,"Penjaringan, Jakarta Utara",,pediatrician,2025-06-15 02:25:32
dr. Datu B. Irawaty Tambing Sp.A.,Sp. Anak,RS Mitra Keluarga Bintaro,"Pondok Aren, Tangerang Selatan",,pediatrician,2025-06-15 02:25:32
"dr. Daulika Yusna, Sp.A",Sp. Anak,Mayapada Hospital Kuningan,"Setiabudi, Jakarta Selatan",https://d1ojs48v3n42tp.cloudfront.net/personnels/488735_24-6-2022_17-2-16.jpeg,pediatrician,2025-06-15 02:25:32
"dr. Dave Anderson, Sp.A",Sp. Anak,Siloam Hospitals Sentosa Bekasi,"Bekasi Timur, Bekasi",https://d1ojs48v3n42tp.cloudfront.net/personnels/344580_11-7-2022_17-16-43.png,pediatrician,2025-06-15 02:25:35
"dr. David Soeliongan Waworuntu, Sp.A (K)",Sp. Anak,Siloam Hospitals Manado,"Wenang, Kota Manado",,pediatrician,2025-06-15 02:25:35
"dr. Deasy Fiasry, Sp.A",Sp. Anak,Mayapada Hospital Surabaya,"Sawahan, Kota Surabaya",,pediatrician,2025-06-15 02:25:35
"dr. Debora Pratita Acchedya Buntoro, Sp.A",Sp. Anak,Siloam Hospitals Jember,"Kaliwates, Kabupaten Jember",https://d1ojs48v3n42tp.cloudfront.net/personnels/508559_28-3-2023_19-53-16.jpeg,pediatrician,2025-06-15 02:25:35
"dr. Debora, Sp.A",Sp. Anak,RS Mitra Keluarga Kalideres,"Kalideres, Jakarta Barat",https://d1ojs48v3n42tp.cloudfront.net/personnels/504269_14-12-2022_16-38-37.jpeg,pediatrician,2025-06-15 02:25:35
"dr. Dedy Rahmat , Sp.A (K)",Sp. Anak,RS Mitra Keluarga Bekasi,"Bekasi Selatan, Bekasi",https://d1ojs48v3n42tp.cloudfront.net/personnels/39158_17-4-2025_14-1-14.png,pediatrician,2025-06-15 02:25:35
"dr. Denny Sujatno, Sp.A",Sp. Anak,RS Mitra Keluarga Surabaya,"Sukomanunggal, Kota Surabaya",https://d1ojs48v3n42tp.cloudfront.net/personnels/202913_14-12-2022_17-4-39.png,pediatrician,2025-06-15 02:25:35
"dr. Desak Gede Arie Yudhantari, Sp.A",Sp. Anak,Siloam Hospitals Bogor,"Bogor Tengah, Bogor",https://d1ojs48v3n42tp.cloudfront.net/personnels/656736_29-11-2022_15-53-17.png,pediatrician,2025-06-15 02:25:35
"dr. Desak Made Widiastiti, Sp.A",Sp. Anak,Siloam Hospitals Mampang,"Pancoran, Jakarta Selatan",https://d1ojs48v3n42tp.cloudfront.net/personnels/556944_16-6-2022_13-52-9.jpeg,pediatrician,2025-06-15 02:25:35
"dr. Desi Primayani, Sp.A",Sp. Anak,Siloam Hospitals Jambi,"Jambi Selatan, Kota Jambi",https://d1ojs48v3n42tp.cloudfront.net/personnels/12453_14-6-2022_16-53-27.jpeg,pediatrician,2025-06-15 02:25:35
"dr. Dessy Afrianty, Sp.A",Sp. Anak,RS Mitra Keluarga Cibubur,"Jatisampurna, Bekasi",https://d1ojs48v3n42tp.cloudfront.net/personnels/561046_4-4-2022_13-56-0.jpeg,pediatrician,2025-06-15 02:25:38
"dr. Dessy Gloria, Sp.A",Sp. Anak,RS Mitra Keluarga Pratama Jatiasih,"Jatiasih, Bekasi",https://d1ojs48v3n42tp.cloudfront.net/personnels/97951_13-12-2022_16-49-56.jpeg,pediatrician,2025-06-15 02:25:38
"dr. Devina Marchita Inge Santoso, Sp.A",Sp. Anak,Siloam Hospitals Jember,"Kaliwates, Kabupaten Jember",https://d1ojs48v3n42tp.cloudfront.net/personnels/49452_28-3-2023_19-52-38.jpeg,pediatrician,2025-06-15 02:25:38
Dr. Dewi A. Wisnumurti Sp. A,Sp. Anak,RS Awal Bros Pekanbaru,"Bukit Raya, Kota Pekanbaru",,pediatrician,2025-06-15 02:25:38
dr. Dewi Amira Sari Sp.A,Sp. Anak,RSIA Bunda Suryatni,"Tanah Sareal, Bogor",,pediatrician,2025-06-15 02:25:38
"dr. Dewi Andini Putri , Sp.A",Sp. Anak,RS Mitra Keluarga Kalideres,"Kalideres, Jakarta Barat",https://d1ojs48v3n42tp.cloudfront.net/personnels/300855_24-7-2024_14-19-1.jpeg,pediatrician,2025-06-15 02:25:38
dr. Dewi Hawani Adiwar Sp.A (K),Sp. Anak,RS Santo Borromeus,"Coblong, Kota Bandung",,pediatrician,2025-06-15 02:25:38
dr. Dhani P.S.W Sp.A.,Sp. Anak,RS Mitra Keluarga Tegal,"Tegal Barat, Kota Tegal",,pediatrician,2025-06-15 02:25:38
"dr. Dhani Poerbo S. Widodo, Sp.A",Sp. Anak,RS Mitra Keluarga Tegal,"Tegal Barat, Kota Tegal",https://d1ojs48v3n42tp.cloudfront.net/personnels/706976_13-12-2022_16-55-37.png,pediatrician,2025-06-15 02:25:38
"dr. Dian Purnama Sari, Sp.A",Sp. Anak,Siloam Hospitals Labuan Bajo,"Komodo, Kabupaten Manggarai Barat",https://d1ojs48v3n42tp.cloudfront.net/personnels/424152_15-6-2021_15-49-17.png,pediatrician,2025-06-15 02:25:38
"dr. Dicky Pribadi, Sp.A",Sp. Anak,RS Mitra Keluarga Depok,"Pancoran Mas, Depok",,pediatrician,2025-06-15 02:25:40
"dr. Dicky Pribadi, Sp.A",Sp. Anak,RS Mitra Keluarga Depok,"Pancoran Mas, Depok",,pediatrician,2025-06-15 02:25:40
"dr. Dicky Pribadi, Sp.A, M.Kes",Sp. Anak,RS Mitra Keluarga Depok,"Pancoran Mas, Depok",https://d1ojs48v3n42tp.cloudfront.net/personnels/750399_14-12-2022_13-57-45.jpeg,pediatrician,2025-06-15 02:25:40
dr. Dimas Dwi Saputro Sp.A,Sp. Anak,RS Harapan Bunda Jakarta,"Ciracas, Jakarta Timur",,pediatrician,2025-06-15 02:25:40
"dr. Dina Garniasih, Sp.A (K)",Sp. Anak,Siloam Hospitals Lippo Village,"Kelapa Dua, Kabupaten Tangerang",https://d1ojs48v3n42tp.cloudfront.net/personnels/623512_23-6-2022_15-12-26.jpeg,pediatrician,2025-06-15 02:25:40
"dr. Dina Lyfia, Sp.A",Sp. Anak,Siloam Hospitals Dhirga Surya Medan,"Medan Petisah, Kota Medan",https://d1ojs48v3n42tp.cloudfront.net/personnels/10799_23-5-2022_11-57-13.jpeg,pediatrician,2025-06-15 02:25:40
"dr. Doortje Emma Anna Kaligis, Sp.A",Sp. Anak,RS Advent Bandung,"Coblong, Kota Bandung",,pediatrician,2025-06-15 02:25:40
Dr Erman Sp A,Sp. Anak,Mayapada Hospital Bandung,"Bandung Kidul, Kota Bandung",,pediatrician,2025-06-15 02:25:40
Dr Ian S Suteja M.Med Sc Sp A,Sp. Anak,Tzu Chi Hospital,"Penjaringan, Jakarta Utara",,pediatrician,2025-06-15 02:25:40
"Dr Suzy Irawati Sjahid, dr., Msc., Sp.A",Sp. Anak,RSIA Limijati,"Bandung Wetan, Kota Bandung",,pediatrician,2025-06-15 02:25:40
Dr. Dhyniek Nurul F.L.A,Sp. Anak,RS Betha Medika,"Cisaat, Kabupaten Sukabumi",,pediatrician,2025-06-15 02:25:43
Dr. Dhyniek Nurul F.L.A,Sp. Anak,RS Betha Medika,"Cisaat, Kabupaten Sukabumi",,pediatrician,2025-06-15 02:25:43
Dr. Johannus Edwin,Sp. Anak,Alia Hospital Jakarta Timur,"Duren Sawit, Jakarta Timur",,pediatrician,2025-06-15 02:25:43
Dr. Johannus Edwin,Sp. Anak,Alia Hospital Jakarta Timur,"Duren Sawit, Jakarta Timur",,pediatrician,2025-06-15 02:25:43
Dr. Johannus Edwin,Sp. Anak,Alia Hospital Jakarta Timur,"Duren Sawit, Jakarta Timur",,pediatrician,2025-06-15 02:25:43
Dr. S. Tumpal Andreas C,Sp. Anak,RS EMC Pekayon,"Bekasi Selatan, Bekasi",,pediatrician,2025-06-15 02:25:43
Dr. Sp. Anak (A. A. A. Putu Indah Pratiwi,Sp. Anak,RS Pondok Indah - Bintaro Jaya,"Pondok Aren, Tangerang Selatan",,pediatrician,2025-06-15 02:25:43
Dr. Sp. Anak (Caessar Pronocitro,Sp. Anak,RS Pondok Indah - Bintaro Jaya,"Pondok Aren, Tangerang Selatan",,pediatrician,2025-06-15 02:25:43
Dr. Sp. Anak (Caessar Pronocitro,Sp. Anak,RS Pondok Indah - Bintaro Jaya,"Pondok Aren, Tangerang Selatan",,pediatrician,2025-06-15 02:25:43
Dr. Sp. Anak (Cynthia Rindang Kusumaningtyas,Sp. Anak,RS Pondok Indah - Puri Indah,"Kembangan, Jakarta Barat",,pediatrician,2025-06-15 02:25:43
Dr. Sp. Anak (Cynthia Rindang Kusumaningtyas,Sp. Anak,RS Pondok Indah - Puri Indah,"Kembangan, Jakarta Barat",,pediatrician,2025-06-15 02:25:45
Dr. Sp. Anak (Cynthia Rindang Kusumaningtyas,Sp. Anak,RS Pondok Indah - Puri Indah,"Kembangan, Jakarta Barat",,pediatrician,2025-06-15 02:25:45
Dr. Sp. Anak (George Mogi dr. Sp. A),Sp. Anak,RS Pondok Indah - Puri Indah,"Kembangan, Jakarta Barat",,pediatrician,2025-06-15 02:25:45
Dr. Sp. Anak (George Mogi dr. Sp. A),Sp. Anak,RS Pondok Indah - Puri Indah,"Kembangan, Jakarta Barat",,pediatrician,2025-06-15 02:25:45
Dr. Sp. Anak (Robert Soetandio,Sp. Anak,RS Pondok Indah - Bintaro Jaya,"Pondok Aren, Tangerang Selatan",,pediatrician,2025-06-15 02:25:45
Dr. SpA,Sp. Anak,RS Puri Cinere,"Cinere, Depok",,pediatrician,2025-06-15 02:25:45
Dr. SpAnak,Sp. Anak,RS Citama,"Bojonggede, Kabupaten Bogor",,pediatrician,2025-06-15 02:25:45
Dr. SpAnak,Sp. Anak,RS Citama,"Bojonggede, Kabupaten Bogor",,pediatrician,2025-06-15 02:25:45
Dr. Spesialis Anak,Sp. Anak,RS Mitra Family,"Telukjambe Timur, Kabupaten Karawang",,pediatrician,2025-06-15 02:25:45
"dr. Dwi Ambar Prihatining U, Sp. A","Sp. Anak, Sp. Anak (Alergi-Imunologi Anak)",RS Bina Husada,"Cibinong, Kabupaten Bogor",https://d1ojs48v3n42tp.cloudfront.net/personnels/643368_8-7-2024_12-43-44.jpeg,pediatrician,2025-06-15 02:25:45
dr. Dwi Anik Sp. A,Sp. Anak,RSU Islam Harapan Anda Tegal,"Tegal Selatan, Kota Tegal",,pediatrician,2025-06-15 02:25:48
"dr. Dwi Fiona, M.Sc., Sp.A",Sp. Anak,Siloam Hospitals Bekasi Sepanjang Jaya,"Rawalumbu, Bekasi",https://d1ojs48v3n42tp.cloudfront.net/personnels/355966_1-11-2022_12-6-53.jpeg,pediatrician,2025-06-15 02:25:48
dr. Dwi Haryadi Sp.A,Sp. Anak,RSIA dr. Djoko Pramono,"Karawang Barat, Kabupaten Karawang",,pediatrician,2025-06-15 02:25:48
"dr. Dwi Haryadi, Sp.A M.Kes",Sp. Anak,RS Permata Keluarga Karawang,"Telukjambe Timur, Kabupaten Karawang",,pediatrician,2025-06-15 02:25:48
"dr. Dwi Indrayati, Sp.A",Sp. Anak,RS Pertamina Cilacap,"Cilacap Selatan, Kabupaten Cilacap",,pediatrician,2025-06-15 02:25:48
"dr. Dwiyanti Puspitasari, Sp.A (K), DTM&H, MCTM",Sp. Anak,Siloam Hospitals Surabaya,"Gubeng, Kota Surabaya",https://d1ojs48v3n42tp.cloudfront.net/personnels/9762_22-12-2022_17-27-27.png,pediatrician,2025-06-15 02:25:48
dr. Dyah Ayu Amelia Sp.A,Sp. Anak,RSU Islam Harapan Anda Tegal,"Tegal Selatan, Kota Tegal",,pediatrician,2025-06-15 02:25:48
"dr. E. Sukoworung, Sp.A. dr",Sp. Anak,Santosa Hospital Bandung Kopo,"Babakanciparay, Kota Bandung",,pediatrician,2025-06-15 02:25:48
"dr. Eka Nurfitri, Sp.A",Sp. Anak,Mayapada Hospital Jakarta Selatan,"Cilandak, Jakarta Selatan",https://d1ojs48v3n42tp.cloudfront.net/personnels/755779_9-12-2022_16-47-52.jpeg,pediatrician,2025-06-15 02:25:48
"dr. Ekawaty Yasinta Yohana Larope, Sp.A (K)",Sp. Anak,Siloam Hospitals Lippo Village,"Kelapa Dua, Kabupaten Tangerang",https://d1ojs48v3n42tp.cloudfront.net/personnels/133421_24-3-2022_16-7-44.png,pediatrician,2025-06-15 02:25:48
dr. Eko Kristanto Kunta Adjie Sp.A.,Sp. Anak,RS Mitra Keluarga Kelapa Gading,"Kelapa Gading, Jakarta Utara",,pediatrician,2025-06-15 02:25:50
"dr. Eko Kristanto, Sp.A",Sp. Anak,RS Mitra Keluarga Kelapa Gading,"Kelapa Gading, Jakarta Utara",https://d1ojs48v3n42tp.cloudfront.net/personnels/526703_21-12-2022_14-15-35.jpeg,pediatrician,2025-06-15 02:25:50
"dr. Elda Khalida, Sp.A M.Kes",Sp. Anak,RSU San Medical Center,"Cikampek, Kabupaten Karawang",,pediatrician,2025-06-15 02:25:50
"dr. Elda Khalida, SpA MKes",Sp. Anak,RSU San Medical Center,"Cikampek, Kabupaten Karawang",,pediatrician,2025-06-15 02:25:50
"dr. Elda Khalida, SpA MKes",Sp. Anak,RSU San Medical Center,"Cikampek, Kabupaten Karawang",,pediatrician,2025-06-15 02:25:50
dr. Elfridea Simatupang Sp.A,Sp. Anak,RSIA Santo Yusuf,"Tanjung Priok, Jakarta Utara",,pediatrician,2025-06-15 02:25:50
"dr. Elitua Pangaribuan, SpA",Sp. Anak,RS Imanuel Way Halim,"Sukarame, Kota Bandar Lampung",,pediatrician,2025-06-15 02:25:50
Dr. Elsa Maimon Sp. A,Sp. Anak,RSUD Dr. Kanujoso Djatiwibowo - Balikpapan,"Balikpapan Utara, Kota Balikpapan",,pediatrician,2025-06-15 02:25:50
"dr. Elvie C. Sangian, Sp.A",Sp. Anak,Siloam Hospitals Lippo Village,"Kelapa Dua, Kabupaten Tangerang",https://d1ojs48v3n42tp.cloudfront.net/personnels/334146_24-3-2022_16-9-2.jpeg,pediatrician,2025-06-15 02:25:50
"dr. Elvieta Allamanda, SpA MSc",Sp. Anak,Siloam Hospitals Sriwijaya Palembang,"Ilir Barat I, Kota Palembang",,pediatrician,2025-06-15 02:25:50
"dr. Esther Swanni Idajanti Witono, Sp.A",Sp. Anak,Siloam Hospitals Surabaya,"Gubeng, Kota Surabaya",https://d1ojs48v3n42tp.cloudfront.net/personnels/600947_22-12-2022_17-58-31.png,pediatrician,2025-06-15 02:25:55
Dr. Eva Jeumpa Soelaeman Sp.A (K),Sp. Anak,Mayapada Hospital Jakarta Selatan,"Cilandak, Jakarta Selatan",,pediatrician,2025-06-15 02:25:55
"dr. Eva Jeumpa Soelaeman, Sp.A",Sp. Anak,Mayapada Hospital Kuningan,"Setiabudi, Jakarta Selatan",https://d1ojs48v3n42tp.cloudfront.net/personnels/102041_27-6-2022_11-27-21.jpeg,pediatrician,2025-06-15 02:25:55
"Dr. dr. Eva Miranda Marwali, Sp.A (K)",Sp. Anak,Siloam Hospitals Kebon Jeruk,"Kebon Jeruk, Jakarta Barat",https://d1ojs48v3n42tp.cloudfront.net/personnels/867427_2-11-2022_9-38-17.jpeg,pediatrician,2025-06-15 02:25:55
"dr. Evi Silviana, Sp.A",Sp. Anak,Siloam Hospitals Silampari (Lubuk Linggau),"Lubuk Linggau Timur I, Kota Lubuk Linggau",https://d1ojs48v3n42tp.cloudfront.net/personnels/242638_2-7-2022_19-29-13.jpeg,pediatrician,2025-06-15 02:25:55
"dr Fadhilah Tia Nur, SpA",Sp. Anak,Klinik Utama Kasih Ibu Sehati,"Laweyan, Kota Surakarta",,pediatrician,2025-06-15 02:25:55
dr. Fadjar Ariwibowo Sp.A,Sp. Anak,RS Delta Surya,"Sidoarjo, Kabupaten Sidoarjo",,pediatrician,2025-06-15 02:25:55
dr. Fahrul W Arbi Sp.A MARS,Sp. Anak,RS Budi Kemuliaan,"Gambir, Jakarta Pusat",,pediatrician,2025-06-15 02:25:55
"dr. Faizah Nur Idris, Sp.A",Sp. Anak,Siloam Hospitals Lippo Village,"Kelapa Dua, Kabupaten Tangerang",https://d1ojs48v3n42tp.cloudfront.net/personnels/535637_24-3-2022_16-11-31.jpeg,pediatrician,2025-06-15 02:25:55
"dr. Fedriansyah, Sp.A",Sp. Anak,RSIA Restu Bunda,"Teluk Betung Selatan, Kota Bandar Lampung",,pediatrician,2025-06-15 02:25:55
dr. Felix Candra Sutanto Sp.A,Sp. Anak,Eka Hospital Bekasi,"Tarumajaya, Kabupaten Bekasi",,pediatrician,2025-06-15 02:25:58
dr. Felix Candra Sutanto Sp.A,Sp. Anak,Eka Hospital Bekasi,"Tarumajaya, Kabupaten Bekasi",,pediatrician,2025-06-15 02:25:58
"dr. Felliyani, Sp.A",Sp. Anak,Mayapada Hospital Bogor,"Bogor Timur, Bogor",https://d1ojs48v3n42tp.cloudfront.net/personnels/349993_13-12-2022_15-47-3.png,pediatrician,2025-06-15 02:25:58
dr. Fenny Tambayong SP. A,Sp. Anak,RSIA Kasih Ibu Manado,"Malalayang, Kota Manado",,pediatrician,2025-06-15 02:25:58
Dr. Filla Reviani Sp. A,Sp. Anak,RSIA Parahyangan,"Padalarang, Kabupaten Bandung Barat",,pediatrician,2025-06-15 02:25:58
dr. Fiska Febriana Windi Sp.A,Sp. Anak,RSIA Bina Medika,"Pondok Aren, Tangerang Selatan",,pediatrician,2025-06-15 02:25:58
dr. Fiska Febriana Windi Sp.A,Sp. Anak,RSIA Bina Medika,"Pondok Aren, Tangerang Selatan",,pediatrician,2025-06-15 02:25:58
"dr. Fita Asfianti Sp.A, M.Kes",Sp. Anak,RS Islam Jakarta Cempaka Putih,"Cempaka Putih, Jakarta Pusat",,pediatrician,2025-06-15 02:25:58
"dr. Fita Asfianti Sp,A M.Kes",Sp. Anak,RS Islam Jakarta Cempaka Putih,"Cempaka Putih, Jakarta Pusat",,pediatrician,2025-06-15 02:25:58
dr. Fitriyani Sp.A,Sp. Anak,RSIA Buah Hati Pamulang,"Pamulang, Tangerang Selatan",,pediatrician,2025-06-15 02:25:58
"dr. Fonny Haosana, Sp.A., M.Kes",Sp. Anak,Siloam Hospitals Makassar,"Ujung Pandang, Kota Makassar",https://d1ojs48v3n42tp.cloudfront.net/personnels/289720_15-6-2022_16-20-14.jpeg,pediatrician,2025-06-15 02:26:00
"dr. Franky Saputra, dr Sp.A",Sp. Anak,RSIA Limijati,"Bandung Wetan, Kota Bandung",,pediatrician,2025-06-15 02:26:00
"dr. Fransisca Handy Barazaini W A, Sp.A",Sp. Anak,Siloam Hospitals Lippo Village,"Kelapa Dua, Kabupaten Tangerang",https://d1ojs48v3n42tp.cloudfront.net/personnels/283560_22-5-2023_13-13-12.jpeg,pediatrician,2025-06-15 02:26:00
"dr. Frengky Susanto, Sp.A",Sp. Anak,RS Mitra Keluarga Cikarang,"Cikarang Utara, Kabupaten Bekasi",https://d1ojs48v3n42tp.cloudfront.net/personnels/799260_4-1-2023_14-29-31.png,pediatrician,2025-06-15 02:26:00
dr. Ganda Ilmana Sp.A,Sp. Anak,Eka Hospital Bekasi,"Tarumajaya, Kabupaten Bekasi",,pediatrician,2025-06-15 02:26:00
"dr. Gani Wangunhardjo, Sp.A",Sp. Anak,RS Mitra Keluarga Kenjeran,"Mulyorejo, Kota Surabaya",https://d1ojs48v3n42tp.cloudfront.net/personnels/870483_14-12-2022_16-42-36.png,pediatrician,2025-06-15 02:26:00
"dr. Gartika Sapartini, Sp.A(K)., M.Kes",Sp. Anak,Mayapada Hospital Bandung,"Bandung Kidul, Kota Bandung",,pediatrician,2025-06-15 02:26:00
"dr. Gary Adhianto, Sp.A",Sp. Anak,Siloam Hospitals Denpasar,"Kuta, Kabupaten Badung",https://d1ojs48v3n42tp.cloudfront.net/personnels/570283_30-12-2022_9-39-30.png,pediatrician,2025-06-15 02:26:00
dr. Gebyar Sp.A,Sp. Anak,RS Bina Sehat Jember,"Kaliwates, Kabupaten Jember",,pediatrician,2025-06-15 02:26:00
George Mogi dr. Sp. A,Sp. Anak,RS Pondok Indah - Puri Indah,"Kembangan, Jakarta Barat",,pediatrician,2025-06-15 02:26:00
dr Gumiwang Sp.A,Sp. Anak,RS TMC,"Cihideung, Kota Tasikmalaya",,pediatrician,2025-06-15 02:26:03
dr. Gustomo Panantoro Sp.A,Sp. Anak,RS Intan Husada Garut,"Tarogong Kidul, Kabupaten Garut",,pediatrician,2025-06-15 02:26:03
dr. H. Bambang Suyudono Sp.A,Sp. Anak,RS Islam Arafah,"Telanaipura, Kota Jambi",,pediatrician,2025-06-15 02:26:03
dr. H. Fouad Hakem Sp.A,Sp. Anak,RSU Permata Bunda Ciamis,"Ciamis, Kabupaten Ciamis",,pediatrician,2025-06-15 02:26:03
dr. H. Fouad Hakiem Sp.A,Sp. Anak,RSU Permata Bunda Ciamis,"Ciamis, Kabupaten Ciamis",,pediatrician,2025-06-15 02:26:03
dr. H. RR Danis Widasthi Sp.A,Sp. Anak,RS Dewi Sri,"Karawang Barat, Kabupaten Karawang",,pediatrician,2025-06-15 02:26:03
dr. H. RR Danis Widiastuti Sp.A,Sp. Anak,RS Dewi Sri,"Karawang Barat, Kabupaten Karawang",,pediatrician,2025-06-15 02:26:03
"dr. H. Trimulyo, Sp.A",Sp. Anak,RS Mitra Keluarga Tegal,"Tegal Barat, Kota Tegal",https://d1ojs48v3n42tp.cloudfront.net/personnels/259547_14-12-2022_15-59-42.jpeg,pediatrician,2025-06-15 02:26:03
"dr. Hadi Suprodjo, Sp.A",Sp. Anak,RS Karya Bhakti Pratiwi,"Dramaga, Kabupaten Bogor",,pediatrician,2025-06-15 02:26:03
"dr. Hadining Setiawati Iksan, SpA",Sp. Anak,Mayapada Hospital Bogor,"Bogor Timur, Bogor",https://d1ojs48v3n42tp.cloudfront.net/personnels/851110_13-12-2022_13-54-52.jpeg,pediatrician,2025-06-15 02:26:03
dr. Handoko Lowis Sp.A,Sp. Anak,RSKIA Eka Family,"Penjaringan, Jakarta Utara",,pediatrician,2025-06-15 02:26:05
"dr. Harun Wijaya, Sp.A",Sp. Anak,Siloam Hospitals TB Simatupang,"Cilandak, Jakarta Selatan",https://d1ojs48v3n42tp.cloudfront.net/personnels/744819_24-6-2022_18-1-41.jpeg,pediatrician,2025-06-15 02:26:05
dr. Hendra Hibrata Sp. A,Sp. Anak,RS Ananda Bekasi,"Medan Satria, Bekasi",,pediatrician,2025-06-15 02:26:05
"Hendra Widjaja, Sp. A dr.",Sp. Anak,Ciputra Hospital Citra Raya Tangerang,"Panongan, Kabupaten Tangerang",,pediatrician,2025-06-15 02:26:05
"dr. Henni Wahyu Triyuniati, Sp.A",Sp. Anak,RSIA Bina Medika,"Pondok Aren, Tangerang Selatan",,pediatrician,2025-06-15 02:26:05
"dr. Herlina Sp.A, CIMI",Sp. Anak,RSKIA Eka Grand Family,"Penjaringan, Jakarta Utara",,pediatrician,2025-06-15 02:26:05
"dr. Herlina, Sp.A",Sp. Anak,Mayapada Hospital Jakarta Selatan,"Cilandak, Jakarta Selatan",https://d1ojs48v3n42tp.cloudfront.net/personnels/889675_24-6-2022_11-9-20.jpeg,pediatrician,2025-06-15 02:26:05
"dr. Herwanto, Sp.A",Sp. Anak,RS Mitra Keluarga Kalideres,"Kalideres, Jakarta Barat",https://d1ojs48v3n42tp.cloudfront.net/personnels/539011_14-12-2022_14-6-59.png,pediatrician,2025-06-15 02:26:05
dr. Hj. RR Danis Widiastuti Sp.A,Sp. Anak,RS Dewi Sri,"Karawang Barat, Kabupaten Karawang",,pediatrician,2025-06-15 02:26:05
dr. Hj. T. Erna Lisma Sp.A,Sp. Anak,RSIA Stella Maris,"Medan Maimun, Kota Medan",,pediatrician,2025-06-15 02:26:05
dr. I Dewa Ayu Agung Shinta Kamaya Sp.A (K).,Sp. Anak,RS Mitra Keluarga Waru,"Waru, Kabupaten Sidoarjo",https://d1ojs48v3n42tp.cloudfront.net/personnels/823763_16-4-2025_11-21-49.png,pediatrician,2025-06-15 02:26:08
"dr. I Dewa Ayu Agung Sridharaswari, Sp.A",Sp. Anak,RS Mitra Keluarga Kenjeran,"Mulyorejo, Kota Surabaya",https://d1ojs48v3n42tp.cloudfront.net/personnels/388906_20-7-2022_16-43-59.png,pediatrician,2025-06-15 02:26:08
"dr. I Gusti Ngurah Twi Adnyana, Sp.A",Sp. Anak,Siloam Hospitals Denpasar,"Kuta, Kabupaten Badung",https://d1ojs48v3n42tp.cloudfront.net/personnels/435063_1-11-2022_16-40-53.jpeg,pediatrician,2025-06-15 02:26:08
"dr. I Ketut Adi Wirawan, Sp.A., Msc",Sp. Anak,Siloam Hospitals Mataram,"Mataram, Kota Mataram",https://d1ojs48v3n42tp.cloudfront.net/personnels/200927_24-3-2023_13-4-35.jpeg,pediatrician,2025-06-15 02:26:08
"dr. I Ketut Alit Utamayasa, Sp.A (K)",Sp. Anak,Siloam Hospitals Surabaya,"Gubeng, Kota Surabaya",https://d1ojs48v3n42tp.cloudfront.net/personnels/99203_18-9-2020_12-21-53.png,pediatrician,2025-06-15 02:26:08
"dr. I Made Indra Waspada, Sp.A",Sp. Anak,Siloam Hospitals ASRI,"Pancoran, Jakarta Selatan",https://d1ojs48v3n42tp.cloudfront.net/personnels/740147_24-3-2021_19-26-26.png,pediatrician,2025-06-15 02:26:08
"dr. I Nyoman Budastra, Sp.A",Sp. Anak,Siloam Hospitals Mataram,"Mataram, Kota Mataram",https://d1ojs48v3n42tp.cloudfront.net/personnels/49253_24-3-2023_13-43-34.jpeg,pediatrician,2025-06-15 02:26:08
"dr I Nyoman Sudatmika, SpA.",Sp. Anak,RS Kharitas Bhakti Pontianak,"Pontianak Selatan, Kota Pontianak",,pediatrician,2025-06-15 02:26:08
"dr. I Wayan Andrew, H, Sp.A MMRS",Sp. Anak,RSIA Santo Yusuf,"Tanjung Priok, Jakarta Utara",,pediatrician,2025-06-15 02:26:08
"dr. I Wayan Andrew, H., Sp.A M.Kes",Sp. Anak,RSIA Santo Yusuf,"Tanjung Priok, Jakarta Utara",,pediatrician,2025-06-15 02:26:08
"dr. I Wayan Andrew. H, Sp.A MMRS",Sp. Anak,RSIA Santo Yusuf,"Tanjung Priok, Jakarta Utara",,pediatrician,2025-06-15 02:26:11
"Dr. I Wayan Gustawan, MSc Sp.A (K)",Sp. Anak,Bali Royal Hospital,"Denpasar Timur, Kota Denpasar",,pediatrician,2025-06-15 02:26:11
"dr. Ida Sulistiawati, dr. Sp.A",Sp. Anak,RS Masmitra,"Pondok Gede, Bekasi",,pediatrician,2025-06-15 02:26:11
"dr. Ifo Faujiah Sihite, Sp.A",Sp. Anak,Siloam Hospitals Jambi,"Jambi Selatan, Kota Jambi",https://d1ojs48v3n42tp.cloudfront.net/personnels/514334_14-6-2022_16-42-2.jpeg,pediatrician,2025-06-15 02:26:11
"dr. Ifo Fauziah Sihite, M.Ked (Ped) SpA",Sp. Anak,Siloam Hospitals Jambi,"Jambi Selatan, Kota Jambi",,pediatrician,2025-06-15 02:26:11
"dr. Ilham Bondan Pramudiawan, Sp.A",Sp. Anak,Siloam Hospitals Putera Bahagia Cirebon,"Harjamukti, Kota Cirebon",https://d1ojs48v3n42tp.cloudfront.net/personnels/500925_1-11-2022_8-24-32.jpeg,pediatrician,2025-06-15 02:26:11
dr. Imelda Pingkan Monjaga Sp.A,Sp. Anak,RSIA Santo Yusuf,"Tanjung Priok, Jakarta Utara",,pediatrician,2025-06-15 02:26:11
"dr. Imelda, Sp.A",Sp. Anak,RS Mitra Keluarga Waru,"Waru, Kabupaten Sidoarjo",https://d1ojs48v3n42tp.cloudfront.net/personnels/215625_13-12-2022_17-19-29.png,pediatrician,2025-06-15 02:26:11
"Dr. dr. Ina Rosalina, Sp.A (K), M.Kes., MH.Kes",Sp. Anak,RS Melinda 2,"Cicendo, Kota Bandung",,pediatrician,2025-06-15 02:26:11
"dr. Ina Rosalina, sp.A (K)",Sp. Anak,Mayapada Hospital Bandung,"Bandung Kidul, Kota Bandung",,pediatrician,2025-06-15 02:26:11
"dr. Indra, M.Kes, Sp.A",Sp. Anak,RS Mitra Keluarga Gading Serpong,"Pagedangan, Kabupaten Tangerang",https://d1ojs48v3n42tp.cloudfront.net/personnels/495514_11-4-2022_11-3-48.jpeg,pediatrician,2025-06-15 02:26:13
dr Indravady. Sp A (K),Sp. Anak,RSIA Az-Zahra,"Kalidoni, Kota Palembang",,pediatrician,2025-06-15 02:26:13
dr. Intan Robiah Sp.A,Sp. Anak,RSIA Santo Yusuf,"Tanjung Priok, Jakarta Utara",,pediatrician,2025-06-15 02:26:13
dr. Intan Robiah Sp.A,Sp. Anak,RSIA Santo Yusuf,"Tanjung Priok, Jakarta Utara",,pediatrician,2025-06-15 02:26:13
"dr. Irene Aurelia Santoso , Sp.A",Sp. Anak,RS Mitra Keluarga Kenjeran,"Mulyorejo, Kota Surabaya",https://d1ojs48v3n42tp.cloudfront.net/personnels/480848_22-7-2024_15-1-16.jpeg,pediatrician,2025-06-15 02:26:13
dr. Irene Melinda Louis Sp A,Sp. Anak,RSKIA Eka Grand Family,"Penjaringan, Jakarta Utara",,pediatrician,2025-06-15 02:26:13
"dr. Irene, M.Sc., Sp.A",Sp. Anak,Siloam Hospitals Denpasar,"Kuta, Kabupaten Badung",https://d1ojs48v3n42tp.cloudfront.net/personnels/2224_1-11-2022_16-54-7.jpeg,pediatrician,2025-06-15 02:26:13
"dr. Irman Permana, Sp.A (K)",Sp. Anak,Siloam Hospitals Putera Bahagia Cirebon,"Harjamukti, Kota Cirebon",https://d1ojs48v3n42tp.cloudfront.net/personnels/567096_27-3-2023_19-16-21.jpeg,pediatrician,2025-06-15 02:26:13
"dr. Irna Chandra, Sp.A",Sp. Anak,Siloam Hospitals Bangka,"Pangkalan Baru,  Kabupaten Bangka Tengah",https://d1ojs48v3n42tp.cloudfront.net/personnels/471635_30-6-2022_14-49-39.jpeg,pediatrician,2025-06-15 02:26:13
"dr. Irvan Auwriadharma, Sp.A",Sp. Anak,Siloam Hospitals Makassar,"Ujung Pandang, Kota Makassar",https://d1ojs48v3n42tp.cloudfront.net/personnels/33014_21-9-2020_12-23-28.png,pediatrician,2025-06-15 02:26:13
"dr. Irwan Effendi, Sp.A., M.Biomed",Sp. Anak,Siloam Hospitals Sriwijaya Palembang,"Ilir Barat I, Kota Palembang",https://d1ojs48v3n42tp.cloudfront.net/personnels/759038_26-12-2022_14-43-30.jpeg,pediatrician,2025-06-15 02:26:16
"dr. Irwanto Husada, Sp.A",Sp. Anak,RS Mitra Keluarga Bekasi,"Bekasi Selatan, Bekasi",https://d1ojs48v3n42tp.cloudfront.net/personnels/670474_13-12-2022_17-12-14.jpeg,pediatrician,2025-06-15 02:26:16
"dr. Isabella Riandani, Sp.A",Sp. Anak,RS Mitra Keluarga Kelapa Gading,"Kelapa Gading, Jakarta Utara",https://d1ojs48v3n42tp.cloudfront.net/personnels/596394_11-4-2022_11-50-49.png,pediatrician,2025-06-15 02:26:16
dr. Isabella Rinandi Sp.A M.Kes.,Sp. Anak,RS Mitra Keluarga Kelapa Gading,"Kelapa Gading, Jakarta Utara",,pediatrician,2025-06-15 02:26:16
dr Ismail Sanadji Sp. A,Sp. Anak,RS Jati Sampurna,"Jatisampurna, Bekasi",,pediatrician,2025-06-15 02:26:16
dr Ismail Sangadji Sp. A,Sp. Anak,RS Jati Sampurna,"Jatisampurna, Bekasi",,pediatrician,2025-06-15 02:26:16
"dr. Isman Jafar , Sp.A(K)",Sp. Anak,RS Mitra Keluarga Bekasi,"Bekasi Selatan, Bekasi",https://d1ojs48v3n42tp.cloudfront.net/personnels/704891_17-4-2025_13-45-18.png,pediatrician,2025-06-15 02:26:16
dr. Isman Jafar Sp.A (K).,Sp. Anak,RS Mitra Keluarga Bekasi,"Bekasi Selatan, Bekasi",,pediatrician,2025-06-15 02:26:16
"dr. Isvarani Devana Irawan, Sp.A",Sp. Anak,Siloam Hospitals Kelapa Dua,"Kelapa Dua, Kabupaten Tangerang",https://d1ojs48v3n42tp.cloudfront.net/personnels/289651_29-11-2022_16-10-13.jpeg,pediatrician,2025-06-15 02:26:16
"dr. Ivena Susanti, Sp.A",Sp. Anak,Mayapada Hospital Jakarta Selatan,"Cilandak, Jakarta Selatan",https://d1ojs48v3n42tp.cloudfront.net/personnels/334284_24-6-2022_11-24-26.jpeg,pediatrician,2025-06-15 02:26:16
dr. Janaka Prambudi Sp.A,Sp. Anak,Eka Hospital Bekasi,"Tarumajaya, Kabupaten Bekasi",,pediatrician,2025-06-15 02:26:18
dr. Jeanne Vidamy Gunawan Sp.A,Sp. Anak,RS Mitra Keluarga Kelapa Gading,"Kelapa Gading, Jakarta Utara",,pediatrician,2025-06-15 02:26:18
"dr. Jeanne Vidianty Gunawan, Sp.A",Sp. Anak,RS Mitra Keluarga Kelapa Gading,"Kelapa Gading, Jakarta Utara",https://d1ojs48v3n42tp.cloudfront.net/personnels/718666_11-4-2022_11-51-4.png,pediatrician,2025-06-15 02:26:18
"dr. Jeffry Senduk, Sp.A",Sp. Anak,Siloam Hospitals Kebon Jeruk,"Kebon Jeruk, Jakarta Barat",https://d1ojs48v3n42tp.cloudfront.net/personnels/659259_18-4-2022_10-14-51.png,pediatrician,2025-06-15 02:26:18
"dr. Jennie Dianita Sutantio, Sp.A",Sp. Anak,Siloam Hospitals Agora,"Cempaka Putih, Jakarta Pusat",https://d1ojs48v3n42tp.cloudfront.net/personnels/527918_21-12-2022_16-7-43.png,pediatrician,2025-06-15 02:26:18
"dr. Jessica Sugiharto, Sp.A",Sp. Anak,Siloam Hospitals TB Simatupang,"Cilandak, Jakarta Selatan",,pediatrician,2025-06-15 02:26:18
"dr. Johan Christian Silaen, M.Ked(Ped) Sp.A",Sp. Anak,RSIA Stella Maris,"Medan Maimun, Kota Medan",,pediatrician,2025-06-15 02:26:18
"dr. Johan Christian Silaen, M.Ked(Ped) Sp.A",Sp. Anak,RSIA Stella Maris,"Medan Maimun, Kota Medan",,pediatrician,2025-06-15 02:26:18
"dr. Johanes Ari Cahyo Prabowo, Sp.A",Sp. Anak,Siloam Hospitals Mampang,"Pancoran, Jakarta Selatan",https://d1ojs48v3n42tp.cloudfront.net/personnels/507349_16-6-2022_13-52-56.jpeg,pediatrician,2025-06-15 02:26:18
Dr. Johannes Harlan Sating Sp. A M.Ked (Ped),Sp. Anak,RSIA Stella Maris,"Medan Maimun, Kota Medan",,pediatrician,2025-06-15 02:26:18
"dr. Johnny Lambert Rompis, Sp.A",Sp. Anak,Siloam Hospitals Manado,"Wenang, Kota Manado",https://d1ojs48v3n42tp.cloudfront.net/personnels/359502_22-12-2022_17-46-23.png,pediatrician,2025-06-15 02:26:22
"dr. Jonardi, Sp.A",Sp. Anak,Siloam Hospitals Kebon Jeruk,"Kebon Jeruk, Jakarta Barat",https://d1ojs48v3n42tp.cloudfront.net/personnels/127764_4-5-2022_14-26-18.jpeg,pediatrician,2025-06-15 02:26:22
"dr. Joy Christy Carol Lengkey, Sp.A",Sp. Anak,Siloam Hospitals Manado,"Wenang, Kota Manado",https://d1ojs48v3n42tp.cloudfront.net/personnels/228508_30-6-2021_16-59-48.png,pediatrician,2025-06-15 02:26:22
dr. Juliana Refanya Labora Sp.A,Sp. Anak,RS Mitra Keluarga Kelapa Gading,"Kelapa Gading, Jakarta Utara",,pediatrician,2025-06-15 02:26:22
"dr. Juliana Refanya Labora, Sp.A",Sp. Anak,RS Mitra Keluarga Kelapa Gading,"Kelapa Gading, Jakarta Utara",https://d1ojs48v3n42tp.cloudfront.net/personnels/139986_14-12-2022_13-44-45.jpeg,pediatrician,2025-06-15 02:26:22
"dr. Juliani, M.Kes, Sp.A (K)",Sp. Anak,Siloam Hospitals Yogyakarta,"Gondokusuman, Kota Yogyakarta",https://d1ojs48v3n42tp.cloudfront.net/personnels/508780_29-11-2022_17-44-2.png,pediatrician,2025-06-15 02:26:22
"dr. Juliawaty Salim, Sp.A",Sp. Anak,RS Mitra Keluarga Kemayoran,"Kemayoran, Jakarta Pusat",https://d1ojs48v3n42tp.cloudfront.net/personnels/733582_14-12-2022_13-53-28.png,pediatrician,2025-06-15 02:26:22
dr. Julius Harwastyo Handito Sp. A,Sp. Anak,RS Mitra Keluarga Pratama Jatiasih,"Jatiasih, Bekasi",,pediatrician,2025-06-15 02:26:22
"dr. Julius Harwastyo Handito, Sp.A",Sp. Anak,RS Mitra Keluarga Grand Wisata,"Tambun Selatan, Kabupaten Bekasi",https://d1ojs48v3n42tp.cloudfront.net/personnels/185682_14-12-2022_14-30-37.png,pediatrician,2025-06-15 02:26:22
dr Julizri Moezahar Sp.A,Sp. Anak,RS Anna Pekayon,"Bekasi Selatan, Bekasi",,pediatrician,2025-06-15 02:26:22
"dr. Krisna Mulasimadhi, Sp.PD",Sp. Anak,Santosa Hospital Bandung Central,"Andir, Kota Bandung",,pediatrician,2025-06-15 02:26:29
"dr. Kristian Wongso Glamto, DTM&H, M.Sc Sp.A",Sp. Anak,Mayapada Hospital Bogor,"Bogor Timur, Bogor",,pediatrician,2025-06-15 02:26:29
"dr. Kurniawan Satria Denta, M.Sc, Sp.A",Sp. Anak,Mayapada Hospital Kuningan,"Setiabudi, Jakarta Selatan",https://d1ojs48v3n42tp.cloudfront.net/personnels/635432_4-4-2023_23-14-42.jpeg,pediatrician,2025-06-15 02:26:29
"dr. Laila Husaini, Sp.A",Sp. Anak,RS Mitra Keluarga Kalideres,"Kalideres, Jakarta Barat",https://d1ojs48v3n42tp.cloudfront.net/personnels/786581_29-3-2022_9-20-27.jpeg,pediatrician,2025-06-15 02:26:29
"dr. Laura Zefira, Sp.A M.Biomed",Sp. Anak,RS Islam Siti Rahmah Padang,"Koto Tangah, Kota Padang",,pediatrician,2025-06-15 02:26:29
dr. Laury Cahyadi Sp.A,Sp. Anak,RS Gading Pluit,"Kelapa Gading, Jakarta Utara",,pediatrician,2025-06-15 02:26:29
dr. Leny Angkawijaya Sp.A,Sp. Anak,Siloam Hospitals Bogor,"Bogor Tengah, Bogor",,pediatrician,2025-06-15 02:26:29
"dr. Leny Angkawijaya, Sp.A",Sp. Anak,Siloam Hospitals Bogor,"Bogor Tengah, Bogor",https://d1ojs48v3n42tp.cloudfront.net/personnels/538216_30-6-2022_16-14-25.jpeg,pediatrician,2025-06-15 02:26:29
"dr. Leonardus Susanto Isman, Sp.A",Sp. Anak,Siloam Hospitals Kebon Jeruk,"Kebon Jeruk, Jakarta Barat",https://d1ojs48v3n42tp.cloudfront.net/personnels/738661_18-4-2022_10-14-23.png,pediatrician,2025-06-15 02:26:29
"dr. Leonirma Tengguna, Sp.A, Msc",Sp. Anak,RS Ukrida,"Kebon Jeruk, Jakarta Barat",,pediatrician,2025-06-15 02:26:29
"dr. Lesmana Syahrir, Sp.A",Sp. Anak,Siloam Hospitals Dhirga Surya Medan,"Medan Petisah, Kota Medan",https://d1ojs48v3n42tp.cloudfront.net/personnels/98932_23-5-2022_12-51-56.jpeg,pediatrician,2025-06-15 02:26:31
"dr. Lestarina Veronica Haloho, M.Sc, Sp.A",Sp. Anak,Klinik Sapta Mitra Jakarta,"Duren Sawit, Jakarta Timur",,pediatrician,2025-06-15 02:26:31
dr. Lianto Kurniawan Nyoto Sp.A,Sp. Anak,Siloam Hospitals Surabaya,"Gubeng, Kota Surabaya",https://d1ojs48v3n42tp.cloudfront.net/personnels/442017_29-11-2022_14-36-40.jpeg,pediatrician,2025-06-15 02:26:31
"dr. Liem Eremius Arifin, Sp.A",Sp. Anak,Siloam Hospitals Sriwijaya Palembang,"Ilir Barat I, Kota Palembang",https://d1ojs48v3n42tp.cloudfront.net/personnels/681617_14-12-2022_16-4-6.png,pediatrician,2025-06-15 02:26:31
"dr. Lilian Gunawan, M.Med, Sp.A",Sp. Anak,Siloam Hospitals TB Simatupang,"Cilandak, Jakarta Selatan",https://d1ojs48v3n42tp.cloudfront.net/personnels/671345_24-6-2022_18-9-25.jpeg,pediatrician,2025-06-15 02:26:31
"dr. Liliyanty Chandra, Sp.A",Sp. Anak,Siloam Hospitals Agora,"Cempaka Putih, Jakarta Pusat",https://d1ojs48v3n42tp.cloudfront.net/personnels/28300_29-11-2022_14-34-6.png,pediatrician,2025-06-15 02:26:31
dr. Lily Indriesary Harahap Sp. A,Sp. Anak,RSIA Bunda Fathia,"Purwakarta, Kabupaten Purwakarta",,pediatrician,2025-06-15 02:26:31
dr. Lina Nuliyva SpA,Sp. Anak,RS Permata Depok,"Sawangan, Depok",,pediatrician,2025-06-15 02:26:31
"dr. Lina Purnamasari, MH.Kes,Sp.A",Sp. Anak,Siloam Hospitals Bekasi Timur,"Bekasi Timur, Bekasi",https://d1ojs48v3n42tp.cloudfront.net/personnels/742265_19-6-2024_13-35-43.jpeg,pediatrician,2025-06-15 02:26:31
dr. Linawati SpA,Sp. Anak,Siloam Hospitals Lippo Cikarang,"Cikarang Selatan, Kabupaten Bekasi",,pediatrician,2025-06-15 02:26:31
"dr. Linawati, Sp.A",Sp. Anak,Siloam Hospitals Lippo Cikarang,"Cikarang Selatan, Kabupaten Bekasi",https://d1ojs48v3n42tp.cloudfront.net/personnels/709822_23-6-2022_15-55-46.jpeg,pediatrician,2025-06-15 02:26:34
dr. Lingga Pradipta Sp.A,Sp. Anak,RS Otak & Jantung Pertamina Royal Biringkanaya,"Biringkanaya, Kota Makassar",,pediatrician,2025-06-15 02:26:34
"dr. Linnie Pranadjaja, Sp.A, M Kes",Sp. Anak,RS Mitra Keluarga Bekasi,"Bekasi Selatan, Bekasi",https://d1ojs48v3n42tp.cloudfront.net/personnels/788724_14-12-2022_13-44-1.png,pediatrician,2025-06-15 02:26:34
"dr. Lioe Ivana , Sp.A",Sp. Anak,RS Mitra Keluarga Kalideres,"Kalideres, Jakarta Barat",https://d1ojs48v3n42tp.cloudfront.net/personnels/711518_14-2-2025_14-37-44.jpeg,pediatrician,2025-06-15 02:26:34
"dr. Lusia Putri Wijayanti, M.Sc. Sp.A",Sp. Anak,RS Indriati Boyolali,"Mojosongo, Kabupaten Boyolali",,pediatrician,2025-06-15 02:26:34
dr. Luszy Arijanty Sp.A,Sp. Anak,RS Gading Pluit,"Kelapa Gading, Jakarta Utara",,pediatrician,2025-06-15 02:26:34
dr. M.n.ardi Santoso Sp.A,Sp. Anak,Klinik Utama Kasih Ibu Sehati,"Laweyan, Kota Surakarta",,pediatrician,2025-06-15 02:26:34
dr. MARLYN CECILIA MALONDA Sp.A,Sp. Anak,Mayapada Hospital Tangerang,"Tangerang, Tangerang",,pediatrician,2025-06-15 02:26:34
"dr. Maria Connie Untario , Sp.A (K)",Sp. Anak,RS Mitra Keluarga Surabaya,"Sukomanunggal, Kota Surabaya",https://d1ojs48v3n42tp.cloudfront.net/personnels/820676_17-7-2024_15-46-44.png,pediatrician,2025-06-15 02:26:34
"dr. Maria Magdalena Sulistiowati Santosa, Sp.A",Sp. Anak,Siloam Hospitals Surabaya,"Gubeng, Kota Surabaya",https://d1ojs48v3n42tp.cloudfront.net/personnels/671575_14-12-2022_15-44-43.png,pediatrician,2025-06-15 02:26:34
"dr. Maria Mahdalena Tri Widiyati, Sp.A(K)",Sp. Anak,RS Mitra Keluarga Cikarang,"Cikarang Utara, Kabupaten Bekasi",https://d1ojs48v3n42tp.cloudfront.net/personnels/32674_21-12-2022_15-28-50.jpeg,pediatrician,2025-06-15 02:26:36
dr. Marisa Anggraeni Sp.A,Sp. Anak,RSIA Sammarie Basra,"Duren Sawit, Jakarta Timur",,pediatrician,2025-06-15 02:26:36
"dr. Marissa Anggraeni , Sp.A",Sp. Anak,RS Mitra Keluarga Cibubur,"Jatisampurna, Bekasi",https://d1ojs48v3n42tp.cloudfront.net/personnels/306740_25-4-2025_15-6-34.png,pediatrician,2025-06-15 02:26:36
"dr. Markus Gunawan, Sp.A",Sp. Anak,Siloam Hospitals Kebon Jeruk,"Kebon Jeruk, Jakarta Barat",https://d1ojs48v3n42tp.cloudfront.net/personnels/552512_18-4-2022_10-14-40.png,pediatrician,2025-06-15 02:26:36
"dr. Markus Gunawan, Sp.A",Sp. Anak,Siloam Hospitals Kebon Jeruk,"Kebon Jeruk, Jakarta Barat",,pediatrician,2025-06-15 02:26:36
"dr. Markus M Danusantoso, Sp.A(K)",Sp. Anak,RSIA JWCC Asih,"Kebayoran Baru, Jakarta Selatan",,pediatrician,2025-06-15 02:26:36
"dr. Markus Mualim Danusantoso, Sp.A",Sp. Anak,Mayapada Hospital Kuningan,"Setiabudi, Jakarta Selatan",https://d1ojs48v3n42tp.cloudfront.net/personnels/60704_4-4-2023_23-16-9.jpeg,pediatrician,2025-06-15 02:26:36
dr. Marlina Tanjung SP.A,Sp. Anak,Eka Hospital Bekasi,"Tarumajaya, Kabupaten Bekasi",,pediatrician,2025-06-15 02:26:36
dr. Marlissey Marpaung Sp. A,Sp. Anak,RSIA Bina Medika,"Pondok Aren, Tangerang Selatan",,pediatrician,2025-06-15 02:26:36
"dr. Marlyn Cecilia Malonda, Sp.A",Sp. Anak,Mayapada Hospital Tangerang,"Tangerang, Tangerang",https://d1ojs48v3n42tp.cloudfront.net/personnels/113702_13-12-2022_15-40-39.jpeg,pediatrician,2025-06-15 02:26:36
dr. Marry Mahardi Sp. A,Sp. Anak,RSU Permata Bunda Manado,"Paal Dua, Kota Manado",,pediatrician,2025-06-15 02:26:39
"dr. Marta Listijani Sigit, Sp.A",Sp. Anak,RS Mitra Keluarga Waru,"Waru, Kabupaten Sidoarjo",https://d1ojs48v3n42tp.cloudfront.net/personnels/607138_14-12-2022_13-21-31.jpeg,pediatrician,2025-06-15 02:26:39
dr. Martini Sp.A,Sp. Anak,RS Mitra Keluarga Kemayoran,"Kemayoran, Jakarta Pusat",,pediatrician,2025-06-15 02:26:39
"dr. Martini, Sp.A",Sp. Anak,RS Mitra Keluarga Kemayoran,"Kemayoran, Jakarta Pusat",https://d1ojs48v3n42tp.cloudfront.net/personnels/717745_17-12-2021_14-50-58.jpeg,pediatrician,2025-06-15 02:26:39
"dr. Martinus M. Leman, D.T.M.H, Sp.A",Sp. Anak,Siloam Hospitals TB Simatupang,"Cilandak, Jakarta Selatan",https://d1ojs48v3n42tp.cloudfront.net/personnels/467112_24-6-2022_18-10-13.jpeg,pediatrician,2025-06-15 02:26:39
"Dr. dr. Martono Tri Utomo, Sp.A (K)",Sp. Anak,Siloam Hospitals Surabaya,"Gubeng, Kota Surabaya",https://d1ojs48v3n42tp.cloudfront.net/personnels/510342_22-12-2022_17-48-28.png,pediatrician,2025-06-15 02:26:39
dr. Matahari Haumidini Sp.A,Sp. Anak,RS Islam Jakarta Cempaka Putih,"Cempaka Putih, Jakarta Pusat",,pediatrician,2025-06-15 02:26:39
"Dr. dr. Mathilda Yvonne Inkiriwang Kaligis, Sp.A",Sp. Anak,MRCCC Siloam Hospitals Semanggi,"Setiabudi, Jakarta Selatan",https://d1ojs48v3n42tp.cloudfront.net/personnels/848995_16-2-2023_15-7-1.png,pediatrician,2025-06-15 02:26:39
Dr. Meida Erimarsiya Sp.A,Sp. Anak,Ciputra Mitra Hospital Banjarmasin,"Kertak Hanyar, Kota Banjarmasin",,pediatrician,2025-06-15 02:26:39
Dr. Meida Erimarsya Sp. A,Sp. Anak,Ciputra Mitra Hospital Banjarmasin,"Kertak Hanyar, Kota Banjarmasin",,pediatrician,2025-06-15 02:26:39
"dr. Melanie Widjaja, Sp.A",Sp. Anak,Siloam Hospitals Lippo Village,"Kelapa Dua, Kabupaten Tangerang",https://d1ojs48v3n42tp.cloudfront.net/personnels/259387_25-3-2022_9-35-18.jpeg,pediatrician,2025-06-15 02:26:42
"dr. Melisa Anggraeni, Sp.A., M.Biomed",Sp. Anak,Siloam Hospitals Bogor,"Bogor Tengah, Bogor",https://d1ojs48v3n42tp.cloudfront.net/personnels/436718_30-6-2022_16-10-6.jpeg,pediatrician,2025-06-15 02:26:42
"dr. Melisa Lilisari, Sp.A",Sp. Anak,RS Mitra Keluarga Bintaro,"Pondok Aren, Tangerang Selatan",,pediatrician,2025-06-15 02:26:42
"dr. Melisa Lilisari, Sp.A., M.Kes",Sp. Anak,RS Mitra Keluarga Bintaro,"Pondok Aren, Tangerang Selatan",https://d1ojs48v3n42tp.cloudfront.net/personnels/619735_4-4-2022_14-40-16.png,pediatrician,2025-06-15 02:26:42
"dr. Melissa Adriani Tjahyadi, Sp.A",Sp. Anak,RS Immanuel,"Bojongloa Kidul, Kota Bandung",https://d1ojs48v3n42tp.cloudfront.net/personnels/379935_18-5-2021_18-1-41.jpeg,pediatrician,2025-06-15 02:26:42
"dr. Melna Agustriani Purba, M.Sc., Sp.A",Sp. Anak,Siloam Hospitals Yogyakarta,"Gondokusuman, Kota Yogyakarta",https://d1ojs48v3n42tp.cloudfront.net/personnels/173481_8-12-2022_15-48-12.png,pediatrician,2025-06-15 02:26:42
"dr. Merlin Kodir , SpA, CIMI",Sp. Anak,RS Mitra Keluarga Cikarang,"Cikarang Utara, Kabupaten Bekasi",https://d1ojs48v3n42tp.cloudfront.net/personnels/525377_23-4-2025_11-18-14.png,pediatrician,2025-06-15 02:26:42
"dr. Merry Lia Desvina , Sp.A",Sp. Anak,RS Mitra Keluarga Grand Wisata,"Tambun Selatan, Kabupaten Bekasi",https://d1ojs48v3n42tp.cloudfront.net/personnels/92109_7-3-2025_10-55-34.jpeg,pediatrician,2025-06-15 02:26:42
dr. Mervin Tri H Sp.A,Sp. Anak,RS Lira Medika,"Karawang Timur, Kabupaten Karawang",,pediatrician,2025-06-15 02:26:42
dr. Mervin Tri H Sp.A,Sp. Anak,RS Lira Medika,"Karawang Timur, Kabupaten Karawang",,pediatrician,2025-06-15 02:26:42
dr. Mervin Tri H Sp.A,Sp. Anak,RS Lira Medika,"Karawang Timur, Kabupaten Karawang",,pediatrician,2025-06-15 02:26:44
dr. Mervin Tri Hadianto Ms.Imed Sp.A,Sp. Anak,RS Permata Keluarga Karawang,"Telukjambe Timur, Kabupaten Karawang",,pediatrician,2025-06-15 02:26:44
"dr Mervin Tri Handianto, MMed, SpA",Sp. Anak,RS Permata Keluarga Karawang,"Telukjambe Timur, Kabupaten Karawang",,pediatrician,2025-06-15 02:26:44
"dr. Michael Kasenda, Sp.A",Sp. Anak,Siloam Hospitals Makassar,"Ujung Pandang, Kota Makassar",https://d1ojs48v3n42tp.cloudfront.net/personnels/249124_15-6-2022_16-21-9.jpeg,pediatrician,2025-06-15 02:26:44
"dr. Milza Delfina, M.Sc, Sp.A",Sp. Anak,RSUP Dr. Sitanala Tangerang,"Neglasari, Tangerang",https://d1ojs48v3n42tp.cloudfront.net/personnels/214928_28-1-2021_12-9-6.jpeg,pediatrician,2025-06-15 02:26:44
"dr. Mintardaningsih, Sp.A",Sp. Anak,RS Mitra Keluarga Kemayoran,"Kemayoran, Jakarta Pusat",https://d1ojs48v3n42tp.cloudfront.net/personnels/88212_14-12-2022_15-50-50.jpeg,pediatrician,2025-06-15 02:26:44
"dr. Mohammad Rizal, SP.A",Sp. Anak,RSIA Soerya,"Taman, Kabupaten Sidoarjo",,pediatrician,2025-06-15 02:26:44
"Prof. dr. Mohammad Sjaifullah Noer, Sp.A (K)",Sp. Anak,RS Mitra Keluarga Surabaya,"Sukomanunggal, Kota Surabaya",https://d1ojs48v3n42tp.cloudfront.net/personnels/859682_29-12-2022_13-57-38.png,pediatrician,2025-06-15 02:26:44
"dr. Mohammad Yanuar Adjie Nurrahmanto, M.Kes., Sp.A",Sp. Anak,Siloam Hospitals Purwakarta,"Bungursari, Kabupaten Purwakarta",https://d1ojs48v3n42tp.cloudfront.net/personnels/350294_13-12-2022_15-46-15.png,pediatrician,2025-06-15 02:26:44
"dr Mohd Luthfi B, Sp.A",Sp. Anak,RS Islam Siti Rahmah Padang,"Koto Tangah, Kota Padang",,pediatrician,2025-06-15 02:26:44
dr. Monika Sp.A,Sp. Anak,Primaya Hospital Semarang,"Tembalang, Kota Semarang",,pediatrician,2025-06-15 02:26:47
dr. Muhamad Kahfi Sp.A.,Sp. Anak,RS Mitra Keluarga Bekasi Timur,"Bekasi Timur, Bekasi",,pediatrician,2025-06-15 02:26:47
"dr. Muhamad Kahfi, Sp.A",Sp. Anak,RS Mitra Keluarga Bekasi Timur,"Bekasi Timur, Bekasi",https://d1ojs48v3n42tp.cloudfront.net/personnels/866756_11-1-2023_16-5-9.png,pediatrician,2025-06-15 02:26:47
dr. Muhammad Shofi Rafsyanjani Sp.A. Sp.A. M.Ked.Klin,Sp. Anak,RS Delta Surya,"Sidoarjo, Kabupaten Sidoarjo",,pediatrician,2025-06-15 02:26:47
"dr. Muhammad Vinci Ghazali, Sp.A",Sp. Anak,Mayapada Hospital Kuningan,"Setiabudi, Jakarta Selatan",https://d1ojs48v3n42tp.cloudfront.net/personnels/262807_13-12-2022_10-59-39.jpeg,pediatrician,2025-06-15 02:26:47
"dr. Munja Tri Hardiana, M.Kes., Sp.A. MARS",Sp. Anak,RS Permata Keluarga Karawang,"Telukjambe Timur, Kabupaten Karawang",,pediatrician,2025-06-15 02:26:47
"dr. Musim, M.Kes, Sp.A",Sp. Anak,Siloam Hospitals Lippo Cikarang,"Cikarang Selatan, Kabupaten Bekasi",https://d1ojs48v3n42tp.cloudfront.net/personnels/768993_23-6-2022_15-54-40.jpeg,pediatrician,2025-06-15 02:26:47
"dr. Mustarim, Sp.A (K), M.Si.Med",Sp. Anak,Siloam Hospitals Jambi,"Jambi Selatan, Kota Jambi",https://d1ojs48v3n42tp.cloudfront.net/personnels/489550_14-6-2022_16-48-56.jpeg,pediatrician,2025-06-15 02:26:47
"dr. Mutia Komala Widjaja, Sp.A., M.Kes",Sp. Anak,RS Immanuel,"Bojongloa Kidul, Kota Bandung",https://d1ojs48v3n42tp.cloudfront.net/personnels/614236_18-5-2021_17-46-11.jpeg,pediatrician,2025-06-15 02:26:47
dr. Myrna Soepriadi Sp. A (K),Sp. Anak,RSIA Limijati,"Bandung Wetan, Kota Bandung",,pediatrician,2025-06-15 02:26:47
dr. NISA HERMINA PUTRI Sp.A,Sp. Anak,RSU Duta Mulya,"Majenang, Kabupaten Cilacap",,pediatrician,2025-06-15 02:26:49
"dr. Nadia Qoriyah Firdausi, Sp.A., M.Sc",Sp. Anak,Mayapada Hospital Kuningan,"Setiabudi, Jakarta Selatan",https://d1ojs48v3n42tp.cloudfront.net/personnels/589055_13-12-2022_10-56-36.png,pediatrician,2025-06-15 02:26:49
"dr. Nahari Arifin, Sp.A.",Sp. Anak,RS Muhammadiyah Taman Puring,"Kebayoran Baru, Jakarta Selatan",,pediatrician,2025-06-15 02:26:49
dr. Nanda Wulandari Sp.A,Sp. Anak,RSU Hasanah Graha Afiah,"Sukmajaya, Depok",,pediatrician,2025-06-15 02:26:49
dr. Nanda Wulandari Sp.A,Sp. Anak,RSU Hasanah Graha Afiah,"Sukmajaya, Depok",,pediatrician,2025-06-15 02:26:49
"Dr. dr. Naomi Esthernita Fauzia Dewanto, Sp.A (K)",Sp. Anak,Siloam Hospitals Kebon Jeruk,"Kebon Jeruk, Jakarta Barat",https://d1ojs48v3n42tp.cloudfront.net/personnels/466962_18-4-2022_10-16-26.png,pediatrician,2025-06-15 02:26:49
"dr. Natasha Yuwanita, M.Ked (Ped)., Sp.A",Sp. Anak,Siloam Hospitals Bekasi Timur,"Bekasi Timur, Bekasi",https://d1ojs48v3n42tp.cloudfront.net/personnels/631882_22-12-2022_17-4-8.jpeg,pediatrician,2025-06-15 02:26:49
"dr. Nelly Rosari, M.Ked(Ped)., Sp.A",Sp. Anak,RS Mitra Keluarga Delta Mas,"Cikarang Pusat, Kabupaten Bekasi",https://d1ojs48v3n42tp.cloudfront.net/personnels/612045_21-2-2023_19-6-48.jpeg,pediatrician,2025-06-15 02:26:49
"dr. Nessie Amelia R, Sp.A",Sp. Anak,RS Mitra Keluarga Pratama Jatiasih,"Jatiasih, Bekasi",https://d1ojs48v3n42tp.cloudfront.net/personnels/707695_13-6-2022_15-50-19.jpeg,pediatrician,2025-06-15 02:26:49
Dr. Nevin Chandra Junarsa Sp A,Sp. Anak,RSIA Parahyangan,"Padalarang, Kabupaten Bandung Barat",,pediatrician,2025-06-15 02:26:49
"dr. Nevita, M. Sc. Sp.A",Sp. Anak,RS Mitra Medika Pontianak,"Pontianak Kota, Kota Pontianak",,pediatrician,2025-06-15 02:26:52
"dr. Nevita, M. Sc. Sp.A",Sp. Anak,RS Mitra Medika Pontianak,"Pontianak Kota, Kota Pontianak",,pediatrician,2025-06-15 02:26:52
dr. Ni Kadek Wiwik Agustini. Sp.A,Sp. Anak,RSIA Puri Bunda Tabanan,"Kediri, Kabupaten Tabanan",,pediatrician,2025-06-15 02:26:52
"dr. Ni Made Rini Suari, M. Biomed Sp.A(K)",Sp. Anak,RSIA Puri Bunda Denpasar,"Denpasar Utara, Kota Denpasar",,pediatrician,2025-06-15 02:26:52
"dr. Nia K, SpA M.Kes",Sp. Anak,RS AMC Bandung,"Cileunyi, Kabupaten Bandung",,pediatrician,2025-06-15 02:26:52
dr Nilasari Sp. A,Sp. Anak,RS Citra Harapan,"Medan Satria, Bekasi",,pediatrician,2025-06-15 02:26:52
"dr. Nizwar Said, Sp.A",Sp. Anak,Siloam Hospitals Kebon Jeruk,"Kebon Jeruk, Jakarta Barat",https://d1ojs48v3n42tp.cloudfront.net/personnels/239284_18-4-2022_10-15-4.png,pediatrician,2025-06-15 02:26:52
"dr. Noershanti Ramadhani, Sp.A",Sp. Anak,RS Mitra Keluarga Kenjeran,"Mulyorejo, Kota Surabaya",https://d1ojs48v3n42tp.cloudfront.net/personnels/271889_14-12-2022_14-37-3.png,pediatrician,2025-06-15 02:26:52
"dr. Norman Tanyadji, Sp.A",Sp. Anak,Siloam Hospitals Agora,"Cempaka Putih, Jakarta Pusat",https://d1ojs48v3n42tp.cloudfront.net/personnels/352400_8-12-2022_17-1-13.png,pediatrician,2025-06-15 02:26:52
dr. Novia Kemal Sp.A,Sp. Anak,Siloam Hospitals Kebon Jeruk,"Kebon Jeruk, Jakarta Barat",,pediatrician,2025-06-15 02:26:52
dr. Novitria Dwinanda Sp.A,Sp. Anak,RSAB Harapan Kita,"Palmerah, Jakarta Barat",,pediatrician,2025-06-15 02:26:54
Dr. Novitria Dwinanda SpA(K),Sp. Anak,Bintaro Woman and Children Clinic Senayan,"Pondok Aren, Tangerang Selatan",,pediatrician,2025-06-15 02:26:54
"dr. Novitria Dwinanda, Sp.A (K)",Sp. Anak,RSAB Harapan Kita,"Palmerah, Jakarta Barat",,pediatrician,2025-06-15 02:26:54
dr Novysan Montalalu Sp.A,Sp. Anak,Mandaya Hospital Karawang,"Telukjambe Timur, Kabupaten Karawang",,pediatrician,2025-06-15 02:26:54
dr. Novysan Montolalu Sp.A,Sp. Anak,Mandaya Hospital Karawang,"Telukjambe Timur, Kabupaten Karawang",,pediatrician,2025-06-15 02:26:54
"dr. Nugrah Tri Amiranti, SpA",Sp. Anak,Eka Hospital Bekasi,"Tarumajaya, Kabupaten Bekasi",,pediatrician,2025-06-15 02:26:54
dr. Nugrah Tri Amrianti Sp. A,Sp. Anak,Eka Hospital Bekasi,"Tarumajaya, Kabupaten Bekasi",,pediatrician,2025-06-15 02:26:54
"dr Nunu Irma S., dr., SAA. M.Ked.Klin.",Sp. Anak,RSU Kaliwates,"Kaliwates, Kabupaten Jember",,pediatrician,2025-06-15 02:26:54
dr Nur Faizah Sp. A,Sp. Anak,RSU Ananda Purwokerto,"Purwokerto Barat, Kabupaten Banyumas",,pediatrician,2025-06-15 02:26:54
"Dr. Nur Ramadhan, Sp.A M.Biomed",Sp. Anak,RS Wava Husada,"Kepanjen, Kabupaten Malang",,pediatrician,2025-06-15 02:26:54
"dr. Nuraini Irma Susanti, Sp.A",Sp. Anak,Mayapada Hospital Jakarta Selatan,"Cilandak, Jakarta Selatan",https://d1ojs48v3n42tp.cloudfront.net/personnels/336007_24-6-2022_13-19-17.jpeg,pediatrician,2025-06-15 02:26:56
dr. Nuri Yudhi Prihatstyo Sp.A,Sp. Anak,RS Wijaya Kusuma,"Lumajang, Lumajang",,pediatrician,2025-06-15 02:26:56
"dr. Nurlalli Muzayyanah, M.Sc. CSp.A",Sp. Anak,JIH Jogja,"Kecamatan Depok, Kabupaten Sleman",,pediatrician,2025-06-15 02:26:56
"dr. Nyoman Nursari Dewi, M.Sc, Sp.A",Sp. Anak,RS Mitra Keluarga Bekasi,"Bekasi Selatan, Bekasi",https://d1ojs48v3n42tp.cloudfront.net/personnels/345929_13-12-2022_17-13-55.png,pediatrician,2025-06-15 02:26:56
"dr. Octavianus Eka Saputra, Sp.A",Sp. Anak,RS Mitra Keluarga Kenjeran,"Mulyorejo, Kota Surabaya",https://d1ojs48v3n42tp.cloudfront.net/personnels/100443_14-12-2022_14-20-30.png,pediatrician,2025-06-15 02:26:56
"dr. Olga Rasiyanti Siregar, M.Ked (Ped), Sp.A (K)",Sp. Anak,Siloam Hospitals Dhirga Surya Medan,"Medan Petisah, Kota Medan",https://d1ojs48v3n42tp.cloudfront.net/personnels/363148_23-5-2022_12-58-38.jpeg,pediatrician,2025-06-15 02:26:56
"dr. Pandu C. Lestari, Sp.A",Sp. Anak,Siloam Hospitals TB Simatupang,"Cilandak, Jakarta Selatan",https://d1ojs48v3n42tp.cloudfront.net/personnels/840410_24-6-2022_18-12-17.jpeg,pediatrician,2025-06-15 02:26:56
dr. Panji Fatipati Sp.A M.Si.Med,Sp. Anak,RSU San Medical Center,"Cikampek, Kabupaten Karawang",,pediatrician,2025-06-15 02:26:56
dr. Panji Pati Pati Sp. A,Sp. Anak,RS Permata Keluarga Karawang,"Telukjambe Timur, Kabupaten Karawang",,pediatrician,2025-06-15 02:26:56
dr. Panji Patipati Sp. A M. Bi. Med,Sp. Anak,RSU San Medical Center,"Cikampek, Kabupaten Karawang",,pediatrician,2025-06-15 02:26:56
dr. Panji Patipati Sp.A M.Si.Med,Sp. Anak,RSU San Medical Center,"Cikampek, Kabupaten Karawang",,pediatrician,2025-06-15 02:26:59
dr. Panji Patipati Sp.A M.Si.Med,Sp. Anak,RSU San Medical Center,"Cikampek, Kabupaten Karawang",,pediatrician,2025-06-15 02:26:59
dr. Panji Patipati Sp.A M.Si.Med,Sp. Anak,RSU San Medical Center,"Cikampek, Kabupaten Karawang",,pediatrician,2025-06-15 02:26:59
dr. Panji Patipati Sp.A M.Si.Med,Sp. Anak,RSU San Medical Center,"Cikampek, Kabupaten Karawang",,pediatrician,2025-06-15 02:26:59
"dr. Panji Patipati, Sp.A M.Si.Med",Sp. Anak,RSU San Medical Center,"Cikampek, Kabupaten Karawang",,pediatrician,2025-06-15 02:26:59
"dr Patria Vittarina, SpA",Sp. Anak,RS Muhammadiyah Taman Puring,"Kebayoran Baru, Jakarta Selatan",,pediatrician,2025-06-15 02:26:59
"dr. Patton, Sp.A",Sp. Anak,RS Immanuel,"Bojongloa Kidul, Kota Bandung",https://d1ojs48v3n42tp.cloudfront.net/personnels/75503_18-5-2021_17-50-5.jpeg,pediatrician,2025-06-15 02:26:59
"dr. Paulus Linardi, Sp.A",Sp. Anak,Siloam Hospitals Kebon Jeruk,"Kebon Jeruk, Jakarta Barat",https://d1ojs48v3n42tp.cloudfront.net/personnels/500136_23-6-2022_15-40-13.jpeg,pediatrician,2025-06-15 02:26:59
"dr. Pertin Sianturi, Sp.A (K)",Sp. Anak,Siloam Hospitals Dhirga Surya Medan,"Medan Petisah, Kota Medan",https://d1ojs48v3n42tp.cloudfront.net/personnels/117547_23-5-2022_13-1-55.jpeg,pediatrician,2025-06-15 02:26:59
"Prof. Dr. dr. Prastiya Indra Gunawan, Sp.A (K)",Sp. Anak,Siloam Hospitals Surabaya,"Gubeng, Kota Surabaya",https://d1ojs48v3n42tp.cloudfront.net/personnels/236191_13-12-2022_16-15-37.png,pediatrician,2025-06-15 02:26:59
dr. Pratama Wicaksana,Sp. Anak,RS YPK Mandiri,"Menteng, Jakarta Pusat",,pediatrician,2025-06-15 02:27:01
"dr. Pratiwi Andayani, Sp.A",Sp. Anak,Mayapada Hospital Jakarta Selatan,"Cilandak, Jakarta Selatan",https://d1ojs48v3n42tp.cloudfront.net/personnels/582809_23-6-2022_17-16-33.jpeg,pediatrician,2025-06-15 02:27:01
"dr. Prisca Tallulembang, Sp.A",Sp. Anak,Siloam Hospitals Kebon Jeruk,"Kebon Jeruk, Jakarta Barat",https://d1ojs48v3n42tp.cloudfront.net/personnels/379861_4-5-2022_14-27-5.jpeg,pediatrician,2025-06-15 02:27:01
"dr. Priska Lutfia Rani, Sp.PD",Sp. Anak,RS Panti Wilasa Dr. Cipto,"Semarang Timur, Kota Semarang",,pediatrician,2025-06-15 02:27:01
"dr. Prof. Indah Kartika M, M.Kes PhD Sp.A(K)",Sp. Anak,JIH Jogja,"Kecamatan Depok, Kabupaten Sleman",,pediatrician,2025-06-15 02:27:01
"dr. Purboyo Solek, Sp.A(K)",Sp. Anak,RS Melinda 2,"Cicendo, Kota Bandung",,pediatrician,2025-06-15 02:27:01
"dr. Puspita Ayu Margaretha, M.Sc Sp.A",Sp. Anak,RS Tiara Bekasi,"Babelan, Kabupaten Bekasi",,pediatrician,2025-06-15 02:27:01
"dr. Putu Diah Pratiwi, Sp.A",Sp. Anak,Siloam Hospitals Yogyakarta,"Gondokusuman, Kota Yogyakarta",https://d1ojs48v3n42tp.cloudfront.net/personnels/22251_22-12-2022_17-0-7.jpeg,pediatrician,2025-06-15 02:27:01
dr R. Alexander Sp. A,Sp. Anak,RS Mardi Rahayu,"Jati, Kabupaten Kudus",,pediatrician,2025-06-15 02:27:01
"dr. R. Deasy Fiasry, Sp.A",Sp. Anak,Mayapada Hospital Surabaya,"Sawahan, Kota Surabaya",https://d1ojs48v3n42tp.cloudfront.net/personnels/405639_13-12-2022_14-21-32.jpeg,pediatrician,2025-06-15 02:27:01
dr. R. Kartika Dwi Septientiyas Sp. A,Sp. Anak,RS Masmitra,"Pondok Gede, Bekasi",,pediatrician,2025-06-15 02:27:04
dr. RACHMAT KURNIAWAN Sp A,Sp. Anak,Mayapada Clinic Tangerang City,"Tangerang, Tangerang",,pediatrician,2025-06-15 02:27:04
dr. RACHMAT KURNIAWAN Sp.A,Sp. Anak,Mayapada Hospital Tangerang,"Tangerang, Tangerang",,pediatrician,2025-06-15 02:27:04
"dr. RONY ADENOVA, M.Ked (Ped) Sp. A",Sp. Anak,RS Citra Sari Husada,"Klari, Kabupaten Karawang",,pediatrician,2025-06-15 02:27:04
"dr. RONY ADENOVA, M.Ked (Ped) Sp. A",Sp. Anak,RS Citra Sari Husada,"Klari, Kabupaten Karawang",,pediatrician,2025-06-15 02:27:04
dr RR Danis Widadati Sp.A,Sp. Anak,RS Dewi Sri,"Karawang Barat, Kabupaten Karawang",,pediatrician,2025-06-15 02:27:04
dr. RR Diah Widiastuti SpA,Sp. Anak,RS Dewi Sri,"Karawang Barat, Kabupaten Karawang",,pediatrician,2025-06-15 02:27:04
"dr. Rachmat Kurniawan, Sp.A",Sp. Anak,Mayapada Hospital Tangerang,"Tangerang, Tangerang",https://d1ojs48v3n42tp.cloudfront.net/personnels/234695_13-12-2022_14-18-0.jpeg,pediatrician,2025-06-15 02:27:04
dr. Raden Rizki Julia Sp.A.,Sp. Anak,RSIA Widaningsih,"Tawang, Kota Tasikmalaya",,pediatrician,2025-06-15 02:27:04
"dr. Radwika Swastanti W, Sp.A",Sp. Anak,RS Mitra Keluarga Tegal,"Tegal Barat, Kota Tegal",https://d1ojs48v3n42tp.cloudfront.net/personnels/376715_30-12-2022_13-23-48.png,pediatrician,2025-06-15 02:27:04
dr. Radwika Swastanti Wijaya Sp. A,Sp. Anak,RS Mitra Keluarga Tegal,"Tegal Barat, Kota Tegal",,pediatrician,2025-06-15 02:27:06
"dr. Raedy Ruwanda Susanto, M.Kes. Sp. A",Sp. Anak,RS Ananda Bekasi,"Medan Satria, Bekasi",,pediatrician,2025-06-15 02:27:06
dr Raisa Sugoro Sp. A,Sp. Anak,RS Mitra Keluarga Pamulang,"Pamulang, Tangerang Selatan",,pediatrician,2025-06-15 02:27:06
"dr. Ramadianty, Sp.A",Sp. Anak,RS Mitra Keluarga Cikarang,"Cikarang Utara, Kabupaten Bekasi",https://d1ojs48v3n42tp.cloudfront.net/personnels/880389_4-1-2023_14-30-18.png,pediatrician,2025-06-15 02:27:06
"dr. Ratna Napitupulu, Sp.A",Sp. Anak,Siloam Hospitals Bekasi Timur,"Bekasi Timur, Bekasi",https://d1ojs48v3n42tp.cloudfront.net/personnels/804049_29-11-2022_17-8-13.png,pediatrician,2025-06-15 02:27:06
"Ratna T. Hadju, dr. Sp.A",Sp. Anak,Siloam Hospitals Surabaya,"Gubeng, Kota Surabaya",,pediatrician,2025-06-15 02:27:06
"dr. Ratna T. Satjadibrata Hadju, Sp.A",Sp. Anak,Siloam Hospitals Surabaya,"Gubeng, Kota Surabaya",https://d1ojs48v3n42tp.cloudfront.net/personnels/546023_14-12-2022_15-24-35.png,pediatrician,2025-06-15 02:27:06
dr Ratnaningsih Sastrawinata Sp. A,Sp. Anak,Klinik Utama Harapan Keluarga,"Regol, Kota Bandung",,pediatrician,2025-06-15 02:27:06
"dr. Raymond Ongkie, Sp.A",Sp. Anak,Siloam Hospitals Lippo Village,"Kelapa Dua, Kabupaten Tangerang",https://d1ojs48v3n42tp.cloudfront.net/personnels/598262_25-3-2022_8-55-34.png,pediatrician,2025-06-15 02:27:06
"dr. Resa Gratya, Sp.A",Sp. Anak,RSU Syubbanul Wathon,"Pakis, Kabupaten Magelang",https://d1ojs48v3n42tp.cloudfront.net/personnels/37540_30-12-2022_9-40-30.png,pediatrician,2025-06-15 02:27:06
"dr. Resyana Putri Nugraheni, Sp.A",Sp. Anak,Mayapada Hospital Bogor,"Bogor Timur, Bogor",https://d1ojs48v3n42tp.cloudfront.net/personnels/610848_13-12-2022_15-50-55.png,pediatrician,2025-06-15 02:27:09
"dr. Retno Widyaningsih, Sp.A (K), MPH",Sp. Anak,RS Mitra Keluarga Kelapa Gading,"Kelapa Gading, Jakarta Utara",https://d1ojs48v3n42tp.cloudfront.net/personnels/7661_11-4-2022_12-0-14.png,pediatrician,2025-06-15 02:27:09
dr. Reza Chandra Abdila Sp.A,Sp. Anak,RSIA Amanah Probolinggo,"Mayangan, Kota Probolinggo",,pediatrician,2025-06-15 02:27:09
dr. Reza Chandra Abdilla Sp.A,Sp. Anak,RSIA Amanah Probolinggo,"Mayangan, Kota Probolinggo",,pediatrician,2025-06-15 02:27:09
"dr. Riadhy B. Prasetyo, Sp.A",Sp. Anak,RS Mitra Keluarga Bekasi Timur,"Bekasi Timur, Bekasi",https://d1ojs48v3n42tp.cloudfront.net/personnels/822854_14-12-2022_17-24-25.jpeg,pediatrician,2025-06-15 02:27:09
"dr. Riana Novy Evijanty, Sp.A",Sp. Anak,RS Mitra Keluarga Bekasi Timur,"Bekasi Timur, Bekasi",https://d1ojs48v3n42tp.cloudfront.net/personnels/105005_14-12-2022_14-22-39.png,pediatrician,2025-06-15 02:27:09
"dr. Rianasyah, Sp.A",Sp. Anak,Siloam Hospitals Bangka,"Pangkalan Baru,  Kabupaten Bangka Tengah",https://d1ojs48v3n42tp.cloudfront.net/personnels/239276_30-6-2022_14-49-44.jpeg,pediatrician,2025-06-15 02:27:09
"dr. Ridhayani, Sp.A",Sp. Anak,Siloam Hospitals Sriwijaya Palembang,"Ilir Barat I, Kota Palembang",https://d1ojs48v3n42tp.cloudfront.net/personnels/589582_22-12-2022_17-36-31.png,pediatrician,2025-06-15 02:27:09
"dr. Ridwan Tjahyadi Sugiarto , Sp.A, FPPS, DAA, DPA",Sp. Anak,RS Mitra Keluarga Gading Serpong,"Pagedangan, Kabupaten Tangerang",https://d1ojs48v3n42tp.cloudfront.net/personnels/102377_8-5-2025_11-4-15.png,pediatrician,2025-06-15 02:27:09
"dr. Rini Kemala Sari Sp.A . M, Kes",Sp. Anak,RS Tiara Sella,"Gading Cempaka, Kota Bengkulu",,pediatrician,2025-06-15 02:27:09
dr. Robby Godilef Munshar Sp.A,Sp. Anak,RSIA Bunda Fathia,"Purwakarta, Kabupaten Purwakarta",,pediatrician,2025-06-15 02:27:11
"dr. Robby Godlief Munster, Sp.A",Sp. Anak,Siloam Hospitals Purwakarta,"Bungursari, Kabupaten Purwakarta",https://d1ojs48v3n42tp.cloudfront.net/personnels/198319_29-11-2022_18-22-30.png,pediatrician,2025-06-15 02:27:11
"Dr. Rony Adjiova, M.Ked (Ped) Sp. A",Sp. Anak,RS Citra Sari Husada,"Klari, Kabupaten Karawang",,pediatrician,2025-06-15 02:27:11
dr. Rony Antonius Padapotan Tamba Sp. A,Sp. Anak,RS Santa Clara,"Manguharjo, Kota Madiun",,pediatrician,2025-06-15 02:27:11
"dr. Rosalina Josep, Sp.A",Sp. Anak,RS Mitra Keluarga Kelapa Gading,"Kelapa Gading, Jakarta Utara",https://d1ojs48v3n42tp.cloudfront.net/personnels/886869_11-4-2022_12-1-48.png,pediatrician,2025-06-15 02:27:11
"Dr. dr. Rubiana Sukardi, Sp.A (K)","Sp. Anak, Sp. Jantung & Pembuluh Darah",Siloam Hospitals Lippo Village,"Kelapa Dua, Kabupaten Tangerang",https://d1ojs48v3n42tp.cloudfront.net/personnels/561743_24-5-2022_16-59-55.jpeg,pediatrician,2025-06-15 02:27:11
"dr. Rudi Hartono, Sp.A",Sp. Anak,RS Mitra Keluarga Kemayoran,"Kemayoran, Jakarta Pusat",https://d1ojs48v3n42tp.cloudfront.net/personnels/5943_13-12-2022_17-11-50.png,pediatrician,2025-06-15 02:27:11
dr. Runiawan Sp.A,Sp. Anak,RS Mitra Siaga Tegal,"Kramat, Tegal",,pediatrician,2025-06-15 02:27:11
"dr. S. Tumpal Andreas C, dr., M.Ked (Pedi) Sp.A",Sp. Anak,RS EMC Pekayon,"Bekasi Selatan, Bekasi",,pediatrician,2025-06-15 02:27:11
dr Sally Palit Sp. A,Sp. Anak,RS Mitra Family,"Telukjambe Timur, Kabupaten Karawang",,pediatrician,2025-06-15 02:27:11
dr. Samuel B. S. Harwin Sp.A,Sp. Anak,RS Sentra Medika Cisalak,"Sukmajaya, Depok",,pediatrician,2025-06-15 02:27:14
"dr. Santi Gunarnawi, Sp.A. M.Kes",Sp. Anak,RS. Hamori,"Pagaden, Kabupaten Subang",,pediatrician,2025-06-15 02:27:14
"dr. Sari Leily, Sp.A. MHA",Sp. Anak,RS Mutiara Hati Mojokerto,"Gedeg, Kabupaten Mojokerto",,pediatrician,2025-06-15 02:27:14
"dr. Sari Leily, Sp.A., MHA",Sp. Anak,RS Mutiara Hati Mojokerto,"Gedeg, Kabupaten Mojokerto",,pediatrician,2025-06-15 02:27:14
"dr. Sebastianus Hartanto, Sp.A",Sp. Anak,Siloam Hospitals Kebon Jeruk,"Kebon Jeruk, Jakarta Barat",https://d1ojs48v3n42tp.cloudfront.net/personnels/531486_22-6-2023_10-4-21.jpeg,pediatrician,2025-06-15 02:27:14
dr. Septian Tri Muhari Sp.A,Sp. Anak,RS Lira Medika,"Karawang Timur, Kabupaten Karawang",,pediatrician,2025-06-15 02:27:14
dr. Septian Tri Muhari Sp. A,Sp. Anak,RS Lira Medika,"Karawang Timur, Kabupaten Karawang",,pediatrician,2025-06-15 02:27:14
"dr. Sheila Febrianti, M.Sc SpA",Sp. Anak,RS Santo Borromeus,"Coblong, Kota Bandung",,pediatrician,2025-06-15 02:27:14
dr. Shila Puarani ABE Sp.A,Sp. Anak,RSIA Bina Medika,"Pondok Aren, Tangerang Selatan",,pediatrician,2025-06-15 02:27:14
Dr. Shita Paurani Abe Sp.A,Sp. Anak,Bintaro Woman and Children Clinic Senayan,"Pondok Aren, Tangerang Selatan",,pediatrician,2025-06-15 02:27:14
Dr. Shita Paurani Abe Sp. A,Sp. Anak,Bintaro Woman and Children Clinic Senayan,"Pondok Aren, Tangerang Selatan",,pediatrician,2025-06-15 02:27:16
Dr. Shita Paurani Abe Sp. A,Sp. Anak,Bintaro Woman and Children Clinic Senayan,"Pondok Aren, Tangerang Selatan",,pediatrician,2025-06-15 02:27:16
Dr. Shita Paurani Abe Sp.A,Sp. Anak,Bintaro Woman and Children Clinic Senayan,"Pondok Aren, Tangerang Selatan",,pediatrician,2025-06-15 02:27:16
"dr. Sisca Silvana, M.Ked(Ped), Sp.A (K)",Sp. Anak,Siloam Hospitals Dhirga Surya Medan,"Medan Petisah, Kota Medan",https://d1ojs48v3n42tp.cloudfront.net/personnels/316617_23-5-2022_13-5-39.jpeg,pediatrician,2025-06-15 02:27:16
"dr. Siska Natalia Situmeang, M.Ked (Ped)., Sp.A",Sp. Anak,Siloam Hospitals Mampang,"Pancoran, Jakarta Selatan",,pediatrician,2025-06-15 02:27:16
dr. Sita Ariyani Sp.A,Sp. Anak,RS Mitra Keluarga Cikarang,"Cikarang Utara, Kabupaten Bekasi",,pediatrician,2025-06-15 02:27:16
"dr. Sita Ariyani, Sp.A",Sp. Anak,RS Mitra Keluarga Cikarang,"Cikarang Utara, Kabupaten Bekasi",https://d1ojs48v3n42tp.cloudfront.net/personnels/649309_14-12-2022_13-15-44.jpeg,pediatrician,2025-06-15 02:27:16
"dr. Soenarto, Sp.A",Sp. Anak,RS Mitra Keluarga Kemayoran,"Kemayoran, Jakarta Pusat",https://d1ojs48v3n42tp.cloudfront.net/personnels/654328_22-3-2022_20-58-57.jpeg,pediatrician,2025-06-15 02:27:16
"dr. Sri Mufti Ardani, Sp.A",Sp. Anak,Mayapada Hospital Jakarta Selatan,"Cilandak, Jakarta Selatan",https://d1ojs48v3n42tp.cloudfront.net/personnels/404644_13-12-2022_15-45-8.png,pediatrician,2025-06-15 02:27:16
dr. Sri Novianty M.Ked (Ped) Sp.A,Sp. Anak,Siloam Hospitals Silampari (Lubuk Linggau),"Lubuk Linggau Timur I, Kota Lubuk Linggau",,pediatrician,2025-06-15 02:27:16
"dr. Sri Novianty, M.Ked (Ped)., Sp.A",Sp. Anak,Siloam Hospitals Silampari (Lubuk Linggau),"Lubuk Linggau Timur I, Kota Lubuk Linggau",https://d1ojs48v3n42tp.cloudfront.net/personnels/706654_2-7-2022_19-29-28.jpeg,pediatrician,2025-06-15 02:27:19
dr. Sri Sulastri DSA Sp A (K),Sp. Anak,RS Mitra Keluarga Kelapa Gading,"Kelapa Gading, Jakarta Utara",,pediatrician,2025-06-15 02:27:19
dr. Sri Sulastri DSA Sp.A (K),Sp. Anak,RS Mitra Keluarga Kelapa Gading,"Kelapa Gading, Jakarta Utara",,pediatrician,2025-06-15 02:27:19
"dr. Sri Sulastri Katarnida, Sp.A (K)",Sp. Anak,RS Mitra Keluarga Kelapa Gading,"Kelapa Gading, Jakarta Utara",https://d1ojs48v3n42tp.cloudfront.net/personnels/728898_11-4-2022_12-3-57.png,pediatrician,2025-06-15 02:27:19
"dr. Sri Wherdani, Sp.A",Sp. Anak,RSIA Andini Pekanbaru,"Marpoyan Damai, Kota Pekanbaru",,pediatrician,2025-06-15 02:27:19
"dr. Stephani Dwiastuti, Sp.A",Sp. Anak,RS Mitra Keluarga Surabaya,"Sukomanunggal, Kota Surabaya",https://d1ojs48v3n42tp.cloudfront.net/personnels/451781_14-12-2022_17-5-31.png,pediatrician,2025-06-15 02:27:19
dr. Stephanie Supriadi Sp.A,Sp. Anak,Mayapada Hospital Bandung,"Bandung Kidul, Kota Bandung",,pediatrician,2025-06-15 02:27:19
"dr. Stephanie Yulianto, Sp.A",Sp. Anak,RS Mitra Keluarga Kalideres,"Kalideres, Jakarta Barat",https://d1ojs48v3n42tp.cloudfront.net/personnels/767591_14-12-2022_14-52-31.png,pediatrician,2025-06-15 02:27:19
"dr. Stephanie, Sp.A",Sp. Anak,RS Immanuel,"Bojongloa Kidul, Kota Bandung",https://d1ojs48v3n42tp.cloudfront.net/personnels/61172_19-5-2021_10-13-6.jpeg,pediatrician,2025-06-15 02:27:19
dr Steven Tjias Sp. A,Sp. Anak,RSKIA Eka Grand Family,"Penjaringan, Jakarta Utara",,pediatrician,2025-06-15 02:27:19
dr Steven Tjla Sp. A,Sp. Anak,RSKIA Eka Grand Family,"Penjaringan, Jakarta Utara",,pediatrician,2025-06-15 02:27:21
"dr. Suci Harini Sp.A, Subsp. Neo (K)",Sp. Anak,RS Universitas Islam Indonesia,"Pandak, Kabupaten Bantul",,pediatrician,2025-06-15 02:27:21
dr. Suci Saptayini Permadi Sp.A.,Sp. Anak,RSIA Cahaya Bunda,"Kesambi, Kota Cirebon",,pediatrician,2025-06-15 02:27:21
dr. Suci Saptyuni Permadi Sp.A,Sp. Anak,RSIA Cahaya Bunda,"Kesambi, Kota Cirebon",,pediatrician,2025-06-15 02:27:21
dr. Suci Saptyuni Permadi Sp.A,Sp. Anak,RSIA Cahaya Bunda Tabanan,"Tabanan, Kabupaten Tabanan",,pediatrician,2025-06-15 02:27:21
dr. Suci Saptyuni Permadi Sp.A,Sp. Anak,RSIA Cahaya Bunda,"Kesambi, Kota Cirebon",,pediatrician,2025-06-15 02:27:21
"dr. Sugianto Wiriadinata, Sp.A",Sp. Anak,Siloam Hospitals Lippo Cikarang,"Cikarang Selatan, Kabupaten Bekasi",https://d1ojs48v3n42tp.cloudfront.net/personnels/19519_23-6-2022_15-55-10.jpeg,pediatrician,2025-06-15 02:27:21
dr Sugijanto Sp. A,Sp. Anak,RSU Wijayakusuma Kebumen,"Kebumen, Kabupaten Kebumen",,pediatrician,2025-06-15 02:27:21
Dr. Sukmawati Tansil Tan Sp.KK,Sp. Anak,Mayapada Hospital Tangerang,"Tangerang, Tangerang",,pediatrician,2025-06-15 02:27:21
"dr. Supriyadi Bektiwibowo, Sp.A",Sp. Anak,RS Bina Husada,"Cibinong, Kabupaten Bogor",https://d1ojs48v3n42tp.cloudfront.net/personnels/869215_4-1-2023_14-26-51.png,pediatrician,2025-06-15 02:27:21
"dr. Susana Farah Diba, Sp.A, M.Kes",Sp. Anak,RS Immanuel,"Bojongloa Kidul, Kota Bandung",https://d1ojs48v3n42tp.cloudfront.net/personnels/455584_18-5-2021_17-53-52.jpeg,pediatrician,2025-06-15 02:27:24
dr. Susanti Halim Sp.A,Sp. Anak,RS Mitra Keluarga Bekasi,"Bekasi Selatan, Bekasi",,pediatrician,2025-06-15 02:27:24
"dr. Susanti Himawan, Sp. A",Sp. Anak,RS Mitra Keluarga Kemayoran,"Kemayoran, Jakarta Pusat",https://d1ojs48v3n42tp.cloudfront.net/personnels/146366_17-12-2021_14-50-11.jpeg,pediatrician,2025-06-15 02:27:24
"dr. Susy Putri Wihadi, Sp.A",Sp. Anak,RS Mitra Keluarga Depok,"Pancoran Mas, Depok",https://d1ojs48v3n42tp.cloudfront.net/personnels/699532_11-4-2022_12-54-15.jpeg,pediatrician,2025-06-15 02:27:24
Dr. Syaiful Arief Miraza Sp.A,Sp. Anak,Klinik Utama Rinjani Medika,"Cilacap Tengah, Kabupaten Cilacap",,pediatrician,2025-06-15 02:27:24
dr. Syaiful Arief Mirazza Sp.A,Sp. Anak,Klinik Utama Rinjani Medika,"Cilacap Tengah, Kabupaten Cilacap",,pediatrician,2025-06-15 02:27:24
dr. Syntia Rizki Heldiana Sp M,Sp. Anak,Klinik Mata SMEC Bekasi,"Medan Satria, Bekasi",,pediatrician,2025-06-15 02:27:24
dr. TRIE HARIWENI dr Sp.A,Sp. Anak,RS Pelabuhan Jakarta Utara,"Koja, Jakarta Utara",,pediatrician,2025-06-15 02:27:24
dr. Tanty Febriany Sp. A,Sp. Anak,RSU ST Madyang Palopo,"Wara, Kota Palopo",,pediatrician,2025-06-15 02:27:24
dr. Tessa Rulianty SpA,Sp. Anak,RS Ummi Bengkulu,"Gading Cempaka, Kota Bengkulu",,pediatrician,2025-06-15 02:27:24
"dr. Theresia Santi Dalton, Sp.A",Sp. Anak,Siloam Hospitals Lippo Cikarang,"Cikarang Selatan, Kabupaten Bekasi",https://d1ojs48v3n42tp.cloudfront.net/personnels/895356_23-6-2022_15-56-29.jpeg,pediatrician,2025-06-15 02:27:26
dr. Thomas H. Adoe Sp.A (K),Sp. Anak,RSIA Selasih Medika,"Bekasi Barat, Bekasi",,pediatrician,2025-06-15 02:27:26
"dr. Tisa Rori, Sp.A, M.Kes",Sp. Anak,RS Mitra Keluarga Bekasi,"Bekasi Selatan, Bekasi",https://d1ojs48v3n42tp.cloudfront.net/personnels/781180_14-12-2022_15-49-37.jpeg,pediatrician,2025-06-15 02:27:26
"dr. Tjatur Kuat Sucipto, Sp.A",Sp. Anak,RS Sukmul Sisma Medika,"Koja, Jakarta Utara",,pediatrician,2025-06-15 02:27:26
dr. Toddy Guntersah Sp. A,Sp. Anak,RS dr. OEN Kandang Sapi Solo,"Jebres, Kota Surakarta",,pediatrician,2025-06-15 02:27:26
dr. Tommy Nugrahadi W Sp. A,Sp. Anak,RSU San Medical Center,"Cikampek, Kabupaten Karawang",,pediatrician,2025-06-15 02:27:26
dr. Tommy Nugrahadi W Sp.A,Sp. Anak,RSU San Medical Center,"Cikampek, Kabupaten Karawang",,pediatrician,2025-06-15 02:27:26
dr. Tommy Nugrahadi W. Sp.A,Sp. Anak,RSU San Medical Center,"Cikampek, Kabupaten Karawang",,pediatrician,2025-06-15 02:27:26
dr. Tommy Nugrahadi W. Sp.A,Sp. Anak,RSU San Medical Center,"Cikampek, Kabupaten Karawang",,pediatrician,2025-06-15 02:27:26
dr Tri Sulaiyarini Sp. A,Sp. Anak,RS QIM Batang,"Batang, Kabupaten Batang",,pediatrician,2025-06-15 02:27:26
"Dr. Triana Damayanti, dr. SpA",Sp. Anak,RS Jakarta,"Setiabudi, Jakarta Selatan",,pediatrician,2025-06-15 02:27:29
dr Tunjung Wibowo Sp. A (K),Sp. Anak,Cito Bantul Yogyakarta,"Bantul, Kabupaten Bantul",,pediatrician,2025-06-15 02:27:29
"dr. Tyas Wuri handayani , Sp.A",Sp. Anak,RS Mitra Keluarga Grand Wisata,"Tambun Selatan, Kabupaten Bekasi",https://d1ojs48v3n42tp.cloudfront.net/personnels/633368_7-3-2025_11-7-2.png,pediatrician,2025-06-15 02:27:29
"dr. Valencia Junita Theno, Sp.A",Sp. Anak,Siloam Hospitals Paal Dua Manado,"Paal Dua, Kota Manado",https://d1ojs48v3n42tp.cloudfront.net/personnels/627244_29-11-2022_14-26-29.png,pediatrician,2025-06-15 02:27:29
"dr. Valencius Sunandar, Sp.A",Sp. Anak,Siloam Hospitals Bogor,"Bogor Tengah, Bogor",https://d1ojs48v3n42tp.cloudfront.net/personnels/14761_30-6-2022_16-15-42.jpeg,pediatrician,2025-06-15 02:27:29
"dr. Veronica Lily Limantara, Sp.A",Sp. Anak,Siloam Hospitals Denpasar,"Kuta, Kabupaten Badung",https://d1ojs48v3n42tp.cloudfront.net/personnels/811016_14-12-2022_13-51-34.png,pediatrician,2025-06-15 02:27:29
"dr. Vicka Farah Diba, M.Sc SpA",Sp. Anak,JIH Jogja,"Kecamatan Depok, Kabupaten Sleman",,pediatrician,2025-06-15 02:27:29
dr. Wasis Rohmja Sp.A,Sp. Anak,RS Gading Medika,"Gading Cempaka, Kota Bengkulu",,pediatrician,2025-06-15 02:27:29
"dr. Welli Hamik, Sp.A",Sp. Anak,Siloam Hospitals Purwakarta,"Bungursari, Kabupaten Purwakarta",https://d1ojs48v3n42tp.cloudfront.net/personnels/717318_4-9-2020_14-22-7.png,pediatrician,2025-06-15 02:27:29
"dr. Wendi Adam Somantri, Sp.A",Sp. Anak,RS Al-Islam Bandung,"Rancasari, Kota Bandung",,pediatrician,2025-06-15 02:27:29
"dr. Winarno, Sp.A",Sp. Anak,RS Mitra Keluarga Bekasi,"Bekasi Selatan, Bekasi",https://d1ojs48v3n42tp.cloudfront.net/personnels/130857_14-12-2022_13-49-19.jpeg,pediatrician,2025-06-15 02:27:31
"dr. Wisvici Yosua Samin, M.Sc., Sp.A",Sp. Anak,Siloam Hospitals Kebon Jeruk,"Kebon Jeruk, Jakarta Barat",https://d1ojs48v3n42tp.cloudfront.net/personnels/324007_18-4-2022_10-15-35.png,pediatrician,2025-06-15 02:27:31
"dr. Wulan Patricia Telew, Sp.A",Sp. Anak,RS Bina Husada,"Cibinong, Kabupaten Bogor",https://d1ojs48v3n42tp.cloudfront.net/personnels/719185_8-2-2023_14-27-33.png,pediatrician,2025-06-15 02:27:31
"dr. Yani Dewi Suryani, Sp.A",Sp. Anak,Mayapada Hospital Bandung,"Bandung Kidul, Kota Bandung",,pediatrician,2025-06-15 02:27:31
"dr. Yanitama Putri, Sp.A",Sp. Anak,BIMC Hospitals Kuta,"Kuta, Kabupaten Badung",https://d1ojs48v3n42tp.cloudfront.net/personnels/390886_31-10-2022_11-1-31.png,pediatrician,2025-06-15 02:27:31
dr. Yanizar Saputra W. Sp.A,Sp. Anak,RS Lira Medika,"Karawang Timur, Kabupaten Karawang",,pediatrician,2025-06-15 02:27:31
dr. Yanuar Saputra W. Sp.A,Sp. Anak,RS Lira Medika,"Karawang Timur, Kabupaten Karawang",,pediatrician,2025-06-15 02:27:31
dr. Yanuar Saputra W. Sp.A,Sp. Anak,RS Lira Medika,"Karawang Timur, Kabupaten Karawang",,pediatrician,2025-06-15 02:27:31
dr. Yanuar Saputra Widjaja Sp.A,Sp. Anak,RS Lira Medika,"Karawang Timur, Kabupaten Karawang",,pediatrician,2025-06-15 02:27:31
"dr. Yanuar Wahyu Hidayat, Sp.A",Sp. Anak,RS Mitra Keluarga Slawi,"Slawi, Tegal",https://d1ojs48v3n42tp.cloudfront.net/personnels/263517_24-5-2023_9-25-42.png,pediatrician,2025-06-15 02:27:31
dr. Yanuar saputra,Sp. Anak,RS Lira Medika,"Karawang Timur, Kabupaten Karawang",,pediatrician,2025-06-15 02:27:33
"dr. Yenny Kumalawati Santosoatmodjo, Sp.A",Sp. Anak,RS Mitra Keluarga Cibubur,"Jatisampurna, Bekasi",https://d1ojs48v3n42tp.cloudfront.net/personnels/178746_4-4-2022_14-19-58.jpeg,pediatrician,2025-06-15 02:27:33
dr. Yetty Movieta Nency Sp. A,Sp. Anak,RS Telogorejo,"Semarang Tengah, Kota Semarang",,pediatrician,2025-06-15 02:27:33
"dr. Yogi Prawira, Sp.A (K)",Sp. Anak,Siloam Hospitals TB Simatupang,"Cilandak, Jakarta Selatan",https://d1ojs48v3n42tp.cloudfront.net/personnels/521091_24-6-2022_18-19-41.jpeg,pediatrician,2025-06-15 02:27:33
"dr Yoke Kinanthi Putri, M.Sc. Sp.A",Sp. Anak,Eka Hospital Bekasi,"Tarumajaya, Kabupaten Bekasi",,pediatrician,2025-06-15 02:27:33
"dr. Yose Muliawan Pangestu, Sp.A",Sp. Anak,Mayapada Hospital Tangerang,"Tangerang, Tangerang",https://d1ojs48v3n42tp.cloudfront.net/personnels/601890_13-12-2022_13-24-26.jpeg,pediatrician,2025-06-15 02:27:33
"dr. Yosef Yanto Deventer Nyong Oematan, Sp.A",Sp. Anak,Siloam Hospitals Kupang,"Oebobo, Kota Kupang",https://d1ojs48v3n42tp.cloudfront.net/personnels/807514_14-12-2022_13-18-20.png,pediatrician,2025-06-15 02:27:33
dr. Yosiana Liska Sp.A,Sp. Anak,Mandaya Hospital Karawang,"Telukjambe Timur, Kabupaten Karawang",,pediatrician,2025-06-15 02:27:33
dr Yosianna Liska Sp.A,Sp. Anak,Mandaya Hospital Karawang,"Telukjambe Timur, Kabupaten Karawang",,pediatrician,2025-06-15 02:27:33
"dr. Yulia Antolis, Sp.A",Sp. Anak,RS Mitra Keluarga Cikarang,"Cikarang Utara, Kabupaten Bekasi",https://d1ojs48v3n42tp.cloudfront.net/personnels/29346_18-11-2022_16-55-46.jpeg,pediatrician,2025-06-15 02:27:33
Dr. Yulia Ariani Aswin Sp. A,Sp. Anak,Eka Hospital Bekasi,"Tarumajaya, Kabupaten Bekasi",,pediatrician,2025-06-15 02:27:36
"dr. Yulianto Santoso Kurniawan, Sp.A",Sp. Anak,Mayapada Hospital Jakarta Selatan,"Cilandak, Jakarta Selatan",https://d1ojs48v3n42tp.cloudfront.net/personnels/12085_24-6-2022_11-20-11.jpeg,pediatrician,2025-06-15 02:27:36
"dr. Yuly, Sp.A",Sp. Anak,RS Mitra Keluarga Delta Mas,"Cikarang Pusat, Kabupaten Bekasi",https://d1ojs48v3n42tp.cloudfront.net/personnels/216333_21-2-2023_19-8-0.jpeg,pediatrician,2025-06-15 02:27:36
"dr. Yuni Hisbiyah, Sp.A., MMRS",Sp. Anak,RS Mitra Keluarga Pondok Tjandra,"Waru, Kabupaten Sidoarjo",https://d1ojs48v3n42tp.cloudfront.net/personnels/755945_14-12-2022_14-1-0.png,pediatrician,2025-06-15 02:27:36
Dr. Yuni Kurnia P Sp.A,Sp. Anak,RS Meilia,"Cimanggis, Depok",,pediatrician,2025-06-15 02:27:36
"dr. Yurita Handoyo, Sp.A",Sp. Anak,Mayapada Hospital Tangerang,"Tangerang, Tangerang",https://d1ojs48v3n42tp.cloudfront.net/personnels/208656_8-12-2022_16-27-51.jpeg,pediatrician,2025-06-15 02:27:36
"dr. Yusnita, Sp.A",Sp. Anak,RS Mitra Keluarga Depok,"Pancoran Mas, Depok",https://d1ojs48v3n42tp.cloudfront.net/personnels/67153_11-4-2022_12-56-10.jpeg,pediatrician,2025-06-15 02:27:36
"dr. Zenia Angelina, Sp.A, M.Biomed",Sp. Anak,RS Mitra Keluarga Pondok Tjandra,"Waru, Kabupaten Sidoarjo",https://d1ojs48v3n42tp.cloudfront.net/personnels/705805_19-6-2024_11-48-24.jpeg,pediatrician,2025-06-15 02:27:36
dr. Zulbakhri Sp.A,Sp. Anak,RS Kenari Graha Medika,"Cileungsi, Kabupaten Bogor",,pediatrician,2025-06-15 02:27:36
"dr. d SARI WHARDHANI MAHLIGAI PATERY, MSC, Sp.A",Sp. Anak,RSIA Annisa Pekanbaru,"Marpoyan Damai, Kota Pekanbaru",,pediatrician,2025-06-15 02:27:36
dr Dessy Sinta Sp. A,Sp. Anak,RS Universitas Islam Indonesia,"Pandak, Kabupaten Bantul",,pediatrician,2025-06-15 02:27:38
dr Leonirman Tengguna M Sc Sp A,Sp. Anak,RSIA Bina Medika,"Pondok Aren, Tangerang Selatan",,pediatrician,2025-06-15 02:27:38
dr Liyanthy Chandra Sp. A,Sp. Anak,RS Antam Medika,"Pulo Gadung, Jakarta Timur",,pediatrician,2025-06-15 02:27:38
"dr PRIYANTI KISWORINI, M. KES, SP. A (K), DR. MUHAMMAD ALQODRI GANI dr. NUR MILA",Sp. Anak,RS Sari Mulia Banjarmasin,"Banjarmasin Tengah, Kota Banjarmasin",,pediatrician,2025-06-15 02:27:38
dr Siska sp.A,Sp. Anak,Tzu Chi Hospital,"Penjaringan, Jakarta Utara",,pediatrician,2025-06-15 02:27:38
"dr. ADRIAN JOHAN KHOMAN, Sp.A",Sp. Anak,Murni Teguh Memorial Hospital,"Medan Timur, Kota Medan",,pediatrician,2025-06-15 02:27:38
dr. ANASTASIA MAUREEN,Sp. Anak,Mayapada Hospital Tangerang,"Tangerang, Tangerang",,pediatrician,2025-06-15 02:27:38
"dr. Adhini Dwirespati, Sp.A",Sp. Anak,Bintaro Woman and Children Clinic Senayan,"Pondok Aren, Tangerang Selatan",,pediatrician,2025-06-15 02:27:38
"dr. Agus Budiarto, Sp.A, M.Ked.Klin",Sp. Anak,RS Islam Surabaya,"Wonokromo, Kota Surabaya",,pediatrician,2025-06-15 02:27:38
dr. Andi Cahyadi Sp.A,Sp. Anak,Siloam Hospitals Surabaya,"Gubeng, Kota Surabaya",,pediatrician,2025-06-15 02:27:38
dr. Andreas Sp.A,Sp. Anak,RSIA Melati Husada,"Klojen, Kota Malang",,pediatrician,2025-06-15 02:27:41
"dr. Andy Setiawan, Sp.A",Sp. Anak,RS PIK,"Penjaringan, Jakarta Utara",,pediatrician,2025-06-15 02:27:41
"dr. Anis Amiranti, Sp.A",Sp. Anak,RS Wiyung Sejahtera,"Wiyung, Kota Surabaya",,pediatrician,2025-06-15 02:27:41
"dr. Ari Mulyani, SpA",Sp. Anak,RS An-Nisa Tangerang,"Cibodas, Tangerang",,pediatrician,2025-06-15 02:27:41
"dr. Arie Kurniasih, Sp.A",Sp. Anak,RS Awal Bros A Yani Pekanbaru,"Pekanbaru Kota, Kota Pekanbaru",,pediatrician,2025-06-15 02:27:41
"dr. Asri Kartika Putri, M.Med.Sc, Sp.A",Sp. Anak,RS Pondok Indah - Puri Indah,"Kembangan, Jakarta Barat",,pediatrician,2025-06-15 02:27:41
dr. Avyandita Meirizkia,Sp. Anak,Siloam Hospitals Sriwijaya Palembang,"Ilir Barat I, Kota Palembang",,pediatrician,2025-06-15 02:27:41
"dr. Bagus Samsu Tri Nugroho, Sp.A",Sp. Anak,RSIA Pondok Jati,"Sidoarjo, Kabupaten Sidoarjo",,pediatrician,2025-06-15 02:27:41
"dr. Budi Ranu Bedali, Sp.A",Sp. Anak,RS Keluarga Sehat Pati,"Margorejo, Pati",,pediatrician,2025-06-15 02:27:41
"dr. Budi Setiawan, Sp.A",Sp. Anak,RS Katolik St. Vincentius a Paulo (RKZ),"Wonokromo, Kota Surabaya",,pediatrician,2025-06-15 02:27:41
dr. Budi Yudono,Sp. Anak,RS Permata Dalima Serpong,"Serpong, Tangerang Selatan",,pediatrician,2025-06-15 02:27:44
"dr. Cahya Dewi S M.Kes, Sp.A (K)",Sp. Anak,JIH Jogja,"Kecamatan Depok, Kabupaten Sleman",,pediatrician,2025-06-15 02:27:44
"dr. Caroline Kurniawan, Sp.A",Sp. Anak,RS dr. OEN Kandang Sapi Solo,"Jebres, Kota Surakarta",,pediatrician,2025-06-15 02:27:44
"dr. Centaura Naila Affin Camielle, Sp.A. M.Biomed",Sp. Anak,RSIA Puri Malang,"Klojen, Kota Malang",,pediatrician,2025-06-15 02:27:44
"dr. Damar Prasetya, Sp.A, M.Psi.T",Sp. Anak,RS Pelni Petamburan,"Palmerah, Jakarta Barat",,pediatrician,2025-06-15 02:27:44
"dr. Dessy Anitasari, Sp.A",Sp. Anak,RSIA dr. Djoko Pramono,"Karawang Barat, Kabupaten Karawang",,pediatrician,2025-06-15 02:27:44
"dr. Devie Kristiani, Sp.A",Sp. Anak,RS Bethesda Yogyakarta,"Gondokusuman, Kota Yogyakarta",,pediatrician,2025-06-15 02:27:44
"dr. Dian Wulandaru Sukmaning Pertiwi, SpA",Sp. Anak,RS Mitra Keluarga Bintaro,"Pondok Aren, Tangerang Selatan",,pediatrician,2025-06-15 02:27:44
"dr. Dianto, Sp.A",Sp. Anak,RS PIK,"Penjaringan, Jakarta Utara",,pediatrician,2025-06-15 02:27:44
"dr. Edward Lionardus, Sp.A",Sp. Anak,RS Melinda 2,"Cicendo, Kota Bandung",,pediatrician,2025-06-15 02:27:44
"dr. Elda Khalida, SpA, MKes",Sp. Anak,RSU San Medical Center,"Cikampek, Kabupaten Karawang",,pediatrician,2025-06-15 02:27:47
dr. Elisa Sp.A (K),Sp. Anak,JIH Jogja,"Kecamatan Depok, Kabupaten Sleman",,pediatrician,2025-06-15 02:27:47
"dr. Elvira, Sp.A",Sp. Anak,RS PIK,"Penjaringan, Jakarta Utara",,pediatrician,2025-06-15 02:27:47
"dr. Emma Fury, Sp.A",Sp. Anak,RS Pertamina Tarakan,"Tarakan Barat, Kota Tarakan",,pediatrician,2025-06-15 02:27:47
"dr. Erlina Masniari Napitupulu, M.Ked(Ped), Sp.A",Sp. Anak,RS EMC Sentul,"Babakan Madang, Kabupaten Bogor",,pediatrician,2025-06-15 02:27:47
dr. Ery Olivianto Sp.A,Sp. Anak,RSIA Melati Children Hospital,"Klojen, Kota Malang",,pediatrician,2025-06-15 02:27:47
dr. Felicia Limantoro,Sp. Anak,National Hospital,"Wiyung, Kota Surabaya",,pediatrician,2025-06-15 02:27:47
dr. Felix Candra Sutanto,Sp. Anak,Eka Hospital Bekasi,"Tarumajaya, Kabupaten Bekasi",,pediatrician,2025-06-15 02:27:47
"dr. Grace Malinda Limopranoto, Sp.A",Sp. Anak,Mayapada Hospital Surabaya,"Sawahan, Kota Surabaya",,pediatrician,2025-06-15 02:27:47
"dr. Gusti Istri Agung Widnyani, Sp.A",Sp. Anak,RSIA Puri Bunda Tabanan,"Kediri, Kabupaten Tabanan",,pediatrician,2025-06-15 02:27:47
"dr. Hasan Basri, SpA",Sp. Anak,RSUD R. Syamsudin S.H,"Cikole, Kota Sukabumi",,pediatrician,2025-06-15 02:27:51
"dr. Ida Ayu Ariwintan, Sp.A",Sp. Anak,RS Meloy Sangatta,"Sangatta Utara, Kabupaten Kutai Timur",,pediatrician,2025-06-15 02:27:51
"dr. Ida Farida Nurohmah, Sp.A",Sp. Anak,RS Indriati Baru Sukoharjo,"Grogol, Kab Sukoharjo",,pediatrician,2025-06-15 02:27:51
"dr. Indra Tamboen, Sp.A",Sp. Anak,RSIA Aisyiyah Samarinda,"Samarinda Kota, Kota Samarinda",,pediatrician,2025-06-15 02:27:51
"dr. Irna Chandra, Sp.A",Sp. Anak,Siloam Hospitals Bangka,"Pangkalan Baru,  Kabupaten Bangka Tengah",,pediatrician,2025-06-15 02:27:51
"dr. Johan Gautama, Sp.A",Sp. Anak,RS Royal Surabaya,"Tenggilis Mejoyo, Kota Surabaya",,pediatrician,2025-06-15 02:27:51
"dr. Johnny Nurman, Sp. A",Sp. Anak,RS Abdi Waluyo,"Menteng, Jakarta Pusat",,pediatrician,2025-06-15 02:27:51
"dr. Khadijah, Sp.A",Sp. Anak,RSIA Lombok Dua Dua Jl. Flores,"Wonokromo, Kota Surabaya",,pediatrician,2025-06-15 02:27:51
dr. Kurniawan Sp.A,Sp. Anak,RS Intan Husada Garut,"Tarogong Kidul, Kabupaten Garut",,pediatrician,2025-06-15 02:27:51
"dr. Lesmana Syahrir, SpA, M.Kes",Sp. Anak,RS Mitra Medika Premier,"Medan Petisah, Kota Medan",,pediatrician,2025-06-15 02:27:51
dr. Lili Sianawati SpA,Sp. Anak,RS Columbia Asia Semarang,"Semarang Barat, Kota Semarang",,pediatrician,2025-06-15 02:27:54
dr. Luthfi Sp.A,Sp. Anak,RSIA Cicik,"Padang Timur, Kota Padang",,pediatrician,2025-06-15 02:27:54
"Dr. dr. M.F. Conny Tanjung, Sp.A(K)",Sp. Anak,RS PIK,"Penjaringan, Jakarta Utara",,pediatrician,2025-06-15 02:27:54
dr. MARLYN CECILIA MALONDA,Sp. Anak,Mayapada Hospital Tangerang,"Tangerang, Tangerang",,pediatrician,2025-06-15 02:27:54
"dr. Margaretha Juliana Sitanggang, Sp.A",Sp. Anak,RS Harapan Bunda Jakarta,"Ciracas, Jakarta Timur",,pediatrician,2025-06-15 02:27:54
"dr. Maria Conny, Sp.A",Sp. Anak,RS PIK,"Penjaringan, Jakarta Utara",,pediatrician,2025-06-15 02:27:54
"dr. Marlina Tanjung, Sp.A",Sp. Anak,RS Agung,"Setiabudi, Jakarta Selatan",,pediatrician,2025-06-15 02:27:54
"dr. Martinus, Sp.A",Sp. Anak,RS Harapan Bunda Jakarta,"Ciracas, Jakarta Timur",,pediatrician,2025-06-15 02:27:54
"dr. Mira Hayati Hartadi, Sp.A",Sp. Anak,RSIA Grha Bunda,"Kiaracondong, Kota Bandung",,pediatrician,2025-06-15 02:27:54
"dr. Muchammad Fahrul Udin , Sp.A, Subsp. Resp. (K)",Sp. Anak,Persada Hospital,"Blimbing, Kota Malang",,pediatrician,2025-06-15 02:27:54
"dr. Muchammad Fahrul Udin , Sp.A, Subsp. Resp. (K)",Sp. Anak,RS Mitra Keluarga Pondok Tjandra,"Waru, Kabupaten Sidoarjo",https://d1ojs48v3n42tp.cloudfront.net/personnels/207008_3-2-2025_14-15-56.png,pediatrician,2025-06-15 02:27:56
"dr. Myrna Soepriadi,Sp.A(K)",Sp. Anak,RSIA Limijati,"Bandung Wetan, Kota Bandung",,pediatrician,2025-06-15 02:27:56
"dr. Natali Erica J, Sp.A",Sp. Anak,RS Petrokimia Gresik,"Gresik, Kabupaten Gresik",,pediatrician,2025-06-15 02:27:56
"dr. Ni Gusti Ayu Asih Ratnadi, Sp.A",Sp. Anak,Kasih Ibu Hospital Tabanan,"Tabanan, Kabupaten Tabanan",,pediatrician,2025-06-15 02:27:56
"dr. Nova Yulia Rita, MKed(Ped), SpA",Sp. Anak,RS Mitra Medika Premier,"Medan Petisah, Kota Medan",,pediatrician,2025-06-15 02:27:56
dr. Nugrah Tri Amiranti,Sp. Anak,Eka Hospital Bekasi,"Tarumajaya, Kabupaten Bekasi",,pediatrician,2025-06-15 02:27:56
"dr. Nur Faizah, Sp.A",Sp. Anak,RSU Ananda Purwokerto,"Purwokerto Barat, Kabupaten Banyumas",,pediatrician,2025-06-15 02:27:56
"dr. Nur Ramadhan Sp.A., M.Biomed",Sp. Anak,RS Wava Husada,"Kepanjen, Kabupaten Malang",,pediatrician,2025-06-15 02:27:56
"dr. Octi Setyarini, Sp.A",Sp. Anak,Siloam Hospitals Denpasar,"Kuta, Kabupaten Badung",,pediatrician,2025-06-15 02:27:56
"dr. Olga Vicetria Putrie Purba, Sp.A",Sp. Anak,Mayapada Hospital Bandung,"Bandung Kidul, Kota Bandung",,pediatrician,2025-06-15 02:27:56
"dr. Pebriansyah,Sp.A",Sp. Anak,Mayapada Hospital Jakarta Selatan,"Cilandak, Jakarta Selatan",,pediatrician,2025-06-15 02:27:58
"dr. Putri, Sp.A",Sp. Anak,RS Pusat Pertamina,"Kebayoran Baru, Jakarta Selatan",,pediatrician,2025-06-15 02:27:58
"dr. Putu Fristia Indarini, Sp.A",Sp. Anak,RSIA JWCC Asih,"Kebayoran Baru, Jakarta Selatan",,pediatrician,2025-06-15 02:27:58
dr. RACHMAT KURNIAWAN,Sp. Anak,Mayapada Hospital Tangerang,"Tangerang, Tangerang",,pediatrician,2025-06-15 02:27:58
dr. ROBBIE LAURENTZ,Sp. Anak,Mayapada Hospital Tangerang,"Tangerang, Tangerang",,pediatrician,2025-06-15 02:27:58
"dr. Raymond Warouw, Sp.A",Sp. Anak,RS Mitra Medika Premier,"Medan Petisah, Kota Medan",,pediatrician,2025-06-15 02:27:58
"dr. Resna Nurhantika Sary, Sp.A",Sp. Anak,RS Citama,"Bojonggede, Kabupaten Bogor",,pediatrician,2025-06-15 02:27:58
"dr. Ria Puspita Sari, Sp.A",Sp. Anak,RSKIA Eka Grand Family,"Penjaringan, Jakarta Utara",,pediatrician,2025-06-15 02:27:58
"dr. Ricki Rajagukguk, Sp.A",Sp. Anak,RSIA Limijati,"Bandung Wetan, Kota Bandung",,pediatrician,2025-06-15 02:27:58
"dr. Ricky Hartono, Sp.A",Sp. Anak,RS Santo Yusup,"Cibeunying Kidul, Kota Bandung",,pediatrician,2025-06-15 02:27:58
"dr. Rini Wulandari, SpA",Sp. Anak,RSIA As-Syifa Sangatta,"Sangatta Utara, Kabupaten Kutai Timur",,pediatrician,2025-06-15 02:28:01
"dr. Riska, SpA",Sp. Anak,RSIA Bunda Aisyah,"Indihiang, Kota Tasikmalaya",,pediatrician,2025-06-15 02:28:01
"dr. Roy Frederik Hija, Sp.A",Sp. Anak,RS Santo Yusup,"Cibeunying Kidul, Kota Bandung",,pediatrician,2025-06-15 02:28:01
"dr. Rudy Ciulianto, Sp.A",Sp. Anak,RS Ukrida,"Kebon Jeruk, Jakarta Barat",,pediatrician,2025-06-15 02:28:01
"dr. Satrio Bhuwono Prakoso, Sp.A",Sp. Anak,RS PMI Bogor,"Bogor Utara, Bogor",,pediatrician,2025-06-15 02:28:01
"dr. Sri Murni A Ritonga, Sp.A,M.Kes",Sp. Anak,RSIA Belleza Kedaton,"Kedaton, Kota Bandar Lampung",,pediatrician,2025-06-15 02:28:01
"dr. Syaharadian, SpA",Sp. Anak,RS Pelabuhan Jakarta Utara,"Koja, Jakarta Utara",,pediatrician,2025-06-15 02:28:01
dr. Syifa Fauziah Safithri,Sp. Anak,RS Intan Husada Garut,"Tarogong Kidul, Kabupaten Garut",,pediatrician,2025-06-15 02:28:01
dr. dr. Theresia Santi Sp.A,Sp. Anak,Siloam Clinic Meikarta,"Cikarang Selatan, Kabupaten Bekasi",,pediatrician,2025-06-15 02:28:01
"dr. Tri Yuliani M.Sc, Sp.A",Sp. Anak,Mayapada Hospital Bogor,"Bogor Timur, Bogor",,pediatrician,2025-06-15 02:28:01
"dr. Vanisia Hayu F, Sp.A",Sp. Anak,RS Gatoel,"Prajurit Kulon, Kota Mojokerto",,pediatrician,2025-06-15 02:28:03
"dr. Venty, Sp.A",Sp. Anak,RS Bethsaida,"Kelapa Dua, Kabupaten Tangerang",,pediatrician,2025-06-15 02:28:03
"dr. Wahyu Ningsih Lestari, Sp.A",Sp. Anak,RS Restu Ibu Balikpapan,"Balikpapan Tengah, Kota Balikpapan",,pediatrician,2025-06-15 02:28:03
"dr. William Grandinata,Sp.A",Sp. Anak,RS Bhakti Yudha,"Pancoran Mas, Depok",,pediatrician,2025-06-15 02:28:03
"dr. William Nawawi, Sp.A",Sp. Anak,Charitas Hospital Palembang,"Ilir Timur I, Kota Palembang",,pediatrician,2025-06-15 02:28:03
"dr. Winda Paramitha, M.Sc, Sp.A",Sp. Anak,RS Petrokimia Gresik,"Gresik, Kabupaten Gresik",,pediatrician,2025-06-15 02:28:03
dr. YOSE MULIAWAN PANGESTU,Sp. Anak,Mayapada Hospital Tangerang,"Tangerang, Tangerang",,pediatrician,2025-06-15 02:28:03
"dr. Yuni Kurnia P, Sp A",Sp. Anak,RS Meilia,"Cimanggis, Depok",,pediatrician,2025-06-15 02:28:03
"dr. Zulmansjah, SpA",Sp. Anak,RSIA Limijati,"Bandung Wetan, Kota Bandung",,pediatrician,2025-06-15 02:28:03
"dr.Evelyn Phangkawira, Sp.A., M.Kes",Sp. Anak,St. Antonius Pontianak,"Pontianak Kota, Kota Pontianak",,pediatrician,2025-06-15 02:28:03
Dr. Achirul Bakri Sp.A,Sp. Anak,Praktik dr. Achirul Bakri Sp.A (K),"Ilir Timur II, Kota Palembang",,pediatrician,2025-06-15 02:28:08
"dr. Ade Indrisari, Sp.A M.Kes",Sp. Anak,"dr. Ade Indrisari, Sp.A, M.Kes","Sleman, Kabupaten Sleman",,pediatrician,2025-06-15 02:28:08
"dr. Ade Indrisari, Sp.A M.Kes",Sp. Anak,KLINIK PATEN,"Ciracas, Jakarta Timur",,pediatrician,2025-06-15 02:28:08
Dr. Ade Nur Prihadi Sp.A,Sp. Anak,halodoc,"Setiabudi, Jakarta Selatan",,pediatrician,2025-06-15 02:28:08
dr. Ade Nur Prihadi Sutopo Sp.A,Sp. Anak,halodoc,"Setiabudi, Jakarta Selatan",,pediatrician,2025-06-15 02:28:08
"Dr. Adhie Nur Radityo Suswihardhyono M.Si.Med, Sp.A(K)",Sp. Anak,halodoc,"Setiabudi, Jakarta Selatan",,pediatrician,2025-06-15 02:28:08
Dr. Adhini Dwirespati Sp.A,Sp. Anak,halodoc,"Setiabudi, Jakarta Selatan",,pediatrician,2025-06-15 02:28:08
dr. Adhitya Agung Pratama Sp A,Sp. Anak,Klinik Khitan Martadinata,"Kuningan, Kabupaten Kuningan",,pediatrician,2025-06-15 02:28:08
dr. Adi Suryadinata Krisetya Sp.A,Sp. Anak,halodoc,"Setiabudi, Jakarta Selatan",,pediatrician,2025-06-15 02:28:08
Dr. Adila Nurhadiya Sp.A,Sp. Anak,halodoc,"Setiabudi, Jakarta Selatan",,pediatrician,2025-06-15 02:28:08
"dr. Adip Hermawan, MSc SpA",Sp. Anak,"dr ADIP HERMAWAN, MSc, SpA","Polanharjo, Klaten",,pediatrician,2025-06-15 02:28:11
"Dr. Adkhiatul Muslihatin M.Ked.Klin, Sp.A",Sp. Anak,halodoc,"Setiabudi, Jakarta Selatan",,pediatrician,2025-06-15 02:28:11
"Dr. Afnita Lestary M.Ked.Ped, Sp.A, CIMI",Sp. Anak,halodoc,"Setiabudi, Jakarta Selatan",,pediatrician,2025-06-15 02:28:11
Dr. Agung Indra D. Sp.A,Sp. Anak,KLINIK DR. MURSIDIN,"Senen, Jakarta Pusat",,pediatrician,2025-06-15 02:28:11
Dr Agus Darajat Sp A,Sp. Anak,Klinik Kresna Raya,"Bogor Utara, Bogor",,pediatrician,2025-06-15 02:28:11
dr. Agus Santoso Sp.A,Sp. Anak,Apotek Keluarga Kediri,"Grogol, Kabupaten Kediri",,pediatrician,2025-06-15 02:28:11
Dr. Agus Sucianto Sp.A,Sp. Anak,halodoc,"Setiabudi, Jakarta Selatan",,pediatrician,2025-06-15 02:28:11
dr. AgusCahyono Sp. A,Sp. Anak,RS Muji Rahayu,"Tandes, Kota Surabaya",,pediatrician,2025-06-15 02:28:11
dr. Ahimsa Yoga Anindita Sp. A,Sp. Anak,Klinik Ahimsah Yoga SpA,"Klaten Utara, Kab Klaten",,pediatrician,2025-06-15 02:28:11
"Dr. Aileen Clarissa Dauhan M.Ked(Ped), Sp.A",Sp. Anak,halodoc,"Setiabudi, Jakarta Selatan",,pediatrician,2025-06-15 02:28:11
dr Aileen Clarissa Dauhan Sp. A,Sp. Anak,halodoc,"Setiabudi, Jakarta Selatan",,pediatrician,2025-06-15 02:28:13
Dr. Aisya Fikritama A. Sp.A,Sp. Anak,halodoc,"Setiabudi, Jakarta Selatan",,pediatrician,2025-06-15 02:28:13
dr. Ajeng Indriastari Sp.A,Sp. Anak,Praktek Dokter Anak dr. Ajeng Indriastari Sp.A,"Bekasi Selatan, Bekasi",,pediatrician,2025-06-15 02:28:13
Dr. Akhmad Fauziannoor Sp.A,Sp. Anak,halodoc,"Setiabudi, Jakarta Selatan",,pediatrician,2025-06-15 02:28:13
dr. Alders Swisman Sp A,Sp. Anak,Klinik Utama & Apotek SInergi Sehat,"Pulo Gadung, Jakarta Timur",,pediatrician,2025-06-15 02:28:13
dr. Alders Swisman Sp A,Sp. Anak,Klinik Utama & Apotek SInergi Sehat,"Pulo Gadung, Jakarta Timur",,pediatrician,2025-06-15 02:28:13
Dr. Alders Swisman Sp A,Sp. Anak,Apotek Rini,"Johar Baru, Jakarta Pusat",,pediatrician,2025-06-15 02:28:13
dr. Ali Khomaini Alhadar Sp. A (K),Sp. Anak,halodoc,"Setiabudi, Jakarta Selatan",,pediatrician,2025-06-15 02:28:13
Dr. Ali Syaugi Badriq Sp A,Sp. Anak,Apotik Kita,"Bekasi Selatan, Bekasi",,pediatrician,2025-06-15 02:28:13
"dr. Ali Syaugi Badriq, Sp.A",Sp. Anak,Apotek Kita,"Setiabudi, Jakarta Selatan",,pediatrician,2025-06-15 02:28:13
"Dr. Ali Syaugi Badriq, Sp.A",Sp. Anak,Apotek Kita,"Setiabudi, Jakarta Selatan",,pediatrician,2025-06-15 02:28:16
"Dr. Alina Nasution Sp.A, MPH",Sp. Anak,halodoc,"Setiabudi, Jakarta Selatan",,pediatrician,2025-06-15 02:28:16
dr. Alina Rusmaya Sp.A,Sp. Anak,halodoc,"Setiabudi, Jakarta Selatan",,pediatrician,2025-06-15 02:28:16
dr. Allisa Majeda Sp. A,Sp. Anak,apotek berkat cimahi,"Cimahi Utara, Kota Cimahi",,pediatrician,2025-06-15 02:28:16
Dr. Allisa Majeda Sp. A,Sp. Anak,Klinik Utama dr. Nur 3,"Cimahi Utara, Kota Cimahi",,pediatrician,2025-06-15 02:28:16
Dr. Allisa Majeda Sp. A,Sp. Anak,apotek berkat cimahi,"Cimahi Utara, Kota Cimahi",,pediatrician,2025-06-15 02:28:16
Dr. Almira Muthia Deaneva Sp.A,Sp. Anak,halodoc,"Setiabudi, Jakarta Selatan",,pediatrician,2025-06-15 02:28:16
dr. Alvin A.K. Sp.A,Sp. Anak,Apotik Kelapa Gading Permai,"Kelapa Gading, Jakarta Utara",,pediatrician,2025-06-15 02:28:16
Dr. Amaliah Harumi Karim Sp.A,Sp. Anak,halodoc,"Setiabudi, Jakarta Selatan",,pediatrician,2025-06-15 02:28:16
"Prof. Dr. dr. Aman Bhakti Pulungen, Sp.A(K), FAAP, FRCPI (Hon)",Sp. Anak,"Klinik Utama AP&AP Pediatric, Growth and Diabetes Center","Setiabudi, Jakarta Selatan",,pediatrician,2025-06-15 02:28:16
Dr. Amir H. Alim Sp.A,Sp. Anak,Apotik Kelapa Gading Permai,"Kelapa Gading, Jakarta Utara",,pediatrician,2025-06-15 02:28:18
"Dr. Amir H. Rahim, Sp.A",Sp. Anak,Apotik Kelapa Gading Permai,"Kelapa Gading, Jakarta Utara",,pediatrician,2025-06-15 02:28:18
Dr. An Nieza Dea Versary Sp.A,Sp. Anak,halodoc,"Setiabudi, Jakarta Selatan",,pediatrician,2025-06-15 02:28:18
"Dr. Anak Agung Ayu Windi Antari MSc, Sp.A",Sp. Anak,halodoc,"Setiabudi, Jakarta Selatan",,pediatrician,2025-06-15 02:28:18
Dr. Andi Ayu Hafsari Sp.A,Sp. Anak,halodoc,"Setiabudi, Jakarta Selatan",,pediatrician,2025-06-15 02:28:18
"dr. Andi Gunawan Kwan, Sp.A , M.Biomed",Sp. Anak,"dr. Andi Gunawan Kwan, Sp.A , M.Biomed","Sukolilo, Kota Surabaya",,pediatrician,2025-06-15 02:28:18
"dr. Andi Gunawan, SpA M. Biomed",Sp. Anak,Halodoc Teleconsultation,"Setiabudi, Jakarta Selatan",,pediatrician,2025-06-15 02:28:18
Dr. Andi Rasdiana Sp.A,Sp. Anak,halodoc,"Setiabudi, Jakarta Selatan",,pediatrician,2025-06-15 02:28:18
dr. Andika Sp. A,Sp. Anak,APOTEK YAKIN SEHAT,"Prabumulih Barat, Kota Prabumulih",,pediatrician,2025-06-15 02:28:18
dr. Andre Inigo Sp.A,Sp. Anak,halodoc,"Setiabudi, Jakarta Selatan",,pediatrician,2025-06-15 02:28:18
dr. Andrew Hartono Sp.A,Sp. Anak,Apotek Mitra Kita,"Semarang Barat, Kota Semarang",,pediatrician,2025-06-15 02:28:21
Dr. Andy Setiawan Sp.A,Sp. Anak,halodoc,"Setiabudi, Jakarta Selatan",,pediatrician,2025-06-15 02:28:21
"dr. Anggun Kusumasari, Sp.A, M.Sc",Sp. Anak,Siloam Hospitals Balikpapan,"Balikpapan Selatan, Kota Balikpapan",https://d1ojs48v3n42tp.cloudfront.net/personnels/837743_30-6-2021_16-30-53.png,pediatrician,2025-06-15 02:28:21
"dr. Anggun Sri Mardhika, Sp.A",Sp. Anak,Prodia Sumedang,"Sumedang Selatan, Kabupaten Sumedang",,pediatrician,2025-06-15 02:28:21
"dr. Anggun Sri Mardhika, Sp.A",Sp. Anak,RS Umum Daerah Sumedang,"Sumedang Selatan, Kabupaten Sumedang",,pediatrician,2025-06-15 02:28:21
Dr. Anita Yolaningtyas Sp.A,Sp. Anak,halodoc,"Setiabudi, Jakarta Selatan",,pediatrician,2025-06-15 02:28:21
Dr. Anlidya Permatasari Sp.A,Sp. Anak,halodoc,"Setiabudi, Jakarta Selatan",,pediatrician,2025-06-15 02:28:21
Dr. Anna Mariska Sp.A,Sp. Anak,halodoc,"Setiabudi, Jakarta Selatan",,pediatrician,2025-06-15 02:28:21
"Dr. Annette Regina Brahmana M.Ked(Ped), Sp.A",Sp. Anak,halodoc,"Setiabudi, Jakarta Selatan",,pediatrician,2025-06-15 02:28:21
"dr. Annisa Nur Aini, Sp.A",Sp. Anak,halodoc,"Setiabudi, Jakarta Selatan",,pediatrician,2025-06-15 02:28:21
Dr. Annisa Trie Anna Sp.A,Sp. Anak,halodoc,"Setiabudi, Jakarta Selatan",,pediatrician,2025-06-15 02:28:23
"Dr. Annisa Zuhrah M.Ked(Ped), Sp.A",Sp. Anak,halodoc,"Setiabudi, Jakarta Selatan",,pediatrician,2025-06-15 02:28:23
"Dr. Annisa' Hasanah Sp.A, M.Si",Sp. Anak,halodoc,"Setiabudi, Jakarta Selatan",,pediatrician,2025-06-15 02:28:23
dr. Arauna Catalia Sp.A,Sp. Anak,Kimia Farma Beringin,"Jambi Selatan, Kota Jambi",,pediatrician,2025-06-15 02:28:23
dr. Ari Dwi Ristianto Sp.A,Sp. Anak,Praktek dokter.,"Bukit Raya, Kota Pekanbaru",,pediatrician,2025-06-15 02:28:23
"Dr. Ari Dwi Ristianto, Sp.A",Sp. Anak,halodoc,"Setiabudi, Jakarta Selatan",,pediatrician,2025-06-15 02:28:23
"dr. Ariawan Setiadi, Sp.A",Sp. Anak,halodoc,"Setiabudi, Jakarta Selatan",,pediatrician,2025-06-15 02:28:23
dr. Arie Sulistiyowati Sp. A,Sp. Anak,KLINIK UTAMA RAWAT INAP AIRLANGGA,"Pasar Rebo, Jakarta Timur",,pediatrician,2025-06-15 02:28:23
"Dr. Arie Surya Nugrahaeni M.Med.Sc, Sp.A",Sp. Anak,halodoc,"Setiabudi, Jakarta Selatan",,pediatrician,2025-06-15 02:28:23
Dr. Arief Rahman Sp.A,Sp. Anak,halodoc,"Setiabudi, Jakarta Selatan",,pediatrician,2025-06-15 02:28:23
"dr. Arini Rahmawati, M.Sc. Sp.A",Sp. Anak,Rumah Sakit Umum Wijayakusuma,"Kebumen, Kabupaten Kebumen",,pediatrician,2025-06-15 02:28:25
Dr. Arinurtia Rachmajati Sp.A,Sp. Anak,halodoc,"Setiabudi, Jakarta Selatan",,pediatrician,2025-06-15 02:28:25
Dr. Arlita Putri Sp.A,Sp. Anak,halodoc,"Setiabudi, Jakarta Selatan",,pediatrician,2025-06-15 02:28:25
dr. Arsi Widyastriastuti Sp.A,Sp. Anak,"Praktek dr. Arsi Widyastriastuti, Sp.A","Puncu, Kabupaten Kediri",,pediatrician,2025-06-15 02:28:25
Arwin Dr SP A,Sp. Anak,Apotek Kombi Pondok Kelapa,"Duren Sawit, Jakarta Timur",,pediatrician,2025-06-15 02:28:25
dr. Asrul Sp.A,Sp. Anak,halodoc,"Setiabudi, Jakarta Selatan",,pediatrician,2025-06-15 02:28:25
Dr. Astarini Hidayah Sp.A,Sp. Anak,halodoc,"Setiabudi, Jakarta Selatan",,pediatrician,2025-06-15 02:28:25
Dr. Astri S Prasasti Sp.A,Sp. Anak,halodoc,"Setiabudi, Jakarta Selatan",,pediatrician,2025-06-15 02:28:25
"dr. Ati Rahmipurwandari, M.Biomed., Sp.A",Sp. Anak,Siloam Hospitals Banjarmasin,"Banjarmasin Tengah, Kota Banjarmasin",https://d1ojs48v3n42tp.cloudfront.net/personnels/210256_1-11-2022_10-0-44.jpeg,pediatrician,2025-06-15 02:28:25
Dr. Atiek Widyasari Oswari Sp.A.,Sp. Anak,halodoc,"Setiabudi, Jakarta Selatan",,pediatrician,2025-06-15 02:28:25
Dr. Audrey Sp.A,Sp. Anak,halodoc,"Setiabudi, Jakarta Selatan",,pediatrician,2025-06-15 02:28:28
Dr. Aulia Rusyada Sp. A,Sp. Anak,APOTEK SAHABAT,"Samarinda Kota, Kota Samarinda",,pediatrician,2025-06-15 02:28:28
dr. Aulia Rusyda Sp.A,Sp. Anak,APOTEK SAHABAT,"Samarinda Kota, Kota Samarinda",,pediatrician,2025-06-15 02:28:28
dr. Aulia Rusyda Sp.A,Sp. Anak,Apotik Sahabat,"Karawang Timur, Kabupaten Karawang",,pediatrician,2025-06-15 02:28:28
"Dr. Aunillah Sp.A, M.Biomed",Sp. Anak,halodoc,"Setiabudi, Jakarta Selatan",,pediatrician,2025-06-15 02:28:28
Dr. Avian Andika Sp.A,Sp. Anak,halodoc,"Setiabudi, Jakarta Selatan",,pediatrician,2025-06-15 02:28:28
Dr. Ayi Dilla Septarini Sp. A,Sp. Anak,BWCC Bekasi,"Bekasi Selatan, Bekasi",,pediatrician,2025-06-15 02:28:28
dr. Ayly Soekanto M.Kes,Sp. Anak,halodoc,"Setiabudi, Jakarta Selatan",,pediatrician,2025-06-15 02:28:28
dr. Ayu Ekowita Sp.A,Sp. Anak,Klinik Johar Medika-,"Johar Baru, Jakarta Pusat",,pediatrician,2025-06-15 02:28:28
DR. BUDISANTOSO ADJI S.PA,Sp. Anak,Lili Family Medical Center,"Babelan, Kabupaten Bekasi",,pediatrician,2025-06-15 02:28:28
Dr. Baginda P. Hutahaean Sp.A.,Sp. Anak,halodoc,"Setiabudi, Jakarta Selatan",,pediatrician,2025-06-15 02:28:30
dr. Baginda P. Hutahaean Sp.A,Sp. Anak,halodoc,"Setiabudi, Jakarta Selatan",,pediatrician,2025-06-15 02:28:30
Dr. Baginda P. Hutahaean Sp. A,Sp. Anak,halodoc,"Setiabudi, Jakarta Selatan",,pediatrician,2025-06-15 02:28:30
dr. Baginda P. Hutahaean Sp. A,Sp. Anak,halodoc,"Setiabudi, Jakarta Selatan",,pediatrician,2025-06-15 02:28:30
dr. Bambang Sp.A,Sp. Anak,Apotek Kimia Farma Juanda Bogor,"Bogor Tengah, Bogor",,pediatrician,2025-06-15 02:28:30
dr. Bambang SpA,Sp. Anak,Apotek Kimia Farma Juanda Bogor,"Bogor Tengah, Bogor",,pediatrician,2025-06-15 02:28:30
"dr. Bara Langi Tambing, Sp.A",Sp. Anak,"Praktek dr. Bara Langi Tambing, Sp.A","Bekasi Selatan, Bekasi",,pediatrician,2025-06-15 02:28:30
"Dr. Bayu Kurniawan Sp.A, M.Biomed",Sp. Anak,halodoc,"Setiabudi, Jakarta Selatan",,pediatrician,2025-06-15 02:28:30
Dr. Bayu Kurniawan Sp.A M.Biomed,Sp. Anak,Halodoc Teleconsultation,"Setiabudi, Jakarta Selatan",,pediatrician,2025-06-15 02:28:30
Dr. Bayu Kurniawan Sp.A.Biomed M.Biomed,Sp. Anak,halodoc,"Setiabudi, Jakarta Selatan",,pediatrician,2025-06-15 02:28:30
dr. Bela Siska Afrida Sp. A,Sp. Anak,halodoc,"Setiabudi, Jakarta Selatan",,pediatrician,2025-06-15 02:28:33
Dr. Benedictus Yohanes Sp.A,Sp. Anak,halodoc,"Setiabudi, Jakarta Selatan",,pediatrician,2025-06-15 02:28:33
Dr. Betty Agustina Sihaloho Sp.A,Sp. Anak,Apotek Paten -,"Setiabudi, Jakarta Selatan",,pediatrician,2025-06-15 02:28:33
dr. Betty Bursjah H. Sp.A,Sp. Anak,dr Betty Busjah Dr Sp.A,"Lemahwungkuk, Kota Cirebon",,pediatrician,2025-06-15 02:28:33
dr. Betty Nurjanah H Sp.A,Sp. Anak,dr Betty Busjah Dr Sp.A,"Lemahwungkuk, Kota Cirebon",,pediatrician,2025-06-15 02:28:33
dr. Bintang Kusumaningtyas Sp.A,Sp. Anak,RS Anugerah Pekalongan,"Pekalongan Barat, Kota Pekalongan",,pediatrician,2025-06-15 02:28:33
Dr. Bona Sandro Hasibuan Sp.A,Sp. Anak,halodoc,"Setiabudi, Jakarta Selatan",https://d1ojs48v3n42tp.cloudfront.net/personnels/332640_3-10-2023_15-14-0.png,pediatrician,2025-06-15 02:28:33
dr. Brilianingsih Agustin ArIbowo Sp.AK,Sp. Anak,halodoc,"Setiabudi, Jakarta Selatan",,pediatrician,2025-06-15 02:28:33
Dr. Budi Darmayanto Sp. A,Sp. Anak,dr. Budi Darmayanto SpA,"Kota Blora, Kabupaten Blora",,pediatrician,2025-06-15 02:28:33
"dr. Budi Firdaus, Sp.A",Sp. Anak,Apotek Bunda Medika,"cikakak, Sukabumi",,pediatrician,2025-06-15 02:28:33
Dr. Budisantoso Adji Sp. A,Sp. Anak,Lili Family Medical Center,"Babelan, Kabupaten Bekasi",,pediatrician,2025-06-15 02:28:35
"dr. Budiyanto, Sp. A",Sp. Anak,Siloam Hospitals Banjarmasin,"Banjarmasin Tengah, Kota Banjarmasin",https://d1ojs48v3n42tp.cloudfront.net/personnels/397407_1-11-2022_10-3-58.jpeg,pediatrician,2025-06-15 02:28:35
Dr. Buntat Sp.A,Sp. Anak,KLINIK KASIH BUNDA PEKANBARU,"Lima Puluh, Kota Pekanbaru",,pediatrician,2025-06-15 02:28:35
"dr. Cahyani Gita Ambarsari, Sp.A",Sp. Anak,Halodoc Teleconsultation,"Setiabudi, Jakarta Selatan",,pediatrician,2025-06-15 02:28:35
Dr. Carla Pusparani Sp.A,Sp. Anak,halodoc,"Setiabudi, Jakarta Selatan",,pediatrician,2025-06-15 02:28:35
"dr. Catur Sapariyanto, Sp.A",Sp. Anak,RS St. Carolus Salemba,"Senen, Jakarta Pusat",https://d1ojs48v3n42tp.cloudfront.net/personnels/237025_20-6-2023_12-44-23.png,pediatrician,2025-06-15 02:28:35
"dr. Centaura Naila Affin Camielle, Sp.A. M.Biomed",Sp. Anak,"dr. Centaura Naila A.C, SpA, M.Biomed","Klojen, Kota Malang",,pediatrician,2025-06-15 02:28:35
"dr. Centaura Naila Alfin Camielle, Sp.A M.Biomed",Sp. Anak,"dr. Centaura Naila A.C, SpA, M.Biomed","Klojen, Kota Malang",,pediatrician,2025-06-15 02:28:35
"dr. Centaura Naila Alfin Camielle, Sp.A. M. Biomed",Sp. Anak,"dr. Centaura Naila A.C, SpA, M.Biomed","Klojen, Kota Malang",,pediatrician,2025-06-15 02:28:35
Dr. Charles Hutasoit Sp. A,Sp. Anak,RUMAH SAKIT UMUM SANTO ANTONIUS,"Pontianak Kota, Kota Pontianak",,pediatrician,2025-06-15 02:28:35
DR Cheah Cheong Wooi,Sp. Anak,Columbia Asia Hospital - Bukit Rimau,"Setiabudi, Jakarta Selatan",,pediatrician,2025-06-15 02:28:38
Dr. Chindy Arya Sari Sp.A,Sp. Anak,halodoc,"Setiabudi, Jakarta Selatan",,pediatrician,2025-06-15 02:28:38
dr. Christie I. Moningkey Sp.A,Sp. Anak,dr. Christie I. Moningkey  Sp.A,"Samarinda Ulu, Kota Samarinda",,pediatrician,2025-06-15 02:28:38
dr. Christie L. Moningkey Sp.A,Sp. Anak,dr. Christie I. Moningkey  Sp.A,"Samarinda Ulu, Kota Samarinda",,pediatrician,2025-06-15 02:28:38
dr. Christie L. Moningkey Sp.A,Sp. Anak,dr. Christie I. Moningkey  Sp.A,"Samarinda Ulu, Kota Samarinda",,pediatrician,2025-06-15 02:28:38
dr. Chyndi Arya SpA,Sp. Anak,KMC - Klinik Mutiara Cikutra,"Cibeunying Kaler, Kota Bandung",,pediatrician,2025-06-15 02:28:38
Dr. Cindra Kurnia Damayanti Sp.A,Sp. Anak,halodoc,"Setiabudi, Jakarta Selatan",,pediatrician,2025-06-15 02:28:38
Dr. Clara Devina Sp.A,Sp. Anak,halodoc,"Setiabudi, Jakarta Selatan",,pediatrician,2025-06-15 02:28:38
"Dr. Claudy Bunga H. Saing M.Ked(Ped), Sp.A",Sp. Anak,halodoc,"Setiabudi, Jakarta Selatan",,pediatrician,2025-06-15 02:28:38
Dr. Clief Christoforus Runtung Sp.A,Sp. Anak,halodoc,"Setiabudi, Jakarta Selatan",,pediatrician,2025-06-15 02:28:38
dr. Cok Gd Raka Sudewi Sp.A,Sp. Anak,RS SamMarie Basra,"Duren Sawit, Jakarta Timur",,pediatrician,2025-06-15 02:28:40
dr. Cucu Badariah Sp.A,Sp. Anak,RS SamMarie Basra,"Duren Sawit, Jakarta Timur",,pediatrician,2025-06-15 02:28:40
dr. Cut Badriah Sp.A,Sp. Anak,RS SamMarie Basra,"Duren Sawit, Jakarta Timur",,pediatrician,2025-06-15 02:28:40
Dr. Cut Muliana Sp.A,Sp. Anak,halodoc,"Setiabudi, Jakarta Selatan",,pediatrician,2025-06-15 02:28:40
dr. Cut badriah Sp.A,Sp. Anak,RS SamMarie Basra,"Duren Sawit, Jakarta Timur",,pediatrician,2025-06-15 02:28:40
"Dr. D. WASIS SETIADI, Sp.A",Sp. Anak,APOTEK KUDUS,"Kediri Kota, Kota Kediri",,pediatrician,2025-06-15 02:28:40
DR. DEDI KURNIAWAN SAPUTRA SP. A,Sp. Anak,Klinik Mon Cheri (Growth Together),"Karawang Barat, Kabupaten Karawang",,pediatrician,2025-06-15 02:28:40
"dr. DINA RISMAWATI, M.Sc. Sp.A",Sp. Anak,Klinik Anak Cerdas Ceria,"Banjarsari, Kota Surakarta",,pediatrician,2025-06-15 02:28:40
"DR. dr. Eddy Widodo, Sp.A (K) FCCP",Sp. Anak,RS Simulasi Halodoc,"Setiabudi, Jakarta Selatan",,pediatrician,2025-06-15 02:28:40
dr. Daniel Sahat Hottua Simangunsong p.A,Sp. Anak,RSIA Viola,"Babelan, Kabupaten Bekasi",,pediatrician,2025-06-15 02:28:40
Dr. Daniel Simangunsong Sp.A,Sp. Anak,halodoc,"Setiabudi, Jakarta Selatan",,pediatrician,2025-06-15 02:28:43
"dr. Daniel Susatyo Wirawan, Sp.A",Sp. Anak,Siloam Hospitals Balikpapan,"Balikpapan Selatan, Kota Balikpapan",https://d1ojs48v3n42tp.cloudfront.net/personnels/430045_22-12-2022_17-32-35.jpeg,pediatrician,2025-06-15 02:28:43
dr. Darmady Darmawan Sp.A,Sp. Anak,Kiddie Care Center,"Tanjung Priok, Jakarta Utara",,pediatrician,2025-06-15 02:28:43
Dr. David Marcelius Sp.A,Sp. Anak,halodoc,"Setiabudi, Jakarta Selatan",,pediatrician,2025-06-15 02:28:43
"Dr. David Victory Wau M.Sc, Sp.A",Sp. Anak,halodoc,"Setiabudi, Jakarta Selatan",,pediatrician,2025-06-15 02:28:43
Dr. Dea Aprilianti Permana Sp.A,Sp. Anak,halodoc,"Setiabudi, Jakarta Selatan",,pediatrician,2025-06-15 02:28:43
"Dr. Debora Pratita A M.Biomed, Sp.A",Sp. Anak,halodoc,"Setiabudi, Jakarta Selatan",,pediatrician,2025-06-15 02:28:43
"Dr. Deddy Eka Febri Listiadi M.Ked(Ped), Sp.A",Sp. Anak,halodoc,"Setiabudi, Jakarta Selatan",,pediatrician,2025-06-15 02:28:43
dr. Dedi Kurniawan Saputra Sp.A,Sp. Anak,Klinik Mon Cheri (Growth Together),"Karawang Barat, Kabupaten Karawang",,pediatrician,2025-06-15 02:28:43
"Dr. Dedy Afandi CN Sp.A, M.Sc",Sp. Anak,halodoc,"Setiabudi, Jakarta Selatan",,pediatrician,2025-06-15 02:28:43
dr. Defa Rahmatun Sp.A,Sp. Anak,Apotek Jatiseeng,"Lemahabang, Kabupaten Cirebon",,pediatrician,2025-06-15 02:28:45
Dr. Dennis Christian Wuisantono Sp.A,Sp. Anak,halodoc,"Setiabudi, Jakarta Selatan",,pediatrician,2025-06-15 02:28:45
"Dr. Deon Raditya Hibbattino Sp. A., M. Ked. Klin",Sp. Anak,halodoc,"Setiabudi, Jakarta Selatan",,pediatrician,2025-06-15 02:28:45
"Dr. Des Infrando G Sinaga M.Ked.Ped, Sp.A",Sp. Anak,halodoc,"Setiabudi, Jakarta Selatan",,pediatrician,2025-06-15 02:28:45
Dr. Desi Purnama Sari Sp.A,Sp. Anak,halodoc,"Setiabudi, Jakarta Selatan",,pediatrician,2025-06-15 02:28:45
dr. Devi Pedoatri Sp. A,Sp. Anak,RS AISs Wonosobo,"Wonosobo, Kabupaten Wonosobo",,pediatrician,2025-06-15 02:28:45
Dr. Devi Yustina Sp. A,Sp. Anak,Apotek K24,"Banjarbaru Selatan, Kota Banjarbaru",,pediatrician,2025-06-15 02:28:45
"Dr. Devi Yustina, Sp.A",Sp. Anak,"dr. Devi Yustina, Sp.A","Sragen, Kabupaten Sragen",,pediatrician,2025-06-15 02:28:45
Dr. Dewi Rahmawati Sp.A,Sp. Anak,halodoc,"Setiabudi, Jakarta Selatan",,pediatrician,2025-06-15 02:28:45
dr. Dewi Rahmawati Syam Sp.A,Sp. Anak,halodoc,"Setiabudi, Jakarta Selatan",,pediatrician,2025-06-15 02:28:45
dr. Dharma Budi Patriadi Sp. A,Sp. Anak,dr. Dharma Budi Patriadi Sp. A,"Wanareja, Kabupaten Cilacap",,pediatrician,2025-06-15 02:28:48
"Dr. Dia Tri Susanti M.Ked(Ped), Sp.A",Sp. Anak,halodoc,"Setiabudi, Jakarta Selatan",,pediatrician,2025-06-15 02:28:48
"Dr. Diah Astika Rini, Sp.A",Sp. Anak,"Praktek dr.Diah Astika Rini, Sp.A","Metro Barat, Kota Metro",,pediatrician,2025-06-15 02:28:48
"dr. Diah Astika Rini, Sp.A",Sp. Anak,"Praktek dr.Diah Astika Rini, Sp.A","Metro Barat, Kota Metro",,pediatrician,2025-06-15 02:28:48
Dr. Dian Sulistya Ekaputri Sp.A,Sp. Anak,halodoc,"Setiabudi, Jakarta Selatan",,pediatrician,2025-06-15 02:28:48
Dr. Diana Liza Merisa Sp.A,Sp. Anak,halodoc,"Setiabudi, Jakarta Selatan",,pediatrician,2025-06-15 02:28:48
Dr. Diana Novianti Nugrahani Sp.A,Sp. Anak,halodoc,"Setiabudi, Jakarta Selatan",,pediatrician,2025-06-15 02:28:48
"dr. Diging Farih Indraji, M.Biomed Sp.A",Sp. Anak,Rumah Sakit Yukum Medical Centre,"Terbanggi Besar, Kabupaten Lampung Tengah",,pediatrician,2025-06-15 02:28:48
dr. Dimas Bagus Prastyo Sp.A,Sp. Anak,Apotik Farmasi 3,"Babakan Madang, Kabupaten Bogor",,pediatrician,2025-06-15 02:28:48
dr Dimple Nagrani Sp.A,Sp. Anak,Apotik K 24 Rawamangun,"Pulo Gadung, Jakarta Timur",,pediatrician,2025-06-15 02:28:48
dr Dimple Nagrani Sp.A,Sp. Anak,0,"Bekasi Selatan, Bekasi",,pediatrician,2025-06-15 02:28:50
dr Dimple Nagrani Sp.A,Sp. Anak,0,"Bekasi Selatan, Bekasi",,pediatrician,2025-06-15 02:28:50
"Dimple Nagrani, dr. Sp. A",Sp. Anak,Apotik K 24 Rawamangun,"Pulo Gadung, Jakarta Timur",,pediatrician,2025-06-15 02:28:50
"Dr. Dina Kurniasi M.Kes, Sp.A",Sp. Anak,halodoc,"Setiabudi, Jakarta Selatan",,pediatrician,2025-06-15 02:28:50
dr. Dina Laksmi SpA,Sp. Anak,Fame Women and Children Healthcare,"Sukmajaya, Depok",,pediatrician,2025-06-15 02:28:50
dr. Dini Noviani Sp. A M. Biomed,Sp. Anak,Klinik Tumbuh Kembang Anak dr DINI.,"Marpoyan Damai, Kota Pekanbaru",,pediatrician,2025-06-15 02:28:50
Dr. Dinni Adila Sp.A,Sp. Anak,halodoc,"Setiabudi, Jakarta Selatan",,pediatrician,2025-06-15 02:28:50
dr. Dira Ninggar Santoso Sp.A,Sp. Anak,halodoc,"Setiabudi, Jakarta Selatan",,pediatrician,2025-06-15 02:28:50
dr. Djoko S. Sp.A,Sp. Anak,Apotik Pandawa Raya,"Bogor Utara, Bogor",,pediatrician,2025-06-15 02:28:50
Djoko Setionegoro Sp. A,Sp. Anak,Apotik Pandawa Raya,"Bogor Utara, Bogor",,pediatrician,2025-06-15 02:28:50
Dr Anna Maryana Muljono Sp. A,Sp. Anak,Yo Clinic,"Serpong, Tangerang Selatan",,pediatrician,2025-06-15 02:28:53
Dr Chiang Wen Chin,Sp. Anak,Rumah Sakit Mount Elizabeth,"Setiabudi, Jakarta Selatan",,pediatrician,2025-06-15 02:28:53
Dr Francisca Sp.A,Sp. Anak,RS Simulasi Halodoc,"Setiabudi, Jakarta Selatan",,pediatrician,2025-06-15 02:28:53
Dr Rosalia Desi Sp A,Sp. Anak,APOTEK MARINNO,"Banyumanik, Kota Semarang",,pediatrician,2025-06-15 02:28:53
dr. Dr Tumpal Sp.A,Sp. Anak,halodoc,"Setiabudi, Jakarta Selatan",,pediatrician,2025-06-15 02:28:53
dr Dr Tumpal Sp.A,Sp. Anak,halodoc,"Setiabudi, Jakarta Selatan",,pediatrician,2025-06-15 02:28:53
Dr Tumpal Sp. A,Sp. Anak,halodoc,"Setiabudi, Jakarta Selatan",,pediatrician,2025-06-15 02:28:53
Dr. Agustina Sp. A,Sp. Anak,halodoc,"Setiabudi, Jakarta Selatan",,pediatrician,2025-06-15 02:28:53
"Dr. Alders Swisman, SpA",Sp. Anak,halodoc,"Setiabudi, Jakarta Selatan",,pediatrician,2025-06-15 02:28:53
"Dr. Alders Swisman, SpA",Sp. Anak,halodoc,"Setiabudi, Jakarta Selatan",,pediatrician,2025-06-15 02:28:53
Dr. Andreas Haloho Sp.A,Sp. Anak,halodoc,"Setiabudi, Jakarta Selatan",,pediatrician,2025-06-15 02:28:55
Dr. Betty Agustina Sihaloho Sp. A,Sp. Anak,halodoc,"Setiabudi, Jakarta Selatan",,pediatrician,2025-06-15 02:28:55
Dr. Dinar Handayani Asri H Sp. A,Sp. Anak,halodoc,"Setiabudi, Jakarta Selatan",,pediatrician,2025-06-15 02:28:55
Dr. Eveline Panjaitan Sp. A,Sp. Anak,halodoc,"Setiabudi, Jakarta Selatan",,pediatrician,2025-06-15 02:28:55
Dr. Gunawan Sugiarto Sp. A,Sp. Anak,halodoc,"Setiabudi, Jakarta Selatan",,pediatrician,2025-06-15 02:28:55
Dr. Hermawan Sp. A,Sp. Anak,halodoc,"Setiabudi, Jakarta Selatan",,pediatrician,2025-06-15 02:28:55
Dr. Medina Permatawati Sp. A,Sp. Anak,halodoc,"Setiabudi, Jakarta Selatan",,pediatrician,2025-06-15 02:28:55
Dr. Nadia Sp. A,Sp. Anak,halodoc,"Setiabudi, Jakarta Selatan",,pediatrician,2025-06-15 02:28:55
Dr. Niluh Putu Wida Pangestika Sp.A,Sp. Anak,halodoc,"Setiabudi, Jakarta Selatan",,pediatrician,2025-06-15 02:28:55
Dr. Theresia Santi Sp. A,Sp. Anak,halodoc,"Setiabudi, Jakarta Selatan",,pediatrician,2025-06-15 02:28:55
Dr. Vera Sp. A,Sp. Anak,halodoc,"Setiabudi, Jakarta Selatan",,pediatrician,2025-06-15 02:28:58
Dr. Dwi Andriyani Sp.A,Sp. Anak,halodoc,"Setiabudi, Jakarta Selatan",,pediatrician,2025-06-15 02:28:58
"dr. Dwi Anik Ermawati S, Sp.A",Sp. Anak,"dr. Dwi Anik Ermawati S, Sp.A","Tegal Timur, Kota Tegal",,pediatrician,2025-06-15 02:28:58
dr. Dwi Anik Ermawati Sp. A,Sp. Anak,"dr. Dwi Anik Ermawati S, Sp.A","Tegal Timur, Kota Tegal",,pediatrician,2025-06-15 02:28:58
"Dr. Dwi Hidayah, Sp.A",Sp. Anak,Raditya Medical Center,"Beji, Depok",,pediatrician,2025-06-15 02:28:58
dr. Dwi Indah Cahyani Sp. A. M.Biomed,Sp. Anak,halodoc,"Setiabudi, Jakarta Selatan",,pediatrician,2025-06-15 02:28:58
dr. Dwi Indah Cahyani Sp.A,Sp. Anak,KLINIK UTAMA GHATOT KACHA,"Manguharjo, Kota Madiun",,pediatrician,2025-06-15 02:28:58
"dr. Dwi Indah Cahyani, Sp. A M.Biomod",Sp. Anak,KLINIK UTAMA GHATOT KACHA,"Manguharjo, Kota Madiun",,pediatrician,2025-06-15 02:28:58
dr. Dwi Lestari Sp.A,Sp. Anak,Apotek Anugerah Bahagia,"Cempaka Putih, Jakarta Pusat",,pediatrician,2025-06-15 02:28:58
"Dr. Dwi Lestari Avianti Sp.A, M.Ked.Klin",Sp. Anak,halodoc,"Setiabudi, Jakarta Selatan",,pediatrician,2025-06-15 02:28:58
Dr. Dwi SA Aprilizia Sp.A,Sp. Anak,halodoc,"Setiabudi, Jakarta Selatan",,pediatrician,2025-06-15 02:29:00
dr. Dya Muyla Lestari Sp.A,Sp. Anak,halodoc,"Setiabudi, Jakarta Selatan",,pediatrician,2025-06-15 02:29:00
"dr. Dyah Ayu Wulansari,SpA",Sp. Anak,RSKIA buah hati,"Alian, Kabupaten Kebumen",,pediatrician,2025-06-15 02:29:00
dr. Dyah Istikowati Sp.A,Sp. Anak,halodoc,"Setiabudi, Jakarta Selatan",,pediatrician,2025-06-15 02:29:00
"dr. Dyah Istikowati, Sp.A",Sp. Anak,halodoc,"Setiabudi, Jakarta Selatan",,pediatrician,2025-06-15 02:29:00
"dr. Dyah Perwitasari, M.Sc., Sp.A",Sp. Anak,Klinik Utama Anugerah (klinik bersalin),"Banjarnegara, Kabupaten Banjarnegara",,pediatrician,2025-06-15 02:29:00
dr. Edward Surjono Sp.A,Sp. Anak,halodoc,"Setiabudi, Jakarta Selatan",https://d1ojs48v3n42tp.cloudfront.net/personnels/142397_28-12-2022_13-53-50.jpeg,pediatrician,2025-06-15 02:29:00
dr. Edwin Tomaga Sp.A,Sp. Anak,DIFA MEDIKA,"Jepara, Kabupaten Jepara",,pediatrician,2025-06-15 02:29:00
"Dr. Edy Irawan M.Ked(Ped), Sp.A",Sp. Anak,halodoc,"Setiabudi, Jakarta Selatan",,pediatrician,2025-06-15 02:29:00
Dr. Edy Muhammad Sp.A,Sp. Anak,Praktek dokter.,"Bukit Raya, Kota Pekanbaru",,pediatrician,2025-06-15 02:29:00
Dr. Eileen Erica M Sp.A,Sp. Anak,halodoc,"Setiabudi, Jakarta Selatan",,pediatrician,2025-06-15 02:29:03
Dr. Eka Gunawijaya Sp.A(K),Sp. Anak,halodoc,"Setiabudi, Jakarta Selatan",,pediatrician,2025-06-15 02:29:03
dr. Eko Wahyudi,Sp. Anak,"dr. Eko Wahyudi, M.Ked.Klin., Sp.A","Pesantren, Kota Kediri",,pediatrician,2025-06-15 02:29:03
Dr. Eko Wahyudi Sp.A,Sp. Anak,halodoc,"Setiabudi, Jakarta Selatan",,pediatrician,2025-06-15 02:29:03
"dr. Eko Wahyudi, M.Ked.Klin. Sp. A",Sp. Anak,"dr. Eko Wahyudi, M.Ked.Klin., Sp.A","Pesantren, Kota Kediri",,pediatrician,2025-06-15 02:29:03
"Dr. Eko Wahyudi, M.Ked.Klin., Sp.A",Sp. Anak,"dr. Eko Wahyudi, M.Ked.Klin., Sp.A","Pesantren, Kota Kediri",,pediatrician,2025-06-15 02:29:03
"Dr. Eko Wahyudi, M.Ked.Klin., Sp.A",Sp. Anak,"dr. Eko Wahyudi, M.Ked.Klin., Sp.A","Pesantren, Kota Kediri",,pediatrician,2025-06-15 02:29:03
"dr. Eko Wahyudi, M.Ked.Klin., Sp.A",Sp. Anak,"dr. Eko Wahyudi, M.Ked.Klin., Sp.A","Pesantren, Kota Kediri",,pediatrician,2025-06-15 02:29:03
Dr. Elisa Iskandar Sp.A,Sp. Anak,"dr. Elisa Iskandar, Sp.A","Kelapa Gading, Jakarta Utara",,pediatrician,2025-06-15 02:29:03
dr. Elizabeth Thea Rahmani Sp.A,Sp. Anak,halodoc,"Setiabudi, Jakarta Selatan",,pediatrician,2025-06-15 02:29:03
dr. Elizabeth Thea Rahmani Sp.A,Sp. Anak,halodoc,"Setiabudi, Jakarta Selatan",,pediatrician,2025-06-15 02:29:05
"dr. Elizabeth Yohmi Darius , Sp.A IBCLC",Sp. Anak,RS St. Carolus Salemba,"Senen, Jakarta Pusat",,pediatrician,2025-06-15 02:29:05
"dr. Elizabeth Yohmi Darius, Sp.A IBCLC",Sp. Anak,RS St. Carolus Salemba,"Senen, Jakarta Pusat",,pediatrician,2025-06-15 02:29:05
"dr. Elizabeth Yohmi Darius, Sp.A IBCLC",Sp. Anak,RS St. Carolus Salemba,"Senen, Jakarta Pusat",,pediatrician,2025-06-15 02:29:05
"dr. Elizabeth Yohmi Darius, Sp.A ,IBCLC",Sp. Anak,RS St. Carolus Salemba,"Senen, Jakarta Pusat",,pediatrician,2025-06-15 02:29:05
"dr. Elizabeth Yohmi Darius, SpA IBCLC",Sp. Anak,RS St. Carolus Salemba,"Senen, Jakarta Pusat",,pediatrician,2025-06-15 02:29:05
"dr. Elizabeth Yohmi, Sp.A",Sp. Anak,RS St. Carolus Salemba,"Senen, Jakarta Pusat",https://d1ojs48v3n42tp.cloudfront.net/personnels/336967_20-6-2023_13-46-37.png,pediatrician,2025-06-15 02:29:05
"dr. Elizabeth Yohni Darius, Sp.A. IBCLC",Sp. Anak,RS St. Carolus Salemba,"Senen, Jakarta Pusat",,pediatrician,2025-06-15 02:29:05
"dr. Elizabeth Yohni Darius, Sp.A IBCLC",Sp. Anak,RS St. Carolus Salemba,"Senen, Jakarta Pusat",,pediatrician,2025-06-15 02:29:05
Dr. Elrika Anastasia Wijaya Sp.A,Sp. Anak,halodoc,"Setiabudi, Jakarta Selatan",,pediatrician,2025-06-15 02:29:05
dr. Emmy Rosa Depari Sp.A,Sp. Anak,halodoc,"Setiabudi, Jakarta Selatan",,pediatrician,2025-06-15 02:29:07
"dr. Endah Purnawati, Sp.A",Sp. Anak,RSUD Al Ihsan Provinsi Jawa Barat,"Baleendah, Kabupaten Bandung",,pediatrician,2025-06-15 02:29:07
dr. Endah V.W.,Sp. Anak,Klinik Bunda Medika.,"Sumedang Utara, Kabupaten Sumedang",,pediatrician,2025-06-15 02:29:07
Dr. Enggrajati MH Silitonga Sp.A,Sp. Anak,halodoc,"Setiabudi, Jakarta Selatan",,pediatrician,2025-06-15 02:29:07
dr. Erik Rohmando Purba Sp.PD,Sp. Anak,halodoc,"Setiabudi, Jakarta Selatan",,pediatrician,2025-06-15 02:29:07
Dr. Erika S Panjaitan Sp.A,Sp. Anak,halodoc,"Setiabudi, Jakarta Selatan",,pediatrician,2025-06-15 02:29:07
"Dr. Erli Meichory Viorika Sp.A, CIMI",Sp. Anak,halodoc,"Setiabudi, Jakarta Selatan",,pediatrician,2025-06-15 02:29:07
Dr. Erlin Sp.A,Sp. Anak,halodoc,"Setiabudi, Jakarta Selatan",https://d1ojs48v3n42tp.cloudfront.net/personnels/826934_10-1-2025_14-0-7.jpeg,pediatrician,2025-06-15 02:29:07
Dr. Erlin Sp.A,Sp. Anak,halodoc,"Setiabudi, Jakarta Selatan",,pediatrician,2025-06-15 02:29:07
dr. Ersy Marlidawaty Sp A,Sp. Anak,"dr. Ersy Marlidawaty, SpA","Bekasi Timur, Bekasi",,pediatrician,2025-06-15 02:29:07
"Dr. Ersy Marlidawaty, SpA",Sp. Anak,"dr. Ersy Marlidawaty, SpA","Bekasi Timur, Bekasi",,pediatrician,2025-06-15 02:29:10
"Dr. Ery Olivianto, SpA(K)",Sp. Anak,"praktek dr. Ery Olivianto, SpA(K)","Blimbing, Kota Malang",,pediatrician,2025-06-15 02:29:10
Dr. Eva Astria Sp.A,Sp. Anak,halodoc,"Setiabudi, Jakarta Selatan",,pediatrician,2025-06-15 02:29:10
"dr. Eveline Panjaitan, Sp.A, IBCLC",Sp. Anak,RS St. Carolus Salemba,"Senen, Jakarta Pusat",https://d1ojs48v3n42tp.cloudfront.net/personnels/467244_20-6-2023_12-44-51.png,pediatrician,2025-06-15 02:29:10
dr. FATIMAH MAYASYARI Sp. A,Sp. Anak,RSUP Surakarta,"Laweyan, Kota Surakarta",,pediatrician,2025-06-15 02:29:10
"Dr. Faisal Husien M.Sc, Sp.A",Sp. Anak,halodoc,"Setiabudi, Jakarta Selatan",,pediatrician,2025-06-15 02:29:10
Dr. Fakhri Muhammad Sp.A,Sp. Anak,halodoc,"Setiabudi, Jakarta Selatan",,pediatrician,2025-06-15 02:29:10
dr. Farid I Husein Sp.A,Sp. Anak,AYANI Women & Children Clinic,"Padang Barat, Kota Padang",,pediatrician,2025-06-15 02:29:10
Dr. Farid I Hussein Sp.A,Sp. Anak,halodoc,"Setiabudi, Jakarta Selatan",,pediatrician,2025-06-15 02:29:10
"Dr. Fatima Safra Alatas, PhD Sp.A(K)",Sp. Anak,Apotek Kimia Farma Senen,"Senen, Jakarta Pusat",,pediatrician,2025-06-15 02:29:10
"Dr. Fatimah Arief Sp.A, M.Ked.Klin",Sp. Anak,halodoc,"Setiabudi, Jakarta Selatan",,pediatrician,2025-06-15 02:29:12
dr. Fatmawati SpA,Sp. Anak,praktek dr. Fatmawati Sp.A,"Pulo Gadung, Jakarta Timur",,pediatrician,2025-06-15 02:29:12
Dr. Fatmawati Sp. A,Sp. Anak,Apotek Family Farma,"Benda, Tangerang",,pediatrician,2025-06-15 02:29:12
Dr. Febrina Pradita Sp. A,Sp. Anak,halodoc,"Setiabudi, Jakarta Selatan",,pediatrician,2025-06-15 02:29:12
dr. Felix Setiawan Budi Sp.A,Sp. Anak,klinik dr felix setiawan budi SpA,"Tegalsari, Kota Surabaya",,pediatrician,2025-06-15 02:29:12
"Dr. Fihzan Satrya Widyatam M.Ked(Ped), Sp.A",Sp. Anak,halodoc,"Setiabudi, Jakarta Selatan",,pediatrician,2025-06-15 02:29:12
dr. Fijri Auliyanti Sp.A,Sp. Anak,halodoc,"Setiabudi, Jakarta Selatan",,pediatrician,2025-06-15 02:29:12
dr. Fikri Auliyanti Sp. A,Sp. Anak,Apotek Kondang sehat,"Jatiasih, Bekasi",,pediatrician,2025-06-15 02:29:12
dr. Fiqi Auliyani Sp.A,Sp. Anak,halodoc,"Setiabudi, Jakarta Selatan",,pediatrician,2025-06-15 02:29:12
Dr. Fiqi Isnaini Nurul Hikmah Sp.A,Sp. Anak,halodoc,"Setiabudi, Jakarta Selatan",,pediatrician,2025-06-15 02:29:12
"dr. Fitri Asymina, Sp. A",Sp. Anak,halodoc,"Setiabudi, Jakarta Selatan",,pediatrician,2025-06-15 02:29:15
Dr. Fitri Auliyanti S.PA,Sp. Anak,Apotek Kondang sehat,"Jatiasih, Bekasi",,pediatrician,2025-06-15 02:29:15
"Dr. Fitri Parinda Sitanggang M.Ked(Ped), Sp.A",Sp. Anak,halodoc,"Setiabudi, Jakarta Selatan",,pediatrician,2025-06-15 02:29:15
dr. Fitriani Sp. A,Sp. Anak,Rumah Sakit Ibu & Anak Buah Hati,"Lembang, Kabupaten Bandung Barat",,pediatrician,2025-06-15 02:29:15
"dr Flita Asfianti, Dr, Sp.A M.Kes",Sp. Anak,RSIJ Cempaka Putih,"Cempaka Putih, Jakarta Pusat",,pediatrician,2025-06-15 02:29:15
dr. Florenca Permatasari Sp.A,Sp. Anak,RSIA Viola,"Babelan, Kabupaten Bekasi",,pediatrician,2025-06-15 02:29:15
dr. Florencea Permatasari Sp.A,Sp. Anak,Rumah Sakit Emhaka,"Medan Satria, Bekasi",,pediatrician,2025-06-15 02:29:15
dr. Gabriel Angel Mustakia Sp.A,Sp. Anak,halodoc,"Setiabudi, Jakarta Selatan",,pediatrician,2025-06-15 02:29:15
Dr. Galuh Martin Maytasari Sp.A,Sp. Anak,halodoc,"Setiabudi, Jakarta Selatan",,pediatrician,2025-06-15 02:29:15
"dr. George Mogi, Sp.A",Sp. Anak,RS St. Carolus Salemba,"Senen, Jakarta Pusat",https://d1ojs48v3n42tp.cloudfront.net/personnels/406181_20-6-2023_13-43-26.png,pediatrician,2025-06-15 02:29:15
"dr. Ghaisani Fadiana, Sp.A(K)",Sp. Anak,"Klinik Utama AP&AP Pediatric, Growth and Diabetes Center","Setiabudi, Jakarta Selatan",,pediatrician,2025-06-15 02:29:17
dr. Gita Widypuri Sp.A,Sp. Anak,halodoc,"Setiabudi, Jakarta Selatan",,pediatrician,2025-06-15 02:29:17
"Dr. Glabela Christiana Pandango Sp.A., M.Ked.Klin",Sp. Anak,halodoc,"Setiabudi, Jakarta Selatan",,pediatrician,2025-06-15 02:29:17
Dr. Gondo Sp. A,Sp. Anak,KLINIK NADIRA KARAWANG,"Banyusari, Kabupaten Karawang",,pediatrician,2025-06-15 02:29:17
"Dr. Grace Lydia Budiputri MM, MARS, Sp.A",Sp. Anak,halodoc,"Setiabudi, Jakarta Selatan",,pediatrician,2025-06-15 02:29:17
dr. Gracia Deswita Natalia Sp.A,Sp. Anak,Emyu Health Care,"Sukmajaya, Depok",,pediatrician,2025-06-15 02:29:17
dr Gracia Deswita Natalya Fau Sp. A,Sp. Anak,Apotek Halomedika Pekayon,"Jatiasih, Bekasi",,pediatrician,2025-06-15 02:29:17
dr Gracia Deswita Natalya Sp. A,Sp. Anak,Kimia Farma Cisaat,"Cicurug, Kabupaten Sukabumi",,pediatrician,2025-06-15 02:29:17
Dr. Gregory Joey Sp.A,Sp. Anak,halodoc,"Setiabudi, Jakarta Selatan",,pediatrician,2025-06-15 02:29:17
Dr. Gustian R Tiballa Sp.A,Sp. Anak,halodoc,"Setiabudi, Jakarta Selatan",,pediatrician,2025-06-15 02:29:17
dr. H Delyuzar Dahlan Sp.A,Sp. Anak,Apotik Media,"Majalaya, Kabupaten Bandung",,pediatrician,2025-06-15 02:29:19
dr. H Muhammad Mukhson Sp.A,Sp. Anak,Apotek Dar Al- Khaer Purwokerto,"Purworejo, Kabupaten Purworejo",,pediatrician,2025-06-15 02:29:19
dr. H. Achirul Bakri Sp.A (K),Sp. Anak,Praktik dr. Achirul Bakri Sp.A (K),"Ilir Timur II, Kota Palembang",,pediatrician,2025-06-15 02:29:19
dr. H. Hadrian Ananta Putra Sp.A,Sp. Anak,Praktek Pribadi dr. Irawan Anasta Putra Sp.A,"Pasar Jambi, Kota Jambi",,pediatrician,2025-06-15 02:29:19
"Dr. H. Irman Permana, M.KES, SPA SUBSP.NEO",Sp. Anak,halodoc,"Setiabudi, Jakarta Selatan",,pediatrician,2025-06-15 02:29:19
Dr. H. Johnwan Usman SpA,Sp. Anak,Apotek Nuansa Sehat.,"Koja, Jakarta Utara",,pediatrician,2025-06-15 02:29:19
Dr. H. Johnwan Usman SpA.,Sp. Anak,APOTEK LIDO,"Koja, Jakarta Utara",,pediatrician,2025-06-15 02:29:19
Dr. H. Johnwan Usman Sp.A,Sp. Anak,DR H. JOHNWAN USMAN SPA,"Kebayoran Baru, Jakarta Selatan",,pediatrician,2025-06-15 02:29:19
Dr. H. Johnwan Usman Sp.A,Sp. Anak,Apotek Nuansa Sehat.,"Koja, Jakarta Utara",,pediatrician,2025-06-15 02:29:19
dr. H. M. Budi Susatyo Sp. A,Sp. Anak,apotek permata,"Klari, Kabupaten Karawang",,pediatrician,2025-06-15 02:29:19
"Dr. H. Metrizal, SpA",Sp. Anak,"Dr. H. Metrizal, SpA","Aur Birugo Tigo Baleh, Kota Bukittinggi",,pediatrician,2025-06-15 02:29:22
Dr. H. Pandji Purnama K Sp.A,Sp. Anak,Apotek Medika Utama,"Tawang, Kota Tasikmalaya",,pediatrician,2025-06-15 02:29:22
Dr. H. Pandji Purnama K Sp.A,Sp. Anak,Apotek Medika Utama,"Tawang, Kota Tasikmalaya",,pediatrician,2025-06-15 02:29:22
Dr. H. Suryono Wibowo Sp.A,Sp. Anak,Suryono Wibowo H Dr,"Duren Sawit, Jakarta Timur",,pediatrician,2025-06-15 02:29:22
dr. H.M. Chalim Sp.A,Sp. Anak,"dr. H. M. Chalim, Sp.A","Boyolangu, Kabupaten Tulungagung",,pediatrician,2025-06-15 02:29:22
dr. H.R.Setyadi Sp. A,Sp. Anak,Apotik Santoso Farma,"Tegal Selatan, Kota Tegal",,pediatrician,2025-06-15 02:29:22
Dr. HEKA MAYASARI SpA,Sp. Anak,APOTEK CIMAYA,"Tanggeung, Kabupaten Cianjur",,pediatrician,2025-06-15 02:29:22
Dr. HEKA MAYASARI Sp A,Sp. Anak,APOTEK CIMAYA,"Tanggeung, Kabupaten Cianjur",,pediatrician,2025-06-15 02:29:22
Dr. HEKA MAYASARI SpA,Sp. Anak,halodoc,"Setiabudi, Jakarta Selatan",,pediatrician,2025-06-15 02:29:22
"Dr. Hajrin Pajri Asra M.Ked (Ped), Sp.A",Sp. Anak,halodoc,"Setiabudi, Jakarta Selatan",,pediatrician,2025-06-15 02:29:22
Dr. Hambrah Sri Atriadewi Sp.A,Sp. Anak,halodoc,"Setiabudi, Jakarta Selatan",,pediatrician,2025-06-15 02:29:24
"Dr. Hana C.E. Sembiring M.Ked(Ped), Sp.A",Sp. Anak,halodoc,"Setiabudi, Jakarta Selatan",,pediatrician,2025-06-15 02:29:24
"dr. Hana Sofia Rachman, Sp.A",Sp. Anak,RSUD Al Ihsan Provinsi Jawa Barat,"Baleendah, Kabupaten Bandung",,pediatrician,2025-06-15 02:29:24
Dr. Handoko Lowis Sp.A,Sp. Anak,halodoc,"Setiabudi, Jakarta Selatan",,pediatrician,2025-06-15 02:29:24
Dr. Handoyo Sp.A,Sp. Anak,halodoc,"Setiabudi, Jakarta Selatan",,pediatrician,2025-06-15 02:29:24
Prof. Dr. dr. Hanifah Oswari SpA (K),Sp. Anak,Kiddie Care Center,"Tanjung Priok, Jakarta Utara",,pediatrician,2025-06-15 02:29:24
"Prof. Dr. dr. Hanifah Oswari, Sp.A (K)",Sp. Anak,Kiddie Care Center,"Tanjung Priok, Jakarta Utara",,pediatrician,2025-06-15 02:29:24
"Dr. Hans Natanael Sp.A, BCCS, CIMI, CBATR",Sp. Anak,halodoc,"Setiabudi, Jakarta Selatan",,pediatrician,2025-06-15 02:29:24
Dr. Hanum Ferdian Sp.A,Sp. Anak,halodoc,"Setiabudi, Jakarta Selatan",,pediatrician,2025-06-15 02:29:24
Dr. Hardiman Widjaja Sp.A,Sp. Anak,halodoc,"Setiabudi, Jakarta Selatan",,pediatrician,2025-06-15 02:29:24
"Dr. Hardiyanti Ari W. M.Sc., Sp.A",Sp. Anak,halodoc,"Setiabudi, Jakarta Selatan",,pediatrician,2025-06-15 02:29:27
Dr. Hari Wahyu Nugroho Sp. A,Sp. Anak,APOTIK JATI WALUYA,"Penjaringan, Jakarta Utara",,pediatrician,2025-06-15 02:29:27
dr. Hartono Sp. A,Sp. Anak,Apotek Manshurin,"Tembalang, Kota Semarang",,pediatrician,2025-06-15 02:29:27
"dr. Hartono ,Sp A",Sp. Anak,halodoc,"Setiabudi, Jakarta Selatan",,pediatrician,2025-06-15 02:29:27
"dr. Harun Albar M.Kes, Sp.A",Sp. Anak,halodoc,"Setiabudi, Jakarta Selatan",,pediatrician,2025-06-15 02:29:27
"Dr. Harun Arrasyid Rydha Albar, M.Kes Sp.A",Sp. Anak,halodoc,"Setiabudi, Jakarta Selatan",,pediatrician,2025-06-15 02:29:27
Dr. Heka Mayasari SpA,Sp. Anak,APOTEK CIMAYA,"Tanggeung, Kabupaten Cianjur",,pediatrician,2025-06-15 02:29:27
Dr. Heka Mayasari Sp.A,Sp. Anak,halodoc,"Setiabudi, Jakarta Selatan",,pediatrician,2025-06-15 02:29:27
Dr. Heka Mayasari SpA,Sp. Anak,APOTEK CIMAYA,"Tanggeung, Kabupaten Cianjur",,pediatrician,2025-06-15 02:29:27
Dr. Heka Mayasari Sp.A,Sp. Anak,halodoc,"Setiabudi, Jakarta Selatan",,pediatrician,2025-06-15 02:29:27
Dr. Heka Mayasari Sp.A,Sp. Anak,halodoc,"Setiabudi, Jakarta Selatan",,pediatrician,2025-06-15 02:29:30
Dr. Heka Mayasari Sp.A,Sp. Anak,halodoc,"Setiabudi, Jakarta Selatan",,pediatrician,2025-06-15 02:29:30
"dr. Heka Mayasari, Sp.A",Sp. Anak,APOTEK CIMAYA,"Tanggeung, Kabupaten Cianjur",,pediatrician,2025-06-15 02:29:30
"dr. Heka Mayasari, Sp.A",Sp. Anak,APOTEK CIMAYA,"Tanggeung, Kabupaten Cianjur",,pediatrician,2025-06-15 02:29:30
"Dr. Helmitri Sp.A, M.Sc",Sp. Anak,halodoc,"Setiabudi, Jakarta Selatan",,pediatrician,2025-06-15 02:29:30
dr. Hendra SpA,Sp. Anak,Praktek Dokter dr. Hendra Hibrata Sp.A,"Babelan, Kabupaten Bekasi",,pediatrician,2025-06-15 02:29:30
Hendra Herata Sp.A,Sp. Anak,Praktek Dokter dr. Hendra Hibrata Sp.A,"Babelan, Kabupaten Bekasi",,pediatrician,2025-06-15 02:29:30
dr Hendra Hibrata Sp.A,Sp. Anak,Apotik Karitas,"Gedangan, Kabupaten Sidoarjo",,pediatrician,2025-06-15 02:29:30
"dr. Hendra Hibrata, Sp.A",Sp. Anak,"praktek Dr. Hendra Hibrata, Sp.A","Bekasi Barat, Bekasi",,pediatrician,2025-06-15 02:29:30
dr. Henny Rosita Sp A-K,Sp. Anak,0,"Bekasi Selatan, Bekasi",,pediatrician,2025-06-15 02:29:30
dr. Henny Rosita Sp A,Sp. Anak,0,"Bekasi Selatan, Bekasi",,pediatrician,2025-06-15 02:29:32
dr. Hery Susanto Sp.A,Sp. Anak,Praktek dokter.,"Bukit Raya, Kota Pekanbaru",,pediatrician,2025-06-15 02:29:32
dr. Hetty Wati Napitupulu Sp.A,Sp. Anak,halodoc,"Setiabudi, Jakarta Selatan",,pediatrician,2025-06-15 02:29:32
Dr. Hilda Anelin Tasiringan Sp.A,Sp. Anak,halodoc,"Setiabudi, Jakarta Selatan",,pediatrician,2025-06-15 02:29:32
dr. Hj. Sukartini Sp.A.,Sp. Anak,Apotek Merak,"Samarinda Seberang, Kota Samarinda",,pediatrician,2025-06-15 02:29:32
dr. Hj. Tin Suhartini Sp.A,Sp. Anak,"Praktek Pribadi dr. Tin Suhartini, SpA","Bogor Utara, Bogor",,pediatrician,2025-06-15 02:29:32
"dr. Hj.Yoyoh Yusroh, Sp.A",Sp. Anak,RSUD Al Ihsan Provinsi Jawa Barat,"Baleendah, Kabupaten Bandung",,pediatrician,2025-06-15 02:29:32
Dr. Holly Sanusi Sp.A,Sp. Anak,halodoc,"Setiabudi, Jakarta Selatan",,pediatrician,2025-06-15 02:29:32
dr. I Gede Kade Dwi Darma Kayika Sp.A,Sp. Anak,Rumah Sakit Ibu Dan Anak Puri Bunda,"Blimbing, Kota Malang",,pediatrician,2025-06-15 02:29:32
Dr. I Made Dikky Kalsa Sp.A,Sp. Anak,halodoc,"Setiabudi, Jakarta Selatan",,pediatrician,2025-06-15 02:29:32
dr. I Nyoman Putra Arcana Sp. A,Sp. Anak,"dr. I Nyoman Putra Arcana, Sp.A","Selemadeg, Kabupaten Tabanan",,pediatrician,2025-06-15 02:29:35
Dr. I Nyoman Sudiatmika Sp A,Sp. Anak,RSIA Nabasa,"Kuala Mandor-B, Kabupaten Kubu Raya",,pediatrician,2025-06-15 02:29:35
dr. I Nyoman Sudiatmika SpA,Sp. Anak,RSIA Nabasa,"Kuala Mandor-B, Kabupaten Kubu Raya",,pediatrician,2025-06-15 02:29:35
"dr. I Nyoman Sudiatmika, Sp.A",Sp. Anak,RSIA Nabasa,"Kuala Mandor-B, Kabupaten Kubu Raya",,pediatrician,2025-06-15 02:29:35
Dr. I Putu Gede Agus Suryatama Dharmadi Sp.A,Sp. Anak,halodoc,"Setiabudi, Jakarta Selatan",,pediatrician,2025-06-15 02:29:35
dr I. G. A. S. Setyadi Sp.A,Sp. Anak,Klinik Sudirman,"Banjarsari, Kabupaten Ciamis",,pediatrician,2025-06-15 02:29:35
I. Made Darma Yuda,Sp. Anak,Apotek Anugerah Ayani,"Denpasar Utara, Kota Denpasar",,pediatrician,2025-06-15 02:29:35
dr. I. Made Darma Yuda Sp.A,Sp. Anak,Apotek Anugerah Ayani,"Denpasar Utara, Kota Denpasar",,pediatrician,2025-06-15 02:29:35
dr. IRIANI SIOMBO SP.A,Sp. Anak,Klinik Dr Iriani Siombo SpA,"Kota Tengah, Kota Gorontalo",,pediatrician,2025-06-15 02:29:35
"Dr. Ian Suryadi Suteja M.Med Sc, Sp.A",Sp. Anak,halodoc,"Setiabudi, Jakarta Selatan",,pediatrician,2025-06-15 02:29:35
Dr. Idha Yulfiwanti Sp.A,Sp. Anak,halodoc,"Setiabudi, Jakarta Selatan",,pediatrician,2025-06-15 02:29:37
dr. Idham Amir Sp.A(K),Sp. Anak,halodoc,"Setiabudi, Jakarta Selatan",,pediatrician,2025-06-15 02:29:37
"dr. Ilham Lie M.Kes, Sp.A",Sp. Anak,Apotek AG FARMA,"Makassar, Kota Makassar",,pediatrician,2025-06-15 02:29:37
Dr. Inayah Djabir Sp.A,Sp. Anak,halodoc,"Setiabudi, Jakarta Selatan",,pediatrician,2025-06-15 02:29:37
"Dr. Indah Khairani Nasution M.Ked(Ped), Sp.A",Sp. Anak,halodoc,"Setiabudi, Jakarta Selatan",,pediatrician,2025-06-15 02:29:37
Dr. Indah Megawati Sp.A,Sp. Anak,halodoc,"Setiabudi, Jakarta Selatan",,pediatrician,2025-06-15 02:29:37
Dr. Indah Nurhayati Sp.A,Sp. Anak,halodoc,"Setiabudi, Jakarta Selatan",,pediatrician,2025-06-15 02:29:37
dr Indah Septiane Sp. A,Sp. Anak,halodoc,"Setiabudi, Jakarta Selatan",,pediatrician,2025-06-15 02:29:37
dr Indiana Aulia M. Ked. Sp. A,Sp. Anak,Apotik Central farma,"Indrapuri, Kabupaten Aceh Besar",,pediatrician,2025-06-15 02:29:37
Dr. Intani Dewi Sp.A,Sp. Anak,halodoc,"Setiabudi, Jakarta Selatan",,pediatrician,2025-06-15 02:29:37
"Dr. Ira Furnia Sp.A, M.Kes",Sp. Anak,halodoc,"Setiabudi, Jakarta Selatan",,pediatrician,2025-06-15 02:29:39
dr Ireska Sp. A,Sp. Anak,Apotik K24 Rawamangun,"Pulo Gadung, Jakarta Timur",,pediatrician,2025-06-15 02:29:39
Dr. Irma Arniawati Sp.A,Sp. Anak,halodoc,"Setiabudi, Jakarta Selatan",,pediatrician,2025-06-15 02:29:39
Dr. Irma Irawati Soelistiyo Sp.A,Sp. Anak,halodoc,"Setiabudi, Jakarta Selatan",,pediatrician,2025-06-15 02:29:39
Dr. Irma Rochima Puspita SPA,Sp. Anak,halodoc,"Setiabudi, Jakarta Selatan",,pediatrician,2025-06-15 02:29:39
Dr. Irma Yenni Sp.A,Sp. Anak,halodoc,"Setiabudi, Jakarta Selatan",,pediatrician,2025-06-15 02:29:39
Dr. Iskandar B. Palar Sp.A,Sp. Anak,APOTEK JAYA,"Banjarmasin Barat, Kota Banjarmasin",,pediatrician,2025-06-15 02:29:39
dr. Ismi Nita Sp A,Sp. Anak,Klinik Utama Sejahtera Ciracas,"Ciracas, Jakarta Timur",,pediatrician,2025-06-15 02:29:39
"dr. Ismi Nita, Sp.A",Sp. Anak,Klinik Utama Sejahtera Ciracas,"Ciracas, Jakarta Timur",,pediatrician,2025-06-15 02:29:39
Dr. Isti Ansharina Kathin Sp.A,Sp. Anak,halodoc,"Setiabudi, Jakarta Selatan",,pediatrician,2025-06-15 02:29:39
dr. Istika Wulandari Sp.A,Sp. Anak,Praktek dokter.,"Bukit Raya, Kota Pekanbaru",,pediatrician,2025-06-15 02:29:42
Dr. Ivan Rachmat Bachtiar Sp.A,Sp. Anak,halodoc,"Setiabudi, Jakarta Selatan",,pediatrician,2025-06-15 02:29:42
dr. Ivan Veriswan Sp.A,Sp. Anak,Apotek Citra Mulia,"Cikupa, Kabupaten Tangerang",,pediatrician,2025-06-15 02:29:42
"Dr. Ivanny Khosasih Sp.A, CIMI",Sp. Anak,halodoc,"Setiabudi, Jakarta Selatan",,pediatrician,2025-06-15 02:29:42
dr. Janaka Sp.A,Sp. Anak,Apotek Nusa Sehat 2,"Senen, Jakarta Pusat",,pediatrician,2025-06-15 02:29:42
"dr. Jeanne Laurensie Sihombing, Sp.A",Sp. Anak,RS St. Carolus Salemba,"Senen, Jakarta Pusat",https://d1ojs48v3n42tp.cloudfront.net/personnels/251348_20-6-2023_13-47-14.png,pediatrician,2025-06-15 02:29:42
"dr. Jeannette Mila Hardiani Cahyaningrum, Sp.A., M.Kes.",Sp. Anak,RS St. Carolus Salemba,"Senen, Jakarta Pusat",https://d1ojs48v3n42tp.cloudfront.net/personnels/439964_3-2-2022_14-28-43.jpeg,pediatrician,2025-06-15 02:29:42
"Dr. Jessica Ginting M.Ked(Ped), Sp.A",Sp. Anak,halodoc,"Setiabudi, Jakarta Selatan",,pediatrician,2025-06-15 02:29:42
Dr. Jessica Irawan Sp.A,Sp. Anak,halodoc,"Setiabudi, Jakarta Selatan",,pediatrician,2025-06-15 02:29:42
Dr. Jessica Sugiharto Sp.A,Sp. Anak,halodoc,"Setiabudi, Jakarta Selatan",,pediatrician,2025-06-15 02:29:42
"dr. Johan Christian Silaen, M.Ked (Ped) Sp. A",Sp. Anak,"Praktek Pribadi dr. Johan Christian Silaen, M.Ked (Ped), Sp. A","Medan Petisah, Kota Medan",,pediatrician,2025-06-15 02:29:44
"Dr. Johannes Octan Daniel M.Res, M.Med.Sc, Sp.A",Sp. Anak,halodoc,"Setiabudi, Jakarta Selatan",,pediatrician,2025-06-15 02:29:44
dr. Johny Gunawan Sp.A,Sp. Anak,Praktek dokter mandiri,"Cileunyi, Kabupaten Bandung",,pediatrician,2025-06-15 02:29:44
"dr. Joko Kurniawan, M.Sc Sp.A",Sp. Anak,RUMAH SAKIT ASSUYUTHIYYAH,"Pati, Kabupaten Pati",,pediatrician,2025-06-15 02:29:44
"dr. Joko Purnomo Heroanto, Sp.A, CIMI, CBATR",Sp. Anak,halodoc,"Setiabudi, Jakarta Selatan",https://d1ojs48v3n42tp.cloudfront.net/personnels/314515_26-9-2023_16-49-5.png,pediatrician,2025-06-15 02:29:44
"Prof. Dr. dr. Jose R. L. Batubara, Sp.A(K), Ph.D",Sp. Anak,halodoc,"Setiabudi, Jakarta Selatan",,pediatrician,2025-06-15 02:29:44
Prof. dr. Jose Rizal Latief Batubara Sp.A (K),Sp. Anak,halodoc,"Setiabudi, Jakarta Selatan",,pediatrician,2025-06-15 02:29:44
"Prof.dr. Jose Rizal Latief Batubara, Sp.A(K)",Sp. Anak,Prodia,"Makassar, Kota Makassar",,pediatrician,2025-06-15 02:29:44
Dr. Josephine Juliana Sibarani Sp. A,Sp. Anak,halodoc,"Setiabudi, Jakarta Selatan",,pediatrician,2025-06-15 02:29:44
Dr. Junifer Aritonang Sp.A,Sp. Anak,halodoc,"Setiabudi, Jakarta Selatan",,pediatrician,2025-06-15 02:29:44
dr. Kadim Sungkono B Sp.A,Sp. Anak,halodoc,"Setiabudi, Jakarta Selatan",,pediatrician,2025-06-15 02:29:47
Dr. Kamajaya Mulyana Sp.A,Sp. Anak,halodoc,"Setiabudi, Jakarta Selatan",,pediatrician,2025-06-15 02:29:47
dr Kania Adhyansitha Sp. A,Sp. Anak,RS ANNA,"Bekasi Barat, Bekasi",,pediatrician,2025-06-15 02:29:47
dr. Kartikaningsih Sp.A,Sp. Anak,KLINIK HARAPAN SEHATI,"Kelapa Dua, Kabupaten Tangerang",,pediatrician,2025-06-15 02:29:47
dr. Ketut Widiasa SpA,Sp. Anak,APOTEK SERUNI,"Cilincing, Jakarta Utara",,pediatrician,2025-06-15 02:29:47
Dr. Khairunnisa Sp.A,Sp. Anak,halodoc,"Setiabudi, Jakarta Selatan",,pediatrician,2025-06-15 02:29:47
dr. Kharmina Chatar Sp.A,Sp. Anak,KLINIK KINDY CARE,"Pancoran Mas, Depok",,pediatrician,2025-06-15 02:29:47
Dr. Kissinger Pugoh Sp.A,Sp. Anak,Praktek dokter mandiri,"Cileunyi, Kabupaten Bandung",,pediatrician,2025-06-15 02:29:47
Dr. Kissinger Puguh Sp.A,Sp. Anak,Apotek Keluarga Kediri,"Grogol, Kabupaten Kediri",,pediatrician,2025-06-15 02:29:47
"dr. Kissinger Puguh, Sp.A.",Sp. Anak,"Dr. Kissinger Puguh, Sp.A.","Kota, Kota Kediri",,pediatrician,2025-06-15 02:29:47
"Dr. Kristian Wongso Giamto DTM&H, M.Sc, Sp.A",Sp. Anak,halodoc,"Setiabudi, Jakarta Selatan",,pediatrician,2025-06-15 02:29:49
"dr. Kristiantini Dewi, Sp.A",Sp. Anak,halodoc,"Setiabudi, Jakarta Selatan",,pediatrician,2025-06-15 02:29:49
"dr. Kriston Silitonga, Sp.A",Sp. Anak,Kimia Farma Depok,"Sukmajaya, Depok",,pediatrician,2025-06-15 02:29:49
"dr. Kriston Silitonga, Sp.A",Sp. Anak,Apotek Kimia Farma 202 Kejayaan,"Sukmajaya, Depok",,pediatrician,2025-06-15 02:29:49
"dr. Kriston Silitonga, Sp.A",Sp. Anak,halodoc,"Setiabudi, Jakarta Selatan",,pediatrician,2025-06-15 02:29:49
Dr. Kurniawan Adi Putranto Sp.A,Sp. Anak,halodoc,"Setiabudi, Jakarta Selatan",,pediatrician,2025-06-15 02:29:49
dr. Kurniawan Tan SpA,Sp. Anak,APOTEK ANAK JAYA,"Senapelan, Kota Pekanbaru",,pediatrician,2025-06-15 02:29:49
Dr. Laila Fitri Ibbihah Sp.A,Sp. Anak,MND Clinic,"Kramat Jati, Jakarta Timur",,pediatrician,2025-06-15 02:29:49
Dr. Laurentia Yustiana Setiono Sp.A,Sp. Anak,halodoc,"Setiabudi, Jakarta Selatan",,pediatrician,2025-06-15 02:29:49
dr. Laury Cahyadi Sp.A,Sp. Anak,halodoc,"Setiabudi, Jakarta Selatan",,pediatrician,2025-06-15 02:29:49
dr. Laury Cahyadi Sp.A,Sp. Anak,halodoc,"Setiabudi, Jakarta Selatan",,pediatrician,2025-06-15 02:29:52
dr. Laury Cahyadi Sp.A,Sp. Anak,halodoc,"Setiabudi, Jakarta Selatan",,pediatrician,2025-06-15 02:29:52
Dr. Ledy Novanty Tandiawan Sp.A,Sp. Anak,halodoc,"Setiabudi, Jakarta Selatan",,pediatrician,2025-06-15 02:29:52
Dr. Leny Ambarwati Sp.A,Sp. Anak,halodoc,"Setiabudi, Jakarta Selatan",,pediatrician,2025-06-15 02:29:52
Dr. Leny Angkawijaya Sp.A,Sp. Anak,halodoc,"Setiabudi, Jakarta Selatan",,pediatrician,2025-06-15 02:29:52
"Dr. Leonardo Ferryanto M. Samadhi Sp.A, M.Ked. Klin",Sp. Anak,halodoc,"Setiabudi, Jakarta Selatan",,pediatrician,2025-06-15 02:29:52
dr. Lia Amalia Sp. A,Sp. Anak,Praktik Dokter Spesialis Anak dr Lia Amalia Sp. A,"Cimahi Utara, Kota Cimahi",,pediatrician,2025-06-15 02:29:52
dr. Lia Rhodia Sp.A,Sp. Anak,KLINIK UTAMA RAWAT INAP AIRLANGGA,"Pasar Rebo, Jakarta Timur",,pediatrician,2025-06-15 02:29:52
Dr. Lia Rhodia Sp.A,Sp. Anak,MND Clinic,"Kramat Jati, Jakarta Timur",,pediatrician,2025-06-15 02:29:52
Dr. Lies Indriyati Sp.A,Sp. Anak,halodoc,"Setiabudi, Jakarta Selatan",,pediatrician,2025-06-15 02:29:52
Dr. Lilis Chalisah Sp.A,Sp. Anak,halodoc,"Setiabudi, Jakarta Selatan",,pediatrician,2025-06-15 02:29:54
"dr. Lilis Chalisah, Sp.A",Sp. Anak,Apotek Helios Medika Sukmajaya,"Sukmajaya, Depok",,pediatrician,2025-06-15 02:29:54
dr. Lilis D Hendrawati Sp.A (K),Sp. Anak,halodoc,"Setiabudi, Jakarta Selatan",,pediatrician,2025-06-15 02:29:54
dr. Lilis D Hendrawati Sp.A,Sp. Anak,halodoc,"Setiabudi, Jakarta Selatan",,pediatrician,2025-06-15 02:29:54
"dr. Lilis Siti Asiyani, Msc Sp.A",Sp. Anak,halodoc,"Setiabudi, Jakarta Selatan",,pediatrician,2025-06-15 02:29:54
Dr. Lina Ninditya Sp.A,Sp. Anak,halodoc,"Setiabudi, Jakarta Selatan",,pediatrician,2025-06-15 02:29:54
"Dr. Lina Purnamasari MH.Kes, Sp.A",Sp. Anak,halodoc,"Setiabudi, Jakarta Selatan",,pediatrician,2025-06-15 02:29:54
Dr. Linda Oktaviana SC Sp.A,Sp. Anak,halodoc,"Setiabudi, Jakarta Selatan",,pediatrician,2025-06-15 02:29:54
Dr. Lingga Pradipta Sp.A,Sp. Anak,halodoc,"Setiabudi, Jakarta Selatan",,pediatrician,2025-06-15 02:29:54
Dr. Lingga Pradipta Sp.A,Sp. Anak,Kinder I care,"Astanaanyar, Kota Bandung",,pediatrician,2025-06-15 02:29:54
Dr. Lingga Pradipta Sp.A,Sp. Anak,Kinder I care,"Astanaanyar, Kota Bandung",,pediatrician,2025-06-15 02:29:57
"dr. Lita Siulan Tanang, Sp.A",Sp. Anak,Siloam Hospitals Balikpapan,"Balikpapan Selatan, Kota Balikpapan",https://d1ojs48v3n42tp.cloudfront.net/personnels/767663_30-6-2021_17-11-41.png,pediatrician,2025-06-15 02:29:57
"dr. Lola Purnama Dewi, Sp.A Subsp. ERIA",Sp. Anak,halodoc,"Setiabudi, Jakarta Selatan",,pediatrician,2025-06-15 02:29:57
dr. Lussy Arijanty Sp.A,Sp. Anak,Kiddie Care Center,"Tanjung Priok, Jakarta Utara",,pediatrician,2025-06-15 02:29:57
dr Lusty Evi Wulandari Sp.A.,Sp. Anak,Klinik Asta Ceria,"Sidoarjo, Kabupaten Sidoarjo",,pediatrician,2025-06-15 02:29:57
dr. Luszy A Sp. A,Sp. Anak,Kiddie Care Center,"Tanjung Priok, Jakarta Utara",,pediatrician,2025-06-15 02:29:57
dr. Luszy Arijanty,Sp. Anak,Apotek Alvin Farma,"Kelapa Gading, Jakarta Utara",,pediatrician,2025-06-15 02:29:57
dr. Luszy Arijanty Sp.A,Sp. Anak,Kiddie Care Center,"Tanjung Priok, Jakarta Utara",,pediatrician,2025-06-15 02:29:57
dr. Luszy Arijanty Sp.A,Sp. Anak,Kiddie Care Center,"Tanjung Priok, Jakarta Utara",,pediatrician,2025-06-15 02:29:57
dr. M. Aulia Sp.A,Sp. Anak,KLINIK BUNDA NELLY,"Ilir Barat I, Kota Palembang",,pediatrician,2025-06-15 02:29:57
Dr. M. Basalamah Sp. A,Sp. Anak,APOTEK OMNIA FARMA,"Tingkir, Kota Salatiga",,pediatrician,2025-06-15 02:29:59
Dr. M. Farid Huzein Sp.A,Sp. Anak,halodoc,"Setiabudi, Jakarta Selatan",,pediatrician,2025-06-15 02:29:59
Dr. M. Farid Huzein Sp.A,Sp. Anak,halodoc,"Setiabudi, Jakarta Selatan",,pediatrician,2025-06-15 02:29:59
dr. M. Hidayat M. Ked (Ped) Sp. A,Sp. Anak,Klinik Utama ARNI MEDIKA,"Wanareja, Kabupaten Cilacap",,pediatrician,2025-06-15 02:29:59
"Dr. M. Taufik Wirawan M.Med.Sc, Sp.A",Sp. Anak,halodoc,"Setiabudi, Jakarta Selatan",,pediatrician,2025-06-15 02:29:59
Dr. Made Laksmi Dewi Adnyana Sp.A,Sp. Anak,halodoc,"Setiabudi, Jakarta Selatan",,pediatrician,2025-06-15 02:29:59
dr. Made Suderata Sp.A,Sp. Anak,Klinik Gayaza,"Paiton, Kota Probolinggo",,pediatrician,2025-06-15 02:29:59
"Dr. Made Supartha M.Sc, Sp.A",Sp. Anak,halodoc,"Setiabudi, Jakarta Selatan",,pediatrician,2025-06-15 02:29:59
Dr. Mahafendy Suryamanika Tukan Sp.A,Sp. Anak,halodoc,"Setiabudi, Jakarta Selatan",,pediatrician,2025-06-15 02:29:59
Dr. Maharani Risiska Utami Sp.A,Sp. Anak,halodoc,"Setiabudi, Jakarta Selatan",,pediatrician,2025-06-15 02:29:59
dr. Mahbub Muhammady Sp. A,Sp. Anak,Apotik Idaman,"Taraju, Kabupaten Tasikmalaya",,pediatrician,2025-06-15 02:30:01
Dr. Mahmudah Sp.A,Sp. Anak,halodoc,"Setiabudi, Jakarta Selatan",,pediatrician,2025-06-15 02:30:01
"dr. Margareta Yuliani, Sp.A",Sp. Anak,RS Bethesda Yogya,"Kraton, Kota Yogyakarta",,pediatrician,2025-06-15 02:30:01
Dr. Maria Angela Fernandez Sp.A,Sp. Anak,halodoc,"Setiabudi, Jakarta Selatan",,pediatrician,2025-06-15 02:30:01
Dr. Maria C. Shycha Moenardi Sp.A,Sp. Anak,halodoc,"Setiabudi, Jakarta Selatan",,pediatrician,2025-06-15 02:30:01
dr. Maria Martha S Sp.A,Sp. Anak,halodoc,"Setiabudi, Jakarta Selatan",,pediatrician,2025-06-15 02:30:01
dr. Maria Martina Siboe Sp.A,Sp. Anak,halodoc,"Setiabudi, Jakarta Selatan",,pediatrician,2025-06-15 02:30:01
dr. Maria Martina Siboe Sp.A,Sp. Anak,Klinik Luvia,"Senen, Jakarta Pusat",,pediatrician,2025-06-15 02:30:01
"dr. Maria Martina Siboe, Sp.A",Sp. Anak,RS St. Carolus Salemba,"Senen, Jakarta Pusat",https://d1ojs48v3n42tp.cloudfront.net/personnels/414414_20-6-2023_14-46-48.png,pediatrician,2025-06-15 02:30:01
Dr. Maria Natalia Indawati Sp.A,Sp. Anak,halodoc,"Setiabudi, Jakarta Selatan",,pediatrician,2025-06-15 02:30:01
Dr. Maria Priskila Sp.A,Sp. Anak,halodoc,"Setiabudi, Jakarta Selatan",,pediatrician,2025-06-15 02:30:04
"Dr. Maria Rulina Yudi Artanti M.Sc, Sp.A",Sp. Anak,halodoc,"Setiabudi, Jakarta Selatan",,pediatrician,2025-06-15 02:30:04
dr. Marilyn Cecilia Malonda Sp.A,Sp. Anak,Kiddie Care Center,"Tanjung Priok, Jakarta Utara",,pediatrician,2025-06-15 02:30:04
dr Marina Rahasati Sp.A,Sp. Anak,RS Anugerah Pekalongan,"Pekalongan Barat, Kota Pekalongan",,pediatrician,2025-06-15 02:30:04
Dr. Marlene Adriani Sutanto Sp.A,Sp. Anak,halodoc,"Setiabudi, Jakarta Selatan",,pediatrician,2025-06-15 02:30:04
dr. Marshalla Agnes Sp. A,Sp. Anak,Kehamilan Sehat Ceger,"Pondok Aren, Tangerang Selatan",,pediatrician,2025-06-15 02:30:04
Dr. Marta Sigit Sp.A,Sp. Anak,halodoc,"Setiabudi, Jakarta Selatan",,pediatrician,2025-06-15 02:30:04
"dr. Martin Satriyadi, Sp.A M.Kes",Sp. Anak,"Praktek dr Martin Satriyadi, Sp.A, M.Kes","Prabumulih Timur, Kota Prabumulih",,pediatrician,2025-06-15 02:30:04
Dr. Masayu Mutiara Puspasari Sp.A,Sp. Anak,halodoc,"Setiabudi, Jakarta Selatan",,pediatrician,2025-06-15 02:30:04
Dr. Medina Athiah Sp.A,Sp. Anak,halodoc,"Setiabudi, Jakarta Selatan",,pediatrician,2025-06-15 02:30:04
Dr. Melan Sari Kahiking Sp.A,Sp. Anak,halodoc,"Setiabudi, Jakarta Selatan",,pediatrician,2025-06-15 02:30:06
dr. Melanie Yudiana Iskandar Sp.A,Sp. Anak,halodoc,"Setiabudi, Jakarta Selatan",,pediatrician,2025-06-15 02:30:06
"Dr. Melati Dinihari M.Sc, Sp.A",Sp. Anak,halodoc,"Setiabudi, Jakarta Selatan",,pediatrician,2025-06-15 02:30:06
"dr. Melia Yunita, M.Sc. Sp.A",Sp. Anak,halodoc,"Setiabudi, Jakarta Selatan",,pediatrician,2025-06-15 02:30:06
"dr. Melisa Anggraeni, M.Biomed Sp.A",Sp. Anak,Klinik Ananda,"Gambir, Jakarta Pusat",,pediatrician,2025-06-15 02:30:06
dr. Melisa Lilisari Sp.A M.Kes,Sp. Anak,Bintaro Women & Children Clinic Bandung,"Batununggal, Kota Bandung",,pediatrician,2025-06-15 02:30:06
Dr. Merry Mawardi SpA,Sp. Anak,klinik Dr Merry Mawardi SpA,"Malalayang, Kota Manado",,pediatrician,2025-06-15 02:30:06
"Dr. Mike Lauda M.Med.Sc, Sp.A",Sp. Anak,halodoc,"Setiabudi, Jakarta Selatan",,pediatrician,2025-06-15 02:30:06
Dr. Mina Sp.A,Sp. Anak,halodoc,"Setiabudi, Jakarta Selatan",,pediatrician,2025-06-15 02:30:06
dr. Mina Sp. A,Sp. Anak,Apotek Pelita Jaya Farma,"Sentani, Jayapura",,pediatrician,2025-06-15 02:30:06
"dr. Mira Christiyani Santoso, Sp.A",Sp. Anak,Miracle Healthy Mom & kids,"Cipondoh, Tangerang",,pediatrician,2025-06-15 02:30:09
"dr. Mira Fauziah, M.Ked (Ped) Sp.A",Sp. Anak,Klinik Hilda Anaira,"Tanjung Priok, Jakarta Utara",,pediatrician,2025-06-15 02:30:09
"dr. Mira Fauziah, M.Ked (Pedi) Sp.A",Sp. Anak,Klinik & Apotek Hilda Alnaira,"Koja, Jakarta Utara",,pediatrician,2025-06-15 02:30:09
dr. Miranti Frity Medyatama Sp. A,Sp. Anak,Sehati Klinik,"Cibitung, Kabupaten Bekasi",,pediatrician,2025-06-15 02:30:09
dr. Miranti Risya Mediaty Sp.A,Sp. Anak,Klinik Sehati,"Cakung, Jakarta Timur",,pediatrician,2025-06-15 02:30:09
"Dr. Mislina Munir M.Ked(Ped), Sp.A",Sp. Anak,halodoc,"Setiabudi, Jakarta Selatan",,pediatrician,2025-06-15 02:30:09
"dr. Monique Christiany, Sp.A M.Kes",Sp. Anak,halodoc,"Setiabudi, Jakarta Selatan",,pediatrician,2025-06-15 02:30:09
Dr. Muda Isa Ariantana Sp.A,Sp. Anak,halodoc,"Setiabudi, Jakarta Selatan",,pediatrician,2025-06-15 02:30:09
Dr. Muhammad A. Kevin Sp.A,Sp. Anak,halodoc,"Setiabudi, Jakarta Selatan",,pediatrician,2025-06-15 02:30:09
"Dr. Muhammad Jalul M M.Med.Sc, Sp.A",Sp. Anak,halodoc,"Setiabudi, Jakarta Selatan",,pediatrician,2025-06-15 02:30:09
Dr. Muhammad Kautsar Sp.A,Sp. Anak,halodoc,"Setiabudi, Jakarta Selatan",,pediatrician,2025-06-15 02:30:11
"dr. Muhammad Rinaldhi Akbat Martiano , SpA",Sp. Anak,halodoc,"Setiabudi, Jakarta Selatan",,pediatrician,2025-06-15 02:30:11
dr Muhammad Riza Sp. A,Sp. Anak,Klinik Narraya,"Laweyan, Kota Surakarta",,pediatrician,2025-06-15 02:30:11
"Dr. Muhammad Tsani Arsyad M.Med.Sc, Sp.A",Sp. Anak,halodoc,"Setiabudi, Jakarta Selatan",,pediatrician,2025-06-15 02:30:11
Dr. Muhrodji Sp.A,Sp. Anak,halodoc,"Setiabudi, Jakarta Selatan",,pediatrician,2025-06-15 02:30:11
"Dr. Munira Ulfah M.Ked(Ped), Sp.A",Sp. Anak,halodoc,"Setiabudi, Jakarta Selatan",,pediatrician,2025-06-15 02:30:11
Dr. NINA L. M. sc. Sp. A,Sp. Anak,halodoc,"Setiabudi, Jakarta Selatan",,pediatrician,2025-06-15 02:30:11
"Dr. Nadhira Lesarina M.Ked(Ped), Sp.A",Sp. Anak,halodoc,"Setiabudi, Jakarta Selatan",,pediatrician,2025-06-15 02:30:11
Nadine Shakina Dr Sp.A,Sp. Anak,0,"Bekasi Selatan, Bekasi",,pediatrician,2025-06-15 02:30:11
Nadine Shakina Tabit Dr. SpA,Sp. Anak,0,"Bekasi Selatan, Bekasi",,pediatrician,2025-06-15 02:30:11
dr Nahari Arifin Sp A,Sp. Anak,0,"Bekasi Selatan, Bekasi",,pediatrician,2025-06-15 02:30:14
"Prof. Dr. dr Najib Advani, Sp.A(K), MMed., (Paed)",Sp. Anak,Apotek Nasha,"Cibodas, Tangerang",,pediatrician,2025-06-15 02:30:14
"Najib Advani, Prof., Dr., dr., Sp.A (K), M.Med (Paed)",Sp. Anak,halodoc,"Setiabudi, Jakarta Selatan",,pediatrician,2025-06-15 02:30:14
Dr. Nanda Juwita Sp.A,Sp. Anak,halodoc,"Setiabudi, Jakarta Selatan",,pediatrician,2025-06-15 02:30:14
"dr. Natasha Amalda, Sp.A",Sp. Anak,halodoc,"Setiabudi, Jakarta Selatan",,pediatrician,2025-06-15 02:30:14
dr. Nenvy G. Wantouw Sp.A,Sp. Anak,"dr. Nenvy Gracia Wantouw, Sp. A","Tegalsari, Kota Surabaya",,pediatrician,2025-06-15 02:30:14
Dr. Ni Kadek Wiwik Agustini Sp.A,Sp. Anak,halodoc,"Setiabudi, Jakarta Selatan",,pediatrician,2025-06-15 02:30:14
Dr. Ni Luh Ayu Sumbia Indriani Sp.A,Sp. Anak,halodoc,"Setiabudi, Jakarta Selatan",,pediatrician,2025-06-15 02:30:14
dr Ni Luh Made Diah Wulandari Sp. A,Sp. Anak,KLINIK NURJAYA,"Mengwi, Kabupaten Badung",,pediatrician,2025-06-15 02:30:14
"Dr. Ni Putu Aniek Mahayani M.Si.Med, Sp.A",Sp. Anak,halodoc,"Setiabudi, Jakarta Selatan",,pediatrician,2025-06-15 02:30:14
Dr. Ni Putu Indah Kusumadewi Riandra Sp.A,Sp. Anak,halodoc,"Setiabudi, Jakarta Selatan",,pediatrician,2025-06-15 02:30:16
Dr. Nicholas Hartanto Prawoto Sp.A,Sp. Anak,halodoc,"Setiabudi, Jakarta Selatan",,pediatrician,2025-06-15 02:30:16
dr. Nieken Susanti SpA. M.Biomed,Sp. Anak,"· Dr. Nieken Susanti, Sp.A, M.Biomed","Kediri Kota, Kota Kediri",,pediatrician,2025-06-15 02:30:16
dr. Nieken Susanti Sp. A,Sp. Anak,KIMIA FARMA MOJOROTO,"Mojoroto, Kota Kediri",,pediatrician,2025-06-15 02:30:16
Dr. Nike Dewi Anggraini Sp A,Sp. Anak,BWCC Bekasi,"Bekasi Selatan, Bekasi",,pediatrician,2025-06-15 02:30:16
"Dr. Niken Iswarajati MSc, Sp.A",Sp. Anak,halodoc,"Setiabudi, Jakarta Selatan",,pediatrician,2025-06-15 02:30:16
Dr. Nilasari Udiantara Sp. A,Sp. Anak,"dr, Nilasari, SpA","Penjaringan, Jakarta Utara",,pediatrician,2025-06-15 02:30:16
Dr. Nilasari Udiantara Sp.A,Sp. Anak,dr. Nilasari Udiantara SpA,"Sukawangi, Kabupaten Bekasi",,pediatrician,2025-06-15 02:30:16
Dr. Nina L. M.sc. Sp.A,Sp. Anak,APOTEK GRAHA INTERNA,"Sidorejo, Kota Salatiga",,pediatrician,2025-06-15 02:30:16
"dr. Nina Natalia, Sp.A",Sp. Anak,Siloam Hospitals Balikpapan,"Balikpapan Selatan, Kota Balikpapan",https://d1ojs48v3n42tp.cloudfront.net/personnels/118120_30-6-2021_17-26-21.png,pediatrician,2025-06-15 02:30:16
dr. Ninny M. Pelupessy (Unil) Sp.A,Sp. Anak,Klinik Efbifor,"Panakkukang, Kota Makassar",,pediatrician,2025-06-15 02:30:19
"Dr. Nirmalia Husin M.Ked(Ped), Sp.A",Sp. Anak,halodoc,"Setiabudi, Jakarta Selatan",,pediatrician,2025-06-15 02:30:19
dr Nita Ratna Dewanti Sp A,Sp. Anak,0,"Bekasi Selatan, Bekasi",,pediatrician,2025-06-15 02:30:19
Dr. Noldy Octovianus Sp.A,Sp. Anak,halodoc,"Setiabudi, Jakarta Selatan",,pediatrician,2025-06-15 02:30:19
dr. Noor Widiastuti SpA,Sp. Anak,dr. Suwandy Hermanto Bun,"Cengkareng, Jakarta Barat",,pediatrician,2025-06-15 02:30:19
dr. Novita Dewi Sp. A,Sp. Anak,halodoc,"Setiabudi, Jakarta Selatan",,pediatrician,2025-06-15 02:30:19
"dr. Novita Donnawati Damanik, Sp.A",Sp. Anak,Rumah Sakit Umum Wijayakusuma,"Kebumen, Kabupaten Kebumen",,pediatrician,2025-06-15 02:30:19
"dr. Nunki Andria, Sp.A",Sp. Anak,Rumah Vaksinasi Ciledug,"Ciledug, Tangerang",,pediatrician,2025-06-15 02:30:19
"Dr. Nur Hidayati Azhar Sp.A, M.Biomed",Sp. Anak,halodoc,"Setiabudi, Jakarta Selatan",,pediatrician,2025-06-15 02:30:19
Dr. Nurhidayah Sp.A,Sp. Anak,halodoc,"Setiabudi, Jakarta Selatan",,pediatrician,2025-06-15 02:30:19
dr. Nurhidayat Sp.A,Sp. Anak,APOTEK LIDO,"Koja, Jakarta Utara",,pediatrician,2025-06-15 02:30:21
Dr. Nurmega Kurnia Saputri Sp.A,Sp. Anak,halodoc,"Setiabudi, Jakarta Selatan",,pediatrician,2025-06-15 02:30:21
"Dr. Oktadoni Saputra M.Sc, Sp.A",Sp. Anak,halodoc,"Setiabudi, Jakarta Selatan",,pediatrician,2025-06-15 02:30:21
Dr. Pamela Aprilia Lumentut Sp.A,Sp. Anak,halodoc,"Setiabudi, Jakarta Selatan",,pediatrician,2025-06-15 02:30:21
Dr. Pandji PB Sp. A,Sp. Anak,Apotek Anak Ibu,"Pasar Jambi, Kota Jambi",,pediatrician,2025-06-15 02:30:21
dr. Parlindungan RIngoringo Sp.A,Sp. Anak,Praktek dokter bersama Pasadena,"Bekasi Timur, Bekasi",,pediatrician,2025-06-15 02:30:21
dr. Phan Oto Subroto SpA,Sp. Anak,Apotek C21,"Cengkareng, Jakarta Barat",,pediatrician,2025-06-15 02:30:21
Dr. Pradipto Sp.A,Sp. Anak,halodoc,"Setiabudi, Jakarta Selatan",,pediatrician,2025-06-15 02:30:21
dr. Prakanita Sp.A,Sp. Anak,"dr Prakanita, SpA","Alang-Alang Lebar, Kota Palembang",,pediatrician,2025-06-15 02:30:21
dr. Pranindra K. Sp.A,Sp. Anak,Klinik NIRMALA,"Tambun Selatan, Kabupaten Bekasi",,pediatrician,2025-06-15 02:30:21
dr Prastowo Sidi Pramono Sp. A,Sp. Anak,RSIJ Cempaka Putih,"Cempaka Putih, Jakarta Pusat",,pediatrician,2025-06-15 02:30:23
Dr. Prima Evita Juwitasari Sp. A,Sp. Anak,halodoc,"Setiabudi, Jakarta Selatan",,pediatrician,2025-06-15 02:30:23
Dr. Primadiati Nickyta Sari Sp.A,Sp. Anak,halodoc,"Setiabudi, Jakarta Selatan",,pediatrician,2025-06-15 02:30:23
"Dr. Priska D. Forceviana S M.Med.Sc, Sp.A",Sp. Anak,halodoc,"Setiabudi, Jakarta Selatan",,pediatrician,2025-06-15 02:30:23
"Prof. Arwin AP, AKBP, Dr SPA(K)",Sp. Anak,Apotek Kombi Pondok Kelapa,"Duren Sawit, Jakarta Timur",,pediatrician,2025-06-15 02:30:23
Prof. DR. dr. H. Irawan Mangunatmadja SpA(K),Sp. Anak,Klinik Anakku,"Kelapa Gading, Jakarta Utara",,pediatrician,2025-06-15 02:30:23
Prof. Dr. Hendra Santoso Sp A (K),Sp. Anak,dr Hendra Santoso SpA,"Buleleng, Kabupaten Buleleng",,pediatrician,2025-06-15 02:30:23
Prof. Dr. dr. Zakiudin Munasir SpA(K),Sp. Anak,Apotek Cavita Farma,"Larangan, Tangerang",,pediatrician,2025-06-15 02:30:23
Prof. Dr. dr. Zakiudin Munasir SpA(K),Sp. Anak,Apotek Cavita Farma,"Larangan, Tangerang",,pediatrician,2025-06-15 02:30:23
dr Prof. dr. Taralan Tambunan Sp. A,Sp. Anak,Apotek Berkat XIX,"Pademangan, Jakarta Utara",,pediatrician,2025-06-15 02:30:23
"Dr. Puji Mirantiningsih Sp.A, M.Biomed",Sp. Anak,halodoc,"Setiabudi, Jakarta Selatan",https://d1ojs48v3n42tp.cloudfront.net/personnels/871564_23-10-2023_21-16-15.png,pediatrician,2025-06-15 02:30:26
"dr. Puji Mirantiningsih, Sp.A M.Biomed",Sp. Anak,halodoc,"Setiabudi, Jakarta Selatan",,pediatrician,2025-06-15 02:30:26
"Dr. Puspita Ayu Margaretha M.Sc, Sp.A",Sp. Anak,halodoc,"Setiabudi, Jakarta Selatan",,pediatrician,2025-06-15 02:30:26
dr. Putri Meneng K. Sp.A. M.Kes.,Sp. Anak,"dr. Putri Meneng Kusumoindiah, Sp.A,","Makasar, Jakarta Timur",,pediatrician,2025-06-15 02:30:26
"dr. Putri Meneng Kusumoindiah, Sp.A, M.Kes",Sp. Anak,"dr. Putri Meneng Kusumoindiah, Sp.A,","Makasar, Jakarta Timur",,pediatrician,2025-06-15 02:30:26
Dr. Putri Nilla Shanty Sp.A,Sp. Anak,halodoc,"Setiabudi, Jakarta Selatan",,pediatrician,2025-06-15 02:30:26
Dr. Putu Ayunda Trisnia Sp.A,Sp. Anak,halodoc,"Setiabudi, Jakarta Selatan",,pediatrician,2025-06-15 02:30:26
Dr. Putu Dianisa Rosari Dewi Sp.A,Sp. Anak,halodoc,"Setiabudi, Jakarta Selatan",,pediatrician,2025-06-15 02:30:26
Dr. Putu Tarita Susanti Sp.A,Sp. Anak,halodoc,"Setiabudi, Jakarta Selatan",,pediatrician,2025-06-15 02:30:26
Dr. Qeis Ramadhan Sp.A,Sp. Anak,halodoc,"Setiabudi, Jakarta Selatan",,pediatrician,2025-06-15 02:30:26
"dr. Raddi Medias, Sp.A M.Kes",Sp. Anak,Klinik Utama Rindu Sehat,"Cihideung, Kota Tasikmalaya",,pediatrician,2025-06-15 02:30:28
dr. Raddi Moekdas Sp. A,Sp. Anak,Klinik Utama Rindu Sehat,"Cihideung, Kota Tasikmalaya",,pediatrician,2025-06-15 02:30:28
Dr. Rae Fernandez Sp.A,Sp. Anak,halodoc,"Setiabudi, Jakarta Selatan",,pediatrician,2025-06-15 02:30:28
dr. Rae Fernandez Sp.A,Sp. Anak,halodoc,"Setiabudi, Jakarta Selatan",,pediatrician,2025-06-15 02:30:28
Dr. Rahman Setiawan Sp.A,Sp. Anak,halodoc,"Setiabudi, Jakarta Selatan",,pediatrician,2025-06-15 02:30:28
"Dr. Rahmawati Aminingrum Sp.A, M.Biomed",Sp. Anak,halodoc,"Setiabudi, Jakarta Selatan",,pediatrician,2025-06-15 02:30:28
"Dr. Raja Yonita, Sp.A. Dr. Bung",Sp. Anak,halodoc,"Setiabudi, Jakarta Selatan",,pediatrician,2025-06-15 02:30:28
"Dr. Rake Andara M.Ked(Ped), Sp.A",Sp. Anak,halodoc,"Setiabudi, Jakarta Selatan",,pediatrician,2025-06-15 02:30:28
dr. Ranti Astria Hannah Sp.A,Sp. Anak,Apotik Mahakam,"Kebayoran Baru, Jakarta Selatan",,pediatrician,2025-06-15 02:30:28
"Dr. Rasio Putra Hutama Sp.A, M.Ked.Klin",Sp. Anak,halodoc,"Setiabudi, Jakarta Selatan",,pediatrician,2025-06-15 02:30:28
dr. Rasio Putra Hutama Sp.A,Sp. Anak,"Dr. Rasio Putra Hutama Sp.A, M.Ked.Klin","Manguharjo, Kota Madiun",,pediatrician,2025-06-15 02:30:31
dr. Ratna Sari SpA,Sp. Anak,Kemuning Mom and Baby Clinic,"Jatiasih, Bekasi",,pediatrician,2025-06-15 02:30:31
"dr. Ratna T. Hadju, Sp.A",Sp. Anak,"dr. Ratna T. Hadju, Sp.A","Sukolilo, Kota Surabaya",,pediatrician,2025-06-15 02:30:31
"dr. Ratno Juniarto Marulitua Sidauruk, Sp.A(K)",Sp. Anak,RS St. Carolus Salemba,"Senen, Jakarta Pusat",https://d1ojs48v3n42tp.cloudfront.net/personnels/657521_20-6-2023_13-47-37.png,pediatrician,2025-06-15 02:30:31
Dr. Renata Yolanda Sp.A,Sp. Anak,halodoc,"Setiabudi, Jakarta Selatan",,pediatrician,2025-06-15 02:30:31
"dr. Retno Asih Setyoningrum, Sp.A (K)",Sp. Anak,"dr. Retno Asih Setyoningrum, Sp.A(K),","Gubeng, Kota Surabaya",,pediatrician,2025-06-15 02:30:31
Dr. Reza Chandra Abdilla Sp.A,Sp. Anak,halodoc,"Setiabudi, Jakarta Selatan",,pediatrician,2025-06-15 02:30:31
Dr. RiECA Fauziyah Sp.A,Sp. Anak,BWCC Bekasi,"Bekasi Selatan, Bekasi",,pediatrician,2025-06-15 02:30:31
dr. Ria Puspitasari Sp.A,Sp. Anak,dr. Ria puspita sari SPA,"Gambir, Jakarta Pusat",,pediatrician,2025-06-15 02:30:31
dr. Ria Yoanita Sp.A,Sp. Anak,halodoc,"Setiabudi, Jakarta Selatan",,pediatrician,2025-06-15 02:30:31
"dr. Riady Ashari, M.Ked (Ped) Sp.A",Sp. Anak,Klinik Hilda Anaira,"Tanjung Priok, Jakarta Utara",,pediatrician,2025-06-15 02:30:34
"dr. Riady Ashari,M.Ked(Ped), Sp.A",Sp. Anak,Klinik & Apotek Hilda Alnaira,"Koja, Jakarta Utara",,pediatrician,2025-06-15 02:30:34
dr. Richardus Herman Waluya Sp.A,Sp. Anak,halodoc,"Setiabudi, Jakarta Selatan",,pediatrician,2025-06-15 02:30:34
dr. Richardus Herman Waluya Sp. A,Sp. Anak,halodoc,"Setiabudi, Jakarta Selatan",,pediatrician,2025-06-15 02:30:34
dr. Ricki Rajaguguk Sp.A,Sp. Anak,Praktek Dokter Anak Ricki Rajaguguk SpA,"Ciwidey, Kabupaten Bandung",,pediatrician,2025-06-15 02:30:34
Dr. Ricky Saunders Sp.A,Sp. Anak,halodoc,"Setiabudi, Jakarta Selatan",,pediatrician,2025-06-15 02:30:34
"dr. Ridy Ashari, M.Ked (Ped) Sp.A",Sp. Anak,Klinik & Apotek Hilda Alnaira,"Koja, Jakarta Utara",,pediatrician,2025-06-15 02:30:34
dr. Rien Agustien N Sp.A,Sp. Anak,RSIA FRISDHY ANGEL,"Jatiuwung, Tangerang",,pediatrician,2025-06-15 02:30:34
Dr. Rifia Indrayanti Sp. A,Sp. Anak,Praktek dokter.,"Bukit Raya, Kota Pekanbaru",,pediatrician,2025-06-15 02:30:34
"Dr. Rika Yunita M.Ked(Ped), Sp.A",Sp. Anak,halodoc,"Setiabudi, Jakarta Selatan",,pediatrician,2025-06-15 02:30:34
"dr. Rillie Armeilia, Sp.A",Sp. Anak,halodoc,"Setiabudi, Jakarta Selatan",,pediatrician,2025-06-15 02:30:37
Dr. Rinda Martanti Sp A,Sp. Anak,BWCC Bekasi,"Bekasi Selatan, Bekasi",,pediatrician,2025-06-15 02:30:37
dr. Rinda Martanti R SpA,Sp. Anak,BWCC Bekasi,"Bekasi Selatan, Bekasi",,pediatrician,2025-06-15 02:30:37
dr. Rinda Martanti R. Sp.A,Sp. Anak,BWCC Bekasi,"Bekasi Selatan, Bekasi",,pediatrician,2025-06-15 02:30:37
dr. Rinda Martanti R. Sp.A,Sp. Anak,0,"Bekasi Selatan, Bekasi",,pediatrician,2025-06-15 02:30:37
dr. Rinda Martanti R. Sp.A,Sp. Anak,BWCC Bekasi,"Bekasi Selatan, Bekasi",,pediatrician,2025-06-15 02:30:37
"dr. Riona Sari, M.Sc SpA",Sp. Anak,Praktek dr. Riona Sari Sp.A,"Tanjung Karang Pusat, Kota Bandar Lampung",,pediatrician,2025-06-15 02:30:37
Dr. Ririn Esterina Sp.A,Sp. Anak,halodoc,"Setiabudi, Jakarta Selatan",,pediatrician,2025-06-15 02:30:37
dr. Riska M. Sp.A,Sp. Anak,APOTEK & KLINIK IDOLA,"Cikoneng, Kabupaten Ciamis",,pediatrician,2025-06-15 02:30:37
dr. Riska Munggaran Sp.A,Sp. Anak,APOTEK & KLINIK IDOLA,"Cikoneng, Kabupaten Ciamis",,pediatrician,2025-06-15 02:30:37
"dr. Risman Rais, Sp.THT",Sp. Anak,halodoc,"Setiabudi, Jakarta Selatan",,pediatrician,2025-06-15 02:30:40
"Dr. Rissa Puspitan Sabur, Sp.A. M.Key",Sp. Anak,RSUD KOTA BANDUNG,"Cinambo, Kota Bandung",,pediatrician,2025-06-15 02:30:40
dr. Rita Andriany Sp.A(K),Sp. Anak,halodoc,"Setiabudi, Jakarta Selatan",,pediatrician,2025-06-15 02:30:40
dr Rivai Koesen Sp.A,Sp. Anak,RSU Muhammadiyah Darul IstiQomah Kendal,"Kartoharjo, Kota Madiun",,pediatrician,2025-06-15 02:30:40
"Dr. Rizal Rinaldy Somali, Sp.A",Sp. Anak,halodoc,"Setiabudi, Jakarta Selatan",https://d1ojs48v3n42tp.cloudfront.net/personnels/103518_12-8-2022_14-25-49.jpeg,pediatrician,2025-06-15 02:30:40
"Dr. Rizka Arifani Sp.A, M.Ked.Klin",Sp. Anak,halodoc,"Setiabudi, Jakarta Selatan",,pediatrician,2025-06-15 02:30:40
"dr. Rizky Amrullah Nasution, Sp.A",Sp. Anak,Apotik Rini,"Pulo Gadung, Jakarta Timur",,pediatrician,2025-06-15 02:30:40
"Dr. Rizky Arisanti Maharani Sp.A, M.Ked.Klin",Sp. Anak,halodoc,"Setiabudi, Jakarta Selatan",,pediatrician,2025-06-15 02:30:40
Dr. Rizky Fajri Sp.A,Sp. Anak,halodoc,"Setiabudi, Jakarta Selatan",,pediatrician,2025-06-15 02:30:40
dr. Robert Simanjuntak Sp.A,Sp. Anak,"Dr. Robert Simanjuntak, S.pA","Way Halim, Kota Bandar Lampung",,pediatrician,2025-06-15 02:30:40
dr. Romy Windiyanto Sp.A,Sp. Anak,Klinik Utama Vidyan Medika,"Blahbatuh, Kabupaten Gianyar",,pediatrician,2025-06-15 02:30:43
Dr. Rosalia Desi S Sp.A,Sp. Anak,APOTEK MARINNO,"Banyumanik, Kota Semarang",,pediatrician,2025-06-15 02:30:43
dr. Rosalia Desi Susanto,Sp. Anak,Apotek Kharisma,"Semarang Tengah, Kota Semarang",,pediatrician,2025-06-15 02:30:43
dr. Rosalia Desi Susanto SP A,Sp. Anak,Apotek & Toko Alat Kesehatan Sarika Majapahit,"Pedurungan, Kota Semarang",,pediatrician,2025-06-15 02:30:43
"Dr. Rose Grand Chen M.Ked(Ped), Sp.A",Sp. Anak,halodoc,"Setiabudi, Jakarta Selatan",,pediatrician,2025-06-15 02:30:43
"dr. Rossy Agus Mardani, Sp.A",Sp. Anak,RS St. Carolus Salemba,"Senen, Jakarta Pusat",https://d1ojs48v3n42tp.cloudfront.net/personnels/214063_20-6-2023_13-46-13.png,pediatrician,2025-06-15 02:30:43
dr. Rotua Sinaga Sp.A,Sp. Anak,Apotek Lyvia Kuningan,"Kuningan, Kabupaten Kuningan",,pediatrician,2025-06-15 02:30:43
"dr. Rusmawati, M.Kes. Sp.A(K)",Sp. Anak,Klinik Anak Cerdas Ceria,"Banjarsari, Kota Surakarta",,pediatrician,2025-06-15 02:30:43
Dr. Ruth Karisma Widjaja Sp.A,Sp. Anak,KLINIK HARAPAN SEHATI,"Kelapa Dua, Kabupaten Tangerang",,pediatrician,2025-06-15 02:30:43
Dr. Ruth Karisma Widjaja Sp.A,Sp. Anak,KLINIK HARAPAN SEHATI,"Kelapa Dua, Kabupaten Tangerang",,pediatrician,2025-06-15 02:30:43
"dr. Ruth Karisma Widjaja, Sp.A",Sp. Anak,KLINIK HARAPAN SEHATI,"Kelapa Dua, Kabupaten Tangerang",,pediatrician,2025-06-15 02:30:46
dr. SARYANTO Sp.A,Sp. Anak,halodoc,"Setiabudi, Jakarta Selatan",,pediatrician,2025-06-15 02:30:46
dr. SOELISTYOWATI SOEKARNO Sp.A,Sp. Anak,Praktek dokter.,"Bukit Raya, Kota Pekanbaru",,pediatrician,2025-06-15 02:30:46
"dr. ST. Rahmah Rahim, Sp.A M.Kes",Sp. Anak,Klinik Nakitha,"Mustika Jaya, Bekasi",,pediatrician,2025-06-15 02:30:46
"dr. ST. Rahmah Rahim, Sp.A M.Kes",Sp. Anak,Klinik Nakitha,"Mustika Jaya, Bekasi",,pediatrician,2025-06-15 02:30:46
"dr. ST. Rahmah Rahim, Sp.A M.Kes",Sp. Anak,Klinik Nakitha,"Mustika Jaya, Bekasi",,pediatrician,2025-06-15 02:30:46
Dr. Safitri Tia Tampy Sp.A,Sp. Anak,halodoc,"Setiabudi, Jakarta Selatan",,pediatrician,2025-06-15 02:30:46
Dr. Sander D. Teddy Sp A,Sp. Anak,"Klinik Dr. Sander D. Teddy, SpA","Kebayoran Baru, Jakarta Selatan",,pediatrician,2025-06-15 02:30:46
Dr. Sander D. Teddy Sp.A,Sp. Anak,"Klinik Dr. Sander D. Teddy, SpA","Kebayoran Baru, Jakarta Selatan",,pediatrician,2025-06-15 02:30:46
"Dr. Sander D. Teddy, SpA",Sp. Anak,"Klinik Dr. Sander D. Teddy, SpA","Kebayoran Baru, Jakarta Selatan",,pediatrician,2025-06-15 02:30:46
"Dr. Sandi Nugraha Sp.A, M.Biomed",Sp. Anak,halodoc,"Setiabudi, Jakarta Selatan",,pediatrician,2025-06-15 02:30:48
Dr. Sannita Mayusda Sp.A,Sp. Anak,halodoc,"Setiabudi, Jakarta Selatan",,pediatrician,2025-06-15 02:30:48
Dr. Sansan Suhelda Sp. A Sp.OG,Sp. Anak,Kiddie Care Center,"Tanjung Priok, Jakarta Utara",,pediatrician,2025-06-15 02:30:48
"dr. Sansan Suhelda, IBCLC, CIMI Sp.A",Sp. Anak,Kiddie Care Center,"Tanjung Priok, Jakarta Utara",,pediatrician,2025-06-15 02:30:48
Dr. Santa Ulina Saptadian Sp.A,Sp. Anak,halodoc,"Setiabudi, Jakarta Selatan",,pediatrician,2025-06-15 02:30:48
"Dr. Sepfrita Katerine Aftabuddin M.Kes., Sp.A",Sp. Anak,halodoc,"Setiabudi, Jakarta Selatan",,pediatrician,2025-06-15 02:30:48
Dr. Seta Widya Nugraha Sp.A,Sp. Anak,halodoc,"Setiabudi, Jakarta Selatan",,pediatrician,2025-06-15 02:30:48
Dr. Setya Dipayana Sp.A,Sp. Anak,halodoc,"Setiabudi, Jakarta Selatan",,pediatrician,2025-06-15 02:30:48
"Dr. Sheryl Serelia M.Med.Sc, Sp.A",Sp. Anak,halodoc,"Setiabudi, Jakarta Selatan",,pediatrician,2025-06-15 02:30:48
"Dr. Shirley Ferlina M.Ked.Klin, Sp.A",Sp. Anak,halodoc,"Setiabudi, Jakarta Selatan",,pediatrician,2025-06-15 02:30:48
"dr. Silvia Meiliana, M.Sc, Sp.A",Sp. Anak,Siloam Hospitals Balikpapan,"Balikpapan Selatan, Kota Balikpapan",https://d1ojs48v3n42tp.cloudfront.net/personnels/358135_14-12-2022_13-9-14.png,pediatrician,2025-06-15 02:30:51
dr. Silvia Wowiling Sp.A,Sp. Anak,Halodoc Teleconsultation,"Setiabudi, Jakarta Selatan",,pediatrician,2025-06-15 02:30:51
dr. Silviana Natalia Setyoso Sp.A,Sp. Anak,halodoc,"Setiabudi, Jakarta Selatan",,pediatrician,2025-06-15 02:30:51
dr. Silvina Natalia Setyoso Sp. A,Sp. Anak,halodoc,"Setiabudi, Jakarta Selatan",,pediatrician,2025-06-15 02:30:51
dr. Silvina Natalia Setyoso Sp. A,Sp. Anak,halodoc,"Setiabudi, Jakarta Selatan",,pediatrician,2025-06-15 02:30:51
dr. Sintha Sp. A,Sp. Anak,KLINIK PERMATA IBU,"Bugul Kidul, Kota Pasuruan",,pediatrician,2025-06-15 02:30:51
"Dr. Siti Humairah M.Ked(Ped), Sp.A",Sp. Anak,halodoc,"Setiabudi, Jakarta Selatan",,pediatrician,2025-06-15 02:30:51
dr. Siti Khotijah Sp.A,Sp. Anak,Emyu Health Care,"Sukmajaya, Depok",,pediatrician,2025-06-15 02:30:51
dr. Siti Mita Sp.A,Sp. Anak,Klinik Utama Sejahtera Ciracas,"Ciracas, Jakarta Timur",,pediatrician,2025-06-15 02:30:51
Dr. Sonny S. W SpA,Sp. Anak,dr. Sonny S. W SpA,"Penjaringan, Jakarta Utara",,pediatrician,2025-06-15 02:30:51
Dr. Sonny S. W SpA,Sp. Anak,dr. Sonny S. W SpA,"Penjaringan, Jakarta Utara",,pediatrician,2025-06-15 02:30:53
dr. Sonny S. Wangsadisastra Sp.A,Sp. Anak,Apotek Palasari,"Sumedang Selatan, Kabupaten Sumedang",,pediatrician,2025-06-15 02:30:53
Dr. Sorayah Agustini Sp.A,Sp. Anak,halodoc,"Setiabudi, Jakarta Selatan",,pediatrician,2025-06-15 02:30:53
Dr. Sri Rezeki Sp.A,Sp. Anak,halodoc,"Setiabudi, Jakarta Selatan",,pediatrician,2025-06-15 02:30:53
dr. Sri Wuryanto Warijan SpA,Sp. Anak,APOTEK R.D.E,"Matraman, Jakarta Timur",,pediatrician,2025-06-15 02:30:53
Dr. Stefanus Gunawan Sp. A,Sp. Anak,Klinik Gigi drg. Stefanus Setiawan,"Cimanggis, Depok",,pediatrician,2025-06-15 02:30:53
Dr. Stephanie Kusbianto Sp.A,Sp. Anak,halodoc,"Setiabudi, Jakarta Selatan",,pediatrician,2025-06-15 02:30:53
dr. Stephanus J. Sarmili Sp.A,Sp. Anak,Klinik & Apotik Medikids,"Kebon Jeruk, Jakarta Barat",,pediatrician,2025-06-15 02:30:53
"dr. Stephanus J. Sarmili, Sp.A",Sp. Anak,Klinik & Apotik Medikids,"Kebon Jeruk, Jakarta Barat",,pediatrician,2025-06-15 02:30:53
Dr. Stevanus Gunawan Sp. A (K),Sp. Anak,"Praktek Dokter Anak Dr. Stevanus Gunawan, SpA","Paal Dua, Kota Manado",,pediatrician,2025-06-15 02:30:53
dr. Steven Tjia Sp.A,Sp. Anak,Eka Hospital Family,"Kelapa Gading, Jakarta Utara",,pediatrician,2025-06-15 02:30:56
"dr. Steven Tjia, Sp.A",Sp. Anak,Hellokidz klinik,"Pademangan, Jakarta Utara",,pediatrician,2025-06-15 02:30:56
Dr. Sudiyana Hasyim Sp.A,Sp. Anak,dr.Sudiyana Hasyim,"Balikpapan Tengah, Kota Balikpapan",,pediatrician,2025-06-15 02:30:56
"Dr. Sudyana Hasyim,SpA",Sp. Anak,dr.Sudiyana Hasyim,"Balikpapan Tengah, Kota Balikpapan",,pediatrician,2025-06-15 02:30:56
dr. Suhendi Sp.A,Sp. Anak,halodoc,"Setiabudi, Jakarta Selatan",,pediatrician,2025-06-15 02:30:56
dr. Suherjati Setiyadi Sp.A,Sp. Anak,Klinik Sudirman,"Banjarsari, Kabupaten Ciamis",,pediatrician,2025-06-15 02:30:56
Dr. Sukardi Sp.A,Sp. Anak,"dr. Sukardi, Sp.A","Wates, Kabupaten Blitar",,pediatrician,2025-06-15 02:30:56
"Dr. Sumardi Fransiskus S Sp.A(K), M.Biomed",Sp. Anak,halodoc,"Setiabudi, Jakarta Selatan",https://d1ojs48v3n42tp.cloudfront.net/personnels/523437_15-11-2022_18-9-31.png,pediatrician,2025-06-15 02:30:56
Dr. Sunyataningkamto Sp.A,Sp. Anak,halodoc,"Setiabudi, Jakarta Selatan",,pediatrician,2025-06-15 02:30:56
dr. Suryono Wibowo Sp.A,Sp. Anak,Suryono Wibowo H Dr,"Duren Sawit, Jakarta Timur",,pediatrician,2025-06-15 02:30:56
dr. Susetyo Sp. A,Sp. Anak,Apotek Gajah Kuat,"Gayamsari, Kota Semarang",,pediatrician,2025-06-15 02:30:58
"dr. Susilawati, Sp. A",Sp. Anak,APOTIK DHARMA HUSADA,"Penjaringan, Jakarta Utara",,pediatrician,2025-06-15 02:30:58
dr. Swanty Chunaedy Sp.A,Sp. Anak,Apotek Annisa,"Kuningan, Kabupaten Kuningan",,pediatrician,2025-06-15 02:30:58
Dr. Syahmi Amar Sp.A,Sp. Anak,halodoc,"Setiabudi, Jakarta Selatan",,pediatrician,2025-06-15 02:30:58
dr. Syaiful Arief Miraza Sp.A,Sp. Anak,Prodia Karawang,"Karawang Barat, Kabupaten Karawang",,pediatrician,2025-06-15 02:30:58
"Dr. Syamsul Nur Sp.A, M.Kes",Sp. Anak,halodoc,"Setiabudi, Jakarta Selatan",,pediatrician,2025-06-15 02:30:58
"Dr. Syifa Armenda, M.Sc. SpA",Sp. Anak,halodoc,"Setiabudi, Jakarta Selatan",,pediatrician,2025-06-15 02:30:58
"dr. Sylvia Medika Permatasari, Sp.A",Sp. Anak,halodoc,"Setiabudi, Jakarta Selatan",,pediatrician,2025-06-15 02:30:58
Dr. TRIE H. WENI KURNIA Sp.A,Sp. Anak,Klinik Dr. Trie Hariweni,"Koja, Jakarta Utara",,pediatrician,2025-06-15 02:30:58
Dr. Tatik Handayani Sp.A,Sp. Anak,halodoc,"Setiabudi, Jakarta Selatan",,pediatrician,2025-06-15 02:30:58
Dr. Taufiqur Rahman Sp.A,Sp. Anak,halodoc,"Setiabudi, Jakarta Selatan",,pediatrician,2025-06-15 02:31:01
Dr. Tessa Rulianty Sp.A,Sp. Anak,halodoc,"Setiabudi, Jakarta Selatan",,pediatrician,2025-06-15 02:31:01
Dr. Tezza Dinayanti Sp. A,Sp. Anak,RSIA Miriam Kudus,"Kota Kudus, Kabupaten Kudus",,pediatrician,2025-06-15 02:31:01
"Dr. Theresia, Sp.A",Sp. Anak,Klinik Khusus Kebidanan & Apotek Bunda Alya,"Tarogong Kidul, Kabupaten Garut",,pediatrician,2025-06-15 02:31:01
"dr. Thrisia Wuryani, M.Sc Sp.A",Sp. Anak,"dr. Thrisia Wuryani, M.Sc, Sp.A","Balikpapan Kota, Kota Balikpapan",,pediatrician,2025-06-15 02:31:01
"dr. Thrisia Wuryani, M.Sc Sp.A",Sp. Anak,"dr. Thrisia Wuryani, M.Sc.Sp.A","Balikpapan Kota, Kota Balikpapan",,pediatrician,2025-06-15 02:31:01
"Dr. Tiara Nien Paramita M.Sc, Sp.A",Sp. Anak,halodoc,"Setiabudi, Jakarta Selatan",,pediatrician,2025-06-15 02:31:01
"Dr. Tiara Nien Paramita, M.Sc Spa",Sp. Anak,BWCC Bekasi,"Bekasi Selatan, Bekasi",,pediatrician,2025-06-15 02:31:01
"dr. Tiara Nien Paramita, M.Sc, Sp.A",Sp. Anak,BWCC Bekasi,"Bekasi Selatan, Bekasi",,pediatrician,2025-06-15 02:31:01
"Dr. Tiara Nurlita Sari M.Sc, Sp.A",Sp. Anak,halodoc,"Setiabudi, Jakarta Selatan",,pediatrician,2025-06-15 02:31:01
dr. Tintin Setyorini Sp.A,Sp. Anak,halodoc,"Setiabudi, Jakarta Selatan",,pediatrician,2025-06-15 02:31:06
dr. Titi Lestari Sp.A,Sp. Anak,halodoc,"Setiabudi, Jakarta Selatan",,pediatrician,2025-06-15 02:31:06
dr. Tjan Kok Ming Sp.A,Sp. Anak,halodoc,"Setiabudi, Jakarta Selatan",,pediatrician,2025-06-15 02:31:06
Dr. Tjan Kok Ming Sp. A,Sp. Anak,Sentra Medika,"Sungai Pinang, Kota Samarinda",,pediatrician,2025-06-15 02:31:06
dr. Tommy Yuner Sirait Sp. A,Sp. Anak,RSIA Viola,"Babelan, Kabupaten Bekasi",,pediatrician,2025-06-15 02:31:06
"dr. Tommy Yuner Sirait, SpA Sh",Sp. Anak,RSIA Viola,"Babelan, Kabupaten Bekasi",,pediatrician,2025-06-15 02:31:06
"dr. Tommy Yuner Sirait, SpA SH",Sp. Anak,RSIA Viola,"Babelan, Kabupaten Bekasi",,pediatrician,2025-06-15 02:31:06
"dr. Tommy Yuner Sirait, SpA",Sp. Anak,RSIA Viola,"Babelan, Kabupaten Bekasi",,pediatrician,2025-06-15 02:31:06
dr. Tressa M Sp. A,Sp. Anak,Praktek dokter.,"Bukit Raya, Kota Pekanbaru",,pediatrician,2025-06-15 02:31:06
dr. Tri Dyah Rumanti Sp.A,Sp. Anak,Apotek Eucharistia,"Sukun, Kota Malang",,pediatrician,2025-06-15 02:31:06
Dr. Tuminau Charlotte Runtunuwu Sp.A,Sp. Anak,halodoc,"Setiabudi, Jakarta Selatan",,pediatrician,2025-06-15 02:31:08
"Dr. Tutwuri Handayani Sp.A, M.Ked.Klin",Sp. Anak,halodoc,"Setiabudi, Jakarta Selatan",,pediatrician,2025-06-15 02:31:08
dr. Utami Kurniawati Setianingsih Sp. A,Sp. Anak,halodoc,"Setiabudi, Jakarta Selatan",,pediatrician,2025-06-15 02:31:08
"dr. Utami Kurniawati Setianingsih, Sp.A",Sp. Anak,halodoc,"Setiabudi, Jakarta Selatan",,pediatrician,2025-06-15 02:31:08
"dr. Utami Kurniawati Setianingsih,",Sp. Anak,halodoc,"Setiabudi, Jakarta Selatan",,pediatrician,2025-06-15 02:31:08
Dr. Utami Sp. A,Sp. Anak,Apotek Kimia Farma Courtyard Galuh Mas,"Telukjambe Timur, Kabupaten Karawang",,pediatrician,2025-06-15 02:31:08
Dr. Vanessa Lini Gunawan Sp.A,Sp. Anak,halodoc,"Setiabudi, Jakarta Selatan",,pediatrician,2025-06-15 02:31:08
Dr. Vania Catleya Estina Sp.A,Sp. Anak,halodoc,"Setiabudi, Jakarta Selatan",,pediatrician,2025-06-15 02:31:08
dr. Vaya Dastania Sp.A,Sp. Anak,RSIA Bandung,"Cikancung, Kabupaten Bandung",,pediatrician,2025-06-15 02:31:08
Dr. Veria Taufiani Sp.A,Sp. Anak,halodoc,"Setiabudi, Jakarta Selatan",,pediatrician,2025-06-15 02:31:08
dr Verly Hosea Sp.A,Sp. Anak,RSIA SENTOSA MAKASSAR,"Ujung Pandang, Kota Makassar",,pediatrician,2025-06-15 02:31:11
"Dr. Viany Rehansyah Putri M.Ked(Ped), Sp.A",Sp. Anak,halodoc,"Setiabudi, Jakarta Selatan",,pediatrician,2025-06-15 02:31:11
"dr. Vina Rosalina, SpA",Sp. Anak,"Prakter dr. Vina Rosalina, SpA","Penjaringan, Jakarta Utara",,pediatrician,2025-06-15 02:31:11
"Dr. Vincencius William M.Sc, Sp.A",Sp. Anak,halodoc,"Setiabudi, Jakarta Selatan",,pediatrician,2025-06-15 02:31:11
dr. Viramitha Kusnandi Rusmil SpA(K) MKes,Sp. Anak,halodoc,"Setiabudi, Jakarta Selatan",,pediatrician,2025-06-15 02:31:11
Dr. Vivi Septriani Sp.A,Sp. Anak,halodoc,"Setiabudi, Jakarta Selatan",,pediatrician,2025-06-15 02:31:11
"Dr. Vriancha Admira Putri M.Ked(Ped), Sp.A",Sp. Anak,halodoc,"Setiabudi, Jakarta Selatan",,pediatrician,2025-06-15 02:31:11
Dr. Wahyu Bagus Handoko Sp.A,Sp. Anak,halodoc,"Setiabudi, Jakarta Selatan",,pediatrician,2025-06-15 02:31:11
"dr. Warshi Zakiah, M.Ked(Ped) SpA(K)",Sp. Anak,0,"Bekasi Selatan, Bekasi",,pediatrician,2025-06-15 02:31:11
Dr. Wasis Setiadi Sp.A,Sp. Anak,praktek dr. Wasis Setiadi Sp.A,"Kediri Kota, Kota Kediri",,pediatrician,2025-06-15 02:31:11
"Dr. Welas Bestari M.Ked(Ped), Sp.A",Sp. Anak,halodoc,"Setiabudi, Jakarta Selatan",,pediatrician,2025-06-15 02:31:13
dr. Welas Bestari M Ked (Ped ) Sp.A,Sp. Anak,halodoc,"Setiabudi, Jakarta Selatan",,pediatrician,2025-06-15 02:31:13
"dr. Welas Bestari, M. Ked(Ped) Sp.A.",Sp. Anak,halodoc,"Setiabudi, Jakarta Selatan",,pediatrician,2025-06-15 02:31:13
dr Welli Hamik Sp. A,Sp. Anak,KIMIA FARMA APOTEK MUNJUL,"Bungursari, Kabupaten Purwakarta",,pediatrician,2025-06-15 02:31:13
"dr. Welli Hamik, Sp.A",Sp. Anak,Halodoc Teleconsultation,"Setiabudi, Jakarta Selatan",,pediatrician,2025-06-15 02:31:13
dr. Wendi Nurhadi Sp.A,Sp. Anak,halodoc,"Setiabudi, Jakarta Selatan",,pediatrician,2025-06-15 02:31:13
"dr. Widdy Winarta, SpA",Sp. Anak,dr . Billy Iriawan,"Baleendah, Kabupaten Bandung",,pediatrician,2025-06-15 02:31:13
dr. Widy Setiawan Sp. A,Sp. Anak,Klinik & Apotek Kiddy Farma,"Makassar, Kota Makassar",,pediatrician,2025-06-15 02:31:13
dr. William Grandinata Soeseno Sp A,Sp. Anak,halodoc,"Setiabudi, Jakarta Selatan",,pediatrician,2025-06-15 02:31:13
dr. William S. Tjeng Sp. A,Sp. Anak,Apotek berkat bersama,"Samarinda Ulu, Kota Samarinda",,pediatrician,2025-06-15 02:31:13
Dr. Winny Anggreni K Sp.A,Sp. Anak,halodoc,"Setiabudi, Jakarta Selatan",,pediatrician,2025-06-15 02:31:16
dr. Winny Anggreni Korayan Sp.A,Sp. Anak,Apotek Prima Farma,"Pasar Minggu, Jakarta Selatan",,pediatrician,2025-06-15 02:31:16
"Dr. Winson, M.Ked (Ped)., Sp.A",Sp. Anak,"dr. Winson, M.Ked (Ped)., Sp.A","Medan Petisah, Kota Medan",,pediatrician,2025-06-15 02:31:16
"dr. Wisman Herminto, Sp.A",Sp. Anak,Siloam Hospitals Balikpapan,"Balikpapan Selatan, Kota Balikpapan",https://d1ojs48v3n42tp.cloudfront.net/personnels/699158_22-12-2022_17-25-31.png,pediatrician,2025-06-15 02:31:16
"Dr. Wulan Melani M.ked (Ped), Sp.A",Sp. Anak,halodoc,"Setiabudi, Jakarta Selatan",,pediatrician,2025-06-15 02:31:16
"dr. Wulan Tristiyanti, Sp.A",Sp. Anak,Klinik Utama Sejahtera Ciracas,"Ciracas, Jakarta Timur",,pediatrician,2025-06-15 02:31:16
Dr. Wuryan Dewi Miftahtyas Arum Sp.A,Sp. Anak,halodoc,"Setiabudi, Jakarta Selatan",,pediatrician,2025-06-15 02:31:16
Dr. Yarni Andika Sp.A,Sp. Anak,dr Yarni Andika Sp.A,"Cempaka Putih, Jakarta Pusat",,pediatrician,2025-06-15 02:31:16
"dr. Yeni Andayani, M.Kes Sp.A",Sp. Anak,klinik pratama bunda nanda,"Medan Sunggal, Kota Medan",,pediatrician,2025-06-15 02:31:16
dr Yohanes Tri Nugroho Sp.A,Sp. Anak,Apotek Puri Dago,"Babakanciparay, Kota Bandung",,pediatrician,2025-06-15 02:31:16
Dr. Yosefa Anggi Miranti Sp.A,Sp. Anak,halodoc,"Setiabudi, Jakarta Selatan",,pediatrician,2025-06-15 02:31:18
Dr. Yoseph Arif Putra Sp.A,Sp. Anak,halodoc,"Setiabudi, Jakarta Selatan",,pediatrician,2025-06-15 02:31:18
Dr. Yuda SpA,Sp. Anak,halodoc,"Setiabudi, Jakarta Selatan",,pediatrician,2025-06-15 02:31:18
"dr. Yudhie Krisna Wibowo, Sp.A M.Biomed",Sp. Anak,halodoc,"Setiabudi, Jakarta Selatan",,pediatrician,2025-06-15 02:31:18
Dr. Yuhana Sp. A,Sp. Anak,Apotek K24,"Banjarbaru Selatan, Kota Banjarbaru",,pediatrician,2025-06-15 02:31:18
dr. Yulchair Ramli Sp.A,Sp. Anak,halodoc,"Setiabudi, Jakarta Selatan",,pediatrician,2025-06-15 02:31:18
dr. Yulia Hernawati Sp.A,Sp. Anak,halodoc,"Setiabudi, Jakarta Selatan",,pediatrician,2025-06-15 02:31:18
dr. Yulia Hernawati Sp.A,Sp. Anak,halodoc,"Setiabudi, Jakarta Selatan",,pediatrician,2025-06-15 02:31:18
dr. Yulia Hernawati Sp.A,Sp. Anak,halodoc,"Setiabudi, Jakarta Selatan",,pediatrician,2025-06-15 02:31:18
dr. Yulia Hernawati Sp.A,Sp. Anak,halodoc,"Setiabudi, Jakarta Selatan",,pediatrician,2025-06-15 02:31:18
dr. Yulidar Hafidh Sp.A,Sp. Anak,Praktek Pribadi dr.  Yulidar Hafidh Sp.A,"Serengan, Kota Surakarta",,pediatrician,2025-06-15 02:31:21
dr. Yuly CIMI SpA,Sp. Anak,halodoc,"Setiabudi, Jakarta Selatan",,pediatrician,2025-06-15 02:31:21
dr Yuly Sp. A CIMI,Sp. Anak,halodoc,"Setiabudi, Jakarta Selatan",,pediatrician,2025-06-15 02:31:21
"dr. Yusmei Joni Lyun, Sp.A, dr. Victor Daten Tarigan Sp.B",Sp. Anak,halodoc,"Setiabudi, Jakarta Selatan",,pediatrician,2025-06-15 02:31:21
Dr. Yusriwanti Kasri Sp.A,Sp. Anak,halodoc,"Setiabudi, Jakarta Selatan",,pediatrician,2025-06-15 02:31:21
Dr. Yusrizal Sp.A,Sp. Anak,halodoc,"Setiabudi, Jakarta Selatan",,pediatrician,2025-06-15 02:31:21
Dr. Yuyun Romaria Simanjuntak Sp.A,Sp. Anak,halodoc,"Setiabudi, Jakarta Selatan",,pediatrician,2025-06-15 02:31:21
"Prof. Dr. dr. Zakiudin Munasir, Sp.A(K)",Sp. Anak,Apotek Cavita Farma,"Larangan, Tangerang",,pediatrician,2025-06-15 02:31:21
dr Zulfi Hidayat Sp A,Sp. Anak,0,"Bekasi Selatan, Bekasi",,pediatrician,2025-06-15 02:31:21
"dr Arwini Avissa, Sp.A",Sp. Anak,halodoc,"Setiabudi, Jakarta Selatan",,pediatrician,2025-06-15 02:31:21
dr Dara Ninggar Santoso SPA,Sp. Anak,halodoc,"Setiabudi, Jakarta Selatan",,pediatrician,2025-06-15 02:31:23
"dr Dewi S, M.Ked(Ped), Sp.A.",Sp. Anak,halodoc,"Setiabudi, Jakarta Selatan",,pediatrician,2025-06-15 02:31:23
dr Diah Anggraini SPA,Sp. Anak,halodoc,"Setiabudi, Jakarta Selatan",,pediatrician,2025-06-15 02:31:23
dr H.Sugijano SPA,Sp. Anak,halodoc,"Setiabudi, Jakarta Selatan",,pediatrician,2025-06-15 02:31:23
dr Handayani Sp.A,Sp. Anak,halodoc,"Setiabudi, Jakarta Selatan",,pediatrician,2025-06-15 02:31:23
dr Hanna Khairat Sp.A,Sp. Anak,halodoc,"Setiabudi, Jakarta Selatan",,pediatrician,2025-06-15 02:31:23
dr Iqbal SpA,Sp. Anak,halodoc,"Setiabudi, Jakarta Selatan",,pediatrician,2025-06-15 02:31:23
dr Iva Noviana Fitrya SPA,Sp. Anak,halodoc,"Setiabudi, Jakarta Selatan",,pediatrician,2025-06-15 02:31:23
"dr Klara Yuliarti,SpA",Sp. Anak,halodoc,"Setiabudi, Jakarta Selatan",,pediatrician,2025-06-15 02:31:23
dr Melanie Yudiana Iskandar SPA,Sp. Anak,halodoc,"Setiabudi, Jakarta Selatan",,pediatrician,2025-06-15 02:31:23
dr Muh Alfian Sp.A,Sp. Anak,halodoc,"Setiabudi, Jakarta Selatan",,pediatrician,2025-06-15 02:31:26
dr Nia Astarina Sp.A,Sp. Anak,halodoc,"Setiabudi, Jakarta Selatan",,pediatrician,2025-06-15 02:31:26
dr Nila Sp.A,Sp. Anak,Apotek K24 Kebon Bawang,"Gambir, Jakarta Pusat",,pediatrician,2025-06-15 02:31:26
dr Ramadianty Sp.A,Sp. Anak,RS Simulasi Halodoc,"Setiabudi, Jakarta Selatan",,pediatrician,2025-06-15 02:31:26
dr Tjan Kok Ming Sp.A,Sp. Anak,halodoc,"Setiabudi, Jakarta Selatan",,pediatrician,2025-06-15 02:31:26
dr Totog Nurhidayat Sp. A,Sp. Anak,Apotek Sinar Waras,"Serengan, Kota Surakarta",,pediatrician,2025-06-15 02:31:26
"dr Winson, M.Ked(Ped) Sp.A",Sp. Anak,halodoc,"Setiabudi, Jakarta Selatan",,pediatrician,2025-06-15 02:31:26
dr Yuly Sp.A,Sp. Anak,Beranda Physiotherapy,"Bekasi Selatan, Bekasi",,pediatrician,2025-06-15 02:31:26
"dr. dr. Abdul Hakam, Msi, Med, Sp.A",Sp. Anak,"dr. Abdul Hakam, Msi, Med, Sp.A","Kota Kudus, Kabupaten Kudus",,pediatrician,2025-06-15 02:31:26
"dr. Adhi Nugraha, Sp.B",Sp. Anak,halodoc,"Setiabudi, Jakarta Selatan",,pediatrician,2025-06-15 02:31:26
"Dr. dr. Andi Gunawan, Sp.A",Sp. Anak,"dr. Andi Gunawan Kwan, Sp.A , M.Biomed","Sukolilo, Kota Surabaya",,pediatrician,2025-06-15 02:31:28
"dr. Andi Gunawan, Sp.A, M.Biomed",Sp. Anak,Apotek Binangun,"Gubeng, Kota Surabaya",,pediatrician,2025-06-15 02:31:28
"dr. Arie Dian Fatmawati, Sp.A",Sp. Anak,"dr. Arie Dian Fatmawati, Sp.A","Rawalumbu, Bekasi",,pediatrician,2025-06-15 02:31:28
"dr. Arif Budiman, Sp.A (K)",Sp. Anak,halodoc,"Setiabudi, Jakarta Selatan",,pediatrician,2025-06-15 02:31:28
"dr. Asri Parantri, SpA",Sp. Anak,halodoc,"Setiabudi, Jakarta Selatan",,pediatrician,2025-06-15 02:31:28
dr. Benny Sp.A,Sp. Anak,halodoc,"Setiabudi, Jakarta Selatan",,pediatrician,2025-06-15 02:31:28
"dr. Bernadus Andrew, Sp A",Sp. Anak,halodoc,"Setiabudi, Jakarta Selatan",,pediatrician,2025-06-15 02:31:28
"dr. Dedy Setiawan, Sp.A",Sp. Anak,halodoc,"Setiabudi, Jakarta Selatan",,pediatrician,2025-06-15 02:31:28
"dr. Dedy Setiawan, Sp.A",Sp. Anak,halodoc,"Setiabudi, Jakarta Selatan",,pediatrician,2025-06-15 02:31:28
"dr. Devie Kristiani, Sp.A.,MSC",Sp. Anak,RS Bethesda Yogya,"Kraton, Kota Yogyakarta",,pediatrician,2025-06-15 02:31:28
dr. Dewi Hawani Alisjahbana Sp A-K,Sp. Anak,halodoc,"Setiabudi, Jakarta Selatan",,pediatrician,2025-06-15 02:31:31
"dr. Dewi Kurnia Lestari, SpA",Sp. Anak,Insurance Demo,"Kebon Jeruk, Jakarta Barat",,pediatrician,2025-06-15 02:31:31
"dr. Dewi S Widjaja, Sp.A",Sp. Anak,halodoc,"Setiabudi, Jakarta Selatan",,pediatrician,2025-06-15 02:31:31
"dr. Dwi Anik Ermawati S, Sp.A",Sp. Anak,"dr. Dwi Anik Ermawati S, Sp.A","Tegal Timur, Kota Tegal",,pediatrician,2025-06-15 02:31:31
"dr. Edy Muhammad, Sp.A",Sp. Anak,halodoc,"Setiabudi, Jakarta Selatan",,pediatrician,2025-06-15 02:31:31
dr. Eko Kristanto Kunta Adjie Sp.A.,Sp. Anak,halodoc,"Setiabudi, Jakarta Selatan",,pediatrician,2025-06-15 02:31:31
Dr. dr. Ery Olivianto,Sp. Anak,"praktek dr. Ery Olivianto, SpA(K)","Blimbing, Kota Malang",,pediatrician,2025-06-15 02:31:31
Dr. dr. Ery Olivianto Sp. A,Sp. Anak,"praktek dr. Ery Olivianto, SpA(K)","Blimbing, Kota Malang",,pediatrician,2025-06-15 02:31:31
"dr. Fathiyah Ma'ani, Sp.A",Sp. Anak,halodoc,"Setiabudi, Jakarta Selatan",,pediatrician,2025-06-15 02:31:31
"dr. Ferdy Limawal, Sp.A",Sp. Anak,halodoc,"Setiabudi, Jakarta Selatan",,pediatrician,2025-06-15 02:31:31
"dr. Frieda Handayani Kawanto, Sp.A , Subsp.G.H",Sp. Anak,halodoc,"Setiabudi, Jakarta Selatan",,pediatrician,2025-06-15 02:31:33
"dr. Hardiman, Sp A",Sp. Anak,halodoc,"Setiabudi, Jakarta Selatan",,pediatrician,2025-06-15 02:31:33
"dr. Hildegardis Febriana Elanda Liando, Sp.A",Sp. Anak,halodoc,"Setiabudi, Jakarta Selatan",,pediatrician,2025-06-15 02:31:33
"dr. I.G.A.N. Ayu Pratiwi, Sp.A,Mars",Sp. Anak,halodoc,"Setiabudi, Jakarta Selatan",,pediatrician,2025-06-15 02:31:33
"dr. Idham Amir, Sp.A(K)",Sp. Anak,halodoc,"Setiabudi, Jakarta Selatan",,pediatrician,2025-06-15 02:31:33
"dr. Junardi Sarmili,Sp.A",Sp. Anak,halodoc,"Setiabudi, Jakarta Selatan",,pediatrician,2025-06-15 02:31:33
Dr. dr. Maria Ekawati SpA,Sp. Anak,halodoc,"Setiabudi, Jakarta Selatan",,pediatrician,2025-06-15 02:31:33
Dr. dr. Maria Ekawati SpA,Sp. Anak,Apotik Dwi Sapta,"Ciputat Timur, Tangerang Selatan",,pediatrician,2025-06-15 02:31:33
Dr. dr. Maria Ekawati SpA,Sp. Anak,RS Dr Suyoto,"Pesanggrahan, Jakarta Selatan",,pediatrician,2025-06-15 02:31:33
"dr. Maswin Masyhur,Sp.A",Sp. Anak,halodoc,"Setiabudi, Jakarta Selatan",,pediatrician,2025-06-15 02:31:33
"dr. Mikael Stevan, Sp.A",Sp. Anak,halodoc,"Setiabudi, Jakarta Selatan",,pediatrician,2025-06-15 02:31:36
"dr. Milky Akbar, Sp.A M.ked",Sp. Anak,halodoc,"Setiabudi, Jakarta Selatan",,pediatrician,2025-06-15 02:31:36
"dr. N.M Maya Purnama W.M.Ked, Sp.A",Sp. Anak,Praktek Dokter Umum.,"Cilincing, Jakarta Utara",,pediatrician,2025-06-15 02:31:36
"dr. Ni Made Ayu W, Sp A",Sp. Anak,0,"Bekasi Selatan, Bekasi",,pediatrician,2025-06-15 02:31:36
"dr. Nila Akbariyyah, Sp.A",Sp. Anak,halodoc,"Setiabudi, Jakarta Selatan",,pediatrician,2025-06-15 02:31:36
"dr. Puspita, Sp.A",Sp. Anak,halodoc,"Setiabudi, Jakarta Selatan",,pediatrician,2025-06-15 02:31:36
"dr. Puspita, Sp.A",Sp. Anak,halodoc,"Setiabudi, Jakarta Selatan",,pediatrician,2025-06-15 02:31:36
"dr. Ramli,SpA",Sp. Anak,halodoc,"Setiabudi, Jakarta Selatan",,pediatrician,2025-06-15 02:31:36
"dr. Riady Ashari, M.Kes(Ped),Sp.A",Sp. Anak,Klinik Hilda Anaira,"Tanjung Priok, Jakarta Utara",,pediatrician,2025-06-15 02:31:36
"dr. Rosyadi Akbarri, M.Sc; Sp.A",Sp. Anak,halodoc,"Setiabudi, Jakarta Selatan",,pediatrician,2025-06-15 02:31:36
"dr. Roy Amardiyanto, Sp.A(K)",Sp. Anak,halodoc,"Setiabudi, Jakarta Selatan",,pediatrician,2025-06-15 02:31:39
dr. Shirley Ferlina Lasmono Sp.A,Sp. Anak,halodoc,"Setiabudi, Jakarta Selatan",,pediatrician,2025-06-15 02:31:39
"dr. Siti Khotijah, Sp.A",Sp. Anak,halodoc,"Setiabudi, Jakarta Selatan",,pediatrician,2025-06-15 02:31:39
"dr. Stanislaus Djokomuljanto, SpA",Sp. Anak,Siloam Hospital Lippo Village.,"Tangerang, Tangerang",,pediatrician,2025-06-15 02:31:39
"dr. Stephanie, Sp.A",Sp. Anak,halodoc,"Setiabudi, Jakarta Selatan",,pediatrician,2025-06-15 02:31:39
dr. Sugianto W. Sp.A (K),Sp. Anak,"dr. Supriatmo, SpA (K)","Medan Maimun, Kota Medan",,pediatrician,2025-06-15 02:31:39
"dr. Susianti Halim, Sp.A",Sp. Anak,halodoc,"Setiabudi, Jakarta Selatan",,pediatrician,2025-06-15 02:31:39
"dr. Sylva Medika Permatasari, Sp.A",Sp. Anak,halodoc,"Setiabudi, Jakarta Selatan",,pediatrician,2025-06-15 02:31:39
"dr. Thrisia Wuryani, M.Sc.Sp.A",Sp. Anak,"dr. Thrisia Wuryani, M.Sc.Sp.A","Balikpapan Kota, Kota Balikpapan",,pediatrician,2025-06-15 02:31:39
"Dr. dr. Tony Chandra, MSi. Med Sp.A",Sp. Anak,Praktek dokter mandiri,"Cileunyi, Kabupaten Bandung",,pediatrician,2025-06-15 02:31:39
dr. Utami Sp.A,Sp. Anak,halodoc,"Setiabudi, Jakarta Selatan",,pediatrician,2025-06-15 02:31:41
"dr. Vera Irawati Kurnia, Sp.A,Mkes",Sp. Anak,"dr. Vera Irawati Kurnia, Sp.A,Mkes","Wonogiri, Kabupaten Wonogiri",,pediatrician,2025-06-15 02:31:41
"dr. Wedi Iskandar, Sp.A",Sp. Anak,halodoc,"Setiabudi, Jakarta Selatan",,pediatrician,2025-06-15 02:31:41
dr. Wenny Setyorini Sp.A,Sp. Anak,halodoc,"Setiabudi, Jakarta Selatan",,pediatrician,2025-06-15 02:31:41
"dr. William Grandinata Soeseno, Sp.A",Sp. Anak,halodoc,"Setiabudi, Jakarta Selatan",,pediatrician,2025-06-15 02:31:41
"dr. Zuhrotul Aini, Sp. A., M. Kes",Sp. Anak,"dr. Zuhrotul Aini, Sp. A., M. Kes","Tulungagung, Kabupaten Tulungagung",,pediatrician,2025-06-15 02:31:41
"dr.Hutomo Laksono, SP.A",Sp. Anak,halodoc,"Setiabudi, Jakarta Selatan",,pediatrician,2025-06-15 02:31:41
"dr.Trias Kusuma Sari,SpA",Sp. Anak,halodoc,"Setiabudi, Jakarta Selatan",,pediatrician,2025-06-15 02:31:41
"dr. lham Lie, SpA",Sp. Anak,"Prakter dr. Ilham Lie, SpA","Setiabudi, Jakarta Selatan",,pediatrician,2025-06-15 02:31:41
Dr. med. Sandjaja Soetadji Sp.A,Sp. Anak,Dr. Med Sandjaja Soetadji,"Cicendo, Kota Bandung",,pediatrician,2025-06-15 02:31:41
Dr. med. Sandjaja Soetadji Sp.A,Sp. Anak,Dr. Med Sandjaja Soetadji,"Cicendo, Kota Bandung",,pediatrician,2025-06-15 02:31:43
Dr. munasir Sp.A,Sp. Anak,halodoc,"Setiabudi, Jakarta Selatan",,pediatrician,2025-06-15 02:31:43
