name,speciality,hospital,city,img,slug,timestamp
dr. Abdul Gaffar Hamzah Sp.PD,Sp. Penyakit Dalam,RS Citama,"Bojonggede, Kabupaten Bogor",,internist,2025-06-15 09:29:24
"Prof. dr. Abdul Majid, Sp.PD-KKV",Sp. Penyakit Dalam,Siloam Hospitals Dhirga Surya Medan,"Medan Petisah, Kota Medan",https://d1ojs48v3n42tp.cloudfront.net/personnels/54869_23-5-2022_11-53-37.jpeg,internist,2025-06-15 09:29:24
dr. Abiran Nababan Sp.PD - KGEH,Sp. Penyakit Dalam,RSU Santa Elisabeth Medan,"Medan Maimun, Kota Medan",,internist,2025-06-15 09:29:24
"dr. Abram Pratama, Sp.PD (Khusus Praktek Sore)",Sp. Penyakit Dalam,RS Immanuel,"Bojongloa Kidul, Kota Bandung",https://d1ojs48v3n42tp.cloudfront.net/personnels/605261_6-2-2023_12-17-51.png,internist,2025-06-15 09:29:24
"dr. Abram Pratama, Sp.PD",Sp. Penyakit Dalam,RS Immanuel,"Bojongloa Kidul, Kota Bandung",https://d1ojs48v3n42tp.cloudfront.net/personnels/22941_6-2-2023_12-17-57.png,internist,2025-06-15 09:29:24
"dr. Adang Sabarudin , Sp.PD",Sp. Penyakit Dalam,RS Mitra Keluarga Bekasi Timur,"Bekasi Timur, Bekasi",https://d1ojs48v3n42tp.cloudfront.net/personnels/48974_2-5-2025_13-53-32.png,internist,2025-06-15 09:29:24
"dr. Ade Rahmawati, Sp.PD",Sp. Penyakit Dalam,RS Mitra Keluarga Pamulang,"Pamulang, Tangerang Selatan",https://d1ojs48v3n42tp.cloudfront.net/personnels/815445_6-12-2022_16-21-39.png,internist,2025-06-15 09:29:24
"dr. Adhita Kartyanto, Sp.PD",Sp. Penyakit Dalam,RSU Syubbanul Wathon,"Pakis, Kabupaten Magelang",https://d1ojs48v3n42tp.cloudfront.net/personnels/844645_30-12-2022_17-15-5.png,internist,2025-06-15 09:29:24
"dr. Adi Kurniawan , Sp.PD,K-Al,FINASIM","Sp. Penyakit Dalam, Sp. PD Geriatri",RS Mitra Keluarga Cibubur,"Jatisampurna, Bekasi",https://d1ojs48v3n42tp.cloudfront.net/personnels/220538_21-4-2025_14-6-31.png,internist,2025-06-15 09:29:24
dr. Aditya Tjandra Sp.PD,Sp. Penyakit Dalam,RS Mitra Keluarga Bekasi Timur,"Bekasi Timur, Bekasi",https://d1ojs48v3n42tp.cloudfront.net/personnels/222174_2-5-2025_14-2-11.png,internist,2025-06-15 09:29:24
"dr. Adrian Tri Sutjahjo, Sp.PD",Sp. Penyakit Dalam,RS Mitra Keluarga Pondok Tjandra,"Waru, Kabupaten Sidoarjo",https://d1ojs48v3n42tp.cloudfront.net/personnels/123779_14-12-2022_15-53-26.jpeg,internist,2025-06-15 09:29:27
"dr. Agung Nugroho, Sp.PD",Sp. Penyakit Dalam,RS Immanuel,"Bojongloa Kidul, Kota Bandung",https://d1ojs48v3n42tp.cloudfront.net/personnels/475143_19-5-2021_13-48-25.jpeg,internist,2025-06-15 09:29:27
"dr. Agus Prabowo, Sp.PD",Sp. Penyakit Dalam,RS Mitra Keluarga Pondok Tjandra,"Waru, Kabupaten Sidoarjo",https://d1ojs48v3n42tp.cloudfront.net/personnels/104238_21-12-2022_15-38-16.jpeg,internist,2025-06-15 09:29:27
"dr. Agus Yudho Santosa, Sp.PD., FINASIM",Sp. Penyakit Dalam,Siloam Hospitals Jember,"Kaliwates, Kabupaten Jember",https://d1ojs48v3n42tp.cloudfront.net/personnels/70267_28-3-2023_19-47-17.jpeg,internist,2025-06-15 09:29:27
"dr. Akhmad Fajrin Priadinata , Sp.PD",Sp. Penyakit Dalam,RS Mitra Keluarga Grand Wisata,"Tambun Selatan, Kabupaten Bekasi",https://d1ojs48v3n42tp.cloudfront.net/personnels/266365_7-3-2025_11-41-43.jpeg,internist,2025-06-15 09:29:27
"dr. Alfian Nurbi, Sp.PD",Sp. Penyakit Dalam,RS Mitra Keluarga Cibubur,"Jatisampurna, Bekasi",https://d1ojs48v3n42tp.cloudfront.net/personnels/67997_3-4-2023_17-31-48.jpeg,internist,2025-06-15 09:29:27
"dr. Alfianto Martin, Sp.PD",Sp. Penyakit Dalam,Siloam Hospitals Agora,"Cempaka Putih, Jakarta Pusat",https://d1ojs48v3n42tp.cloudfront.net/personnels/873583_29-11-2022_18-27-53.jpeg,internist,2025-06-15 09:29:27
"dr. Alius Cahyadi, SP.PD FPCP",Sp. Penyakit Dalam,RS Bethsaida,"Kelapa Dua, Kabupaten Tangerang",,internist,2025-06-15 09:29:27
"dr. Alvin Sangkereng, Sp.PD",Sp. Penyakit Dalam,Siloam Hospitals Makassar,"Ujung Pandang, Kota Makassar",https://d1ojs48v3n42tp.cloudfront.net/personnels/680464_15-6-2022_16-52-48.jpeg,internist,2025-06-15 09:29:27
"dr. Amelia Farianty, Sp.PD",Sp. Penyakit Dalam,Siloam Hospitals Silampari (Lubuk Linggau),"Lubuk Linggau Timur I, Kota Lubuk Linggau",https://d1ojs48v3n42tp.cloudfront.net/personnels/678756_2-7-2022_19-30-45.jpeg,internist,2025-06-15 09:29:27
dr. Andi Pratama SpPD,Sp. Penyakit Dalam,RS Dewi Sri,"Karawang Barat, Kabupaten Karawang",,internist,2025-06-15 09:29:31
Dr. Andi Pratama Dharma Sp.PD,Sp. Penyakit Dalam,RS Dewi Sri,"Karawang Barat, Kabupaten Karawang",,internist,2025-06-15 09:29:31
dr. Andre Indrajaya Sp.PD.,Sp. Penyakit Dalam,RS Mitra Keluarga Kelapa Gading,"Kelapa Gading, Jakarta Utara",,internist,2025-06-15 09:29:31
dr. Andre Indrajaya Sp.PD.,Sp. Penyakit Dalam,RS Mitra Keluarga Kelapa Gading,"Kelapa Gading, Jakarta Utara",,internist,2025-06-15 09:29:31
"dr. Andre Indrajaya, Sp.PD",Sp. Penyakit Dalam,RS Mitra Keluarga Kelapa Gading,"Kelapa Gading, Jakarta Utara",https://d1ojs48v3n42tp.cloudfront.net/personnels/290092_21-12-2022_15-48-42.jpeg,internist,2025-06-15 09:29:31
"dr. Andree Kurniawan, Sp.PD",Sp. Penyakit Dalam,Siloam Hospitals Lippo Village,"Kelapa Dua, Kabupaten Tangerang",https://d1ojs48v3n42tp.cloudfront.net/personnels/589362_30-12-2022_13-47-19.png,internist,2025-06-15 09:29:31
"dr. Andree Kurniawan, Sp.PD-FINASIM",Sp. Penyakit Dalam,Siloam Hospitals Kelapa Dua,"Kelapa Dua, Kabupaten Tangerang",https://d1ojs48v3n42tp.cloudfront.net/personnels/841462_15-11-2022_14-0-50.jpeg,internist,2025-06-15 09:29:31
dr. Andri Affandi Sp.PD,Sp. Penyakit Dalam,RS Kenari Graha Medika,"Cileungsi, Kabupaten Bogor",,internist,2025-06-15 09:29:31
"dr. Andri Budiman, Sp.PD",Sp. Penyakit Dalam,Siloam Hospitals Jambi,"Jambi Selatan, Kota Jambi",https://d1ojs48v3n42tp.cloudfront.net/personnels/734566_14-6-2022_17-31-59.jpeg,internist,2025-06-15 09:29:31
"dr. Andrianus Gatot Sugiharto, Sp.PD",Sp. Penyakit Dalam,RS Mitra Keluarga Pondok Tjandra,"Waru, Kabupaten Sidoarjo",https://d1ojs48v3n42tp.cloudfront.net/personnels/141118_14-12-2022_16-8-47.png,internist,2025-06-15 09:29:31
"dr. Andry Sultana, Sp.PD",Sp. Penyakit Dalam,RS Mitra Keluarga Surabaya,"Sukomanunggal, Kota Surabaya",https://d1ojs48v3n42tp.cloudfront.net/personnels/292808_13-12-2022_11-16-12.png,internist,2025-06-15 09:29:34
"dr. Anggra Filani, Sp.PD",Sp. Penyakit Dalam,RS Mitra Keluarga Grand Wisata,"Tambun Selatan, Kabupaten Bekasi",https://d1ojs48v3n42tp.cloudfront.net/personnels/647049_5-12-2022_15-22-15.png,internist,2025-06-15 09:29:34
"dr. Anggun Mekar Kusuma, Sp.PD",Sp. Penyakit Dalam,Siloam Hospitals Lippo Village,"Kelapa Dua, Kabupaten Tangerang",https://d1ojs48v3n42tp.cloudfront.net/personnels/196320_24-3-2022_15-55-47.png,internist,2025-06-15 09:29:34
"dr. Anjab Akmal Syaroni, Sp.PD",Sp. Penyakit Dalam,Siloam Hospitals Sriwijaya Palembang,"Ilir Barat I, Kota Palembang",https://d1ojs48v3n42tp.cloudfront.net/personnels/337615_14-12-2022_16-0-39.png,internist,2025-06-15 09:29:34
"dr. Anna Ariane, SpPD-KR",Sp. Penyakit Dalam,Siloam Hospitals Agora,"Cempaka Putih, Jakarta Pusat",https://d1ojs48v3n42tp.cloudfront.net/personnels/755618_17-3-2023_16-14-6.jpeg,internist,2025-06-15 09:29:34
"dr. Anna Marianna Astrid Budiman, Sp.PD",Sp. Penyakit Dalam,RS Mitra Keluarga Bintaro,"Pondok Aren, Tangerang Selatan",https://d1ojs48v3n42tp.cloudfront.net/personnels/443036_4-4-2022_14-29-48.png,internist,2025-06-15 09:29:34
"dr. Annisa Irawati, Sp.PD",Sp. Penyakit Dalam,RS Mitra Keluarga Kalideres,"Kalideres, Jakarta Barat",https://d1ojs48v3n42tp.cloudfront.net/personnels/734783_14-12-2022_14-27-45.png,internist,2025-06-15 09:29:34
"dr. Anugrah Riansari M.Kes, SpPD",Sp. Penyakit Dalam,Primaya Hospital Semarang,"Tembalang, Kota Semarang",,internist,2025-06-15 09:29:34
"dr. Anugrahini Irawati, Sp.PD",Sp. Penyakit Dalam,RS Mitra Keluarga Kenjeran,"Mulyorejo, Kota Surabaya",https://d1ojs48v3n42tp.cloudfront.net/personnels/373827_7-6-2023_11-25-22.png,internist,2025-06-15 09:29:34
"dr. Anwar Jalling, Sp.PD",Sp. Penyakit Dalam,Siloam Hospitals Buton,"Wolio, Kota Bau-Bau",https://d1ojs48v3n42tp.cloudfront.net/personnels/592817_1-11-2022_16-17-51.jpeg,internist,2025-06-15 09:29:34
"dr. Arie Rozzaqi Nurrafiani , Sp.PD",Sp. Penyakit Dalam,Siloam Hospitals Cinere ( RS Khusus Jantung Diagram Depok),"Cinere, Depok",,internist,2025-06-15 09:29:36
Dr. Arif Koswandi Sp. PD,Sp. Penyakit Dalam,RS Awal Bros Batam,"Lubuk Baja, Kota Batam",,internist,2025-06-15 09:29:36
"dr. Arif Sejati, Sp.PD-KKV",Sp. Penyakit Dalam,MRCCC Siloam Hospitals Semanggi,"Setiabudi, Jakarta Selatan",https://d1ojs48v3n42tp.cloudfront.net/personnels/11407_23-6-2022_15-10-35.jpeg,internist,2025-06-15 09:29:36
Arinditia Triasti Putri Sp.PD,Sp. Penyakit Dalam,Mayapada Hospital Surabaya,"Sawahan, Kota Surabaya",,internist,2025-06-15 09:29:36
dr. Asdi Predi Sp.PD,Sp. Penyakit Dalam,Siloam Hospitals Sriwijaya Palembang,"Ilir Barat I, Kota Palembang",https://d1ojs48v3n42tp.cloudfront.net/personnels/877908_14-12-2022_15-52-2.png,internist,2025-06-15 09:29:36
"dr. Audy Meutia Ariana, Sp.PD",Sp. Penyakit Dalam,RS Mitra Keluarga Kenjeran,"Mulyorejo, Kota Surabaya",https://d1ojs48v3n42tp.cloudfront.net/personnels/597652_14-12-2022_10-41-55.png,internist,2025-06-15 09:29:36
dr Aulia Malik Ayub Sp. PD,Sp. Penyakit Dalam,RS Puri Cinere,"Cinere, Depok",,internist,2025-06-15 09:29:36
"dr. B. Neni Mulyanti, Sp.PD",Sp. Penyakit Dalam,RS Telogorejo,"Semarang Tengah, Kota Semarang",,internist,2025-06-15 09:29:36
"dr Bagus Anindito, Sp.PD",Sp. Penyakit Dalam,RSU Pindad,"Kiaracondong, Kota Bandung",,internist,2025-06-15 09:29:36
"dr. Baringin de Samakto Sitompul, Sp.PD",Sp. Penyakit Dalam,Siloam Hospitals Lippo Cikarang,"Cikarang Selatan, Kabupaten Bekasi",https://d1ojs48v3n42tp.cloudfront.net/personnels/329482_23-6-2022_15-34-11.jpeg,internist,2025-06-15 09:29:36
"dr. Benjamin Sastro, Sp.PD",Sp. Penyakit Dalam,Mayapada Hospital Tangerang,"Tangerang, Tangerang",https://d1ojs48v3n42tp.cloudfront.net/personnels/564759_13-12-2022_14-12-44.png,internist,2025-06-15 09:29:39
"DR. dr. Benyamin Lukito, Sp.PD",Sp. Penyakit Dalam,Siloam Hospitals Lippo Village,"Kelapa Dua, Kabupaten Tangerang",https://d1ojs48v3n42tp.cloudfront.net/personnels/405072_24-3-2022_15-59-35.png,internist,2025-06-15 09:29:39
"dr. Boedi Tedjodihardjo, Sp.PD",Sp. Penyakit Dalam,RS Mitra Keluarga Surabaya,"Sukomanunggal, Kota Surabaya",https://d1ojs48v3n42tp.cloudfront.net/personnels/329897_14-12-2022_14-21-15.png,internist,2025-06-15 09:29:39
"dr. Bona Adhista, Sp.PD",Sp. Penyakit Dalam,RS Mitra Keluarga Cibubur,"Jatisampurna, Bekasi",https://d1ojs48v3n42tp.cloudfront.net/personnels/312178_4-4-2022_13-54-53.jpeg,internist,2025-06-15 09:29:39
dr Bowo Pramono Sp. PD KEMD,Sp. Penyakit Dalam,JIH Jogja,"Kecamatan Depok, Kabupaten Sleman",,internist,2025-06-15 09:29:39
"dr. Budi Widodo, Sp.PD., FINASIM",Sp. Penyakit Dalam,Siloam Hospitals Surabaya,"Gubeng, Kota Surabaya",https://d1ojs48v3n42tp.cloudfront.net/personnels/196178_5-7-2021_11-21-13.png,internist,2025-06-15 09:29:39
"dr. Candra Wibowo, Sp.PD",Sp. Penyakit Dalam,RS Mitra Keluarga Kemayoran,"Kemayoran, Jakarta Pusat",https://d1ojs48v3n42tp.cloudfront.net/personnels/50845_12-2-2020_15-31-22.jpg,internist,2025-06-15 09:29:39
"dr. Candra Wiguna, Sp.PD",Sp. Penyakit Dalam,Siloam Hospitals Kebon Jeruk,"Kebon Jeruk, Jakarta Barat",https://d1ojs48v3n42tp.cloudfront.net/personnels/771720_22-6-2022_15-2-31.jpeg,internist,2025-06-15 09:29:39
dr. Cecep Suryani Sobur Sp.PD,Sp. Penyakit Dalam,RSU Fikri Medika,"Klari, Kabupaten Karawang",,internist,2025-06-15 09:29:39
"dr. Chandra Irwanadi Mohani, Sp.PD-KGH",Sp. Penyakit Dalam,RS Mitra Keluarga Surabaya,"Sukomanunggal, Kota Surabaya",https://d1ojs48v3n42tp.cloudfront.net/personnels/834307_23-7-2020_16-30-56.jpeg,internist,2025-06-15 09:29:39
dr. Chica Pratiwi Sp PD,Sp. Penyakit Dalam,RSIA Bina Medika,"Pondok Aren, Tangerang Selatan",,internist,2025-06-15 09:29:42
"dr. Christian Syukur , Sp.PD",Sp. Penyakit Dalam,RS Mitra Keluarga Grand Wisata,"Tambun Selatan, Kabupaten Bekasi",https://d1ojs48v3n42tp.cloudfront.net/personnels/734060_16-7-2024_14-14-8.png,internist,2025-06-15 09:29:42
"dr. Christian Theodorus Hendra Kawengian, Sp.PD",Sp. Penyakit Dalam,Siloam Hospitals Manado,"Wenang, Kota Manado",https://d1ojs48v3n42tp.cloudfront.net/personnels/110126_16-7-2020_13-22-22.png,internist,2025-06-15 09:29:42
"dr. Cindy, Sp.PD., M.Biomed",Sp. Penyakit Dalam,Siloam Hospitals Kebon Jeruk,"Kebon Jeruk, Jakarta Barat",https://d1ojs48v3n42tp.cloudfront.net/personnels/445653_20-6-2023_14-27-11.png,internist,2025-06-15 09:29:42
"dr. Citra Inderawati, Sp.PD",Sp. Penyakit Dalam,RS Immanuel,"Bojongloa Kidul, Kota Bandung",https://d1ojs48v3n42tp.cloudfront.net/personnels/155417_6-12-2022_16-39-9.png,internist,2025-06-15 09:29:42
"Dr. dr. Cosphiadi Irawan, Sp.PD-KHOM",Sp. Penyakit Dalam,MRCCC Siloam Hospitals Semanggi,"Setiabudi, Jakarta Selatan",https://d1ojs48v3n42tp.cloudfront.net/personnels/530629_16-2-2023_14-50-57.png,internist,2025-06-15 09:29:42
"dr. Cynthia G. A Sugeng, Sp.PD",Sp. Penyakit Dalam,RS Mitra Keluarga Delta Mas,"Cikarang Pusat, Kabupaten Bekasi",https://d1ojs48v3n42tp.cloudfront.net/personnels/714093_21-2-2023_19-13-53.jpeg,internist,2025-06-15 09:29:42
DR RICO NOVYANTO SP PD,Sp. Penyakit Dalam,RS Harapan Keluarga Mataram,"Sandubaya, Kota Mataram",,internist,2025-06-15 09:29:42
DR YIAW KIAN MUN,Sp. Penyakit Dalam,Sunway Medical Centre,"Mampang Prapatan, Jakarta Selatan",,internist,2025-06-15 09:29:42
DR. ANJAR SP.PD,Sp. Penyakit Dalam,Rspad Gatot Subroto (Paviliun),"Senen, Jakarta Pusat",,internist,2025-06-15 09:29:42
"DR. dr. Riri Andri Muzasti, M.Ked (PD), SpPD-KGH, FINASIM",Sp. Penyakit Dalam,Siloam Hospitals Dhirga Surya Medan,"Medan Petisah, Kota Medan",,internist,2025-06-15 09:29:45
DR.dr.Irsan Hasan Sp.PD KGEH FINASIM,Sp. Penyakit Dalam,MRCCC Siloam Hospitals Semanggi,"Setiabudi, Jakarta Selatan",,internist,2025-06-15 09:29:45
"dr. Dana Pramudya, Sp.PD",Sp. Penyakit Dalam,Siloam Hospitals Surabaya,"Gubeng, Kota Surabaya",https://d1ojs48v3n42tp.cloudfront.net/personnels/505284_29-11-2022_15-34-20.png,internist,2025-06-15 09:29:45
"dr. Daniel Gunawan, Sp.PD",Sp. Penyakit Dalam,MRCCC Siloam Hospitals Semanggi,"Setiabudi, Jakarta Selatan",https://d1ojs48v3n42tp.cloudfront.net/personnels/645712_23-12-2022_15-21-35.png,internist,2025-06-15 09:29:45
"dr. Dany Irawan, Sp.PD , FINASIM",Sp. Penyakit Dalam,RS Mitra Keluarga Surabaya,"Sukomanunggal, Kota Surabaya",https://d1ojs48v3n42tp.cloudfront.net/personnels/638245_1-7-2020_16-31-15.jpeg,internist,2025-06-15 09:29:45
"dr. Daru Jaka Sulistya, Sp.PD., M.Sc",Sp. Penyakit Dalam,RS Mitra Keluarga Tegal,"Tegal Barat, Kota Tegal",https://d1ojs48v3n42tp.cloudfront.net/personnels/61861_14-12-2022_12-35-36.png,internist,2025-06-15 09:29:45
"dr. David Kristanto Prajitno, Sp.PD",Sp. Penyakit Dalam,RS Mitra Keluarga Bekasi Timur,"Bekasi Timur, Bekasi",https://d1ojs48v3n42tp.cloudfront.net/personnels/260074_19-12-2022_17-25-1.jpeg,internist,2025-06-15 09:29:45
dr. David Kristanto Sp.PD.,Sp. Penyakit Dalam,RS Mitra Keluarga Bekasi Timur,"Bekasi Timur, Bekasi",,internist,2025-06-15 09:29:45
"dr. Delia Anastasia Tirtadjaja, Sp.PD",Sp. Penyakit Dalam,Siloam Hospitals TB Simatupang,"Cilandak, Jakarta Selatan",https://d1ojs48v3n42tp.cloudfront.net/personnels/122265_24-6-2022_17-52-58.jpeg,internist,2025-06-15 09:29:45
dr. Dendi Andrean Sp. PD,Sp. Penyakit Dalam,RS Pradipa Medika,"Cilimus, Kabupaten Kuningan",,internist,2025-06-15 09:29:45
dr. Dewanto Tedjoatmodjo Sp.PD,Sp. Penyakit Dalam,National Hospital,"Wiyung, Kota Surabaya",,internist,2025-06-15 09:29:47
"dr. Dewi Astrid Lestari, Sp.PD",Sp. Penyakit Dalam,Siloam Hospitals Bekasi Timur,"Bekasi Timur, Bekasi",https://d1ojs48v3n42tp.cloudfront.net/personnels/893201_30-12-2022_13-41-21.png,internist,2025-06-15 09:29:47
dr. Dhany Hanurdoyo Sp.PD,Sp. Penyakit Dalam,RS Lira Medika,"Karawang Timur, Kabupaten Karawang",,internist,2025-06-15 09:29:47
dr. Diana Lilim Sp.PD,Sp. Penyakit Dalam,Eka Hospital Bekasi,"Tarumajaya, Kabupaten Bekasi",,internist,2025-06-15 09:29:47
"dr. Diana Paramita, Sp.PD-KHOM",Sp. Penyakit Dalam,Siloam Hospitals Lippo Village,"Kelapa Dua, Kabupaten Tangerang",https://d1ojs48v3n42tp.cloudfront.net/personnels/500934_24-3-2022_16-5-40.png,internist,2025-06-15 09:29:47
"dr. Didin Retno Endah Palupi, Sp.PD",Sp. Penyakit Dalam,Siloam Hospitals Palangka Raya,"Pahandut, Kota Palangka Raya",https://d1ojs48v3n42tp.cloudfront.net/personnels/199239_30-6-2022_18-12-15.jpeg,internist,2025-06-15 09:29:47
"dr. Didit Novianto Sp.PD.,FINASIM",Sp. Penyakit Dalam,JIH Solo,"Laweyan, Kota Surakarta",,internist,2025-06-15 09:29:47
"dr. Didit Raditiya, Sp.PD",Sp. Penyakit Dalam,Siloam Hospitals Purwakarta,"Bungursari, Kabupaten Purwakarta",https://d1ojs48v3n42tp.cloudfront.net/personnels/7029_22-12-2022_16-58-6.png,internist,2025-06-15 09:29:47
"dr. Dinny Gustina Prihadi, Sp.PD-HD.,M. Kes.",Sp. Penyakit Dalam,RS Immanuel,"Bojongloa Kidul, Kota Bandung",https://d1ojs48v3n42tp.cloudfront.net/personnels/628188_6-12-2022_17-7-6.png,internist,2025-06-15 09:29:47
dr. Djaja Gosal Sp. PD,Sp. Penyakit Dalam,RS Gading Pluit,"Kelapa Gading, Jakarta Utara",,internist,2025-06-15 09:29:47
"dr. Djunaidi Ruray, Sp.PD, FINASIM, MARS",Sp. Penyakit Dalam,Siloam Hospitals Makassar,"Ujung Pandang, Kota Makassar",https://d1ojs48v3n42tp.cloudfront.net/personnels/631575_15-6-2022_16-53-34.jpeg,internist,2025-06-15 09:29:50
Dr Canggih Sp PD,Sp. Penyakit Dalam,RS Urip Sumoharjo,"Way Halim, Kota Bandar Lampung",,internist,2025-06-15 09:29:50
Dr Musa Purnama Sp PD,Sp. Penyakit Dalam,Siloam Hospitals Semarang,"Semarang Selatan, Kota Semarang",,internist,2025-06-15 09:29:50
Dr Robert Ding Pooi Huat,Sp. Penyakit Dalam,Island Hospital Penang,"Mampang Prapatan, Jakarta Selatan",,internist,2025-06-15 09:29:50
Dr Ryandri yovanda Sp PD,Sp. Penyakit Dalam,RSIA Buah Hati Pamulang,"Pamulang, Tangerang Selatan",,internist,2025-06-15 09:29:50
"Dr. Alex Namsito, Sp.PD",Sp. Penyakit Dalam,Siloam Hospitals Ambon,"Sirimau, Kota Ambon",,internist,2025-06-15 09:29:50
Dr. Daddy Sp.PD,Sp. Penyakit Dalam,RS Bethsaida,"Kelapa Dua, Kabupaten Tangerang",,internist,2025-06-15 09:29:50
"Dr. F. Merry Wintery, Sp.PD, FINASIM",Sp. Penyakit Dalam,RS Medistra,"Setiabudi, Jakarta Selatan",,internist,2025-06-15 09:29:50
"Dr. Wahyunugroho Loka, Sp.PD",Sp. Penyakit Dalam,National Hospital,"Wiyung, Kota Surabaya",,internist,2025-06-15 09:29:50
"Dr. dr. Teguh Wijayadi, SpPD, FINASIM",Sp. Penyakit Dalam,RS Abdi Waluyo,"Menteng, Jakarta Pusat",,internist,2025-06-15 09:29:50
Dr.Indra Wijaya,Sp. Penyakit Dalam,RS PIK,"Penjaringan, Jakarta Utara",,internist,2025-06-15 09:29:53
dr. Dwi Bayu Wikarta Sp. PD,Sp. Penyakit Dalam,RS Lira Medika,"Karawang Timur, Kabupaten Karawang",,internist,2025-06-15 09:29:53
dr. Dwiputra Marsetia Sp.PD,Sp. Penyakit Dalam,RS Abdi Waluyo,"Menteng, Jakarta Pusat",,internist,2025-06-15 09:29:53
dr. Eddy Sp.PD-KGEH,Sp. Penyakit Dalam,Nirmala Jatinegara,"Jatinegara, Jakarta Timur",,internist,2025-06-15 09:29:53
"dr. Eddy Setijoso Sp PD, KGEH",Sp. Penyakit Dalam,Biotest Kelapa gading,"Kelapa Gading, Jakarta Utara",,internist,2025-06-15 09:29:53
"dr. Edi Setiawan, Sp.PD., FPCP",Sp. Penyakit Dalam,RS Mitra Keluarga Pratama Jatiasih,"Jatiasih, Bekasi",https://d1ojs48v3n42tp.cloudfront.net/personnels/253230_13-12-2022_17-9-7.jpeg,internist,2025-06-15 09:29:53
"dr. Eduard Taliwongso, Sp.PD",Sp. Penyakit Dalam,RS Advent Bandung,"Coblong, Kota Bandung",,internist,2025-06-15 09:29:53
dr. Edwin P. H. Simatupang Sp.PD-KGH,Sp. Penyakit Dalam,RS Mitra Keluarga Bintaro,"Pondok Aren, Tangerang Selatan",,internist,2025-06-15 09:29:53
"dr. Elizabeth Haryanti, Sp.PD., MH",Sp. Penyakit Dalam,Siloam Hospitals Surabaya,"Gubeng, Kota Surabaya",https://d1ojs48v3n42tp.cloudfront.net/personnels/303631_30-12-2022_13-36-58.png,internist,2025-06-15 09:29:53
"Ellya Theresia Tjondro, Dr. Sp.PD",Sp. Penyakit Dalam,Tzu Chi Hospital,"Penjaringan, Jakarta Utara",,internist,2025-06-15 09:29:53
dr. Elyanawati Sp.PD,Sp. Penyakit Dalam,Ciputra Hospital Citra Raya Tangerang,"Panongan, Kabupaten Tangerang",,internist,2025-06-15 09:29:55
"dr. Eric Rahardi, Sp.PD,FINASIM",Sp. Penyakit Dalam,RS Panti Waluya Sawahan,"Klojen, Kota Malang",,internist,2025-06-15 09:29:55
"dr. Ervita Ritonga, Sp.PD-KEMD, M.Kes",Sp. Penyakit Dalam,RS Advent Bandung,"Coblong, Kota Bandung",,internist,2025-06-15 09:29:55
"dr. Erwin, Sp.PD, FINASIM",Sp. Penyakit Dalam,Mayapada Hospital Bogor,"Bogor Timur, Bogor",https://d1ojs48v3n42tp.cloudfront.net/personnels/179907_13-12-2022_13-36-17.png,internist,2025-06-15 09:29:55
"dr. Ester Karuniawati H., Sp.PD",Sp. Penyakit Dalam,RS Mitra Keluarga Waru,"Waru, Kabupaten Sidoarjo",https://d1ojs48v3n42tp.cloudfront.net/personnels/559147_14-12-2022_14-40-45.jpeg,internist,2025-06-15 09:29:55
"dr. Esti Syafriati, Sp.PD",Sp. Penyakit Dalam,Mayapada Hospital Bandung,"Bandung Kidul, Kota Bandung",,internist,2025-06-15 09:29:55
"dr. Esti Syafriati, Sp.PD",Sp. Penyakit Dalam,Mayapada Hospital Bandung,"Bandung Kidul, Kota Bandung",,internist,2025-06-15 09:29:55
dr. Estie Puspitasari Sp.PD,Sp. Penyakit Dalam,Siloam Hospitals ASRI,"Pancoran, Jakarta Selatan",https://d1ojs48v3n42tp.cloudfront.net/personnels/229336_31-10-2022_14-14-5.jpeg,internist,2025-06-15 09:29:55
"dr. Etty Aminah, Sp.PD",Sp. Penyakit Dalam,RS Mitra Keluarga Bekasi,"Bekasi Selatan, Bekasi",https://d1ojs48v3n42tp.cloudfront.net/personnels/472794_14-12-2022_15-32-51.jpeg,internist,2025-06-15 09:29:55
dr. Eva Carolina Sitompul Sp.PD,Sp. Penyakit Dalam,RS Mitra Keluarga Bintaro,"Pondok Aren, Tangerang Selatan",,internist,2025-06-15 09:29:55
"dr. Eva Carolina, Sp.PD",Sp. Penyakit Dalam,Siloam Hospitals TB Simatupang,"Cilandak, Jakarta Selatan",https://d1ojs48v3n42tp.cloudfront.net/personnels/370070_24-6-2022_17-57-57.jpeg,internist,2025-06-15 09:29:58
"dr. Evi Sylvia Awwalia, Sp.PD",Sp. Penyakit Dalam,Siloam Hospitals Surabaya,"Gubeng, Kota Surabaya",https://d1ojs48v3n42tp.cloudfront.net/personnels/388563_5-7-2021_12-1-8.png,internist,2025-06-15 09:29:58
"dr. Evie Rosa Widyawanti Napitupulu, Sp.PD",Sp. Penyakit Dalam,RS Mitra Keluarga Cibubur,"Jatisampurna, Bekasi",https://d1ojs48v3n42tp.cloudfront.net/personnels/21463_4-4-2022_13-59-33.jpeg,internist,2025-06-15 09:29:58
Dr. F. Eliana Taufik Sp.PD,Sp. Penyakit Dalam,Mayapada Hospital Jakarta Selatan,"Cilandak, Jakarta Selatan",,internist,2025-06-15 09:29:58
"Dr. dr. F.Eliana Taufik , Sp.PD, KEMD",Sp. Penyakit Dalam,RS Mitra Keluarga Kemayoran,"Kemayoran, Jakarta Pusat",https://d1ojs48v3n42tp.cloudfront.net/personnels/301179_9-7-2024_14-51-54.jpeg,internist,2025-06-15 09:29:58
"dr. Faisal Parlindungan, Sp.PD-KR","Sp. Penyakit Dalam, Sp. PD Reumatologi",Mayapada Hospital Kuningan,"Setiabudi, Jakarta Selatan",https://d1ojs48v3n42tp.cloudfront.net/personnels/316954_16-6-2023_7-17-41.png,internist,2025-06-15 09:29:58
dr. Faradiesa Addiena Sp.PD,Sp. Penyakit Dalam,Siloam Hospitals Cinere ( RS Khusus Jantung Diagram Depok),"Cinere, Depok",,internist,2025-06-15 09:29:58
dr. Fatimah Eliana Sp.PD-FINASIM.,Sp. Penyakit Dalam,RS Mitra Keluarga Kemayoran,"Kemayoran, Jakarta Pusat",,internist,2025-06-15 09:29:58
"dr. Felix Prabowo Salim, Sp.PD",Sp. Penyakit Dalam,RS Mitra Keluarga Kelapa Gading,"Kelapa Gading, Jakarta Utara",https://d1ojs48v3n42tp.cloudfront.net/personnels/877884_7-6-2021_15-52-26.png,internist,2025-06-15 09:29:58
"dr. Fenny Elvina Ridho, Sp.PD",Sp. Penyakit Dalam,Siloam Hospitals Lippo Cikarang,"Cikarang Selatan, Kabupaten Bekasi",https://d1ojs48v3n42tp.cloudfront.net/personnels/557166_23-6-2022_15-35-6.jpeg,internist,2025-06-15 09:29:58
"dr. Ferdinand Andy Kasim, Sp.PD",Sp. Penyakit Dalam,RS Mitra Keluarga Cibubur,"Jatisampurna, Bekasi",https://d1ojs48v3n42tp.cloudfront.net/personnels/871087_4-4-2022_14-4-6.jpeg,internist,2025-06-15 09:30:01
"dr. Ferica Valentine Kuhuwael, Sp.PD",Sp. Penyakit Dalam,Siloam Hospitals Kebon Jeruk,"Kebon Jeruk, Jakarta Barat",https://d1ojs48v3n42tp.cloudfront.net/personnels/473527_22-6-2022_15-2-40.jpeg,internist,2025-06-15 09:30:01
"dr. Findy Prasetyawati, Sp.PD, KHOM",Sp. Penyakit Dalam,RS Mitra Keluarga Kemayoran,"Kemayoran, Jakarta Pusat",https://d1ojs48v3n42tp.cloudfront.net/personnels/295248_22-3-2022_21-2-7.jpeg,internist,2025-06-15 09:30:01
"dr. Fitrinilla Alresna, Sp.PD",Sp. Penyakit Dalam,RS Mitra Keluarga Pamulang,"Pamulang, Tangerang Selatan",https://d1ojs48v3n42tp.cloudfront.net/personnels/887158_22-6-2022_14-36-27.jpeg,internist,2025-06-15 09:30:01
dr. Francisca Wibowo Sp.PD,Sp. Penyakit Dalam,RS Mitra Keluarga Kelapa Gading,"Kelapa Gading, Jakarta Utara",,internist,2025-06-15 09:30:01
dr. Frans Liwang Sp.PD,Sp. Penyakit Dalam,RS Mitra Keluarga Kelapa Gading,"Kelapa Gading, Jakarta Utara",,internist,2025-06-15 09:30:01
"dr. Frans Liwang, Sp. PD",Sp. Penyakit Dalam,RS Mitra Keluarga Kelapa Gading,"Kelapa Gading, Jakarta Utara",https://d1ojs48v3n42tp.cloudfront.net/personnels/400841_21-10-2022_10-6-12.jpeg,internist,2025-06-15 09:30:01
"dr. Fransisca Wibowo, Sp.PD",Sp. Penyakit Dalam,RS Mitra Keluarga Kelapa Gading,"Kelapa Gading, Jakarta Utara",https://d1ojs48v3n42tp.cloudfront.net/personnels/856842_11-4-2022_11-47-41.png,internist,2025-06-15 09:30:01
"dr. Franz Josef Vincentius Pangalila, Sp.PD-KIC",Sp. Penyakit Dalam,Mayapada Hospital Kuningan,"Setiabudi, Jakarta Selatan",https://d1ojs48v3n42tp.cloudfront.net/personnels/618642_22-2-2023_15-14-31.jpeg,internist,2025-06-15 09:30:01
"dr. Frederica Apriani, Sp.PD",Sp. Penyakit Dalam,RS Mitra Keluarga Delta Mas,"Cikarang Pusat, Kabupaten Bekasi",https://d1ojs48v3n42tp.cloudfront.net/personnels/198836_21-2-2023_19-14-53.jpeg,internist,2025-06-15 09:30:01
"Dr. Friska Yulenta, Sp.PD, FPCP",Sp. Penyakit Dalam,Mayapada Hospital Surabaya,"Sawahan, Kota Surabaya",https://d1ojs48v3n42tp.cloudfront.net/personnels/443834_13-12-2022_13-33-54.png,internist,2025-06-15 09:30:04
"dr. Galuh Chandra Kirana Sugianto, Sp.PD",Sp. Penyakit Dalam,Siloam Hospitals Mampang,"Pancoran, Jakarta Selatan",https://d1ojs48v3n42tp.cloudfront.net/personnels/373861_20-6-2023_14-30-12.png,internist,2025-06-15 09:30:04
"dr. Gerald Toreh, Sp.PD",Sp. Penyakit Dalam,Siloam Hospitals Agora,"Cempaka Putih, Jakarta Pusat",https://d1ojs48v3n42tp.cloudfront.net/personnels/338029_30-4-2021_17-2-29.jpeg,internist,2025-06-15 09:30:04
dr. Gilang Bhaskara Sp.PD,Sp. Penyakit Dalam,RS Mitra Keluarga Pratama Jatiasih,"Jatiasih, Bekasi",,internist,2025-06-15 09:30:04
"dr. Gilang Bhaskara, Sp.PD",Sp. Penyakit Dalam,RS Mitra Keluarga Pratama Jatiasih,"Jatiasih, Bekasi",https://d1ojs48v3n42tp.cloudfront.net/personnels/491008_11-1-2023_15-25-29.png,internist,2025-06-15 09:30:04
"dr. Gunawan Ari Wibowo , Sp.PD",Sp. Penyakit Dalam,RS Mitra Keluarga Kalideres,"Kalideres, Jakarta Barat",https://d1ojs48v3n42tp.cloudfront.net/personnels/852709_24-7-2024_14-54-18.png,internist,2025-06-15 09:30:04
"dr. Gurmeet Singh, Sp.PD-KP",Sp. Penyakit Dalam,MRCCC Siloam Hospitals Semanggi,"Setiabudi, Jakarta Selatan",https://d1ojs48v3n42tp.cloudfront.net/personnels/797336_19-10-2020_15-33-10.png,internist,2025-06-15 09:30:04
dr. H. Octo Indradjaja Sp.PD,Sp. Penyakit Dalam,Klinik Jaya Abadi,"Lengkong, Kota Bandung",,internist,2025-06-15 09:30:04
dr. H. Yustar Mulyadi Sp.PD.Sub-Sp.GEH.Finasim,Sp. Penyakit Dalam,RS Anugerah Bunda Khatulistiwa,"Pontianak Tenggara, Kota Pontianak",,internist,2025-06-15 09:30:04
dr. H. Zain Dahlan Sp.PD,Sp. Penyakit Dalam,RS Tiara Sella,"Gading Cempaka, Kota Bengkulu",,internist,2025-06-15 09:30:04
dr. Hadi Mulyadi Sp.PD,Sp. Penyakit Dalam,RSU Fikri Medika,"Klari, Kabupaten Karawang",,internist,2025-06-15 09:30:08
"dr. Hadi Susatyo, Sp.PD, MARS, FINASIM",Sp. Penyakit Dalam,Siloam Hospitals Surabaya,"Gubeng, Kota Surabaya",https://d1ojs48v3n42tp.cloudfront.net/personnels/851219_20-7-2022_16-42-42.png,internist,2025-06-15 09:30:08
"dr. Hadi Susatyo, Sp.PD, MARS, FINASIM",Sp. Penyakit Dalam,Siloam Hospitals Surabaya,"Gubeng, Kota Surabaya",,internist,2025-06-15 09:30:08
"dr. Haerani Rasyid, Sp.PD-KGH, Sp. GK, FINASIM",Sp. Penyakit Dalam,Siloam Hospitals Makassar,"Ujung Pandang, Kota Makassar",https://d1ojs48v3n42tp.cloudfront.net/personnels/651526_15-6-2022_16-32-11.jpeg,internist,2025-06-15 09:30:08
Dr. Halim SpPD,Sp. Penyakit Dalam,Klinik Utama Halim Medika,"Banjarbaru Utara, Kota Banjarbaru",,internist,2025-06-15 09:30:08
dr. Handoko Sp.PD,Sp. Penyakit Dalam,RS Santo Borromeus,"Coblong, Kota Bandung",,internist,2025-06-15 09:30:08
"dr. Handry Pangestu, Sp.PD",Sp. Penyakit Dalam,RS Mitra Keluarga Kemayoran,"Kemayoran, Jakarta Pusat",https://d1ojs48v3n42tp.cloudfront.net/personnels/802837_22-3-2022_21-2-46.jpeg,internist,2025-06-15 09:30:08
"dr. Hans Kusuma Muliadi, Sp.PD",Sp. Penyakit Dalam,Siloam Hospitals Lippo Cikarang,"Cikarang Selatan, Kabupaten Bekasi",https://d1ojs48v3n42tp.cloudfront.net/personnels/861664_22-6-2022_20-54-58.jpeg,internist,2025-06-15 09:30:08
"dr. Hardianto Setiawan Ong, Sp.PD-KGEH, FINASIM",Sp. Penyakit Dalam,Siloam Hospitals Kebon Jeruk,"Kebon Jeruk, Jakarta Barat",,internist,2025-06-15 09:30:08
Dr. Hariyono Sp. PD,Sp. Penyakit Dalam,RS Royal Progress,"Tanjung Priok, Jakarta Utara",,internist,2025-06-15 09:30:08
"dr. Hartanto Widjaya, Sp.PD",Sp. Penyakit Dalam,MRCCC Siloam Hospitals Semanggi,"Setiabudi, Jakarta Selatan",https://d1ojs48v3n42tp.cloudfront.net/personnels/591661_23-6-2022_15-24-20.jpeg,internist,2025-06-15 09:30:12
"dr. Haryanto Surya, Sp.PD",Sp. Penyakit Dalam,Siloam Hospitals Lippo Village,"Kelapa Dua, Kabupaten Tangerang",https://d1ojs48v3n42tp.cloudfront.net/personnels/85446_24-3-2022_16-14-43.jpeg,internist,2025-06-15 09:30:12
dr. Haryono SpOG-KFER,Sp. Penyakit Dalam,RS Imanuel Way Halim,"Sukarame, Kota Bandar Lampung",,internist,2025-06-15 09:30:12
dr. Hendra A. Choandry Sp.PD,Sp. Penyakit Dalam,Murni Teguh Memorial Hospital,"Medan Timur, Kota Medan",,internist,2025-06-15 09:30:12
dr. Hendra A. Choandry Sp.PD,Sp. Penyakit Dalam,Murni Teguh Memorial Hospital,"Medan Timur, Kota Medan",,internist,2025-06-15 09:30:12
"dr. Hendro Gunawan, Sp.PD",Sp. Penyakit Dalam,RS Mitra Keluarga Surabaya,"Sukomanunggal, Kota Surabaya",https://d1ojs48v3n42tp.cloudfront.net/personnels/731707_17-7-2024_16-2-20.jpeg,internist,2025-06-15 09:30:12
dr. Heni Retnowulan M.Kes. Sp.PD-KP,Sp. Penyakit Dalam,Siloam Hospitals Yogyakarta,"Gondokusuman, Kota Yogyakarta",https://d1ojs48v3n42tp.cloudfront.net/personnels/799127_23-12-2022_11-35-15.jpeg,internist,2025-06-15 09:30:12
"dr. Heri Sutanto, SpPD-KPTI.FINASIM",Sp. Penyakit Dalam,Persada Hospital,"Blimbing, Kota Malang",,internist,2025-06-15 09:30:12
"dr. Herlina Yani, SpPD",Sp. Penyakit Dalam,RS Royal Prima Medan,"Medan Petisah, Kota Medan",,internist,2025-06-15 09:30:12
"dr. Heru Cahjono, Sp.PD",Sp. Penyakit Dalam,Siloam Hospitals Surabaya,"Gubeng, Kota Surabaya",https://d1ojs48v3n42tp.cloudfront.net/personnels/197030_22-12-2022_3-15-38.png,internist,2025-06-15 09:30:12
"dr. Heyder Tadjoedin, Sp.PD",Sp. Penyakit Dalam,Siloam Hospitals Kebon Jeruk,"Kebon Jeruk, Jakarta Barat",https://d1ojs48v3n42tp.cloudfront.net/personnels/612582_22-6-2022_15-2-51.jpeg,internist,2025-06-15 09:30:15
"dr. Hirlan Sp. PD, KGEH KGEH",Sp. Penyakit Dalam,RS Telogorejo,"Semarang Tengah, Kota Semarang",,internist,2025-06-15 09:30:15
"dr. Hyhot Mausar, Sp.PD",Sp. Penyakit Dalam,RS Mitra Keluarga Cikarang,"Cikarang Utara, Kabupaten Bekasi",https://d1ojs48v3n42tp.cloudfront.net/personnels/352836_13-12-2022_16-18-24.png,internist,2025-06-15 09:30:15
"dr. I Gede Rai Kosa, Sp.PD, FINASIM",Sp. Penyakit Dalam,Mayapada Hospital Tangerang,"Tangerang, Tangerang",https://d1ojs48v3n42tp.cloudfront.net/personnels/77883_13-12-2022_14-9-49.jpeg,internist,2025-06-15 09:30:15
"dr. I Gusti Ayu Agung Istri Anteja, M.Biomed, Sp.PD",Sp. Penyakit Dalam,BIMC Hospitals Kuta,"Kuta, Kabupaten Badung",https://d1ojs48v3n42tp.cloudfront.net/personnels/300608_31-10-2022_10-57-19.jpeg,internist,2025-06-15 09:30:15
"dr. I Gusti Ayu Mahariani Budiartha, Sp.PD",Sp. Penyakit Dalam,RS Mitra Keluarga Bintaro,"Pondok Aren, Tangerang Selatan",https://d1ojs48v3n42tp.cloudfront.net/personnels/826383_12-8-2022_15-13-32.jpeg,internist,2025-06-15 09:30:15
"dr. Ida Melani Santoso, Sp.PD",Sp. Penyakit Dalam,Siloam Hospitals Lippo Cikarang,"Cikarang Selatan, Kabupaten Bekasi",https://d1ojs48v3n42tp.cloudfront.net/personnels/715843_23-6-2022_15-34-37.jpeg,internist,2025-06-15 09:30:15
"dr. Ignatius Bima Prasetya, Sp.PD",Sp. Penyakit Dalam,Siloam Hospitals Lippo Village,"Kelapa Dua, Kabupaten Tangerang",https://d1ojs48v3n42tp.cloudfront.net/personnels/15428_24-3-2022_16-15-24.jpeg,internist,2025-06-15 09:30:15
"dr. Ika Mariani Ratna Devi, Sp.PD",Sp. Penyakit Dalam,RS Mitra Keluarga Kenjeran,"Mulyorejo, Kota Surabaya",https://d1ojs48v3n42tp.cloudfront.net/personnels/329635_14-12-2022_12-37-17.png,internist,2025-06-15 09:30:15
dr. Ikrimah Nisa Utami Sp.PD,Sp. Penyakit Dalam,RS Syarif Hidayatullah,"Ciputat Timur, Tangerang Selatan",,internist,2025-06-15 09:30:15
"dr. Imelda Adrianti Widjojo, Sp.PD",Sp. Penyakit Dalam,RS Immanuel,"Bojongloa Kidul, Kota Bandung",https://d1ojs48v3n42tp.cloudfront.net/personnels/789720_6-2-2023_12-14-6.png,internist,2025-06-15 09:30:20
dr. Imron Sp.PD,Sp. Penyakit Dalam,RS Urip Sumoharjo,"Way Halim, Kota Bandar Lampung",,internist,2025-06-15 09:30:20
"dr. Indah Gianawati, Sp.PD",Sp. Penyakit Dalam,RS Mitra Keluarga Depok,"Pancoran Mas, Depok",https://d1ojs48v3n42tp.cloudfront.net/personnels/705041_11-4-2022_12-45-5.jpeg,internist,2025-06-15 09:30:20
dr. Indra Kurniawan SP.PD,Sp. Penyakit Dalam,RS Meilia,"Cimanggis, Depok",,internist,2025-06-15 09:30:20
"dr. Indraji Dwi Mulyawan, Sp.PD",Sp. Penyakit Dalam,Siloam Hospitals Putera Bahagia Cirebon,"Harjamukti, Kota Cirebon",https://d1ojs48v3n42tp.cloudfront.net/personnels/70224_20-9-2022_10-39-4.jpeg,internist,2025-06-15 09:30:20
"dr. Irene Purnamawati, Sp.PD",Sp. Penyakit Dalam,RS Mitra Keluarga Kemayoran,"Kemayoran, Jakarta Pusat",https://d1ojs48v3n42tp.cloudfront.net/personnels/111081_25-10-2024_14-17-34.jpeg,internist,2025-06-15 09:30:20
"dr. Irene Saveria, Sp.PD",Sp. Penyakit Dalam,RS Mitra Keluarga Pondok Tjandra,"Waru, Kabupaten Sidoarjo",https://d1ojs48v3n42tp.cloudfront.net/personnels/896531_4-1-2023_14-36-8.png,internist,2025-06-15 09:30:20
"dr. Irene Stephanie Surjadibrata, Sp.PD",Sp. Penyakit Dalam,Siloam Hospitals Surabaya,"Gubeng, Kota Surabaya",https://d1ojs48v3n42tp.cloudfront.net/personnels/370516_8-12-2022_15-30-15.png,internist,2025-06-15 09:30:20
"dr. Irwin Tedja, Sp.PD-KAI",Sp. Penyakit Dalam,Siloam Hospitals Mampang,"Pancoran, Jakarta Selatan",https://d1ojs48v3n42tp.cloudfront.net/personnels/33752_31-1-2023_13-55-10.png,internist,2025-06-15 09:30:20
dr. Iskandar Sp.PD-FINASIM.,Sp. Penyakit Dalam,RS Mitra Keluarga Kelapa Gading,"Kelapa Gading, Jakarta Utara",,internist,2025-06-15 09:30:20
"dr. Iskandar, Sp.PD",Sp. Penyakit Dalam,RSUP Dr. Sitanala Tangerang,"Neglasari, Tangerang",https://d1ojs48v3n42tp.cloudfront.net/personnels/223785_19-2-2021_20-29-30.jpeg,internist,2025-06-15 09:30:24
"dr. Iskandar, Sp.PD., FINASIM",Sp. Penyakit Dalam,RS Mitra Keluarga Kelapa Gading,"Kelapa Gading, Jakarta Utara",https://d1ojs48v3n42tp.cloudfront.net/personnels/193210_14-12-2022_12-51-12.png,internist,2025-06-15 09:30:24
dr. Ivan Andre Hartono Sp PD,Sp. Penyakit Dalam,Mayapada Hospital Surabaya,"Sawahan, Kota Surabaya",,internist,2025-06-15 09:30:24
"dr. Iwan Judodihardjo, Sp.PD",Sp. Penyakit Dalam,Siloam Hospitals Makassar,"Ujung Pandang, Kota Makassar",https://d1ojs48v3n42tp.cloudfront.net/personnels/518528_15-6-2022_16-53-55.jpeg,internist,2025-06-15 09:30:24
"dr. Iwan Purnawan, Sp.PD",Sp. Penyakit Dalam,Mayapada Hospital Tangerang,"Tangerang, Tangerang",https://d1ojs48v3n42tp.cloudfront.net/personnels/214939_13-12-2022_14-19-35.jpeg,internist,2025-06-15 09:30:24
"dr. Iwandheny Sepmeitutu, M.Sc, Sp.PD",Sp. Penyakit Dalam,RS Mitra Keluarga Gading Serpong,"Pagedangan, Kabupaten Tangerang",https://d1ojs48v3n42tp.cloudfront.net/personnels/268828_11-4-2022_11-4-31.jpeg,internist,2025-06-15 09:30:24
"dr. Janto Simkoputera, Sp. PD",Sp. Penyakit Dalam,Siloam Hospitals Kebon Jeruk,"Kebon Jeruk, Jakarta Barat",https://d1ojs48v3n42tp.cloudfront.net/personnels/557147_27-9-2020_15-32-32.png,internist,2025-06-15 09:30:24
"dr. Jeremia Immanuel Siregar, Sp.PD",Sp. Penyakit Dalam,Siloam Hospitals Kelapa Dua,"Kelapa Dua, Kabupaten Tangerang",https://d1ojs48v3n42tp.cloudfront.net/personnels/380116_24-3-2022_16-19-48.png,internist,2025-06-15 09:30:24
"dr. Jimmy Tesiman, Sp.PD",Sp. Penyakit Dalam,Siloam Hospitals Kebon Jeruk,"Kebon Jeruk, Jakarta Barat",https://d1ojs48v3n42tp.cloudfront.net/personnels/54741_22-6-2022_15-3-9.jpeg,internist,2025-06-15 09:30:24
"dr. Jimmy Tesiman, Sp.PD",Sp. Penyakit Dalam,Siloam Hospitals Kebon Jeruk,"Kebon Jeruk, Jakarta Barat",,internist,2025-06-15 09:30:24
"dr. Johan Hamik, Sp.PD",Sp. Penyakit Dalam,Siloam Hospitals Purwakarta,"Bungursari, Kabupaten Purwakarta",https://d1ojs48v3n42tp.cloudfront.net/personnels/598079_8-12-2022_15-40-23.png,internist,2025-06-15 09:30:32
Dr. Joko Budiman Jong Sp. PD,Sp. Penyakit Dalam,RS Satya Negara,"Tanjung Priok, Jakarta Utara",,internist,2025-06-15 09:30:32
"dr. Joko Wiyanto, Sp.PD",Sp. Penyakit Dalam,Siloam Hospitals Purwakarta,"Bungursari, Kabupaten Purwakarta",https://d1ojs48v3n42tp.cloudfront.net/personnels/758963_22-12-2022_17-41-14.png,internist,2025-06-15 09:30:32
"Dr. dr. Jongky Hendro Prajitno Sp.PD-KEMD,FINA",Sp. Penyakit Dalam,RS Mitra Keluarga Kenjeran,"Mulyorejo, Kota Surabaya",https://d1ojs48v3n42tp.cloudfront.net/personnels/326086_14-4-2025_13-58-59.png,internist,2025-06-15 09:30:32
"dr. Joyo Santoso, Sp.PD",Sp. Penyakit Dalam,Siloam Hospitals Yogyakarta,"Gondokusuman, Kota Yogyakarta",https://d1ojs48v3n42tp.cloudfront.net/personnels/127798_23-12-2022_15-55-36.png,internist,2025-06-15 09:30:32
"dr. Juliyanti, Sp.PD",Sp. Penyakit Dalam,Siloam Hospitals Kelapa Dua,"Kelapa Dua, Kabupaten Tangerang",https://d1ojs48v3n42tp.cloudfront.net/personnels/27894_13-12-2022_15-35-17.png,internist,2025-06-15 09:30:32
"dr. Juvita Kurniawan, Sp.PD",Sp. Penyakit Dalam,RS Mitra Keluarga Kalideres,"Kalideres, Jakarta Barat",https://d1ojs48v3n42tp.cloudfront.net/personnels/583792_20-7-2022_15-45-18.png,internist,2025-06-15 09:30:32
"dr. Kaka Renaldi , Sp.PD-KGEH",Sp. Penyakit Dalam,RS Mitra Keluarga Kemayoran,"Kemayoran, Jakarta Pusat",https://d1ojs48v3n42tp.cloudfront.net/personnels/243743_9-7-2024_14-27-48.png,internist,2025-06-15 09:30:32
"Dr. Karina Anindita, M.Biomed., Sp.PD",Sp. Penyakit Dalam,Siloam Hospitals Mataram,"Mataram, Kota Mataram",https://d1ojs48v3n42tp.cloudfront.net/personnels/399330_24-3-2023_13-47-42.jpeg,internist,2025-06-15 09:30:32
dr. Kartika Juwita Sp.PD,Sp. Penyakit Dalam,RS Puri Cinere,"Cinere, Depok",,internist,2025-06-15 09:30:32
"dr. Kasmanto, Sp.PD",Sp. Penyakit Dalam,Siloam Hospitals ASRI,"Pancoran, Jakarta Selatan",https://d1ojs48v3n42tp.cloudfront.net/personnels/1028_6-9-2022_16-38-27.png,internist,2025-06-15 09:30:37
"dr. Ketherine, Sp.PD",Sp. Penyakit Dalam,Siloam Hospitals Sriwijaya Palembang,"Ilir Barat I, Kota Palembang",https://d1ojs48v3n42tp.cloudfront.net/personnels/30072_5-7-2021_14-2-15.png,internist,2025-06-15 09:30:37
Dr. Kho Ching Siang Sp. PD,Sp. Penyakit Dalam,RS Pluit,"Penjaringan, Jakarta Utara",,internist,2025-06-15 09:30:37
"dr. Koenardi Budhihardjo, Sp.PD",Sp. Penyakit Dalam,Mayapada Hospital Tangerang,"Tangerang, Tangerang",https://d1ojs48v3n42tp.cloudfront.net/personnels/217471_13-12-2022_11-10-38.jpeg,internist,2025-06-15 09:30:37
"dr. Kresna Adhiatma , Sp.PD",Sp. Penyakit Dalam,RS Mitra Keluarga Grand Wisata,"Tambun Selatan, Kabupaten Bekasi",https://d1ojs48v3n42tp.cloudfront.net/personnels/396752_7-3-2025_13-31-53.jpeg,internist,2025-06-15 09:30:37
"dr. Kunkun Achmad Muharam Suriadisastra, Sp.PD",Sp. Penyakit Dalam,RS Mitra Keluarga Bekasi,"Bekasi Selatan, Bekasi",https://d1ojs48v3n42tp.cloudfront.net/personnels/256348_14-12-2022_13-41-3.png,internist,2025-06-15 09:30:37
"dr. Kurniyanto, Sp.PD",Sp. Penyakit Dalam,RS Mitra Keluarga Bekasi Timur,"Bekasi Timur, Bekasi",https://d1ojs48v3n42tp.cloudfront.net/personnels/550313_29-11-2022_16-15-57.png,internist,2025-06-15 09:30:37
dr. Laniyati Hamijoyo Sp.PD (K)R,Sp. Penyakit Dalam,RS Santo Borromeus,"Coblong, Kota Bandung",,internist,2025-06-15 09:30:37
"dr. Laurentius Aswin Pramono, M.Epid., Sp.PD",Sp. Penyakit Dalam,Siloam Hospitals Kebon Jeruk,"Kebon Jeruk, Jakarta Barat",https://d1ojs48v3n42tp.cloudfront.net/personnels/167694_20-6-2023_14-26-49.png,internist,2025-06-15 09:30:37
"Laurentius Johan Ardian, Dr Sp PD",Sp. Penyakit Dalam,RS Adi Husada Kapasari,"Simokerto, Kota Surabaya",,internist,2025-06-15 09:30:37
"dr. Leny Puspitasari, Sp.PD-KEMD",Sp. Penyakit Dalam,Siloam Hospitals Lippo Village,"Kelapa Dua, Kabupaten Tangerang",https://d1ojs48v3n42tp.cloudfront.net/personnels/624846_24-3-2022_16-21-58.png,internist,2025-06-15 09:30:41
"dr. Lidya Juniarti Silalahi, Sp.PD",Sp. Penyakit Dalam,Siloam Hospitals Jambi,"Jambi Selatan, Kota Jambi",https://d1ojs48v3n42tp.cloudfront.net/personnels/534586_14-6-2022_17-32-18.jpeg,internist,2025-06-15 09:30:41
Dr. Lim Kim Piow,Sp. Penyakit Dalam,Sunway Medical Centre,"Mampang Prapatan, Jakarta Selatan",,internist,2025-06-15 09:30:41
"dr. Limdawati Kwee, Sp.PD",Sp. Penyakit Dalam,RS Immanuel,"Bojongloa Kidul, Kota Bandung",https://d1ojs48v3n42tp.cloudfront.net/personnels/112971_19-5-2021_14-6-58.jpeg,internist,2025-06-15 09:30:41
"dr. Lucas Welfried Pandjaitan, Sp.PD",Sp. Penyakit Dalam,Siloam Hospitals Agora,"Cempaka Putih, Jakarta Pusat",https://d1ojs48v3n42tp.cloudfront.net/personnels/703203_10-4-2023_11-33-31.jpeg,internist,2025-06-15 09:30:41
dr Lukas Widiono Sp.PD,Sp. Penyakit Dalam,RS dr. Oen Solo Baru,"Grogol, Kab Sukoharjo",,internist,2025-06-15 09:30:41
"dr. Luki Agustina Damayanti, Sp.PD",Sp. Penyakit Dalam,Siloam Hospitals Surabaya,"Gubeng, Kota Surabaya",https://d1ojs48v3n42tp.cloudfront.net/personnels/200492_26-12-2022_14-23-14.png,internist,2025-06-15 09:30:41
dr. Lusiana Kurniawati Sp.PD,Sp. Penyakit Dalam,Siloam Hospitals Kebon Jeruk,"Kebon Jeruk, Jakarta Barat",,internist,2025-06-15 09:30:41
"dr. Lusiana Kurniawati, Sp.PD",Sp. Penyakit Dalam,Siloam Hospitals Kebon Jeruk,"Kebon Jeruk, Jakarta Barat",https://d1ojs48v3n42tp.cloudfront.net/personnels/686789_22-6-2022_15-3-36.jpeg,internist,2025-06-15 09:30:41
"dr. Lusiana Kurniawati, Sp.PD",Sp. Penyakit Dalam,Siloam Hospitals Kebon Jeruk,"Kebon Jeruk, Jakarta Barat",,internist,2025-06-15 09:30:41
"dr. Lusiana Kurniawati, Sp.PD",Sp. Penyakit Dalam,RSIA Metro Hospitals Kebon Jeruk,"Kebon Jeruk, Jakarta Barat",,internist,2025-06-15 09:30:51
"dr. Lydia Tantoso, Sp.PD",Sp. Penyakit Dalam,RS Mitra Keluarga Kalideres,"Kalideres, Jakarta Barat",https://d1ojs48v3n42tp.cloudfront.net/personnels/848150_14-12-2022_14-43-12.png,internist,2025-06-15 09:30:51
"M Bernardi Caropeboka, Sp.PD",Sp. Penyakit Dalam,RS Mitra Keluarga Pamulang,"Pamulang, Tangerang Selatan",,internist,2025-06-15 09:30:51
"dr. M. Iskandar, Sp.PD., FINASIM",Sp. Penyakit Dalam,Siloam Hospitals Purwakarta,"Bungursari, Kabupaten Purwakarta",https://d1ojs48v3n42tp.cloudfront.net/personnels/274117_1-7-2022_16-11-11.jpeg,internist,2025-06-15 09:30:51
"dr. Maradewi Maksum, Sp.PD",Sp. Penyakit Dalam,RSIA Mutiara Bunda Cilegon,"Purwakarta, Kota Cilegon",,internist,2025-06-15 09:30:51
"dr. Margaret Merlyn T, Sp.PD-FINASIM",Sp. Penyakit Dalam,Siloam Hospitals Kelapa Dua,"Kelapa Dua, Kabupaten Tangerang",https://d1ojs48v3n42tp.cloudfront.net/personnels/501075_1-9-2020_16-30-26.png,internist,2025-06-15 09:30:51
"dr. Maria Irawati, Sp.PD-KGH",Sp. Penyakit Dalam,Siloam Hospitals Lippo Village,"Kelapa Dua, Kabupaten Tangerang",https://d1ojs48v3n42tp.cloudfront.net/personnels/34631_24-3-2022_16-24-20.png,internist,2025-06-15 09:30:51
"dr. Marita Resti Tiara, Sp.PD",Sp. Penyakit Dalam,Mayapada Hospital Bandung,"Bandung Kidul, Kota Bandung",,internist,2025-06-15 09:30:51
"dr. Martino Sutrisno, Sp.PD",Sp. Penyakit Dalam,RS Mitra Keluarga Kenjeran,"Mulyorejo, Kota Surabaya",https://d1ojs48v3n42tp.cloudfront.net/personnels/136649_13-12-2022_16-14-4.jpeg,internist,2025-06-15 09:30:51
"dr. Masdianto Musai, Sp.PD-KAI",Sp. Penyakit Dalam,Siloam Hospitals Sriwijaya Palembang,"Ilir Barat I, Kota Palembang",https://d1ojs48v3n42tp.cloudfront.net/personnels/514701_30-12-2022_17-13-16.png,internist,2025-06-15 09:30:51
"dr. Maude Renata, Sp.PD",Sp. Penyakit Dalam,RS Kartika Kasih,"Warudoyong, Kota Sukabumi",,internist,2025-06-15 09:30:55
Dr. Maxyadi Maas SpPD,Sp. Penyakit Dalam,RS Puri Cinere,"Cinere, Depok",,internist,2025-06-15 09:30:55
"dr. Maya Wuninggar Ingrum, Sp.PD",Sp. Penyakit Dalam,RSUP Dr. Sitanala Tangerang,"Neglasari, Tangerang",https://d1ojs48v3n42tp.cloudfront.net/personnels/651352_19-2-2021_19-29-22.png,internist,2025-06-15 09:30:55
"dr. Meidy Cicilia Elim, Sp.PD",Sp. Penyakit Dalam,Siloam Hospitals Sentosa Bekasi,"Bekasi Timur, Bekasi",https://d1ojs48v3n42tp.cloudfront.net/personnels/850008_17-2-2023_7-30-12.png,internist,2025-06-15 09:30:55
"dr. Meita Ucche, Sp.PD",Sp. Penyakit Dalam,Siloam Hospitals Yogyakarta,"Gondokusuman, Kota Yogyakarta",https://d1ojs48v3n42tp.cloudfront.net/personnels/382477_7-6-2021_16-20-55.png,internist,2025-06-15 09:30:55
dr. Melisa Diah Puspitasari Sp.PD,Sp. Penyakit Dalam,Eka Hospital Bekasi,"Tarumajaya, Kabupaten Bekasi",,internist,2025-06-15 09:30:55
dr. Melisa Diah Puspitasari Sp.PD,Sp. Penyakit Dalam,Eka Hospital Bekasi,"Tarumajaya, Kabupaten Bekasi",,internist,2025-06-15 09:30:55
"dr. Moch. Arief Setiawan, Sp.PD",Sp. Penyakit Dalam,RS Mitra Keluarga Depok,"Pancoran Mas, Depok",,internist,2025-06-15 09:30:55
"dr. Mozes Leo Juniard Silaban, Sp.PD",Sp. Penyakit Dalam,Siloam Hospitals Lippo Village,"Kelapa Dua, Kabupaten Tangerang",https://d1ojs48v3n42tp.cloudfront.net/personnels/445097_24-3-2022_16-25-59.png,internist,2025-06-15 09:30:55
"Prof. dr. Muhammad Miftahussurur, Sp.PD., M.Kes., Ph.D",Sp. Penyakit Dalam,RS Mitra Keluarga Waru,"Waru, Kabupaten Sidoarjo",https://d1ojs48v3n42tp.cloudfront.net/personnels/131128_14-12-2022_15-31-17.jpeg,internist,2025-06-15 09:30:55
"dr. Muhammad Noor Diansyah, Sp.PD",Sp. Penyakit Dalam,RS Mitra Keluarga Waru,"Waru, Kabupaten Sidoarjo",https://d1ojs48v3n42tp.cloudfront.net/personnels/411347_14-12-2022_15-43-2.png,internist,2025-06-15 09:30:58
"Muhammad Pranandi, dr. Sp. P.D",Sp. Penyakit Dalam,RS Pondok Indah - Puri Indah,"Kembangan, Jakarta Barat",,internist,2025-06-15 09:30:58
"dr. Mulyani Anny Suryani Gultom, Sp.PD, FINASIM",Sp. Penyakit Dalam,Siloam Hospitals ASRI,"Pancoran, Jakarta Selatan",https://d1ojs48v3n42tp.cloudfront.net/personnels/243341_31-10-2022_14-41-8.png,internist,2025-06-15 09:30:58
"dr. Myra Puspitasari, Sp.PD, M.Kes",Sp. Penyakit Dalam,MRCCC Siloam Hospitals Semanggi,"Setiabudi, Jakarta Selatan",https://d1ojs48v3n42tp.cloudfront.net/personnels/74518_23-6-2022_15-39-50.jpeg,internist,2025-06-15 09:30:58
"dr. Nata Pratama Hardjo Lugito, Sp.PD",Sp. Penyakit Dalam,Siloam Hospitals Kelapa Dua,"Kelapa Dua, Kabupaten Tangerang",https://d1ojs48v3n42tp.cloudfront.net/personnels/504015_14-12-2022_16-21-42.png,internist,2025-06-15 09:30:58
"dr. Ni Ketut Rai Purnami, Sp.PD",Sp. Penyakit Dalam,BIMC Hospitals Nusa Dua,"Kuta Selatan, Kabupaten Badung",https://d1ojs48v3n42tp.cloudfront.net/personnels/308907_31-10-2022_12-26-48.jpeg,internist,2025-06-15 09:30:58
"dr. Ni Made Ari Kurnianingrum, Sp.PD",Sp. Penyakit Dalam,BIMC Hospitals Nusa Dua,"Kuta Selatan, Kabupaten Badung",https://d1ojs48v3n42tp.cloudfront.net/personnels/470601_31-10-2022_12-36-3.jpeg,internist,2025-06-15 09:30:58
"dr. Ni Nyoman Ati Subiantari, Sp.PD",Sp. Penyakit Dalam,RS Santo Borromeus,"Coblong, Kota Bandung",,internist,2025-06-15 09:30:58
"dr. Ni Nyoman Trisna Yuliharti Tersinanda, Sp.PD",Sp. Penyakit Dalam,BIMC Hospitals Kuta,"Kuta, Kabupaten Badung",https://d1ojs48v3n42tp.cloudfront.net/personnels/172014_31-10-2022_11-23-26.jpeg,internist,2025-06-15 09:30:58
"dr. Nicholas Kristanta Sandjaja , SpPD",Sp. Penyakit Dalam,Siloam Hospitals Bogor,"Bogor Tengah, Bogor",,internist,2025-06-15 09:30:58
"dr. Nicholas Kristanta Sandjaja, Sp.PD",Sp. Penyakit Dalam,Siloam Hospitals Bogor,"Bogor Tengah, Bogor",https://d1ojs48v3n42tp.cloudfront.net/personnels/130740_30-6-2022_17-9-37.jpeg,internist,2025-06-15 09:31:01
"dr. Novidasari, Sp.PD., M.Sc",Sp. Penyakit Dalam,RS Mitra Keluarga Tegal,"Tegal Barat, Kota Tegal",https://d1ojs48v3n42tp.cloudfront.net/personnels/160599_14-12-2022_16-47-48.png,internist,2025-06-15 09:31:01
"dr. Noviyanti Fracin Tumewu, Sp.PD",Sp. Penyakit Dalam,Siloam Hospitals Paal Dua Manado,"Paal Dua, Kota Manado",https://d1ojs48v3n42tp.cloudfront.net/personnels/475695_8-12-2022_22-39-6.png,internist,2025-06-15 09:31:01
dr. Nurul Aisyiah Sp.PD,Sp. Penyakit Dalam,RS Permata Medika,"Ngaliyan, Kota Semarang",,internist,2025-06-15 09:31:01
"Prof. Dr. dr. Nurul Akbar, Sp.PD-KGEH",Sp. Penyakit Dalam,RS MMC,"Setiabudi, Jakarta Selatan",,internist,2025-06-15 09:31:01
"dr. Nyoman Paramita Ayu, Sp.PD-KGH",Sp. Penyakit Dalam,BIMC Hospitals Nusa Dua,"Kuta Selatan, Kabupaten Badung",https://d1ojs48v3n42tp.cloudfront.net/personnels/809550_31-10-2022_12-42-7.jpeg,internist,2025-06-15 09:31:01
"dr. Ohmar Rene Setiawan, Sp.PD",Sp. Penyakit Dalam,Siloam Hospitals Lippo Village,"Kelapa Dua, Kabupaten Tangerang",https://d1ojs48v3n42tp.cloudfront.net/personnels/344754_24-3-2022_16-27-9.png,internist,2025-06-15 09:31:01
dr. Okki Ramadian Sp.PD-KAI,Sp. Penyakit Dalam,RS Mitra Keluarga Kelapa Gading,"Kelapa Gading, Jakarta Utara",,internist,2025-06-15 09:31:01
"dr. Okki Ramadian, Sp.PD",Sp. Penyakit Dalam,RS Mitra Keluarga Bintaro,"Pondok Aren, Tangerang Selatan",https://d1ojs48v3n42tp.cloudfront.net/personnels/100851_4-4-2022_14-40-25.png,internist,2025-06-15 09:31:01
"dr. Okki Ramadian, Sp.PD-KAI, FINASIM",Sp. Penyakit Dalam,RS Mitra Keluarga Kelapa Gading,"Kelapa Gading, Jakarta Utara",,internist,2025-06-15 09:31:01
"dr. Otek Hermanto, Sp.PD",Sp. Penyakit Dalam,RS Mitra Keluarga Kemayoran,"Kemayoran, Jakarta Pusat",https://d1ojs48v3n42tp.cloudfront.net/personnels/115997_14-12-2022_12-58-14.png,internist,2025-06-15 09:31:04
"dr. Paskalis Andrew Gunawan, Sp.PD",Sp. Penyakit Dalam,RS Mitra Keluarga Kalideres,"Kalideres, Jakarta Barat",https://d1ojs48v3n42tp.cloudfront.net/personnels/522235_8-10-2020_11-20-29.png,internist,2025-06-15 09:31:04
"dr. Paulus Simadibrata, Sp.PD",Sp. Penyakit Dalam,RS Abdi Waluyo,"Menteng, Jakarta Pusat",,internist,2025-06-15 09:31:04
"dr. Perry Rachmat Permana Sp.PD., FINASIM",Sp. Penyakit Dalam,Santosa Hospital Bandung Central,"Andir, Kota Bandung",,internist,2025-06-15 09:31:04
Dr. Prettysun Ang Mellow Sp.PD,Sp. Penyakit Dalam,Klinik Utama Biotest Kertajaya,"Mulyorejo, Kota Surabaya",,internist,2025-06-15 09:31:04
Dr. Prettysun Ang Mellow Sp.PD,Sp. Penyakit Dalam,RS Mitra Keluarga Kenjeran,"Mulyorejo, Kota Surabaya",,internist,2025-06-15 09:31:04
"dr. Prettysun Ang Mellow, Sp.PD",Sp. Penyakit Dalam,RS Mitra Keluarga Kenjeran,"Mulyorejo, Kota Surabaya",https://d1ojs48v3n42tp.cloudfront.net/personnels/457781_14-12-2022_13-56-44.png,internist,2025-06-15 09:31:04
dr. Priangdina Banoastia SpPD,Sp. Penyakit Dalam,RS Jakarta,"Setiabudi, Jakarta Selatan",,internist,2025-06-15 09:31:04
"dr. Prima Yuriandro, Sp.PD",Sp. Penyakit Dalam,Siloam Hospitals TB Simatupang,"Cilandak, Jakarta Selatan",https://d1ojs48v3n42tp.cloudfront.net/personnels/64456_24-6-2022_18-13-4.jpeg,internist,2025-06-15 09:31:04
"Primadina Banostira, dr. SpPD",Sp. Penyakit Dalam,RS Jakarta,"Setiabudi, Jakarta Selatan",,internist,2025-06-15 09:31:04
"dr. Probo Wuryantoro, Sp.PD",Sp. Penyakit Dalam,Siloam Hospitals Palangka Raya,"Pahandut, Kota Palangka Raya",https://d1ojs48v3n42tp.cloudfront.net/personnels/729511_30-6-2022_18-12-31.jpeg,internist,2025-06-15 09:31:06
"Prof. DR. dr. IRIS RENGGANIS, SpPD K-AI",Sp. Penyakit Dalam,Mayapada Hospital Jakarta Selatan,"Cilandak, Jakarta Selatan",,internist,2025-06-15 09:31:06
Prof. Dr. S. Urgoseno Yudho Bintoro Sp PD,Sp. Penyakit Dalam,Mayapada Hospital Surabaya,"Sawahan, Kota Surabaya",,internist,2025-06-15 09:31:06
Prof. Dr. Zubairi Djoerban Sp.PD,Sp. Penyakit Dalam,RS Kramat 128,"Senen, Jakarta Pusat",,internist,2025-06-15 09:31:06
Prof. dr Dante Saksono Harbuwono Sp.PD-KEMD,Sp. Penyakit Dalam,RS Mitra Keluarga Kelapa Gading,"Kelapa Gading, Jakarta Utara",,internist,2025-06-15 09:31:06
"Prof. dr. Marcelus Simadibrata, PhD, Sp.PD, KGEH, FACG, FASGE, FINASIM",Sp. Penyakit Dalam,RS Abdi Waluyo,"Menteng, Jakarta Pusat",,internist,2025-06-15 09:31:06
"dr. Purwoadi Sujatno, Sp.PD.",Sp. Penyakit Dalam,RS Bethesda Yogyakarta,"Gondokusuman, Kota Yogyakarta",,internist,2025-06-15 09:31:06
"dr. RM. Tedjo Megantoro, Sp.PD",Sp. Penyakit Dalam,Siloam Hospitals Yogyakarta,"Gondokusuman, Kota Yogyakarta",https://d1ojs48v3n42tp.cloudfront.net/personnels/290063_23-12-2022_14-49-27.jpeg,internist,2025-06-15 09:31:06
"dr. Raden Gina Dewiyani, Sp.PD",Sp. Penyakit Dalam,Siloam Hospitals Bekasi Timur,"Bekasi Timur, Bekasi",https://d1ojs48v3n42tp.cloudfront.net/personnels/390958_14-12-2022_15-56-2.png,internist,2025-06-15 09:31:06
"Raden Iwantoro, dr., Sp.PD FINASIM",Sp. Penyakit Dalam,RS EMC Pekayon,"Bekasi Selatan, Bekasi",,internist,2025-06-15 09:31:06
dr. Rama Fadila Sp.PD,Sp. Penyakit Dalam,RS Santa Maria Pekanbaru,"Seukajadi, Kota Pekanbaru",,internist,2025-06-15 09:31:09
dr. Rani Afriyani Sp.PD,Sp. Penyakit Dalam,Mayapada Hospital Tangerang,"Tangerang, Tangerang",,internist,2025-06-15 09:31:09
"dr. Ratih Nursiana, Sp.PD",Sp. Penyakit Dalam,RS Immanuel,"Bojongloa Kidul, Kota Bandung",https://d1ojs48v3n42tp.cloudfront.net/personnels/77244_19-5-2021_14-13-12.jpeg,internist,2025-06-15 09:31:09
dr. Raymond Sebastian Purwanta Sp.PD,Sp. Penyakit Dalam,RS Mitra Keluarga Bintaro,"Pondok Aren, Tangerang Selatan",https://d1ojs48v3n42tp.cloudfront.net/personnels/596605_30-3-2022_15-51-7.png,internist,2025-06-15 09:31:09
"dr. Reinaldo Alexander, Sp.PD",Sp. Penyakit Dalam,Siloam Hospitals Bekasi Sepanjang Jaya,"Rawalumbu, Bekasi",https://d1ojs48v3n42tp.cloudfront.net/personnels/681354_1-11-2022_12-35-17.jpeg,internist,2025-06-15 09:31:09
"dr. Restu Robaga Pasaribu, Sp.PD",Sp. Penyakit Dalam,Siloam Hospitals Purwakarta,"Bungursari, Kabupaten Purwakarta",https://d1ojs48v3n42tp.cloudfront.net/personnels/44846_14-12-2022_13-50-4.png,internist,2025-06-15 09:31:09
"dr. Reza Yogaswara, Sp.PD",Sp. Penyakit Dalam,RS Mitra Keluarga Depok,"Pancoran Mas, Depok",https://d1ojs48v3n42tp.cloudfront.net/personnels/77936_11-4-2022_12-52-54.jpeg,internist,2025-06-15 09:31:09
dr. Rezki Pratama Sadeli Sp.PD,Sp. Penyakit Dalam,RS Ananda Babelan,"Babelan, Kabupaten Bekasi",,internist,2025-06-15 09:31:09
dr. Rezky Aulia Nurleli Sp.PD,Sp. Penyakit Dalam,RS Ananda Babelan,"Babelan, Kabupaten Bekasi",,internist,2025-06-15 09:31:09
dr. Rido Prama Eled Sp. PD,Sp. Penyakit Dalam,RS Awal Bros Panam,"Tampan, Kota Pekanbaru",,internist,2025-06-15 09:31:09
"dr. Rikky Lusman, Sp.PD",Sp. Penyakit Dalam,RS Mitra Keluarga Surabaya,"Sukomanunggal, Kota Surabaya",https://d1ojs48v3n42tp.cloudfront.net/personnels/566008_13-12-2022_16-43-41.png,internist,2025-06-15 09:31:11
"dr. Rokihyati, Sp.PD",Sp. Penyakit Dalam,RS Immanuel,"Bojongloa Kidul, Kota Bandung",https://d1ojs48v3n42tp.cloudfront.net/personnels/592697_6-2-2023_12-17-6.png,internist,2025-06-15 09:31:11
"dr. Rose Vita Sari, M.Biomed, Sp.PD",Sp. Penyakit Dalam,RS Mitra Keluarga Gading Serpong,"Pagedangan, Kabupaten Tangerang",https://d1ojs48v3n42tp.cloudfront.net/personnels/499135_11-4-2022_11-10-8.jpeg,internist,2025-06-15 09:31:11
"dr. Rudy Kurniawan, Sp.PD, Dip.TH, MM,MARS",Sp. Penyakit Dalam,Siloam Hospitals Mampang,"Pancoran, Jakarta Selatan",https://d1ojs48v3n42tp.cloudfront.net/personnels/204122_16-6-2022_14-13-41.jpeg,internist,2025-06-15 09:31:11
"dr. Ruth Vonky Rebecc , Sp.PD","Sp. Penyakit Dalam, Sp. PD Hematologi & Onkologi Medik",RS Mitra Keluarga Bekasi,"Bekasi Selatan, Bekasi",https://d1ojs48v3n42tp.cloudfront.net/personnels/588098_21-4-2025_15-25-26.png,internist,2025-06-15 09:31:11
dr. Ruth Vonky Rebecca Sp.PD,Sp. Penyakit Dalam,Eka Hospital Bekasi,"Tarumajaya, Kabupaten Bekasi",,internist,2025-06-15 09:31:11
"dr Ryan Tresna Putra, Sp. PD",Sp. Penyakit Dalam,RSU Fikri Medika,"Klari, Kabupaten Karawang",,internist,2025-06-15 09:31:11
"dr. Ryki Mangara Tua Sihombing, Sp.PD",Sp. Penyakit Dalam,Siloam Hospitals Dhirga Surya Medan,"Medan Petisah, Kota Medan",https://d1ojs48v3n42tp.cloudfront.net/personnels/183012_23-5-2022_13-4-5.jpeg,internist,2025-06-15 09:31:11
"dr. SRI WIJAYAN, Sp.PD KKV",Sp. Penyakit Dalam,RS Medistra,"Setiabudi, Jakarta Selatan",,internist,2025-06-15 09:31:11
"dr. Sabrina Munggarani Yusuf , Sp.PD",Sp. Penyakit Dalam,RS Mitra Keluarga Bekasi,"Bekasi Selatan, Bekasi",https://d1ojs48v3n42tp.cloudfront.net/personnels/611798_21-4-2025_13-51-16.png,internist,2025-06-15 09:31:11
dr. Salim Sidharta Sp.PD.,Sp. Penyakit Dalam,RS Mitra Keluarga Kemayoran,"Kemayoran, Jakarta Pusat",,internist,2025-06-15 09:31:14
dr. Salim Sidharta Sp.PD.,Sp. Penyakit Dalam,RS Mitra Keluarga Kemayoran,"Kemayoran, Jakarta Pusat",,internist,2025-06-15 09:31:14
dr. Salim Sidharta Sp.PD.,Sp. Penyakit Dalam,RS Mitra Keluarga Kemayoran,"Kemayoran, Jakarta Pusat",,internist,2025-06-15 09:31:14
dr. Salim Sidharta Sp.PD.,Sp. Penyakit Dalam,RS Mitra Keluarga Kemayoran,"Kemayoran, Jakarta Pusat",,internist,2025-06-15 09:31:14
"dr. Samsirun Halim, Sp.PD-KIC",Sp. Penyakit Dalam,Siloam Hospitals Jambi,"Jambi Selatan, Kota Jambi",https://d1ojs48v3n42tp.cloudfront.net/personnels/751368_14-6-2022_17-32-37.jpeg,internist,2025-06-15 09:31:14
dr. Sandra Utami Widiastuti SpPD,Sp. Penyakit Dalam,Siloam Hospitals Kebon Jeruk,"Kebon Jeruk, Jakarta Barat",,internist,2025-06-15 09:31:14
"dr. Sandra Utami Widiastuti, Sp.PD",Sp. Penyakit Dalam,Siloam Hospitals Kebon Jeruk,"Kebon Jeruk, Jakarta Barat",https://d1ojs48v3n42tp.cloudfront.net/personnels/750707_22-6-2022_15-4-14.jpeg,internist,2025-06-15 09:31:14
dr. Santoso Chandra Sp. PD,Sp. Penyakit Dalam,Mayapada Hospital Bandung,"Bandung Kidul, Kota Bandung",,internist,2025-06-15 09:31:14
"dr. Satrio Sukmoko, Sp.PD., FINASIM",Sp. Penyakit Dalam,Mayapada Hospital Bogor,"Bogor Timur, Bogor",https://d1ojs48v3n42tp.cloudfront.net/personnels/154592_13-12-2022_11-0-26.png,internist,2025-06-15 09:31:14
dr. Saut Horas Sp.PD,Sp. Penyakit Dalam,RS Pusat Pertamina,"Kebayoran Baru, Jakarta Selatan",,internist,2025-06-15 09:31:14
"dr. Septian Nindita Adi Nugraha, Sp.PD",Sp. Penyakit Dalam,RS Bina Husada,"Cibinong, Kabupaten Bogor",https://d1ojs48v3n42tp.cloudfront.net/personnels/801564_21-12-2022_11-34-32.jpeg,internist,2025-06-15 09:31:18
dr. Shahnaz Fathia Sp.PD,Sp. Penyakit Dalam,RSU Aulia,"Jagakarsa, Jakarta Selatan",,internist,2025-06-15 09:31:18
dr. Sheena Ria Zoya Dalimunthe Sp.PD,Sp. Penyakit Dalam,RS Dewi Sri,"Karawang Barat, Kabupaten Karawang",,internist,2025-06-15 09:31:18
"dr. Sherrvy Eva Wijayaningrum, Sp.PD",Sp. Penyakit Dalam,Siloam Hospitals Jember,"Kaliwates, Kabupaten Jember",https://d1ojs48v3n42tp.cloudfront.net/personnels/713980_28-3-2023_19-50-7.jpeg,internist,2025-06-15 09:31:18
"dr. Shiella Gunawan, Sp.PD",Sp. Penyakit Dalam,RS Mitra Keluarga Cikarang,"Cikarang Utara, Kabupaten Bekasi",https://d1ojs48v3n42tp.cloudfront.net/personnels/493303_21-12-2022_14-36-29.jpeg,internist,2025-06-15 09:31:18
dr. Silvester Nancy Sp PD,Sp. Penyakit Dalam,RS Cinta Kasih Tzu Chi,"Cengkareng, Jakarta Barat",,internist,2025-06-15 09:31:18
"dr. Sinarta Natasamudra, Sp.PD",Sp. Penyakit Dalam,Siloam Hospitals TB Simatupang,"Cilandak, Jakarta Selatan",https://d1ojs48v3n42tp.cloudfront.net/personnels/97726_24-6-2022_18-16-38.jpeg,internist,2025-06-15 09:31:18
"dr. Siti Rohmi, Sp.PD",Sp. Penyakit Dalam,RS Bina Husada,"Cibinong, Kabupaten Bogor",https://d1ojs48v3n42tp.cloudfront.net/personnels/297586_13-12-2022_16-57-55.png,internist,2025-06-15 09:31:18
"dr. Soegiarto Gani, Sp.PD., FINASIM",Sp. Penyakit Dalam,Siloam Hospitals Dhirga Surya Medan,"Medan Petisah, Kota Medan",https://d1ojs48v3n42tp.cloudfront.net/personnels/650920_23-5-2022_13-6-7.jpeg,internist,2025-06-15 09:31:18
"dr. Sofie Syarifa Rodotul Jannah, Sp.PD",Sp. Penyakit Dalam,RS Al-Islam Bandung,"Rancasari, Kota Bandung",,internist,2025-06-15 09:31:18
"dr. Sony Sujatno, Sp.PD",Sp. Penyakit Dalam,RS Mitra Keluarga Waru,"Waru, Kabupaten Sidoarjo",https://d1ojs48v3n42tp.cloudfront.net/personnels/856091_21-12-2022_15-31-45.jpeg,internist,2025-06-15 09:31:21
"dr. Sri Hardini, Sp.PD",Sp. Penyakit Dalam,Mayapada Hospital Kuningan,"Setiabudi, Jakarta Selatan",https://d1ojs48v3n42tp.cloudfront.net/personnels/546433_4-4-2023_22-40-17.jpeg,internist,2025-06-15 09:31:21
dr. Stefanie Yuliana Usman SP PD,Sp. Penyakit Dalam,Mayapada Hospital Bandung,"Bandung Kidul, Kota Bandung",,internist,2025-06-15 09:31:21
dr. Stefanie Yuliana Usman Sp PD,Sp. Penyakit Dalam,Mayapada Hospital Bandung,"Bandung Kidul, Kota Bandung",,internist,2025-06-15 09:31:21
dr. Stefanus Budiman Bunde Sp.PD,Sp. Penyakit Dalam,RS Grestelina,"Panakkukang, Kota Makassar",,internist,2025-06-15 09:31:21
dr. Stefanus Budiman Bunde Sp PD,Sp. Penyakit Dalam,RS Grestelina,"Panakkukang, Kota Makassar",,internist,2025-06-15 09:31:21
Dr. Stefanus Gunawan Kandinata Sp PD,Sp. Penyakit Dalam,RS Gotong Royong,"Sukolilo, Kota Surabaya",,internist,2025-06-15 09:31:21
"dr. Stefanus Gunawan Kandinata, Sp.PD",Sp. Penyakit Dalam,Klinik Mitra Medicare Surabaya,"Gubeng, Kota Surabaya",,internist,2025-06-15 09:31:21
"dr. Steffie Simpiano Solin, M.Ked(PD), Sp.PD",Sp. Penyakit Dalam,RS Mitra Keluarga Delta Mas,"Cikarang Pusat, Kabupaten Bekasi",https://d1ojs48v3n42tp.cloudfront.net/personnels/55019_30-6-2023_16-25-3.png,internist,2025-06-15 09:31:21
dr. Stevanus Immanuel Silahooij Sp.PD,Sp. Penyakit Dalam,Siloam Clinic Surabaya,"Sukolilo, Kota Surabaya",,internist,2025-06-15 09:31:21
"dr. Steven Sutanto Sihombing, Sp.PD",Sp. Penyakit Dalam,Siloam Hospitals TB Simatupang,"Cilandak, Jakarta Selatan",https://d1ojs48v3n42tp.cloudfront.net/personnels/444161_24-6-2022_18-16-57.jpeg,internist,2025-06-15 09:31:23
"Dr. dr. Stevent Sumantri, Sp.PD-KAI",Sp. Penyakit Dalam,Siloam Hospitals Lippo Village,"Kelapa Dua, Kabupaten Tangerang",https://d1ojs48v3n42tp.cloudfront.net/personnels/24944_25-3-2022_9-17-52.png,internist,2025-06-15 09:31:23
"dr. Sugijarto, Sp.PD",Sp. Penyakit Dalam,RS Mitra Keluarga Bekasi,"Bekasi Selatan, Bekasi",https://d1ojs48v3n42tp.cloudfront.net/personnels/583354_13-12-2022_16-36-45.png,internist,2025-06-15 09:31:23
Dr. Suharko Soebardi Sp PD-Kemd,Sp. Penyakit Dalam,RS Mata JEC Menteng,"Menteng, Jakarta Pusat",,internist,2025-06-15 09:31:23
dr. Suhendro Prof. Dr. dr. Sp. P.D.,Sp. Penyakit Dalam,RS Pondok Indah - Pondok Indah,"Kebayoran Lama, Jakarta Selatan",,internist,2025-06-15 09:31:23
dr. Sulaiman M. Thaleb Sp.PD,Sp. Penyakit Dalam,RS Ananda Bekasi,"Medan Satria, Bekasi",,internist,2025-06-15 09:31:23
"dr. Sunny Lim, Sp.PD",Sp. Penyakit Dalam,Siloam Hospitals Dhirga Surya Medan,"Medan Petisah, Kota Medan",https://d1ojs48v3n42tp.cloudfront.net/personnels/853072_1-11-2022_17-21-34.png,internist,2025-06-15 09:31:23
"dr. Supiansyah, Sp.PD",Sp. Penyakit Dalam,RS Gatoel,"Prajurit Kulon, Kota Mojokerto",,internist,2025-06-15 09:31:23
"dr. Suryantini Singgih, Sp.PD",Sp. Penyakit Dalam,Siloam Hospitals Kebon Jeruk,"Kebon Jeruk, Jakarta Barat",https://d1ojs48v3n42tp.cloudfront.net/personnels/870491_28-6-2023_16-49-58.jpeg,internist,2025-06-15 09:31:23
dr. Suryanto Sp.PD,Sp. Penyakit Dalam,RS Azra,"Bogor Utara, Bogor",,internist,2025-06-15 09:31:23
"dr. Suryanto, Sp.PD",Sp. Penyakit Dalam,Mayapada Hospital Bogor,"Bogor Timur, Bogor",https://d1ojs48v3n42tp.cloudfront.net/personnels/266363_13-12-2022_15-44-25.jpeg,internist,2025-06-15 09:31:25
"dr. Susantina, Sp.PD",Sp. Penyakit Dalam,RS Immanuel,"Bojongloa Kidul, Kota Bandung",https://d1ojs48v3n42tp.cloudfront.net/personnels/61355_19-5-2021_14-9-26.jpeg,internist,2025-06-15 09:31:25
"dr. Sylvia Riana Anggraeni, Sp.PD",Sp. Penyakit Dalam,Siloam Hospitals Sriwijaya Palembang,"Ilir Barat I, Kota Palembang",https://d1ojs48v3n42tp.cloudfront.net/personnels/822771_14-12-2022_15-54-16.png,internist,2025-06-15 09:31:25
"dr. Taswin Prawira, Sp.PD",Sp. Penyakit Dalam,RS Mitra Keluarga Kemayoran,"Kemayoran, Jakarta Pusat",https://d1ojs48v3n42tp.cloudfront.net/personnels/881283_22-3-2022_21-1-28.jpeg,internist,2025-06-15 09:31:25
"dr. Med. Tedi Eka Suhendi Hutomo, Sp.PD",Sp. Penyakit Dalam,RS Mitra Keluarga Kemayoran,"Kemayoran, Jakarta Pusat",https://d1ojs48v3n42tp.cloudfront.net/personnels/834987_13-12-2022_16-8-19.png,internist,2025-06-15 09:31:25
"Dr. dr. Theo Audi Yanto, Sp.PD",Sp. Penyakit Dalam,Siloam Hospitals Lippo Village,"Kelapa Dua, Kabupaten Tangerang",https://d1ojs48v3n42tp.cloudfront.net/personnels/301411_25-3-2022_9-23-14.png,internist,2025-06-15 09:31:25
"dr. Tirza Gwendoline Matulessy, Sp.PD",Sp. Penyakit Dalam,Mayapada Hospital Kuningan,"Setiabudi, Jakarta Selatan",https://d1ojs48v3n42tp.cloudfront.net/personnels/706981_4-4-2023_22-46-16.jpeg,internist,2025-06-15 09:31:25
"dr. Tonny, Sp.PD., M.Biomed",Sp. Penyakit Dalam,RS Mitra Keluarga Pondok Tjandra,"Waru, Kabupaten Sidoarjo",https://d1ojs48v3n42tp.cloudfront.net/personnels/450366_4-1-2023_14-36-36.png,internist,2025-06-15 09:31:25
"dr. Tri Sutowo , Sp.PD",Sp. Penyakit Dalam,RS Mitra Keluarga Bekasi Timur,"Bekasi Timur, Bekasi",https://d1ojs48v3n42tp.cloudfront.net/personnels/569258_2-5-2025_14-10-28.png,internist,2025-06-15 09:31:25
dr. Trina Primalia Irawanti Sp.PD,Sp. Penyakit Dalam,RS Mitra Keluarga Tegal,"Tegal Barat, Kota Tegal",https://d1ojs48v3n42tp.cloudfront.net/personnels/56780_24-5-2023_9-32-49.png,internist,2025-06-15 09:31:25
dr. Trina Primalia Irawanti Sp.PD,Sp. Penyakit Dalam,RS Mitra Keluarga Tegal,"Tegal Barat, Kota Tegal",https://d1ojs48v3n42tp.cloudfront.net/personnels/56780_24-5-2023_9-32-49.png,internist,2025-06-15 09:31:28
"dr. Trio Adoratee Lieming Putra, Sp.PD",Sp. Penyakit Dalam,Murni Teguh Memorial Hospital,"Medan Timur, Kota Medan",,internist,2025-06-15 09:31:28
"dr. Tulus Amudi, Sp.PD",Sp. Penyakit Dalam,Siloam Hospitals Cinere ( RS Khusus Jantung Diagram Depok),"Cinere, Depok",https://d1ojs48v3n42tp.cloudfront.net/personnels/857796_31-10-2022_13-29-14.jpeg,internist,2025-06-15 09:31:28
"dr. Tunggul Diapari Situmorang, Sp.PD-KGH",Sp. Penyakit Dalam,MRCCC Siloam Hospitals Semanggi,"Setiabudi, Jakarta Selatan",https://d1ojs48v3n42tp.cloudfront.net/personnels/287520_23-6-2022_15-44-53.jpeg,internist,2025-06-15 09:31:28
"dr. Utama Budisaputra, Sp.PD",Sp. Penyakit Dalam,RS Mitra Keluarga Waru,"Waru, Kabupaten Sidoarjo",https://d1ojs48v3n42tp.cloudfront.net/personnels/169927_14-12-2022_17-12-21.png,internist,2025-06-15 09:31:28
"dr. Velma Herwanto, Sp.PD, Ph.D, FINASIM",Sp. Penyakit Dalam,Siloam Hospitals Kebon Jeruk,"Kebon Jeruk, Jakarta Barat",https://d1ojs48v3n42tp.cloudfront.net/personnels/335774_28-6-2023_16-51-40.jpeg,internist,2025-06-15 09:31:28
"dr. Vivi Putri Lesmana, Sp.PD",Sp. Penyakit Dalam,RS Mitra Keluarga Pratama Jatiasih,"Jatiasih, Bekasi",https://d1ojs48v3n42tp.cloudfront.net/personnels/755640_13-6-2022_15-50-3.jpeg,internist,2025-06-15 09:31:28
"dr. Viviana, Sp.PD",Sp. Penyakit Dalam,RS Mitra Keluarga Gading Serpong,"Pagedangan, Kabupaten Tangerang",https://d1ojs48v3n42tp.cloudfront.net/personnels/210387_11-4-2022_11-12-41.jpeg,internist,2025-06-15 09:31:28
"dr. Winy Katarina, Sp.PD",Sp. Penyakit Dalam,Mayapada Hospital Bogor,"Bogor Timur, Bogor",https://d1ojs48v3n42tp.cloudfront.net/personnels/802720_13-12-2022_11-14-41.png,internist,2025-06-15 09:31:28
dr Wirawan Hambali Sp PD,Sp. Penyakit Dalam,RS Pondok Indah - Puri Indah,"Kembangan, Jakarta Barat",,internist,2025-06-15 09:31:28
dr Wirawan Hambali Sp PD,Sp. Penyakit Dalam,RS Pondok Indah - Puri Indah,"Kembangan, Jakarta Barat",,internist,2025-06-15 09:31:31
"dr. Wirawan Hambali, Sp. P.D. FINASIM",Sp. Penyakit Dalam,RS Pondok Indah - Puri Indah,"Kembangan, Jakarta Barat",,internist,2025-06-15 09:31:31
Dr. dr. Wiwiek Indriyani Maskoep Sp.PD-FINASIM,Sp. Penyakit Dalam,RS Mitra Keluarga Kenjeran,"Mulyorejo, Kota Surabaya",https://d1ojs48v3n42tp.cloudfront.net/personnels/598648_14-4-2025_13-50-30.png,internist,2025-06-15 09:31:31
"dr. Yacob Alexander Hasudungan Marpaung, Sp.PD, FINASIM",Sp. Penyakit Dalam,Siloam Hospitals Cinere ( RS Khusus Jantung Diagram Depok),"Cinere, Depok",https://d1ojs48v3n42tp.cloudfront.net/personnels/424914_23-3-2021_17-0-14.png,internist,2025-06-15 09:31:31
Yerome Kurube Sp.PD,Sp. Penyakit Dalam,RS Pertamina Sorong,"Sorong Manoi, Kota Sorong",,internist,2025-06-15 09:31:31
"dr, Yoga Fitria Kusumah , Sp.PD",Sp. Penyakit Dalam,RS Bina Husada,"Cibinong, Kabupaten Bogor",https://d1ojs48v3n42tp.cloudfront.net/personnels/674158_1-8-2024_14-8-18.png,internist,2025-06-15 09:31:31
dr. Yosef William Angliwarman Sp.PD,Sp. Penyakit Dalam,Siloam Hospitals Labuan Bajo,"Komodo, Kabupaten Manggarai Barat",https://d1ojs48v3n42tp.cloudfront.net/personnels/51252_16-7-2020_9-34-10.png,internist,2025-06-15 09:31:31
"dr. Yudianti Pangestu, Sp.PD",Sp. Penyakit Dalam,Mayapada Hospital Tangerang,"Tangerang, Tangerang",https://d1ojs48v3n42tp.cloudfront.net/personnels/712415_13-12-2022_10-36-48.png,internist,2025-06-15 09:31:31
Yuhana Ftiria,Sp. Penyakit Dalam,RS MMC,"Setiabudi, Jakarta Selatan",,internist,2025-06-15 09:31:31
"dr. Yulita Cindra, Sp.PD",Sp. Penyakit Dalam,Siloam Hospitals TB Simatupang,"Cilandak, Jakarta Selatan",https://d1ojs48v3n42tp.cloudfront.net/personnels/315433_24-6-2022_18-20-43.jpeg,internist,2025-06-15 09:31:31
"dr. Yusalena Sophia Indreswari, Sp.PD",Sp. Penyakit Dalam,RS Mitra Keluarga Bekasi Timur,"Bekasi Timur, Bekasi",https://d1ojs48v3n42tp.cloudfront.net/personnels/165266_13-12-2022_17-8-28.jpeg,internist,2025-06-15 09:31:33
dr. Yusleana Sophia Indreswari Sp.PD.,Sp. Penyakit Dalam,RS Mitra Keluarga Bekasi Timur,"Bekasi Timur, Bekasi",,internist,2025-06-15 09:31:33
dr. Yustar Mulyadi Sp.PD.Sub-Sp.GEH.Finasim,Sp. Penyakit Dalam,RS Anugerah Bunda Khatulistiwa,"Pontianak Tenggara, Kota Pontianak",,internist,2025-06-15 09:31:33
"dr. Yusuf Julhijrianto, Sp.PD",Sp. Penyakit Dalam,RS Meilia,"Cimanggis, Depok",,internist,2025-06-15 09:31:33
dr Yusuf Kristiyanto Sp. PD,Sp. Penyakit Dalam,Pati Medical Center Klinik Ultimate,"Pati, Kabupaten Pati",,internist,2025-06-15 09:31:33
"dr. Yuswanto Setyawan, Sp.PD, KGH",Sp. Penyakit Dalam,RS Mitra Keluarga Waru,"Waru, Kabupaten Sidoarjo",https://d1ojs48v3n42tp.cloudfront.net/personnels/189218_21-12-2022_15-43-24.png,internist,2025-06-15 09:31:33
adi,Sp. Penyakit Dalam,RS Permata Jonggol,"Jonggol, Kabupaten Bogor",,internist,2025-06-15 09:31:33
dr Damian Wong Nye Woh,Sp. Penyakit Dalam,Island Hospital Penang,"Mampang Prapatan, Jakarta Selatan",,internist,2025-06-15 09:31:33
dr FERRY VALERIAN HARJITO Sp.PD,Sp. Penyakit Dalam,Pramita Laboratory Clinic Amir Mahmud,"Cimahi Tengah, Kota Cimahi",,internist,2025-06-15 09:31:33
dr Fitri Primadiani Sp.PD,Sp. Penyakit Dalam,RS Al Huda,"Gambiran, Kabupaten Banyuwangi",,internist,2025-06-15 09:31:33
dr Han Ye SpPD,Sp. Penyakit Dalam,Siloam Hospitals Yogyakarta,"Gondokusuman, Kota Yogyakarta",,internist,2025-06-15 09:31:36
dr Hanif.Sp.PD,Sp. Penyakit Dalam,RS Permata Jonggol,"Jonggol, Kabupaten Bogor",,internist,2025-06-15 09:31:36
"dr Hery Aprijadi, Sp.PD, Subsp. HOM",Sp. Penyakit Dalam,RS Pondok Indah - Bintaro Jaya,"Pondok Aren, Tangerang Selatan",,internist,2025-06-15 09:31:36
"dr Hikmat Pramukti Sp. P.D, FINASIM",Sp. Penyakit Dalam,RS Pondok Indah - Pondok Indah,"Kebayoran Lama, Jakarta Selatan",,internist,2025-06-15 09:31:36
dr Jeffri Aloys Gunawan Sp PD CHT FINASIM,Sp. Penyakit Dalam,RS Abdi Waluyo,"Menteng, Jakarta Pusat",,internist,2025-06-15 09:31:36
dr Jeffri Aloys Gunawan SpPD CHt FINASIM,Sp. Penyakit Dalam,RS Abdi Waluyo,"Menteng, Jakarta Pusat",,internist,2025-06-15 09:31:36
dr Lita Sp.PD,Sp. Penyakit Dalam,RS Royal Taruma,"Grogol Petamburan, Jakarta Barat",,internist,2025-06-15 09:31:36
dr Ummi Maimunna Sp PD,Sp. Penyakit Dalam,RS Darmo,"Tegalsari, Kota Surabaya",,internist,2025-06-15 09:31:36
"dr Yohana Ceria, Sp.PD",Sp. Penyakit Dalam,Siloam Hospitals Semarang,"Semarang Selatan, Kota Semarang",,internist,2025-06-15 09:31:36
dr achmad baruna sp.pd,Sp. Penyakit Dalam,RS Cahya Kawaluyan,"Padalarang, Kabupaten Bandung Barat",,internist,2025-06-15 09:31:36
dr agus somia Sp.PD,Sp. Penyakit Dalam,Kasih Ibu Hospital Denpasar,"Denpasar Barat, Kota Denpasar",,internist,2025-06-15 09:31:39
dr ariantantri darmayani M.sc. Sp.pd,Sp. Penyakit Dalam,JIH Solo,"Laweyan, Kota Surakarta",,internist,2025-06-15 09:31:39
"dr. ABDULLAH SHIDQUL AZMI, SpPD",Sp. Penyakit Dalam,RS Sentra Medika Cisalak,"Sukmajaya, Depok",,internist,2025-06-15 09:31:39
"dr. Adi Kurniawan, SpPD",Sp. Penyakit Dalam,RS Permata Jonggol,"Jonggol, Kabupaten Bogor",,internist,2025-06-15 09:31:39
"dr. Aditia Wardana, Sp. PD-KGH",Sp. Penyakit Dalam,RS Adi Husada Undaan Wetan,"Genteng, Kota Surabaya",,internist,2025-06-15 09:31:39
"dr. Adrianus Tyasmono Adiprasetyo, Sp.PD",Sp. Penyakit Dalam,RSU Syubbanul Wathon,"Pakis, Kabupaten Magelang",,internist,2025-06-15 09:31:39
"dr. Afdol, Sp.PD",Sp. Penyakit Dalam,RS UniMedika Setu Bekasi,"Setu, Kabupaten Bekasi",,internist,2025-06-15 09:31:39
"dr. Agung Firmansyah Sumantri, Sp PD, FINASIM",Sp. Penyakit Dalam,RS Muhammadiyah Bandung,"Lengkong, Kota Bandung",,internist,2025-06-15 09:31:39
"dr. Agus Yudho Santosa, SpPD, FINASIM",Sp. Penyakit Dalam,Siloam Hospitals Jember,"Kaliwates, Kabupaten Jember",,internist,2025-06-15 09:31:39
"dr. Ahmad Akbar, Sp. PD",Sp. Penyakit Dalam,JIH Solo,"Laweyan, Kota Surakarta",,internist,2025-06-15 09:31:39
"dr. Ahmad Faisyar, Sp.PD",Sp. Penyakit Dalam,RS Utama,"Tanjung Pandan,  Kabupaten Belitung",,internist,2025-06-15 09:31:41
"dr. Alexander, Sp.PD",Sp. Penyakit Dalam,RSU Santo Vincentius Singkawang,"Singkawang Barat, Kota Singkawang",,internist,2025-06-15 09:31:41
dr. Alfred Sp.PD,Sp. Penyakit Dalam,RSU Latersia,"Binjai Timur, Kota Binjai",,internist,2025-06-15 09:31:41
"dr. Alya Putri Khairani, SpPD",Sp. Penyakit Dalam,RSU Bina Sehat Bandung,"Dayeuhkolot, Kabupaten Bandung",,internist,2025-06-15 09:31:41
"dr. Amaranto Santoso O, Sp.PD",Sp. Penyakit Dalam,National Hospital,"Wiyung, Kota Surabaya",,internist,2025-06-15 09:31:41
Dr. dr. Andhika Rahman pPD-KHOM,Sp. Penyakit Dalam,MRCCC Siloam Hospitals Semanggi,"Setiabudi, Jakarta Selatan",,internist,2025-06-15 09:31:41
"dr. Andi Irham, Sp.PD",Sp. Penyakit Dalam,RS Pertamina Tarakan,"Tarakan Barat, Kota Tarakan",,internist,2025-06-15 09:31:41
"dr. Andre Dirjayanto, Sp. PD",Sp. Penyakit Dalam,Santosa Hospital Bandung Kopo,"Babakanciparay, Kota Bandung",,internist,2025-06-15 09:31:41
dr. Andrian Hok Halim Sp.PD,Sp. Penyakit Dalam,RS Mitra Keluarga Bekasi,"Bekasi Selatan, Bekasi",,internist,2025-06-15 09:31:41
"dr. Arles, Sp.PD-KGEH, FINASIM",Sp. Penyakit Dalam,RS Awal Bros Pekanbaru,"Bukit Raya, Kota Pekanbaru",,internist,2025-06-15 09:31:41
"dr. Astari Anggara Dewi, Sp.PD",Sp. Penyakit Dalam,RS Pertamina Balongan,"Indramayu, Kabupaten Indramayu",,internist,2025-06-15 09:31:44
dr. Audrey Sp.PD,Sp. Penyakit Dalam,National Hospital,"Wiyung, Kota Surabaya",,internist,2025-06-15 09:31:44
"dr. Bagus Anindito, SpPD",Sp. Penyakit Dalam,RSIA Grha Bunda,"Kiaracondong, Kota Bandung",,internist,2025-06-15 09:31:44
dr. Bambang S. Simon Sp.P,Sp. Penyakit Dalam,National Hospital,"Wiyung, Kota Surabaya",,internist,2025-06-15 09:31:44
"dr. Bimantoko Hadi, Sp.PD",Sp. Penyakit Dalam,RS Citra Medika Depok,"Cilodong, Depok",,internist,2025-06-15 09:31:44
"dr. Bobby Prima, Sp.PD",Sp. Penyakit Dalam,RS Harapan Keluarga Jababeka,"Cikarang Utara, Kabupaten Bekasi",,internist,2025-06-15 09:31:44
"dr. Budi Riyanto, Msc, Sp.PD, KTI",Sp. Penyakit Dalam,RS Telogorejo,"Semarang Tengah, Kota Semarang",,internist,2025-06-15 09:31:44
"dr. Budiman, Sp.PD",Sp. Penyakit Dalam,RS PMI Bogor,"Bogor Utara, Bogor",,internist,2025-06-15 09:31:44
"dr. Catur Nugroho, Sp.PD",Sp. Penyakit Dalam,RS Pertamina Balikpapan,"Balikpapan Kota, Kota Balikpapan",,internist,2025-06-15 09:31:44
"dr. Daniel Wijaya, M.Ked(PD), Sp.PD",Sp. Penyakit Dalam,Siloam Hospitals Dhirga Surya Medan,"Medan Petisah, Kota Medan",,internist,2025-06-15 09:31:44
"dr. Darmadi, MKed (PD), Sp.PD",Sp. Penyakit Dalam,RS Mitra Medika Premier,"Medan Petisah, Kota Medan",,internist,2025-06-15 09:31:47
"dr. David Widjaja, Sp.PD, KGEH",Sp. Penyakit Dalam,RS Medistra,"Setiabudi, Jakarta Selatan",,internist,2025-06-15 09:31:47
"dr. Dendy P, Sp.PD",Sp. Penyakit Dalam,RS Umi Barokah,"Boyolali, Kabupaten Boyolali",,internist,2025-06-15 09:31:47
"dr. Devani Bagus Aprinda, Sp.PD",Sp. Penyakit Dalam,RSU Kaliwates,"Kaliwates, Kabupaten Jember",,internist,2025-06-15 09:31:47
"dr. Dian Qisthi, Sp.PD",Sp. Penyakit Dalam,Siloam Hospitals Ambon,"Sirimau, Kota Ambon",,internist,2025-06-15 09:31:47
"dr. Dian Yudhatama, Sp.PD",Sp. Penyakit Dalam,RS Santo Borromeus,"Coblong, Kota Bandung",,internist,2025-06-15 09:31:47
"dr. Diana Puspitasari Purba, Sp.PD,M. Ked(PD)",Sp. Penyakit Dalam,RSIA Stella Maris,"Medan Maimun, Kota Medan",,internist,2025-06-15 09:31:47
"dr. Donny Pathiha Lubis, Mked(PD), SpPD",Sp. Penyakit Dalam,RS Mitra Medika Premier,"Medan Petisah, Kota Medan",,internist,2025-06-15 09:31:47
"dr. Driyarkara, Sp.PD",Sp. Penyakit Dalam,RS Ridhoka Salma,"Cikarang Barat, Kabupaten Bekasi",,internist,2025-06-15 09:31:47
"dr. E. Noerbaity, Sp. PD",Sp. Penyakit Dalam,RS Keluarga Sehat Pati,"Margorejo, Pati",,internist,2025-06-15 09:31:47
"dr. Edward Muliawan Putera, Sp.PD",Sp. Penyakit Dalam,RS Katolik St. Vincentius a Paulo (RKZ),"Wonokromo, Kota Surabaya",,internist,2025-06-15 09:31:49
"dr. Ema Dianata, Sp.PD",Sp. Penyakit Dalam,RSIA Gladiool Magelang,"Magelang Tengah, Kota Magelang",,internist,2025-06-15 09:31:49
"dr. Faisal Parlindungan, MKed(PD), Sp.PD-KR",Sp. Penyakit Dalam,Mayapada Hospital Kuningan,"Setiabudi, Jakarta Selatan",,internist,2025-06-15 09:31:49
"dr. Fatih Anfasa, Sp.PD, M.Sc., Ph.D.",Sp. Penyakit Dalam,RS MMC,"Setiabudi, Jakarta Selatan",,internist,2025-06-15 09:31:49
"dr. Florean Hartungi, Sp.PD",Sp. Penyakit Dalam,St. Antonius Pontianak,"Pontianak Kota, Kota Pontianak",,internist,2025-06-15 09:31:49
"dr. Franciscus Ari, Sp. P.D",Sp. Penyakit Dalam,RS Pondok Indah - Bintaro Jaya,"Pondok Aren, Tangerang Selatan",,internist,2025-06-15 09:31:49
"dr. Franciscus Broto Sukmowinintyas, Sp.PD",Sp. Penyakit Dalam,RSU Budi Rahayu Pekalongan,"Pekalongan Utara, Kota Pekalongan",,internist,2025-06-15 09:31:49
"dr. Frederick Wilson, Sp.PD",Sp. Penyakit Dalam,RS Meloy Sangatta,"Sangatta Utara, Kabupaten Kutai Timur",,internist,2025-06-15 09:31:49
"dr. Ghea De Silva, Sp.PD",Sp. Penyakit Dalam,RS JIH Purwokerto,"Kembaran, Kabupaten Banyumas",,internist,2025-06-15 09:31:49
dr. Gilang Bhaskara Sp.PD.,Sp. Penyakit Dalam,RS Mitra Keluarga Pratama Jatiasih,"Jatiasih, Bekasi",,internist,2025-06-15 09:31:49
"dr. Grendy, Sp.PD KGEH",Sp. Penyakit Dalam,RS Indriati Baru Sukoharjo,"Grogol, Kab Sukoharjo",,internist,2025-06-15 09:31:52
"dr. Guntur Mertosno, Sp.PD",Sp. Penyakit Dalam,RS Helsa Ciputat,"Ciputat Timur, Tangerang Selatan",,internist,2025-06-15 09:31:52
"dr. Hardi Indradi, SpPD",Sp. Penyakit Dalam,Tzu Chi Hospital,"Penjaringan, Jakarta Utara",,internist,2025-06-15 09:31:52
dr. Haris Sp.PD,Sp. Penyakit Dalam,RS Medirossa I,"Cikarang Selatan, Kabupaten Bekasi",,internist,2025-06-15 09:31:52
"dr. Hariyono, SpPD, FINASIM",Sp. Penyakit Dalam,RS Royal Progress,"Tanjung Priok, Jakarta Utara",,internist,2025-06-15 09:31:52
dr. Harjanto Effendi Sp.OT,Sp. Penyakit Dalam,RS Mitra Keluarga Depok,"Pancoran Mas, Depok",,internist,2025-06-15 09:31:52
"dr. Heidy Agustin, SpPD",Sp. Penyakit Dalam,RS MMC,"Setiabudi, Jakarta Selatan",,internist,2025-06-15 09:31:52
"dr. I Gusti Ngurah Adhiarta, Sp.PD-KEMD",Sp. Penyakit Dalam,RS EMC Pekayon,"Bekasi Selatan, Bekasi",,internist,2025-06-15 09:31:52
"dr. Ihsan Panji Santiko, Sp.PD",Sp. Penyakit Dalam,RS Seto Hasbadi,"Bekasi Utara, Bekasi",,internist,2025-06-15 09:31:52
"dr. Ika, Sp.PD",Sp. Penyakit Dalam,Mayapada Hospital Kuningan,"Setiabudi, Jakarta Selatan",,internist,2025-06-15 09:31:52
"dr. Irham, SpPD",Sp. Penyakit Dalam,RSPKT Prima Sangatta,"Sangatta Utara, Kabupaten Kutai Timur",,internist,2025-06-15 09:31:54
"dr. Ivo Flora Panjaitan, Sp.PD",Sp. Penyakit Dalam,RS Bayukarta,"Karawang Barat, Kabupaten Karawang",,internist,2025-06-15 09:31:54
"dr. Jimmy Gunardi Tanzil, Sp.PD",Sp. Penyakit Dalam,RS Stella Maris Makassar,"Ujung Pandang, Kota Makassar",,internist,2025-06-15 09:31:54
"dr. Jimmy Tesiman, Sp.PD",Sp. Penyakit Dalam,Eka Hospital Bekasi,"Tarumajaya, Kabupaten Bekasi",,internist,2025-06-15 09:31:54
dr. Johannes V.Lusida Sp.PD,Sp. Penyakit Dalam,RS Delta Surya,"Sidoarjo, Kabupaten Sidoarjo",,internist,2025-06-15 09:31:54
"dr. Joyce Bratanata, Sp.PD-KPTI",Sp. Penyakit Dalam,Tzu Chi Hospital,"Penjaringan, Jakarta Utara",,internist,2025-06-15 09:31:54
dr. Julius Henry Sp.PD,Sp. Penyakit Dalam,RS Suaka Insan Banjarmasin,"Banjarmasin Barat, Kota Banjarmasin",,internist,2025-06-15 09:31:54
"dr. Kadek Ari Suyandi, Sp.PD",Sp. Penyakit Dalam,Kasih Ibu Hospital Kedonganan,"Kuta, Kabupaten Badung",,internist,2025-06-15 09:31:54
Dr. dr. Kaka Renaldi Sp.PD,Sp. Penyakit Dalam,Mayapada Hospital Kuningan,"Setiabudi, Jakarta Selatan",,internist,2025-06-15 09:31:54
"dr. Laniyati Hamijoyo, Sp.PD (K)R",Sp. Penyakit Dalam,RS Santo Borromeus,"Coblong, Kota Bandung",,internist,2025-06-15 09:31:54
"dr. Leonard, Sp.PD",Sp. Penyakit Dalam,RS Mitra Keluarga Kelapa Gading,"Kelapa Gading, Jakarta Utara",,internist,2025-06-15 09:31:57
dr. Luh Yuriawantini Sp.PD,Sp. Penyakit Dalam,RS Kharitas Bhakti Pontianak,"Pontianak Selatan, Kota Pontianak",,internist,2025-06-15 09:31:57
"dr. Lusvita, SpPD",Sp. Penyakit Dalam,RS Ummi Bogor,"Bogor Selatan, Bogor",,internist,2025-06-15 09:31:57
"dr. Lutfi Syofiar, Sp.PD",Sp. Penyakit Dalam,Santosa Hospital Bandung Kopo,"Babakanciparay, Kota Bandung",,internist,2025-06-15 09:31:57
"dr. Mario Steffanus, Sp.PD",Sp. Penyakit Dalam,RS PIK,"Penjaringan, Jakarta Utara",,internist,2025-06-15 09:31:57
"dr. Martha Iskandar, SpPD",Sp. Penyakit Dalam,Mayapada Hospital Jakarta Selatan,"Cilandak, Jakarta Selatan",,internist,2025-06-15 09:31:57
"dr. Martin Kurniawan, Sp.PD",Sp. Penyakit Dalam,RSU San Medical Center,"Cikampek, Kabupaten Karawang",,internist,2025-06-15 09:31:57
"dr. Merry, SpPD, KKV, FINASIM",Sp. Penyakit Dalam,Siloam Hospitals Sriwijaya Palembang,"Ilir Barat I, Kota Palembang",,internist,2025-06-15 09:31:57
"dr. Meryl Pulcheria,SpPD",Sp. Penyakit Dalam,RS Tria Dipa,"Pancoran, Jakarta Selatan",,internist,2025-06-15 09:31:57
"dr. Mira Delima Asikin, MMR. Sp.PD",Sp. Penyakit Dalam,RS Anugerah Bunda Khatulistiwa,"Pontianak Tenggara, Kota Pontianak",,internist,2025-06-15 09:31:57
dr. Moch Khalimur Rouf Sp.PD,Sp. Penyakit Dalam,JIH Jogja,"Kecamatan Depok, Kabupaten Sleman",,internist,2025-06-15 09:31:59
"dr. NIicholas Benedictus, SpPD",Sp. Penyakit Dalam,RS Baptis Kediri,"Pesantren, Kota Kediri",,internist,2025-06-15 09:31:59
"dr. Ni Made Intan Dwijayanti, Sp.PD",Sp. Penyakit Dalam,RS Mitra Keluarga Kenjeran,"Mulyorejo, Kota Surabaya",https://d1ojs48v3n42tp.cloudfront.net/personnels/118403_22-7-2024_15-54-25.png,internist,2025-06-15 09:31:59
"dr. Ni Md Ari Kurnianigrum, Sp.PD",Sp. Penyakit Dalam,BIMC Hospitals Nusa Dua,"Kuta Selatan, Kabupaten Badung",,internist,2025-06-15 09:31:59
dr. Nicholas Sp.PD,Sp. Penyakit Dalam,Eka Hospital Bekasi,"Tarumajaya, Kabupaten Bekasi",,internist,2025-06-15 09:31:59
"dr. Nur Rusyda Kuddah, Sp.PD",Sp. Penyakit Dalam,Alia Hospital Jakarta Timur,"Duren Sawit, Jakarta Timur",,internist,2025-06-15 09:31:59
"dr. Nyoman Ati S., Sp. PD",Sp. Penyakit Dalam,RS Cahya Kawaluyan,"Padalarang, Kabupaten Bandung Barat",,internist,2025-06-15 09:31:59
"dr. dr. Paskalis Andrew Gunawan , Sp.PD, K-Ger",Sp. Penyakit Dalam,RS Mitra Keluarga Kemayoran,"Kemayoran, Jakarta Pusat",https://d1ojs48v3n42tp.cloudfront.net/personnels/448247_9-7-2024_15-0-59.png,internist,2025-06-15 09:31:59
dr. Paskalis Andrew Gunawan Sp.PD-KGer,Sp. Penyakit Dalam,Tzu Chi Hospital,"Penjaringan, Jakarta Utara",,internist,2025-06-15 09:31:59
"dr. Petrus Junianto Hasibuan, Sp.PD",Sp. Penyakit Dalam,St. Antonius Pontianak,"Pontianak Kota, Kota Pontianak",,internist,2025-06-15 09:31:59
"dr. Prawiro Sukito, Sp.PD",Sp. Penyakit Dalam,RS Gading Pluit,"Kelapa Gading, Jakarta Utara",,internist,2025-06-15 09:32:02
dr. Puguh Krisnadi S. Sp.PD,Sp. Penyakit Dalam,RS Budi Asih Serang Cibarusah,"Cikarang Selatan, Kabupaten Bekasi",,internist,2025-06-15 09:32:02
"dr. Putri Dwi Bralianti, Sp.PD",Sp. Penyakit Dalam,RS Pertamina Balongan,"Indramayu, Kabupaten Indramayu",,internist,2025-06-15 09:32:02
"dr. Raditya Rahma Fatih,Sp.PD",Sp. Penyakit Dalam,RS Muhammadiyah Lamongan,"Lamongan, Kabupaten Lamongan",,internist,2025-06-15 09:32:02
"dr. Ray Rattu, Sp.PD",Sp. Penyakit Dalam,Mayapada Hospital Jakarta Selatan,"Cilandak, Jakarta Selatan",,internist,2025-06-15 09:32:02
dr. Ria Widya Marosa,Sp. Penyakit Dalam,RS Mitra Medika Premier,"Medan Petisah, Kota Medan",,internist,2025-06-15 09:32:02
"dr. Ridho Berlianto, Sp.PD",Sp. Penyakit Dalam,RS Awal Bros Panam,"Tampan, Kota Pekanbaru",,internist,2025-06-15 09:32:02
"dr. Ridwan Angkasa, MARS, SpPD",Sp. Penyakit Dalam,RS Mitra Medika Premier,"Medan Petisah, Kota Medan",,internist,2025-06-15 09:32:02
Dr. dr. Rika Bur Sp.PD,Sp. Penyakit Dalam,RSAB Harapan Kita,"Palmerah, Jakarta Barat",,internist,2025-06-15 09:32:02
"Dr. dr. Rika Bur, Sp.PD(K-PTI)",Sp. Penyakit Dalam,RSAB Harapan Kita,"Palmerah, Jakarta Barat",,internist,2025-06-15 09:32:02
"dr. Rilwanu R.M, Sp.PD",Sp. Penyakit Dalam,RS Islam Assyifa,"Gunungpuyuh, Kota Sukabumi",,internist,2025-06-15 09:32:05
"dr. Roi Panusunan Sibarani, Sp.PD-KEMD., FES",Sp. Penyakit Dalam,RS EMC Sentul,"Babakan Madang, Kabupaten Bogor",,internist,2025-06-15 09:32:05
"dr. Rustan Efendy, Sp.PD",Sp. Penyakit Dalam,Siloam Hospitals Kebon Jeruk,"Kebon Jeruk, Jakarta Barat",,internist,2025-06-15 09:32:05
dr. Siska Sp.pD,Sp. Penyakit Dalam,RS Budi Asih Serang Cibarusah,"Cikarang Selatan, Kabupaten Bekasi",,internist,2025-06-15 09:32:05
dr. Stanley Lesmana,Sp. Penyakit Dalam,RS PIK,"Penjaringan, Jakarta Utara",,internist,2025-06-15 09:32:05
"dr. Stefani Yoelita, Sp.PD, FINASIM",Sp. Penyakit Dalam,Tzu Chi Hospital,"Penjaringan, Jakarta Utara",,internist,2025-06-15 09:32:05
"dr. Stevanus Immanuel Silahooj, Sp PD",Sp. Penyakit Dalam,Siloam Hospitals Surabaya,"Gubeng, Kota Surabaya",,internist,2025-06-15 09:32:05
"dr. Tasya Aniza, Sp.PD",Sp. Penyakit Dalam,RS Intan Husada Garut,"Tarogong Kidul, Kabupaten Garut",,internist,2025-06-15 09:32:05
"dr. Teguh Wijayadi, SpPD-FINASIM",Sp. Penyakit Dalam,RS Gading Pluit,"Kelapa Gading, Jakarta Utara",,internist,2025-06-15 09:32:05
dr. Tities Anggraeni Indra,Sp. Penyakit Dalam,RS Pluit,"Penjaringan, Jakarta Utara",,internist,2025-06-15 09:32:05
"dr. Tri Yanti, Sp.PD",Sp. Penyakit Dalam,RS Katolik St. Vincentius a Paulo (RKZ),"Wonokromo, Kota Surabaya",,internist,2025-06-15 09:32:08
"dr. Trinugroho Heri Fadjari, SpPD -KHOM",Sp. Penyakit Dalam,Mayapada Hospital Bandung,"Bandung Kidul, Kota Bandung",,internist,2025-06-15 09:32:08
"dr. Ummu Habibah, Sp.PD",Sp. Penyakit Dalam,RS Azra,"Bogor Utara, Bogor",,internist,2025-06-15 09:32:08
"dr. Vania Tryanni, Sp.PD",Sp. Penyakit Dalam,Siloam Hospitals Manado,"Wenang, Kota Manado",,internist,2025-06-15 09:32:08
"dr. Welly Salutondok, Sp.PD",Sp. Penyakit Dalam,RS Harapan Bunda Jakarta,"Ciracas, Jakarta Timur",,internist,2025-06-15 09:32:08
"dr. Widodo, SpPD, FINASIM",Sp. Penyakit Dalam,RSU Syubbanul Wathon,"Pakis, Kabupaten Magelang",,internist,2025-06-15 09:32:08
dr. Wiki Sp.Pd,Sp. Penyakit Dalam,St. Antonius Pontianak,"Pontianak Kota, Kota Pontianak",,internist,2025-06-15 09:32:08
"dr. Yogi Umbarawan, SpPD., PhD",Sp. Penyakit Dalam,RS Yarsi,"Cempaka Putih, Jakarta Pusat",,internist,2025-06-15 09:32:08
"dr. dr. Yuditha Liany Sudirjo, Sp.PD",Sp. Penyakit Dalam,RS Medistra,"Setiabudi, Jakarta Selatan",,internist,2025-06-15 09:32:08
"dr. Yuditha, Sp.PD",Sp. Penyakit Dalam,RS Medistra,"Setiabudi, Jakarta Selatan",,internist,2025-06-15 09:32:08
"dr. Yulian Widjaja, Sp.PD",Sp. Penyakit Dalam,RS Stella Maris Makassar,"Ujung Pandang, Kota Makassar",,internist,2025-06-15 09:32:10
"dr. Yuliasih, Sp.PD-KR",Sp. Penyakit Dalam,National Hospital,"Wiyung, Kota Surabaya",,internist,2025-06-15 09:32:10
"dr. Yuswanto Setyawan, Sp.PD-KGH, FINASIM",Sp. Penyakit Dalam,National Hospital,"Wiyung, Kota Surabaya",,internist,2025-06-15 09:32:10
dr. adi Sp.PD,Sp. Penyakit Dalam,RS Permata Jonggol,"Jonggol, Kabupaten Bogor",,internist,2025-06-15 09:32:10
dr. erptyta sp.pd,Sp. Penyakit Dalam,RS Gading Pluit,"Kelapa Gading, Jakarta Utara",,internist,2025-06-15 09:32:10
"dr.Budi Widodo, Sp.PD,K-GEH",Sp. Penyakit Dalam,Mayapada Hospital Surabaya,"Sawahan, Kota Surabaya",,internist,2025-06-15 09:32:10
"dr.Diana Lilim, Sp.PD",Sp. Penyakit Dalam,Eka Hospital Bekasi,"Tarumajaya, Kabupaten Bekasi",,internist,2025-06-15 09:32:10
"dr.Eddy Supriadi, Sp.PD, FINASIM",Sp. Penyakit Dalam,RS Citra Harapan,"Medan Satria, Bekasi",,internist,2025-06-15 09:32:10
"dr.Emanuela Deapaskah Waleleng, Sp.PD",Sp. Penyakit Dalam,Siloam Hospitals Manado,"Wenang, Kota Manado",,internist,2025-06-15 09:32:10
"dr.Herwindo ahmad M.Ked(PD), SpPD",Sp. Penyakit Dalam,RS Mitra Medika Premier,"Medan Petisah, Kota Medan",,internist,2025-06-15 09:32:10
"dr.Nur Rahmi Ananda, SP.PD, K-PMK, FINASIM",Sp. Penyakit Dalam,JIH Jogja,"Kecamatan Depok, Kabupaten Sleman",,internist,2025-06-15 09:32:13
"dr.Nuri Susanti, Sp.PD,FINASIM",Sp. Penyakit Dalam,RS Petrokimia Gresik,"Gresik, Kabupaten Gresik",,internist,2025-06-15 09:32:13
ferina Sp.PD,Sp. Penyakit Dalam,Eka Hospital Bekasi,"Tarumajaya, Kabupaten Bekasi",,internist,2025-06-15 09:32:13
"Prof. Dr. dr. A. Dalidjono, Sp.PD-KGEH",Sp. Penyakit Dalam,RS St. Carolus Salemba,"Senen, Jakarta Pusat",,internist,2025-06-15 09:32:13
Dr. A. Fachri Indra Pratama Sp.PD,Sp. Penyakit Dalam,halodoc,"Setiabudi, Jakarta Selatan",,internist,2025-06-15 09:32:13
"dr. AB Wardoyo, Sp.PD",Sp. Penyakit Dalam,halodoc,"Setiabudi, Jakarta Selatan",,internist,2025-06-15 09:32:13
DR. ANDREAS JONATHAN SP. PD,Sp. Penyakit Dalam,apotek berkat cimahi,"Cimahi Utara, Kota Cimahi",,internist,2025-06-15 09:32:13
Dr. ANDREAS JONATHAN SP.PD,Sp. Penyakit Dalam,Klinik Utama dr. Nur 3,"Cimahi Utara, Kota Cimahi",,internist,2025-06-15 09:32:13
Prof. dr. Abdul Aziz Rani Sp.PD-KGEH,Sp. Penyakit Dalam,halodoc,"Setiabudi, Jakarta Selatan",,internist,2025-06-15 09:32:13
Dr. Abdullah Fikri Sp.PD,Sp. Penyakit Dalam,halodoc,"Setiabudi, Jakarta Selatan",,internist,2025-06-15 09:32:13
Dr. Achmad Mudassir Muchlis Sp.PD,Sp. Penyakit Dalam,halodoc,"Setiabudi, Jakarta Selatan",,internist,2025-06-15 09:32:15
Dr. Adeh Mahardika Sp.PD,Sp. Penyakit Dalam,halodoc,"Setiabudi, Jakarta Selatan",,internist,2025-06-15 09:32:15
Dr. Adhika Tri Putra Sugiharta Sp.PD,Sp. Penyakit Dalam,halodoc,"Setiabudi, Jakarta Selatan",,internist,2025-06-15 09:32:15
Dr. Adi Putra Rahmadi Sp.PD,Sp. Penyakit Dalam,halodoc,"Setiabudi, Jakarta Selatan",,internist,2025-06-15 09:32:15
"Dr. Aditya Indra M Sp.PD, M.Biomed",Sp. Penyakit Dalam,halodoc,"Setiabudi, Jakarta Selatan",,internist,2025-06-15 09:32:15
Dr. Aditya Purwaka Sp.PD,Sp. Penyakit Dalam,halodoc,"Setiabudi, Jakarta Selatan",,internist,2025-06-15 09:32:15
Dr. Aditya Riadi Syafei Sp.PD,Sp. Penyakit Dalam,halodoc,"Setiabudi, Jakarta Selatan",,internist,2025-06-15 09:32:15
Dr. Aditya Satrio Faredisto Sp.PD,Sp. Penyakit Dalam,halodoc,"Setiabudi, Jakarta Selatan",,internist,2025-06-15 09:32:15
Dr. Afdal Rosihan Hasbi Sp. PD,Sp. Penyakit Dalam,halodoc,"Setiabudi, Jakarta Selatan",,internist,2025-06-15 09:32:15
dr. Afiyah SPPD,Sp. Penyakit Dalam,RS Anugerah Pekalongan,"Pekalongan Barat, Kota Pekalongan",,internist,2025-06-15 09:32:15
Dr. Agnes Permata Seto Sp.PD,Sp. Penyakit Dalam,halodoc,"Setiabudi, Jakarta Selatan",,internist,2025-06-15 09:32:18
dr. Agni Bonendarsari Sp. PD,Sp. Penyakit Dalam,Agni Hyperbaric Center (AHC 2),"Bekasi Selatan, Bekasi",,internist,2025-06-15 09:32:18
Dr. Agnita Irawaty Sp.PD,Sp. Penyakit Dalam,halodoc,"Setiabudi, Jakarta Selatan",,internist,2025-06-15 09:32:18
dr. Agus Sp. PD,Sp. Penyakit Dalam,Apotik Alam Sehat,"Cinere, Depok",,internist,2025-06-15 09:32:18
dr. Ahmad Akbar,Sp. Penyakit Dalam,halodoc,"Setiabudi, Jakarta Selatan",,internist,2025-06-15 09:32:18
Dr. Ahmad Akbar Sp.PD,Sp. Penyakit Dalam,halodoc,"Setiabudi, Jakarta Selatan",,internist,2025-06-15 09:32:18
Dr. Ahmad Harissul Ibad Sp.PD,Sp. Penyakit Dalam,halodoc,"Setiabudi, Jakarta Selatan",,internist,2025-06-15 09:32:18
Dr. Ahmad Hibban Awriya Sp.PD,Sp. Penyakit Dalam,halodoc,"Setiabudi, Jakarta Selatan",,internist,2025-06-15 09:32:18
Dr. Akiko Syawalidhany Tahir Sp.PD,Sp. Penyakit Dalam,halodoc,"Setiabudi, Jakarta Selatan",,internist,2025-06-15 09:32:18
Dr. Alfan Fathoni Sp.PD,Sp. Penyakit Dalam,halodoc,"Setiabudi, Jakarta Selatan",,internist,2025-06-15 09:32:18
Dr. Alif Adlan Zulizar Sp.PD,Sp. Penyakit Dalam,halodoc,"Setiabudi, Jakarta Selatan",,internist,2025-06-15 09:32:21
Dr. Amanda Cininta Wowor Sp.PD,Sp. Penyakit Dalam,halodoc,"Setiabudi, Jakarta Selatan",,internist,2025-06-15 09:32:21
Dr. Amaranto Santoso Ongko Sp.PD,Sp. Penyakit Dalam,halodoc,"Setiabudi, Jakarta Selatan",,internist,2025-06-15 09:32:21
Dr. Amarisa Malik Sp.PD,Sp. Penyakit Dalam,halodoc,"Setiabudi, Jakarta Selatan",,internist,2025-06-15 09:32:21
"Dr. Anak Agung Istri Sri Kumala Dewi M.Biomed, Sp.PD",Sp. Penyakit Dalam,halodoc,"Setiabudi, Jakarta Selatan",,internist,2025-06-15 09:32:21
Dr. Ananda Rahmat Putra Sp.PD,Sp. Penyakit Dalam,halodoc,"Setiabudi, Jakarta Selatan",,internist,2025-06-15 09:32:21
"dr. Anastasia Asylia Dinakrisma, Sp.PD",Sp. Penyakit Dalam,RS St. Carolus Salemba,"Senen, Jakarta Pusat",https://d1ojs48v3n42tp.cloudfront.net/personnels/286442_20-6-2023_14-26-7.png,internist,2025-06-15 09:32:21
"Dr. Anastasia Putri DTM&H, MCTM, Sp.PD",Sp. Penyakit Dalam,halodoc,"Setiabudi, Jakarta Selatan",,internist,2025-06-15 09:32:21
Dr. Andi Susilo Sp.PD,Sp. Penyakit Dalam,halodoc,"Setiabudi, Jakarta Selatan",,internist,2025-06-15 09:32:21
Dr. Andiyang Rosseliene Diredja Sp.PD,Sp. Penyakit Dalam,halodoc,"Setiabudi, Jakarta Selatan",,internist,2025-06-15 09:32:21
Dr. Andrea Livina Sp.PD,Sp. Penyakit Dalam,halodoc,"Setiabudi, Jakarta Selatan",,internist,2025-06-15 09:32:26
Dr. Andri Baftahul Khairi Sp.PD,Sp. Penyakit Dalam,halodoc,"Setiabudi, Jakarta Selatan",,internist,2025-06-15 09:32:26
dr. Andrian Hok Halim Sp.PD.,Sp. Penyakit Dalam,RS Mitra Keluarga Bekasi Barat,"Mustika Jaya, Bekasi",,internist,2025-06-15 09:32:26
"dr. Anggun Mekar Kusuma, SpPD KGer",Sp. Penyakit Dalam,Siloam Hospital Lippo Village.,"Tangerang, Tangerang",,internist,2025-06-15 09:32:26
"Dr. Ani Yeo Sp.PD, FINASIM",Sp. Penyakit Dalam,halodoc,"Setiabudi, Jakarta Selatan",,internist,2025-06-15 09:32:26
"Dr. Anita Septiana Maria Kathrine Sp.PD, FINASIM",Sp. Penyakit Dalam,halodoc,"Setiabudi, Jakarta Selatan",,internist,2025-06-15 09:32:26
dr. Annisa Maloveny Sp.PD,Sp. Penyakit Dalam,halodoc,"Setiabudi, Jakarta Selatan",,internist,2025-06-15 09:32:26
"dr. Apen Apgani Ridwan, Sp.PD, M.Kes",Sp. Penyakit Dalam,RSUD Al Ihsan Provinsi Jawa Barat,"Baleendah, Kabupaten Bandung",https://d1ojs48v3n42tp.cloudfront.net/personnels/397319_19-5-2021_14-23-12.png,internist,2025-06-15 09:32:26
"dr. Ardeno Kristianto, Sp.PD",Sp. Penyakit Dalam,RS St. Carolus Salemba,"Senen, Jakarta Pusat",https://d1ojs48v3n42tp.cloudfront.net/personnels/307878_20-6-2023_14-25-52.png,internist,2025-06-15 09:32:26
Dr. Arie Mahayuni Sp.PD,Sp. Penyakit Dalam,halodoc,"Setiabudi, Jakarta Selatan",,internist,2025-06-15 09:32:26
Dr. Ariella Maisie Sugiarto Sp.PD,Sp. Penyakit Dalam,halodoc,"Setiabudi, Jakarta Selatan",,internist,2025-06-15 09:32:30
Dr. Arina Mana Sikana Sp.PD,Sp. Penyakit Dalam,halodoc,"Setiabudi, Jakarta Selatan",,internist,2025-06-15 09:32:30
Prof. Dr Arto Yuwono Soeroto Sp.PD,Sp. Penyakit Dalam,APOTIK JAYA SENTOSA,"Bojongsoang, Kabupaten Bandung",,internist,2025-06-15 09:32:30
Dr. Arum Gladys Sp.PD,Sp. Penyakit Dalam,halodoc,"Setiabudi, Jakarta Selatan",,internist,2025-06-15 09:32:30
Dr. Asep Harirohman Sp.PD,Sp. Penyakit Dalam,halodoc,"Setiabudi, Jakarta Selatan",,internist,2025-06-15 09:32:30
Dr. Ayu Pathya Sp.PD,Sp. Penyakit Dalam,halodoc,"Setiabudi, Jakarta Selatan",,internist,2025-06-15 09:32:30
"Dr. Ayuhati Siregar M.Ked(P.D), Sp.PD",Sp. Penyakit Dalam,halodoc,"Setiabudi, Jakarta Selatan",,internist,2025-06-15 09:32:30
"dr. B.J. Waleleng, Sp.PD-KGEH",Sp. Penyakit Dalam,Klinik Medistar,"Malalayang, Kota Manado",,internist,2025-06-15 09:32:30
dr. BAMBANG SINGGIH Sp.PD,Sp. Penyakit Dalam,Pramita Laboratorium,"Setiabudi, Jakarta Selatan",,internist,2025-06-15 09:32:30
Dr. Bobby Rojas Sp.PD,Sp. Penyakit Dalam,halodoc,"Setiabudi, Jakarta Selatan",,internist,2025-06-15 09:32:30
dr. Bramantya Wicaksana Sp. PD,Sp. Penyakit Dalam,RSU. Hasanah Graha Afiah,"Sukmajaya, Depok",,internist,2025-06-15 09:32:32
Dr. Brilliant Van Fitof Songso Rhomado Sp.PD,Sp. Penyakit Dalam,halodoc,"Setiabudi, Jakarta Selatan",,internist,2025-06-15 09:32:32
Dr. Brilliant Zanuar Sp.PD,Sp. Penyakit Dalam,halodoc,"Setiabudi, Jakarta Selatan",,internist,2025-06-15 09:32:32
Dr. Budi Dharmono Tulaka Sp.PD,Sp. Penyakit Dalam,halodoc,"Setiabudi, Jakarta Selatan",,internist,2025-06-15 09:32:32
Dr. Budi Herlianto Sp.PD,Sp. Penyakit Dalam,halodoc,"Setiabudi, Jakarta Selatan",,internist,2025-06-15 09:32:32
"dr. Budi Riyanto, DTMH. Msc, Sp.PD, KPTI, FINASIM",Sp. Penyakit Dalam,RS.BEDAH Columbia Asia Semarang,"Gunung Anyar, Kota Surabaya",,internist,2025-06-15 09:32:32
Dr. Bunga Petriana Sp.PD,Sp. Penyakit Dalam,halodoc,"Setiabudi, Jakarta Selatan",,internist,2025-06-15 09:32:32
"Prof. dr C. Suharti P. Sp.PD.KHOM, PhD, FINASIM",Sp. Penyakit Dalam,"Prof. dr. C. Suharti P. Sp.PD.KHOM, PhD, FINASIM","Semarang Utara, Kota Semarang",,internist,2025-06-15 09:32:32
Dr. Caesar Givani Sp.PD,Sp. Penyakit Dalam,halodoc,"Setiabudi, Jakarta Selatan",,internist,2025-06-15 09:32:32
Dr. Caesar Givani Sp.PD,Sp. Penyakit Dalam,halodoc,"Setiabudi, Jakarta Selatan",,internist,2025-06-15 09:32:32
dr. Candra Wibowo Sp.PD(K),Sp. Penyakit Dalam,halodoc,"Setiabudi, Jakarta Selatan",,internist,2025-06-15 09:32:35
Dr. Cecep Sp. PD,Sp. Penyakit Dalam,Klinik Fikri Medika,"Karawang Barat, Kabupaten Karawang",,internist,2025-06-15 09:32:35
"Dr. Chairunnisa Fitri Marpaung M.Ked(PD), Sp.PD",Sp. Penyakit Dalam,halodoc,"Setiabudi, Jakarta Selatan",,internist,2025-06-15 09:32:35
Dr. Christian Syukur Sp.PD,Sp. Penyakit Dalam,halodoc,"Setiabudi, Jakarta Selatan",,internist,2025-06-15 09:32:35
dr Christina Sp PD,Sp. Penyakit Dalam,0,"Bekasi Selatan, Bekasi",,internist,2025-06-15 09:32:35
Dr. Christine Belinda Mandua Sp.PD,Sp. Penyakit Dalam,halodoc,"Setiabudi, Jakarta Selatan",,internist,2025-06-15 09:32:35
Dr. Cynthia Kurniawan Sp.PD,Sp. Penyakit Dalam,halodoc,"Setiabudi, Jakarta Selatan",,internist,2025-06-15 09:32:35
Dr. Cynthia Natalia Sp.PD,Sp. Penyakit Dalam,halodoc,"Setiabudi, Jakarta Selatan",,internist,2025-06-15 09:32:35
Dr. Daldiyono Sp PD-KGEH,Sp. Penyakit Dalam,APOTEK ROXY,"Bekasi Selatan, Bekasi",,internist,2025-06-15 09:32:35
Dr. Debora Kindangen Sp.PD,Sp. Penyakit Dalam,halodoc,"Setiabudi, Jakarta Selatan",,internist,2025-06-15 09:32:35
Dr. Debrina Kusuma Devi Sp.PD,Sp. Penyakit Dalam,halodoc,"Setiabudi, Jakarta Selatan",,internist,2025-06-15 09:32:37
Dr. Dede Selamat Sutedja,Sp. Penyakit Dalam,The S'pore Gastroenterology & Liver Internist Centre,"Setiabudi, Jakarta Selatan",,internist,2025-06-15 09:32:37
"Dr. Deden Djatnika, Sp.PD",Sp. Penyakit Dalam,halodoc,"Setiabudi, Jakarta Selatan",,internist,2025-06-15 09:32:37
Dr. Dedy Hadi Prawono Sp.PD,Sp. Penyakit Dalam,halodoc,"Setiabudi, Jakarta Selatan",,internist,2025-06-15 09:32:37
"Dr. Dedy Indra Praja Sp.PD, FINASIM",Sp. Penyakit Dalam,halodoc,"Setiabudi, Jakarta Selatan",,internist,2025-06-15 09:32:37
Dr. Desy Puspa Putri Sp.PD,Sp. Penyakit Dalam,halodoc,"Setiabudi, Jakarta Selatan",,internist,2025-06-15 09:32:37
"Dr. Dewa Ayu Kartika Tejawati M.Biomed, Sp.PD",Sp. Penyakit Dalam,halodoc,"Setiabudi, Jakarta Selatan",,internist,2025-06-15 09:32:37
Dr. Dewi Prasetyaningtyas Sp.PD,Sp. Penyakit Dalam,halodoc,"Setiabudi, Jakarta Selatan",,internist,2025-06-15 09:32:37
Dr. Diar Meitha Wardhana Sp.PD,Sp. Penyakit Dalam,halodoc,"Setiabudi, Jakarta Selatan",,internist,2025-06-15 09:32:37
dr. Dodo Saputera Damian Sp.PD,Sp. Penyakit Dalam,Siloam Hospitals Banjarmasin,"Banjarmasin Tengah, Kota Banjarmasin",https://d1ojs48v3n42tp.cloudfront.net/personnels/48161_23-12-2022_16-2-41.png,internist,2025-06-15 09:32:37
Dr. Anand Bhupalan,Sp. Penyakit Dalam,RSUD PONDOK GEDE,"Kramat Jati, Jakarta Timur",,internist,2025-06-15 09:32:40
Dr. Andrian Setiabakti Sp.pD,Sp. Penyakit Dalam,halodoc,"Setiabudi, Jakarta Selatan",,internist,2025-06-15 09:32:40
"Dr. Anissa Maloveny, Sp. PD",Sp. Penyakit Dalam,halodoc,"Setiabudi, Jakarta Selatan",,internist,2025-06-15 09:32:40
Dr. Darmadi Sp.PD,Sp. Penyakit Dalam,halodoc,"Setiabudi, Jakarta Selatan",,internist,2025-06-15 09:32:40
Dr. Gunawan Sp. PD,Sp. Penyakit Dalam,halodoc,"Setiabudi, Jakarta Selatan",,internist,2025-06-15 09:32:40
Dr. Hendra SP.Pd,Sp. Penyakit Dalam,halodoc,"Setiabudi, Jakarta Selatan",,internist,2025-06-15 09:32:40
"Dr. Lintje T. Awaloei, Sp.PD, Finasim",Sp. Penyakit Dalam,halodoc,"Setiabudi, Jakarta Selatan",,internist,2025-06-15 09:32:40
"Dr. Ryan Ardian Saputra, Sp.PD",Sp. Penyakit Dalam,halodoc,"Setiabudi, Jakarta Selatan",,internist,2025-06-15 09:32:40
"Dr. Steven Zulkifly, Sp.PD",Sp. Penyakit Dalam,halodoc,"Setiabudi, Jakarta Selatan",,internist,2025-06-15 09:32:40
Dr. Yunita muslim Sp. PD,Sp. Penyakit Dalam,halodoc,"Setiabudi, Jakarta Selatan",,internist,2025-06-15 09:32:40
"Dr. dr. Nella Suhuyanly, Sp.PD-KGEH",Sp. Penyakit Dalam,halodoc,"Setiabudi, Jakarta Selatan",,internist,2025-06-15 09:32:42
"Dr. dr. Sony Wibisono, Sp.PD-KEMD, FINASIM",Sp. Penyakit Dalam,halodoc,"Setiabudi, Jakarta Selatan",,internist,2025-06-15 09:32:42
Dr. Driyarkara Sp.PD,Sp. Penyakit Dalam,halodoc,"Setiabudi, Jakarta Selatan",,internist,2025-06-15 09:32:42
"Dr. Dwi Prianto M.Ked(PD), Sp.PD",Sp. Penyakit Dalam,halodoc,"Setiabudi, Jakarta Selatan",,internist,2025-06-15 09:32:42
"Dr. Dwi Rahayu Darusman M.Ked(PD), Sp.PD",Sp. Penyakit Dalam,halodoc,"Setiabudi, Jakarta Selatan",,internist,2025-06-15 09:32:42
Dr. Dwi Teguh Irawan Sp.PD,Sp. Penyakit Dalam,halodoc,"Setiabudi, Jakarta Selatan",,internist,2025-06-15 09:32:42
dr. ELDI HENDRI Sp.PD,Sp. Penyakit Dalam,Laboratorium Klinik Thamrin,"Menteng, Jakarta Pusat",,internist,2025-06-15 09:32:42
dr. Eddy Seijoso Sp.PD,Sp. Penyakit Dalam,Apotek Djatinegara,"Menteng, Jakarta Pusat",,internist,2025-06-15 09:32:42
Dr. Edwin Hadinata Sp.PD,Sp. Penyakit Dalam,halodoc,"Setiabudi, Jakarta Selatan",,internist,2025-06-15 09:32:42
Dr. Edwin Nugraha Fitriawan Sp.PD,Sp. Penyakit Dalam,halodoc,"Setiabudi, Jakarta Selatan",,internist,2025-06-15 09:32:42
"dr. Edy Purwanto, Sp.PD M.Kes",Sp. Penyakit Dalam,Rumah Sakit Islam Al-Ikhlas,"Ampelgading, Pemalang",,internist,2025-06-15 09:32:45
Dr. Eeng Yoneska Sp.PD,Sp. Penyakit Dalam,halodoc,"Setiabudi, Jakarta Selatan",,internist,2025-06-15 09:32:45
"Dr. Elfizon Amir Sp.PD, FINASIM",Sp. Penyakit Dalam,halodoc,"Setiabudi, Jakarta Selatan",,internist,2025-06-15 09:32:45
Dr. Elim Jusri Sp.PD,Sp. Penyakit Dalam,halodoc,"Setiabudi, Jakarta Selatan",,internist,2025-06-15 09:32:45
Dr. Elisabeth Hutajulu Sp.PD,Sp. Penyakit Dalam,halodoc,"Setiabudi, Jakarta Selatan",,internist,2025-06-15 09:32:45
dr. Emon Winardi Danudirgo Sp.PD,Sp. Penyakit Dalam,RS St. Carolus Salemba,"Senen, Jakarta Pusat",,internist,2025-06-15 09:32:45
"dr. Emon Winardi Danudirgo, Sp.PD",Sp. Penyakit Dalam,RS St. Carolus Salemba,"Senen, Jakarta Pusat",https://d1ojs48v3n42tp.cloudfront.net/personnels/194939_20-6-2023_14-26-23.png,internist,2025-06-15 09:32:45
"dr. Emon Winardi Danudirgo, Sp.PD, FINASIM",Sp. Penyakit Dalam,RS St. Carolus Salemba,"Senen, Jakarta Pusat",,internist,2025-06-15 09:32:45
"dr. Eric Rahardi, Sp.PD FINASIM",Sp. Penyakit Dalam,halodoc,"Setiabudi, Jakarta Selatan",,internist,2025-06-15 09:32:45
dr. Erik Rohmando Purba Sp.PD,Sp. Penyakit Dalam,Prodia Sunter Jakarta Utara,"Tanjung Priok, Jakarta Utara",,internist,2025-06-15 09:32:45
Dr. Ernest Sumitro Anggrek Sp.PD,Sp. Penyakit Dalam,halodoc,"Setiabudi, Jakarta Selatan",,internist,2025-06-15 09:32:47
Dr. Erzamtya Oktowidyani M Z Sp.PD,Sp. Penyakit Dalam,halodoc,"Setiabudi, Jakarta Selatan",,internist,2025-06-15 09:32:47
Dr. Ester Elisabeth Wowor Sp.PD,Sp. Penyakit Dalam,halodoc,"Setiabudi, Jakarta Selatan",,internist,2025-06-15 09:32:47
dr Esti SpPD,Sp. Penyakit Dalam,KIMIA FARMA - WARUNG JATI,"Pancoran, Jakarta Selatan",,internist,2025-06-15 09:32:47
Dr. Eva Sian Li Sp.PD,Sp. Penyakit Dalam,halodoc,"Setiabudi, Jakarta Selatan",,internist,2025-06-15 09:32:47
Dr. Evelyn Reza Tjoa Sp.PD,Sp. Penyakit Dalam,halodoc,"Setiabudi, Jakarta Selatan",,internist,2025-06-15 09:32:47
dr. Fadli Sp.PD,Sp. Penyakit Dalam,Praktek dr. Fadli,"Setiabudi, Jakarta Selatan",,internist,2025-06-15 09:32:47
"Dr. Fajar Englando Alan Adesta, Sp.PD",Sp. Penyakit Dalam,halodoc,"Setiabudi, Jakarta Selatan",https://d1ojs48v3n42tp.cloudfront.net/personnels/545478_26-10-2022_15-48-48.jpeg,internist,2025-06-15 09:32:47
Dr. Fajriansyah Sp.PD,Sp. Penyakit Dalam,halodoc,"Setiabudi, Jakarta Selatan",,internist,2025-06-15 09:32:47
"Dr. dr. Farid Amansyah Sp.PD, FINASIM",Sp. Penyakit Dalam,halodoc,"Setiabudi, Jakarta Selatan",,internist,2025-06-15 09:32:47
Dr. Fariz Nurul Huda Sp.PD,Sp. Penyakit Dalam,halodoc,"Setiabudi, Jakarta Selatan",,internist,2025-06-15 09:32:50
Dr. Fathina Nisa Rabbani Sp.PD,Sp. Penyakit Dalam,halodoc,"Setiabudi, Jakarta Selatan",,internist,2025-06-15 09:32:50
"dr. Fathurrahman Andiyoso, Sp.PD AIFD-K",Sp. Penyakit Dalam,halodoc,"Setiabudi, Jakarta Selatan",,internist,2025-06-15 09:32:50
Dr. Fauzan Azhari Sp.PD,Sp. Penyakit Dalam,halodoc,"Setiabudi, Jakarta Selatan",https://d1ojs48v3n42tp.cloudfront.net/personnels/803172_10-1-2025_13-56-1.jpeg,internist,2025-06-15 09:32:50
"Dr. Fauzan Azhari Sp.PD, AIFO-K",Sp. Penyakit Dalam,halodoc,"Setiabudi, Jakarta Selatan",,internist,2025-06-15 09:32:50
Dr. Fauzia Kirana Sp.PD,Sp. Penyakit Dalam,halodoc,"Setiabudi, Jakarta Selatan",,internist,2025-06-15 09:32:50
Dr. Ferdinan Goutama Sp.PD,Sp. Penyakit Dalam,halodoc,"Setiabudi, Jakarta Selatan",,internist,2025-06-15 09:32:50
"Dr. Fernando Hasudungan Oktavianus Sp.PD, FINASIM",Sp. Penyakit Dalam,halodoc,"Setiabudi, Jakarta Selatan",,internist,2025-06-15 09:32:50
Dr. Fidelia Elvira Da Costa Rao Sp. PD,Sp. Penyakit Dalam,halodoc,"Setiabudi, Jakarta Selatan",,internist,2025-06-15 09:32:50
dr. Findy Prasetwiaty Sp.PD-KHOM,Sp. Penyakit Dalam,RS St. Carolus Salemba,"Senen, Jakarta Pusat",,internist,2025-06-15 09:32:50
Dr. Firman Sp.PD,Sp. Penyakit Dalam,halodoc,"Setiabudi, Jakarta Selatan",,internist,2025-06-15 09:32:52
Dr. Fitrie Zulida Noor Sp.PD,Sp. Penyakit Dalam,halodoc,"Setiabudi, Jakarta Selatan",,internist,2025-06-15 09:32:52
"dr. Fransiska, Sp.PD",Sp. Penyakit Dalam,RS St. Carolus Salemba,"Senen, Jakarta Pusat",https://d1ojs48v3n42tp.cloudfront.net/personnels/341351_20-6-2023_14-25-19.png,internist,2025-06-15 09:32:52
"Dr. Fredo Tamara M.Biomed, Sp.PD",Sp. Penyakit Dalam,halodoc,"Setiabudi, Jakarta Selatan",,internist,2025-06-15 09:32:52
"Dr. Frilia Athirah Affandy Sp.PD, M.Kes",Sp. Penyakit Dalam,halodoc,"Setiabudi, Jakarta Selatan",,internist,2025-06-15 09:32:52
Dr. Friyoga Syahril Sp.PD,Sp. Penyakit Dalam,halodoc,"Setiabudi, Jakarta Selatan",,internist,2025-06-15 09:32:52
Dr. Galih Dwi Jayanto Sp.PD,Sp. Penyakit Dalam,halodoc,"Setiabudi, Jakarta Selatan",,internist,2025-06-15 09:32:52
Dr. Gede Nanda Utama Sp.PD,Sp. Penyakit Dalam,halodoc,"Setiabudi, Jakarta Selatan",,internist,2025-06-15 09:32:52
Dr. Gheavita Chandra Dewi Sp.PD,Sp. Penyakit Dalam,halodoc,"Setiabudi, Jakarta Selatan",,internist,2025-06-15 09:32:52
dr. Godfried E Y Saragih Sp. PD,Sp. Penyakit Dalam,halodoc,"Setiabudi, Jakarta Selatan",,internist,2025-06-15 09:32:52
Dr. Gracia A. G. Rorong Sp.PD,Sp. Penyakit Dalam,halodoc,"Setiabudi, Jakarta Selatan",,internist,2025-06-15 09:32:55
dr. Gunawan Sp.PD,Sp. Penyakit Dalam,halodoc,"Setiabudi, Jakarta Selatan",,internist,2025-06-15 09:32:55
dr. Guntur Darmawan Sp.PD,Sp. Penyakit Dalam,"dr. Guntur Darmawan, SpPD","Kembangan, Jakarta Barat",,internist,2025-06-15 09:32:55
dr. Guntur Darmawan Sp. PD,Sp. Penyakit Dalam,"dr. Guntur Darmawan, SpPD","Kembangan, Jakarta Barat",,internist,2025-06-15 09:32:55
"Dr. H. Agus Djamal Marwan, SpPD",Sp. Penyakit Dalam,APOTIK INDAH SEHAT,"Duren Sawit, Jakarta Timur",,internist,2025-06-15 09:32:55
"Dr. Hadika Pramana Sp.PD, CH",Sp. Penyakit Dalam,halodoc,"Setiabudi, Jakarta Selatan",,internist,2025-06-15 09:32:55
Dr. Hafiziani Sp.PD,Sp. Penyakit Dalam,halodoc,"Setiabudi, Jakarta Selatan",,internist,2025-06-15 09:32:55
dr. Han ye Sutedja Sp PD,Sp. Penyakit Dalam,0,"Bekasi Selatan, Bekasi",,internist,2025-06-15 09:32:55
"dr. Handoko Prayitno, Sp.PD",Sp. Penyakit Dalam,halodoc,"Setiabudi, Jakarta Selatan",https://d1ojs48v3n42tp.cloudfront.net/personnels/487890_4-4-2023_8-46-22.png,internist,2025-06-15 09:32:55
Dr. Hanna Honoris Sp.PD,Sp. Penyakit Dalam,halodoc,"Setiabudi, Jakarta Selatan",,internist,2025-06-15 09:32:55
Dr. Hardianto Setiawan Sp.PD,Sp. Penyakit Dalam,Klinik Utama Permata HSO,"Kembangan, Jakarta Barat",,internist,2025-06-15 09:33:01
"dr. Haris Akman, Sp.PD",Sp. Penyakit Dalam,RS St. Carolus Salemba,"Senen, Jakarta Pusat",https://d1ojs48v3n42tp.cloudfront.net/personnels/162560_20-6-2023_14-27-59.png,internist,2025-06-15 09:33:01
Dr. Harris Hardian Sp.PD,Sp. Penyakit Dalam,halodoc,"Setiabudi, Jakarta Selatan",,internist,2025-06-15 09:33:01
Dr. Harry Andrean Sp.PD,Sp. Penyakit Dalam,halodoc,"Setiabudi, Jakarta Selatan",,internist,2025-06-15 09:33:01
dr Harry Yusuf Sp. PD,Sp. Penyakit Dalam,halodoc,"Setiabudi, Jakarta Selatan",,internist,2025-06-15 09:33:01
Dr. Haryanto Surya SP.PD,Sp. Penyakit Dalam,Apotek Kawi Jaya,"Sukmajaya, Depok",,internist,2025-06-15 09:33:01
"Dr. Helentina H. Sinaga Sp.PD, FINASIM",Sp. Penyakit Dalam,halodoc,"Setiabudi, Jakarta Selatan",,internist,2025-06-15 09:33:01
Dr. Helsa Eldatarina Sp.PD,Sp. Penyakit Dalam,halodoc,"Setiabudi, Jakarta Selatan",,internist,2025-06-15 09:33:01
"dr. Hendrato Budiono, M.Sc, SpPD, FINASIM",Sp. Penyakit Dalam,Apotek Padma,"Banjarsari, Kota Surakarta",,internist,2025-06-15 09:33:01
"dr. Heribertus Gunadi, Sp.PD",Sp. Penyakit Dalam,Siloam Hospitals Balikpapan,"Balikpapan Selatan, Kota Balikpapan",https://d1ojs48v3n42tp.cloudfront.net/personnels/679779_14-12-2022_13-32-9.png,internist,2025-06-15 09:33:01
"dr. Herlina, Sp.PD",Sp. Penyakit Dalam,halodoc,"Setiabudi, Jakarta Selatan",https://d1ojs48v3n42tp.cloudfront.net/personnels/183910_14-2-2023_10-35-20.png,internist,2025-06-15 09:33:03
Dr. Herman Bagus Trianto Sp.PD,Sp. Penyakit Dalam,halodoc,"Setiabudi, Jakarta Selatan",,internist,2025-06-15 09:33:03
Dr. Hermanto Quedarusman Sp.PD,Sp. Penyakit Dalam,halodoc,"Setiabudi, Jakarta Selatan",,internist,2025-06-15 09:33:03
"dr. Hertika Hardja Prihatna, Sp.PD",Sp. Penyakit Dalam,RSUD Al Ihsan Provinsi Jawa Barat,"Baleendah, Kabupaten Bandung",,internist,2025-06-15 09:33:03
"Dr. Heru Suwito S.I.P., Sp.PD",Sp. Penyakit Dalam,halodoc,"Setiabudi, Jakarta Selatan",,internist,2025-06-15 09:33:03
"Heru Wijono, DR, Dr SpPD - FINASIM",Sp. Penyakit Dalam,0,"Bekasi Selatan, Bekasi",,internist,2025-06-15 09:33:03
Dr. Heru Wiyono Sp PD,Sp. Penyakit Dalam,Klinik Utama Gleneagles,"Tegalsari, Kota Surabaya",,internist,2025-06-15 09:33:03
dr Hery Bagijo Sp.PD FINASIM,Sp. Penyakit Dalam,Apotek Kimia Farma - Menur Pumpungan,"Sukolilo, Kota Surabaya",,internist,2025-06-15 09:33:03
Dr. I Gede Aswin Arinata Sp.PD,Sp. Penyakit Dalam,halodoc,"Setiabudi, Jakarta Selatan",,internist,2025-06-15 09:33:03
Dr. I Gede Komang Aditya Permana Sp.PD,Sp. Penyakit Dalam,halodoc,"Setiabudi, Jakarta Selatan",,internist,2025-06-15 09:33:03
Dr. I Gede Putu Arinanda Sp.PD,Sp. Penyakit Dalam,halodoc,"Setiabudi, Jakarta Selatan",,internist,2025-06-15 09:33:06
Dr. I Gusti Gede Agung Ngurah Sp.PD,Sp. Penyakit Dalam,halodoc,"Setiabudi, Jakarta Selatan",,internist,2025-06-15 09:33:06
Dr. I Made Dedy Kusnawan Sp.PD,Sp. Penyakit Dalam,halodoc,"Setiabudi, Jakarta Selatan",,internist,2025-06-15 09:33:06
Dr. I Putu Ary Wismayana Sp.PD,Sp. Penyakit Dalam,halodoc,"Setiabudi, Jakarta Selatan",,internist,2025-06-15 09:33:06
Dr. I Putu Bayu Triguna Sp.PD,Sp. Penyakit Dalam,halodoc,"Setiabudi, Jakarta Selatan",,internist,2025-06-15 09:33:06
Dr. IGN Bagus Hindra Dwisaputra Sp.PD,Sp. Penyakit Dalam,halodoc,"Setiabudi, Jakarta Selatan",,internist,2025-06-15 09:33:06
Dr. Ian Elnathan Himawan Sp.PD,Sp. Penyakit Dalam,halodoc,"Setiabudi, Jakarta Selatan",,internist,2025-06-15 09:33:06
"Dr. Ida Bagus Aditya Nugraha M.Biomed, Sp.PD, FINASIM",Sp. Penyakit Dalam,halodoc,"Setiabudi, Jakarta Selatan",,internist,2025-06-15 09:33:06
"dr. Iis Widiawati, Sp.PD",Sp. Penyakit Dalam,halodoc,"Setiabudi, Jakarta Selatan",,internist,2025-06-15 09:33:06
"dr. Iis Widiayati, Sp.PD",Sp. Penyakit Dalam,halodoc,"Setiabudi, Jakarta Selatan",,internist,2025-06-15 09:33:06
"Dr. Ika Syamsul Huda MZ Sp.PD, MPH",Sp. Penyakit Dalam,halodoc,"Setiabudi, Jakarta Selatan",,internist,2025-06-15 09:33:08
Dr. Ilham Syahid Ruray Sp.PD,Sp. Penyakit Dalam,halodoc,"Setiabudi, Jakarta Selatan",,internist,2025-06-15 09:33:08
"Dr. Imam Manggalya Adhikara PhD, Sp.PD",Sp. Penyakit Dalam,halodoc,"Setiabudi, Jakarta Selatan",,internist,2025-06-15 09:33:08
Dr. Imran Nito Sp.PD,Sp. Penyakit Dalam,halodoc,"Setiabudi, Jakarta Selatan",,internist,2025-06-15 09:33:08
"Dr. Inda Damayanti M.Ked(PD), Sp.PD",Sp. Penyakit Dalam,halodoc,"Setiabudi, Jakarta Selatan",,internist,2025-06-15 09:33:08
"Dr. Indah Fitri Lestari Saragih M.Ked(PD), Sp.PD",Sp. Penyakit Dalam,halodoc,"Setiabudi, Jakarta Selatan",,internist,2025-06-15 09:33:08
"dr. Indah Fitria, Sp.PD",Sp. Penyakit Dalam,halodoc,"Setiabudi, Jakarta Selatan",,internist,2025-06-15 09:33:08
dr. Indah Gianawati Sp.PD,Sp. Penyakit Dalam,Prodia Depok,"Cinere, Depok",,internist,2025-06-15 09:33:08
Dr. Indira Nirmala Dewi Sp.PD,Sp. Penyakit Dalam,halodoc,"Setiabudi, Jakarta Selatan",,internist,2025-06-15 09:33:08
dr. Indra Darmawan Sp.PD,Sp. Penyakit Dalam,halodoc,"Setiabudi, Jakarta Selatan",,internist,2025-06-15 09:33:08
dr. Indra Dwi Rahayu Sp.PD,Sp. Penyakit Dalam,halodoc,"Setiabudi, Jakarta Selatan",,internist,2025-06-15 09:33:11
dr Inggrid Awaloei LontohSp. PD,Sp. Penyakit Dalam,dr Inggrid Awaloei LontohSp. PD,"Wenang, Kota Manado",,internist,2025-06-15 09:33:11
Dr. Inggrid Veronica Soeiswanto Sp.PD,Sp. Penyakit Dalam,halodoc,"Setiabudi, Jakarta Selatan",,internist,2025-06-15 09:33:11
dr. Iqbal Sungkar Sp. PD,Sp. Penyakit Dalam,Apotek Kimia Farma Courtyard Galuh Mas,"Telukjambe Timur, Kabupaten Karawang",,internist,2025-06-15 09:33:11
dr. Iris Rengganis Sp.PD,Sp. Penyakit Dalam,PRODIA BEKASII,"Jatisampurna, Bekasi",,internist,2025-06-15 09:33:11
Dr. Irma Suryani Sp.PD,Sp. Penyakit Dalam,halodoc,"Setiabudi, Jakarta Selatan",,internist,2025-06-15 09:33:11
Dr. Itqan Ghazali Sp.PD,Sp. Penyakit Dalam,halodoc,"Setiabudi, Jakarta Selatan",,internist,2025-06-15 09:33:11
Dr. Ivan Banjuradja Sp.PD,Sp. Penyakit Dalam,halodoc,"Setiabudi, Jakarta Selatan",,internist,2025-06-15 09:33:11
Dr. Ivan Caesar Rumengan Sp.PD,Sp. Penyakit Dalam,halodoc,"Setiabudi, Jakarta Selatan",,internist,2025-06-15 09:33:11
dr. JOHANNES JUWONO SADIKIN SP. PD,Sp. Penyakit Dalam,halodoc,"Setiabudi, Jakarta Selatan",,internist,2025-06-15 09:33:11
"Dr. Januar Widodo Sutandar Sp.PD, KGH",Sp. Penyakit Dalam,halodoc,"Setiabudi, Jakarta Selatan",,internist,2025-06-15 09:33:14
Dr. Jefri Pratama Susanto Sp.PD,Sp. Penyakit Dalam,halodoc,"Setiabudi, Jakarta Selatan",,internist,2025-06-15 09:33:14
"dr. Jimmy Pelealu, Sp.PD",Sp. Penyakit Dalam,RS St. Carolus Salemba,"Senen, Jakarta Pusat",https://d1ojs48v3n42tp.cloudfront.net/personnels/436933_20-6-2023_14-29-55.png,internist,2025-06-15 09:33:14
"dr. Jo Caroline, Sp.PD",Sp. Penyakit Dalam,RS St. Carolus Salemba,"Senen, Jakarta Pusat",https://d1ojs48v3n42tp.cloudfront.net/personnels/373587_20-6-2023_14-30-26.png,internist,2025-06-15 09:33:14
Dr. Jumiati Satrul Sp.PD,Sp. Penyakit Dalam,halodoc,"Setiabudi, Jakarta Selatan",,internist,2025-06-15 09:33:14
"Dr. KGS. M. Rosyidi Sp.PD, KHOM",Sp. Penyakit Dalam,halodoc,"Setiabudi, Jakarta Selatan",,internist,2025-06-15 09:33:14
"Dr. Karina Dwi Swastika M.Ked(PD), Sp.PD",Sp. Penyakit Dalam,halodoc,"Setiabudi, Jakarta Selatan",,internist,2025-06-15 09:33:14
Dr. Katrin Wilentina Siahaan Sp.PD,Sp. Penyakit Dalam,halodoc,"Setiabudi, Jakarta Selatan",,internist,2025-06-15 09:33:14
Dr. Kevin Wahyudy Prasetyo Sp.P,Sp. Penyakit Dalam,RS Indriati Solo Baru,"Kartasura, Kab Sukoharjo",,internist,2025-06-15 09:33:14
"dr. Khayati handayani, Sp.PD",Sp. Penyakit Dalam,halodoc,"Setiabudi, Jakarta Selatan",,internist,2025-06-15 09:33:14
Dr. Khie Chen Sp. PD -KPTI,Sp. Penyakit Dalam,Apotek Manjur Sehat,"Cipondoh, Tangerang",,internist,2025-06-15 09:33:16
Dr. Komang Gangga Eka Chandra Sp.PD,Sp. Penyakit Dalam,halodoc,"Setiabudi, Jakarta Selatan",,internist,2025-06-15 09:33:16
dr. Kuspuji Dwitanto Sp. Pd-Kp(K),Sp. Penyakit Dalam,RSIJ Cempaka Putih,"Cempaka Putih, Jakarta Pusat",,internist,2025-06-15 09:33:16
dr. Kuspuji Dwitanto Rahardjo Sp.PD,Sp. Penyakit Dalam,halodoc,"Setiabudi, Jakarta Selatan",,internist,2025-06-15 09:33:16
Dr. Laila Miftakhul Jannah Sp.PD,Sp. Penyakit Dalam,halodoc,"Setiabudi, Jakarta Selatan",,internist,2025-06-15 09:33:16
Dr Lailatul Husna Sp.PD,Sp. Penyakit Dalam,halodoc,"Setiabudi, Jakarta Selatan",,internist,2025-06-15 09:33:16
Dr. Laily Ridawati Sp.PD,Sp. Penyakit Dalam,halodoc,"Setiabudi, Jakarta Selatan",,internist,2025-06-15 09:33:16
dr. Laurentius Aswin Pramono Sp. PD,Sp. Penyakit Dalam,Prodia Karawang,"Karawang Barat, Kabupaten Karawang",,internist,2025-06-15 09:33:16
dr. Laurentius Aswin Pramono Sp.PD,Sp. Penyakit Dalam,RS St. Carolus Salemba,"Senen, Jakarta Pusat",,internist,2025-06-15 09:33:16
Dr. Leida Ariani Saltian Sp.PD,Sp. Penyakit Dalam,halodoc,"Setiabudi, Jakarta Selatan",,internist,2025-06-15 09:33:16
"dr. Leonard Parlindungan Sp.PD, FINASIM",Sp. Penyakit Dalam,halodoc,"Setiabudi, Jakarta Selatan",,internist,2025-06-15 09:33:19
Dr. Luh Komang Widnyani Wulan Laksmi Sp.PD,Sp. Penyakit Dalam,halodoc,"Setiabudi, Jakarta Selatan",,internist,2025-06-15 09:33:19
"dr. Lukman Hatta Sunaryo, Sp.PD., Sp.KL",Sp. Penyakit Dalam,Siloam Hospitals Balikpapan,"Balikpapan Selatan, Kota Balikpapan",https://d1ojs48v3n42tp.cloudfront.net/personnels/200319_30-7-2021_15-54-56.jpeg,internist,2025-06-15 09:33:19
Dr. Luthfi Ahmad Sp.PD,Sp. Penyakit Dalam,halodoc,"Setiabudi, Jakarta Selatan",,internist,2025-06-15 09:33:19
dr Lydia Tan Sp. PD. FINASIM,Sp. Penyakit Dalam,Apotek Halomedika Medan Satria,"Medan Satria, Bekasi",,internist,2025-06-15 09:33:19
"Dr. Lydia Theresia Tampubolon M.Ked(PD), Sp.PD",Sp. Penyakit Dalam,halodoc,"Setiabudi, Jakarta Selatan",,internist,2025-06-15 09:33:19
"Dr. M. Allif Maulana Syafrin Lubis M.Ked(PD), Sp.PD",Sp. Penyakit Dalam,halodoc,"Setiabudi, Jakarta Selatan",,internist,2025-06-15 09:33:19
Dr. M. Huki Zukhrufan Sp.PD,Sp. Penyakit Dalam,halodoc,"Setiabudi, Jakarta Selatan",,internist,2025-06-15 09:33:19
Dr. M. Nadim Mulachela Sp.PD,Sp. Penyakit Dalam,halodoc,"Setiabudi, Jakarta Selatan",,internist,2025-06-15 09:33:19
dr. M.Reza P. Sp.PD,Sp. Penyakit Dalam,halodoc,"Setiabudi, Jakarta Selatan",,internist,2025-06-15 09:33:19
Dr. Made Edwin Sridana Sp.PD,Sp. Penyakit Dalam,halodoc,"Setiabudi, Jakarta Selatan",,internist,2025-06-15 09:33:21
Dr. Made Nopriantha Sp.PD,Sp. Penyakit Dalam,halodoc,"Setiabudi, Jakarta Selatan",,internist,2025-06-15 09:33:21
Dr. Manuel Lamberto Willem Mboeik Sp.PD,Sp. Penyakit Dalam,halodoc,"Setiabudi, Jakarta Selatan",,internist,2025-06-15 09:33:21
"dr. Mardianto Sp.PD, KEMD, FINASIM",Sp. Penyakit Dalam,halodoc,"Setiabudi, Jakarta Selatan",,internist,2025-06-15 09:33:21
Dr. Maria Erika Pranasakti Sp.PD,Sp. Penyakit Dalam,halodoc,"Setiabudi, Jakarta Selatan",,internist,2025-06-15 09:33:21
"Dr. Masnah Sp.PD, FINASIM",Sp. Penyakit Dalam,halodoc,"Setiabudi, Jakarta Selatan",,internist,2025-06-15 09:33:21
"Dr. Maulinda Putri M.Ked(PD), Sp.PD",Sp. Penyakit Dalam,halodoc,"Setiabudi, Jakarta Selatan",,internist,2025-06-15 09:33:21
"Dr. Maya Puspita Sari Sp.PD, AIFO-K",Sp. Penyakit Dalam,halodoc,"Setiabudi, Jakarta Selatan",,internist,2025-06-15 09:33:21
Dr. Mazen Sp.PD,Sp. Penyakit Dalam,halodoc,"Setiabudi, Jakarta Selatan",,internist,2025-06-15 09:33:21
DR. Dr. Meddy Setiawan Sp.PD-FINASIM,Sp. Penyakit Dalam,halodoc,"Setiabudi, Jakarta Selatan",,internist,2025-06-15 09:33:21
Dr. Mega Suseno Sp.PD,Sp. Penyakit Dalam,halodoc,"Setiabudi, Jakarta Selatan",,internist,2025-06-15 09:33:24
Dr. Mersy Sadrak Padang Sp.PD,Sp. Penyakit Dalam,halodoc,"Setiabudi, Jakarta Selatan",,internist,2025-06-15 09:33:24
Dr. Meutia Halida Sp.PD,Sp. Penyakit Dalam,halodoc,"Setiabudi, Jakarta Selatan",,internist,2025-06-15 09:33:24
Dr. Mick Gregg Sopacoly Sp.PD,Sp. Penyakit Dalam,halodoc,"Setiabudi, Jakarta Selatan",,internist,2025-06-15 09:33:24
Dr. Mike Christanti Sp.PD,Sp. Penyakit Dalam,halodoc,"Setiabudi, Jakarta Selatan",,internist,2025-06-15 09:33:24
"dr Mina Nurasari Praptiningsih Sp.PD-KGH, FINASIM",Sp. Penyakit Dalam,halodoc,"Setiabudi, Jakarta Selatan",,internist,2025-06-15 09:33:24
"dr. Mina Nurasri Praptiningsih Sp.PD-KGH, FINASIM",Sp. Penyakit Dalam,halodoc,"Setiabudi, Jakarta Selatan",,internist,2025-06-15 09:33:24
"dr Mina Nurasri Praptiningsih Sp.PD-KGH, FINASIM",Sp. Penyakit Dalam,halodoc,"Setiabudi, Jakarta Selatan",,internist,2025-06-15 09:33:24
"dr. Mina Nurasri Praptiningsih Sp.PD-KGH, FINASIM",Sp. Penyakit Dalam,halodoc,"Setiabudi, Jakarta Selatan",,internist,2025-06-15 09:33:24
"dr. Mina Nurasri Praptiningsih Sp.PD-KGH, FINASIM",Sp. Penyakit Dalam,halodoc,"Setiabudi, Jakarta Selatan",,internist,2025-06-15 09:33:24
"dr. Mina Nurasri Praptiningsih Sp.PD-KGH, FINASIM",Sp. Penyakit Dalam,halodoc,"Setiabudi, Jakarta Selatan",,internist,2025-06-15 09:33:27
"dr. Mina Nurasri Praptiningsih Sp.PD-KGH, FINASIM",Sp. Penyakit Dalam,halodoc,"Setiabudi, Jakarta Selatan",,internist,2025-06-15 09:33:27
"dr. Mina Nurasri Praptiningsih Sp.PD-KGH, FINASIM",Sp. Penyakit Dalam,halodoc,"Setiabudi, Jakarta Selatan",,internist,2025-06-15 09:33:27
"dr. Mina Nurasri Praptiningsih Sp.PD-KGH, FINASIM",Sp. Penyakit Dalam,halodoc,"Setiabudi, Jakarta Selatan",,internist,2025-06-15 09:33:27
dr Mirna Nurasi Praptini Sp.PD-KGH,Sp. Penyakit Dalam,0,"Bekasi Selatan, Bekasi",,internist,2025-06-15 09:33:27
"dr. Mirna Nursari Praptini Sp.PD-KGH, FINASIM",Sp. Penyakit Dalam,halodoc,"Setiabudi, Jakarta Selatan",,internist,2025-06-15 09:33:27
Dr. Mohammad Satria Yudha Pratama Sp.PD,Sp. Penyakit Dalam,halodoc,"Setiabudi, Jakarta Selatan",,internist,2025-06-15 09:33:27
Dr. Mohd Bhukkar Adil Sjam Sp.PD,Sp. Penyakit Dalam,halodoc,"Setiabudi, Jakarta Selatan",,internist,2025-06-15 09:33:27
Dr. Muhamad Jefri Trinuansa Akbar Sp.PD,Sp. Penyakit Dalam,halodoc,"Setiabudi, Jakarta Selatan",,internist,2025-06-15 09:33:27
dr. Muhamad Reza Prabowo Sp.PD,Sp. Penyakit Dalam,halodoc,"Setiabudi, Jakarta Selatan",,internist,2025-06-15 09:33:27
Dr. Muhammad Anshory Sp.PD,Sp. Penyakit Dalam,halodoc,"Setiabudi, Jakarta Selatan",,internist,2025-06-15 09:33:29
Dr. Muhammad Hadi Wijaya Sp.PD,Sp. Penyakit Dalam,halodoc,"Setiabudi, Jakarta Selatan",,internist,2025-06-15 09:33:29
"Dr. Muhammad Iqbal M.Ked(PD), Sp.PD",Sp. Penyakit Dalam,halodoc,"Setiabudi, Jakarta Selatan",,internist,2025-06-15 09:33:29
"dr. Muhammad Iqbal Sorba Damanik, Sp.PD",Sp. Penyakit Dalam,RSUD Al Ihsan Provinsi Jawa Barat,"Baleendah, Kabupaten Bandung",,internist,2025-06-15 09:33:29
"Dr. Muhammad Jailani Alfajri M.Ked (PD), Sp.PD",Sp. Penyakit Dalam,halodoc,"Setiabudi, Jakarta Selatan",,internist,2025-06-15 09:33:29
Dr. Muhammad Ridhwan F Sp.PD,Sp. Penyakit Dalam,halodoc,"Setiabudi, Jakarta Selatan",,internist,2025-06-15 09:33:29
Dr. Muhammad Rido Sp.PD,Sp. Penyakit Dalam,halodoc,"Setiabudi, Jakarta Selatan",,internist,2025-06-15 09:33:29
Dr. Muhammad Yusuf Irianto Sp.PD,Sp. Penyakit Dalam,halodoc,"Setiabudi, Jakarta Selatan",,internist,2025-06-15 09:33:29
DR.rer.nat. Dr. Muhsin Sp.PD,Sp. Penyakit Dalam,halodoc,"Setiabudi, Jakarta Selatan",,internist,2025-06-15 09:33:29
Dr. Mulfi Azmi Sp.PD,Sp. Penyakit Dalam,halodoc,"Setiabudi, Jakarta Selatan",,internist,2025-06-15 09:33:29
Dr. Muthia Faurin Sp.PD,Sp. Penyakit Dalam,halodoc,"Setiabudi, Jakarta Selatan",,internist,2025-06-15 09:33:32
dr Nadia Ayu Muliansari Sp. PD,Sp. Penyakit Dalam,RSCM KENCANA,"Cempaka Putih, Jakarta Pusat",,internist,2025-06-15 09:33:32
Dr. Nadia Kusumayanti Sp.PD,Sp. Penyakit Dalam,halodoc,"Setiabudi, Jakarta Selatan",,internist,2025-06-15 09:33:32
Dr. Nani Hendriani Sp.PD,Sp. Penyakit Dalam,halodoc,"Setiabudi, Jakarta Selatan",,internist,2025-06-15 09:33:32
Dr. Nanindita Fauzia Maharani Sp.PD,Sp. Penyakit Dalam,halodoc,"Setiabudi, Jakarta Selatan",,internist,2025-06-15 09:33:32
Dr. Natalin Allorerung Sp.PD,Sp. Penyakit Dalam,halodoc,"Setiabudi, Jakarta Selatan",,internist,2025-06-15 09:33:32
Dr. Ni Made Anggreni Yudhawati Sp.PD,Sp. Penyakit Dalam,halodoc,"Setiabudi, Jakarta Selatan",,internist,2025-06-15 09:33:32
Dr. Ni Made Putri Rahayu Srikandi Sp.PD,Sp. Penyakit Dalam,halodoc,"Setiabudi, Jakarta Selatan",,internist,2025-06-15 09:33:32
Dr. Ni Made Savitri Devi Sp.PD,Sp. Penyakit Dalam,halodoc,"Setiabudi, Jakarta Selatan",,internist,2025-06-15 09:33:32
Dr. Nina Oktafianti Marfu'ah Sp.PD,Sp. Penyakit Dalam,halodoc,"Setiabudi, Jakarta Selatan",,internist,2025-06-15 09:33:32
Dr. Nindy Jayatri Siregar Sp.PD,Sp. Penyakit Dalam,halodoc,"Setiabudi, Jakarta Selatan",,internist,2025-06-15 09:33:34
dr. Nitya Prasanta Sp. PD,Sp. Penyakit Dalam,halodoc,"Setiabudi, Jakarta Selatan",,internist,2025-06-15 09:33:34
Dr. Nono Mattarungan Sp.PD,Sp. Penyakit Dalam,halodoc,"Setiabudi, Jakarta Selatan",,internist,2025-06-15 09:33:34
"dr. Nono Mattarungan, Sp.PD",Sp. Penyakit Dalam,Siloam Hospitals Balikpapan,"Balikpapan Selatan, Kota Balikpapan",https://d1ojs48v3n42tp.cloudfront.net/personnels/89093_22-12-2022_17-24-15.png,internist,2025-06-15 09:33:34
Dr. Novita Lavi Sp.PD,Sp. Penyakit Dalam,halodoc,"Setiabudi, Jakarta Selatan",,internist,2025-06-15 09:33:34
Dr. Novita Tanasal Sp.PD,Sp. Penyakit Dalam,halodoc,"Setiabudi, Jakarta Selatan",,internist,2025-06-15 09:33:34
Dr. Novita Tanasal Sp.PD,Sp. Penyakit Dalam,Sumber Rejeki,"Kebayoran Baru, Jakarta Selatan",,internist,2025-06-15 09:33:34
Dr. Nur Aini Hanifiah Sp.PD,Sp. Penyakit Dalam,halodoc,"Setiabudi, Jakarta Selatan",,internist,2025-06-15 09:33:34
Dr. Nur Atina Rahmawati Sp.PD,Sp. Penyakit Dalam,halodoc,"Setiabudi, Jakarta Selatan",,internist,2025-06-15 09:33:34
dr. Nur Chandra Bunawan Sp PD,Sp. Penyakit Dalam,RS St. Carolus Salemba,"Senen, Jakarta Pusat",,internist,2025-06-15 09:33:34
"dr. Nur Chandra, Sp.PD",Sp. Penyakit Dalam,RS St. Carolus Salemba,"Senen, Jakarta Pusat",https://d1ojs48v3n42tp.cloudfront.net/personnels/341618_5-12-2022_15-26-54.jpeg,internist,2025-06-15 09:33:37
"Dr. Nur Rahmi Ananda Sp.PD-KP, FINASIM",Sp. Penyakit Dalam,halodoc,"Setiabudi, Jakarta Selatan",,internist,2025-06-15 09:33:37
dr. Nur Samsu Sp. PD,Sp. Penyakit Dalam,RSUD Dr Saiful Anwar,"Klojen, Kota Malang",,internist,2025-06-15 09:33:37
Dr. Nurdin Syharis Sp. Pd,Sp. Penyakit Dalam,Apotek Bintang,"Tambun Selatan, Kabupaten Bekasi",,internist,2025-06-15 09:33:37
"Dr. Okki Ramadian Sp.PD, K-AI, FINASIM",Sp. Penyakit Dalam,halodoc,"Setiabudi, Jakarta Selatan",,internist,2025-06-15 09:33:37
Dr. Okla Sekar Martani Sp.PD,Sp. Penyakit Dalam,halodoc,"Setiabudi, Jakarta Selatan",,internist,2025-06-15 09:33:37
"dr. Otto Haris Edison Lumbantoruan, Sp.PD",Sp. Penyakit Dalam,RSU Wira Husada,"Kota Kisaran Barat, Kabupaten Asahan",,internist,2025-06-15 09:33:37
Dr. PA Marciyasa Sp.PD,Sp. Penyakit Dalam,halodoc,"Setiabudi, Jakarta Selatan",,internist,2025-06-15 09:33:37
dr. Pitt Akbar Sp.PD,Sp. Penyakit Dalam,halodoc,"Setiabudi, Jakarta Selatan",,internist,2025-06-15 09:33:37
"Dr. Pramanta Sp.PD, FPCP, FISQua",Sp. Penyakit Dalam,halodoc,"Setiabudi, Jakarta Selatan",,internist,2025-06-15 09:33:37
Dr. Pramudya Kurniawan Sp.PD,Sp. Penyakit Dalam,halodoc,"Setiabudi, Jakarta Selatan",,internist,2025-06-15 09:33:39
"dr Prasna Pramita Sp. PD. K-AI, MARS, FINASIM",Sp. Penyakit Dalam,halodoc,"Setiabudi, Jakarta Selatan",,internist,2025-06-15 09:33:39
Dr. Pratiwi Kesuma Sp.PD,Sp. Penyakit Dalam,halodoc,"Setiabudi, Jakarta Selatan",,internist,2025-06-15 09:33:39
Dr. Pratiwi Quranita Meagaung Sp.PD,Sp. Penyakit Dalam,halodoc,"Setiabudi, Jakarta Selatan",,internist,2025-06-15 09:33:39
Dr. Prima Pratama Sp.PD,Sp. Penyakit Dalam,halodoc,"Setiabudi, Jakarta Selatan",,internist,2025-06-15 09:33:39
Dr. Prima Pratama Sp.PD,Sp. Penyakit Dalam,halodoc,"Setiabudi, Jakarta Selatan",,internist,2025-06-15 09:33:39
Dr. Prima Yogi Sp.PD,Sp. Penyakit Dalam,halodoc,"Setiabudi, Jakarta Selatan",,internist,2025-06-15 09:33:39
dr Prima Yogi Sp. PD,Sp. Penyakit Dalam,APOTEK LIDO,"Koja, Jakarta Utara",,internist,2025-06-15 09:33:39
Dr. Prof. Herdiman SPPD,Sp. Penyakit Dalam,Apotek Manjur Sehat,"Cipondoh, Tangerang",,internist,2025-06-15 09:33:39
"Prof. dr. Muhammad Mifahussurur, Sp.PD K-GEH",Sp. Penyakit Dalam,halodoc,"Setiabudi, Jakarta Selatan",,internist,2025-06-15 09:33:39
"Dr. Putri Gaby Yosephine M.Ked(PD), Sp.PD",Sp. Penyakit Dalam,halodoc,"Setiabudi, Jakarta Selatan",,internist,2025-06-15 09:33:42
"Dr. Putu Agus Marciyasa S.Ked, Sp.PD",Sp. Penyakit Dalam,halodoc,"Setiabudi, Jakarta Selatan",,internist,2025-06-15 09:33:42
Dr. Putu Anisya Purnamasari S Sp.PD,Sp. Penyakit Dalam,halodoc,"Setiabudi, Jakarta Selatan",,internist,2025-06-15 09:33:42
"Dr. Putu Ayu Sri Saraswati M.Biomed, Sp.PD",Sp. Penyakit Dalam,halodoc,"Setiabudi, Jakarta Selatan",,internist,2025-06-15 09:33:42
Dr. Putu Juni Wulandari Sp.PD,Sp. Penyakit Dalam,halodoc,"Setiabudi, Jakarta Selatan",,internist,2025-06-15 09:33:42
Dr. Putu Saraswati Laksmi Dewi Sp.PD,Sp. Penyakit Dalam,halodoc,"Setiabudi, Jakarta Selatan",,internist,2025-06-15 09:33:42
Dr. Putu Shely Prihastuti Rudy Sp.PD,Sp. Penyakit Dalam,halodoc,"Setiabudi, Jakarta Selatan",,internist,2025-06-15 09:33:42
dr Putut Bayupurnama Sp.PD,Sp. Penyakit Dalam,Apotik Sanitas,"Mantrijeron, Kota Yogyakarta",,internist,2025-06-15 09:33:42
dr. R. EDDY SETIJOSO Sp.PD-KGEH,Sp. Penyakit Dalam,RS St. Carolus Salemba,"Senen, Jakarta Pusat",,internist,2025-06-15 09:33:42
Dr. R. Yudistira Dwi Ananda Sp.PD,Sp. Penyakit Dalam,halodoc,"Setiabudi, Jakarta Selatan",,internist,2025-06-15 09:33:42
dr. Rachmat Gunadi SpPD,Sp. Penyakit Dalam,"Dr. Rachmat Gunadi Wachjudi, SpPD","Bandung Kidul, Kota Bandung",,internist,2025-06-15 09:33:45
dr. Rachmat Gunadi W. SpPD-KR,Sp. Penyakit Dalam,"Dr. Rachmat Gunadi Wachjudi, SpPD","Bandung Kidul, Kota Bandung",,internist,2025-06-15 09:33:45
Dr. Raden Triyono Edhi Sulistiyanto Sp.PD-FINASIM,Sp. Penyakit Dalam,halodoc,"Setiabudi, Jakarta Selatan",,internist,2025-06-15 09:33:45
"dr. Rahma Murmayanti, SpPD. MSc",Sp. Penyakit Dalam,Apotik Idaman,"Taraju, Kabupaten Tasikmalaya",,internist,2025-06-15 09:33:45
dr. Rahma Nurmayanti Sp.PD,Sp. Penyakit Dalam,Apotik Idaman,"Taraju, Kabupaten Tasikmalaya",,internist,2025-06-15 09:33:45
Dr. Rama Yandhi,Sp. Penyakit Dalam,halodoc,"Setiabudi, Jakarta Selatan",,internist,2025-06-15 09:33:45
Dr. Ramadi Satryo Wicaksono Sp.PD,Sp. Penyakit Dalam,halodoc,"Setiabudi, Jakarta Selatan",,internist,2025-06-15 09:33:45
Dr. Rechta Antartika Sp.PD,Sp. Penyakit Dalam,halodoc,"Setiabudi, Jakarta Selatan",,internist,2025-06-15 09:33:45
Dr. Redy Farana Hata Sp. PD,Sp. Penyakit Dalam,halodoc,"Setiabudi, Jakarta Selatan",,internist,2025-06-15 09:33:45
Dr. Reinaldo Alexander Sp.PD,Sp. Penyakit Dalam,halodoc,"Setiabudi, Jakarta Selatan",,internist,2025-06-15 09:33:45
Dr. Rentha Monica Simamora Sp.PD,Sp. Penyakit Dalam,halodoc,"Setiabudi, Jakarta Selatan",,internist,2025-06-15 09:33:48
Dr. Rentha Monica Simamora Sp.PD,Sp. Penyakit Dalam,halodoc,"Setiabudi, Jakarta Selatan",,internist,2025-06-15 09:33:48
Dr. Resha Dermawansyah Rusman Sp.PD,Sp. Penyakit Dalam,halodoc,"Setiabudi, Jakarta Selatan",,internist,2025-06-15 09:33:48
Dr. Resna Murti Wibowo Sp.PD,Sp. Penyakit Dalam,halodoc,"Setiabudi, Jakarta Selatan",,internist,2025-06-15 09:33:48
Dr. Resna Murti Wibowo Sp.PD,Sp. Penyakit Dalam,halodoc,"Setiabudi, Jakarta Selatan",,internist,2025-06-15 09:33:48
dr. Resna Murti Wibowo Sp PD,Sp. Penyakit Dalam,halodoc,"Setiabudi, Jakarta Selatan",,internist,2025-06-15 09:33:48
"dr. Resna Murti Wibowo, Sp.PD FINASIM, MKES",Sp. Penyakit Dalam,halodoc,"Setiabudi, Jakarta Selatan",,internist,2025-06-15 09:33:48
dr Resna Sp. PD,Sp. Penyakit Dalam,APOTEK GADI LAMBA 1,"Pasar Rebo, Jakarta Timur",,internist,2025-06-15 09:33:48
Dr. Resti Anjelina Waji Sp.PD,Sp. Penyakit Dalam,halodoc,"Setiabudi, Jakarta Selatan",,internist,2025-06-15 09:33:48
Dr. Restie Warapsari Sp.PD,Sp. Penyakit Dalam,halodoc,"Setiabudi, Jakarta Selatan",,internist,2025-06-15 09:33:48
Dr. Restu Olymviana Rantetondok Sp.PD,Sp. Penyakit Dalam,halodoc,"Setiabudi, Jakarta Selatan",,internist,2025-06-15 09:33:52
Dr. Retti Nurlaili Sp.PD,Sp. Penyakit Dalam,halodoc,"Setiabudi, Jakarta Selatan",,internist,2025-06-15 09:33:52
"Dr. Riandhani Utami Upitarinia MARS, Sp.PD",Sp. Penyakit Dalam,halodoc,"Setiabudi, Jakarta Selatan",,internist,2025-06-15 09:33:52
Dr. Richard Sengkey Sp.PD,Sp. Penyakit Dalam,halodoc,"Setiabudi, Jakarta Selatan",,internist,2025-06-15 09:33:52
dr. Ricky Cornelius Sp.PD,Sp. Penyakit Dalam,halodoc,"Setiabudi, Jakarta Selatan",,internist,2025-06-15 09:33:52
Dr. Ridho Pratama Sp.PD,Sp. Penyakit Dalam,halodoc,"Setiabudi, Jakarta Selatan",,internist,2025-06-15 09:33:52
Dr. Rido Wandrivel Sp.PD,Sp. Penyakit Dalam,halodoc,"Setiabudi, Jakarta Selatan",,internist,2025-06-15 09:33:52
Dr. Ridwan Tandiawan Sp.PD,Sp. Penyakit Dalam,halodoc,"Setiabudi, Jakarta Selatan",,internist,2025-06-15 09:33:52
dr Rikki Lusman Sp. PD,Sp. Penyakit Dalam,halodoc,"Setiabudi, Jakarta Selatan",,internist,2025-06-15 09:33:52
"Dr. Risna Wati M.Ked(PD), Sp.PD",Sp. Penyakit Dalam,halodoc,"Setiabudi, Jakarta Selatan",,internist,2025-06-15 09:33:52
Dr. Rita Anggraeni Puspitasari Sp.PD,Sp. Penyakit Dalam,halodoc,"Setiabudi, Jakarta Selatan",,internist,2025-06-15 09:33:55
"Dr. Rivo Yulianto Sujono Sp.PD, M.Kes",Sp. Penyakit Dalam,halodoc,"Setiabudi, Jakarta Selatan",,internist,2025-06-15 09:33:55
Dr. Rizka Husna Aditya Hami Sp.PD,Sp. Penyakit Dalam,halodoc,"Setiabudi, Jakarta Selatan",,internist,2025-06-15 09:33:55
Dr. Rizki Bastari Sp.PD,Sp. Penyakit Dalam,halodoc,"Setiabudi, Jakarta Selatan",,internist,2025-06-15 09:33:55
dr Rizky Ashari Sp. PD,Sp. Penyakit Dalam,halodoc,"Setiabudi, Jakarta Selatan",,internist,2025-06-15 09:33:55
"Dr. Rizky Ilham MKT, M.Ked(PD), Sp.PD",Sp. Penyakit Dalam,halodoc,"Setiabudi, Jakarta Selatan",,internist,2025-06-15 09:33:55
dr Rizky Rahmaniyah Sp. PD,Sp. Penyakit Dalam,halodoc,"Setiabudi, Jakarta Selatan",,internist,2025-06-15 09:33:55
Dr. Rizqulloh Taufiqul Hakim Barsah Sp.PD,Sp. Penyakit Dalam,halodoc,"Setiabudi, Jakarta Selatan",,internist,2025-06-15 09:33:55
Dr. Robby Satria Putra Sp.PD,Sp. Penyakit Dalam,halodoc,"Setiabudi, Jakarta Selatan",,internist,2025-06-15 09:33:55
Dr. Rony Satrio Utomo Sp.PD,Sp. Penyakit Dalam,halodoc,"Setiabudi, Jakarta Selatan",,internist,2025-06-15 09:33:55
Dr. Rosa Priambodo Sp.PD,Sp. Penyakit Dalam,halodoc,"Setiabudi, Jakarta Selatan",,internist,2025-06-15 09:33:58
"Dr. Rose Vita Sari M.Biomed, Sp.PD",Sp. Penyakit Dalam,halodoc,"Setiabudi, Jakarta Selatan",,internist,2025-06-15 09:33:58
Dr. Roykhan Prayudianto Sp.PD,Sp. Penyakit Dalam,halodoc,"Setiabudi, Jakarta Selatan",,internist,2025-06-15 09:33:58
"dr. Ruqaiyah, M.Ked(PD), Sp.PD",Sp. Penyakit Dalam,Siloam Hospitals Banjarmasin,"Banjarmasin Tengah, Kota Banjarmasin",https://d1ojs48v3n42tp.cloudfront.net/personnels/286270_22-12-2022_17-53-34.png,internist,2025-06-15 09:33:58
Dr. Rusdi Zakki Aminy Sp.PD,Sp. Penyakit Dalam,halodoc,"Setiabudi, Jakarta Selatan",,internist,2025-06-15 09:33:58
Dr. Sandra Surya Rini Sp.PD,Sp. Penyakit Dalam,halodoc,"Setiabudi, Jakarta Selatan",,internist,2025-06-15 09:33:58
"dr. Sandrik Suparman, Sp.PD",Sp. Penyakit Dalam,RSUD Al Ihsan Provinsi Jawa Barat,"Baleendah, Kabupaten Bandung",,internist,2025-06-15 09:33:58
"Dr. Santi Sumihar, Sp.PD, KAI",Sp. Penyakit Dalam,Apotek Kimia Farma Juanda Bogor,"Bogor Tengah, Bogor",,internist,2025-06-15 09:33:58
"Dr. Santi Sumihar, SpPD",Sp. Penyakit Dalam,APOTEK KIMIA FARMA JUANDA,"Samarinda Ulu, Kota Samarinda",,internist,2025-06-15 09:33:58
"Dr. Sarah Firdausa M.Md.Sc., M.Sc, Sp.PD",Sp. Penyakit Dalam,halodoc,"Setiabudi, Jakarta Selatan",,internist,2025-06-15 09:33:58
"dr. Sarah Firdausa, M.Md.Sc, M.Sc, Sp.PD",Sp. Penyakit Dalam,halodoc,"Setiabudi, Jakarta Selatan",,internist,2025-06-15 09:34:01
Dr. Satyawardhana Sp.PD,Sp. Penyakit Dalam,halodoc,"Setiabudi, Jakarta Selatan",,internist,2025-06-15 09:34:01
"Dr. Shanti Tandayu Sp.PD, FINASIM",Sp. Penyakit Dalam,halodoc,"Setiabudi, Jakarta Selatan",,internist,2025-06-15 09:34:01
"dr. Shelly Laksmisari, Sp.PD",Sp. Penyakit Dalam,Siloam Hospitals Balikpapan,"Balikpapan Selatan, Kota Balikpapan",https://d1ojs48v3n42tp.cloudfront.net/personnels/766779_23-12-2022_14-18-15.jpeg,internist,2025-06-15 09:34:01
Dr. Sidharth Salim Sp PD,Sp. Penyakit Dalam,Apotek Khanti,"Kelapa Gading, Jakarta Utara",,internist,2025-06-15 09:34:01
"dr. Silvister Nancy, Sp.PD",Sp. Penyakit Dalam,Bio Medika Tangerang,"Tangerang, Tangerang",,internist,2025-06-15 09:34:01
dr. Sin Hariyanto Budiarta Sp.PD-KGEH,Sp. Penyakit Dalam,halodoc,"Setiabudi, Jakarta Selatan",,internist,2025-06-15 09:34:01
Dr. Siska Christine Sp.PD,Sp. Penyakit Dalam,halodoc,"Setiabudi, Jakarta Selatan",,internist,2025-06-15 09:34:01
Dr. Siti Maslamah Sp.PD,Sp. Penyakit Dalam,halodoc,"Setiabudi, Jakarta Selatan",,internist,2025-06-15 09:34:01
"dr. Sri Ramadhani, SpPD FINASIM",Sp. Penyakit Dalam,Klinik Sultan Medika,"Bantar Gebang, Bekasi",,internist,2025-06-15 09:34:01
"dr. Sri Ramadhani, SpPD FINASIM",Sp. Penyakit Dalam,Klinik Sultan Medika,"Bantar Gebang, Bekasi",,internist,2025-06-15 09:34:03
dr Stephanie Chandra Sp. PD,Sp. Penyakit Dalam,halodoc,"Setiabudi, Jakarta Selatan",,internist,2025-06-15 09:34:03
dr. Stephanie Dewi Sp. PD.,Sp. Penyakit Dalam,halodoc,"Setiabudi, Jakarta Selatan",,internist,2025-06-15 09:34:03
"dr. Stephanie Susantyo, Sp.PD",Sp. Penyakit Dalam,Siloam Hospitals Banjarmasin,"Banjarmasin Tengah, Kota Banjarmasin",https://d1ojs48v3n42tp.cloudfront.net/personnels/789550_27-9-2022_11-56-7.png,internist,2025-06-15 09:34:03
"dr. Stephen Jose Renaldo Masengi, Sp.PD",Sp. Penyakit Dalam,Siloam Hospitals Balikpapan,"Balikpapan Selatan, Kota Balikpapan",https://d1ojs48v3n42tp.cloudfront.net/personnels/28683_15-5-2023_17-34-37.jpeg,internist,2025-06-15 09:34:03
dr. Sugijarto Sp.PD.,Sp. Penyakit Dalam,RS Mitra Keluarga Bekasi Barat,"Mustika Jaya, Bekasi",,internist,2025-06-15 09:34:03
"Dr. Sukiman Rusli, SpPD",Sp. Penyakit Dalam,Apotek Fatwa Medika II,"Kemayoran, Jakarta Pusat",,internist,2025-06-15 09:34:03
"dr. Sunu Sugiyanto, Sp.PD",Sp. Penyakit Dalam,Siloam Hospitals Balikpapan,"Balikpapan Selatan, Kota Balikpapan",https://d1ojs48v3n42tp.cloudfront.net/personnels/258123_11-9-2020_15-17-9.png,internist,2025-06-15 09:34:03
Dr. Surya Ulhaq Sp.PD,Sp. Penyakit Dalam,halodoc,"Setiabudi, Jakarta Selatan",,internist,2025-06-15 09:34:03
dr. Surya Wijaya Sp.PD,Sp. Penyakit Dalam,Apotek Lautan Berkat,"Grogol Petamburan, Jakarta Barat",,internist,2025-06-15 09:34:03
dr. Sutya Wijaya Sp.PD,Sp. Penyakit Dalam,Apotek Lautan Berkat,"Grogol Petamburan, Jakarta Barat",,internist,2025-06-15 09:34:06
Dr. Teddy S SP.PD,Sp. Penyakit Dalam,APOTEK ROXY,"Bekasi Selatan, Bekasi",,internist,2025-06-15 09:34:06
Dr. Teddy S SP.PD,Sp. Penyakit Dalam,APOTEK ROXY,"Bekasi Selatan, Bekasi",,internist,2025-06-15 09:34:06
"Dr. Tengku Muhammad Ridho Anhar M.Ked(PD), Sp.PD",Sp. Penyakit Dalam,halodoc,"Setiabudi, Jakarta Selatan",,internist,2025-06-15 09:34:06
Dr. Timoteus Richard Sp.PD,Sp. Penyakit Dalam,halodoc,"Setiabudi, Jakarta Selatan",,internist,2025-06-15 09:34:06
"Dr. Tirza Gwendoline Matulessy, Sp.PD",Sp. Penyakit Dalam,halodoc,"Setiabudi, Jakarta Selatan",https://d1ojs48v3n42tp.cloudfront.net/personnels/8690_4-1-2021_11-20-27.png,internist,2025-06-15 09:34:06
Dr. Tjoeng Lioni Sp.PD,Sp. Penyakit Dalam,halodoc,"Setiabudi, Jakarta Selatan",,internist,2025-06-15 09:34:06
dr. Tjoeng Lioni Sp.PD,Sp. Penyakit Dalam,Prodia,"Makassar, Kota Makassar",,internist,2025-06-15 09:34:06
Dr. Toni Baskoro Sp.PD,Sp. Penyakit Dalam,halodoc,"Setiabudi, Jakarta Selatan",,internist,2025-06-15 09:34:06
Dr. Tri Nisdian Wardiah Sp.PD,Sp. Penyakit Dalam,halodoc,"Setiabudi, Jakarta Selatan",,internist,2025-06-15 09:34:06
Dr. Umar Nur Rahman Sp.PD,Sp. Penyakit Dalam,Apotek Mida Farma II,"Gresik, Kabupaten Gresik",,internist,2025-06-15 09:34:08
Dr. Vandi Dwi Putra Amruddin,Sp. Penyakit Dalam,halodoc,"Setiabudi, Jakarta Selatan",,internist,2025-06-15 09:34:08
Dr. Vandi Dwi Putra Amruddin Sp.PD,Sp. Penyakit Dalam,halodoc,"Setiabudi, Jakarta Selatan",,internist,2025-06-15 09:34:08
Dr. Vasa Adi Wisnu Wardana Sp.PD,Sp. Penyakit Dalam,halodoc,"Setiabudi, Jakarta Selatan",,internist,2025-06-15 09:34:08
dr. Vera Sp.PD,Sp. Penyakit Dalam,halodoc,"Setiabudi, Jakarta Selatan",,internist,2025-06-15 09:34:08
Dr. Vera Bahar Sp.PD,Sp. Penyakit Dalam,halodoc,"Setiabudi, Jakarta Selatan",,internist,2025-06-15 09:34:08
Dr. Vera Bahar SP PD,Sp. Penyakit Dalam,Apotek Lautan Berkat,"Grogol Petamburan, Jakarta Barat",,internist,2025-06-15 09:34:08
"dr. Vera Bahar, Sp.PD",Sp. Penyakit Dalam,Halodoc Teleconsultation,"Setiabudi, Jakarta Selatan",,internist,2025-06-15 09:34:08
"dr. Vera Bahar, Sp.PD",Sp. Penyakit Dalam,Halodoc Teleconsultation,"Setiabudi, Jakarta Selatan",,internist,2025-06-15 09:34:08
dr WILUJENG ANGGRAINI SP. PD,Sp. Penyakit Dalam,Apotek Kimia Farma 522 Probolinggo,"Mayangan, Kota Probolinggo",,internist,2025-06-15 09:34:08
"DR. WULYO RAJABTO, SPPD K.H.ONK.M",Sp. Penyakit Dalam,Apotik Medika,"Bogor Tengah, Bogor",,internist,2025-06-15 09:34:11
Dr. Wa Ode Sarnings Sp.PD,Sp. Penyakit Dalam,halodoc,"Setiabudi, Jakarta Selatan",,internist,2025-06-15 09:34:11
Dr. Wahyudi Pratama Harli Sp.PD,Sp. Penyakit Dalam,halodoc,"Setiabudi, Jakarta Selatan",,internist,2025-06-15 09:34:11
"Dr. Warigit Dri Atmoko Sp.PD, FINASIM",Sp. Penyakit Dalam,halodoc,"Setiabudi, Jakarta Selatan",,internist,2025-06-15 09:34:11
"Dr. Widya Deli Satuti M.Ked(PD), Sp.PD",Sp. Penyakit Dalam,halodoc,"Setiabudi, Jakarta Selatan",,internist,2025-06-15 09:34:11
"Dr. William Faisal Sp.PD, CH, Cht",Sp. Penyakit Dalam,halodoc,"Setiabudi, Jakarta Selatan",,internist,2025-06-15 09:34:11
Dr. Wilujeng Anggraini Sp.PD,Sp. Penyakit Dalam,halodoc,"Setiabudi, Jakarta Selatan",,internist,2025-06-15 09:34:11
dr Winda A M Saragih Sp. PD,Sp. Penyakit Dalam,halodoc,"Setiabudi, Jakarta Selatan",,internist,2025-06-15 09:34:11
dr. Wirawan Hambali Sp.PD,Sp. Penyakit Dalam,Prodia Puri Indah,"Kembangan, Jakarta Barat",,internist,2025-06-15 09:34:11
Dr. Y. Han Sp. PD,Sp. Penyakit Dalam,Apotek Putri Cilinaya,"Cilamaya Wetan, Kabupaten Karawang",,internist,2025-06-15 09:34:11
"Dr. Yanuar Ardani M.Kes, Sp.PD, K-PPM",Sp. Penyakit Dalam,halodoc,"Setiabudi, Jakarta Selatan",,internist,2025-06-15 09:34:14
Dr. Yanuar Surya Saputra Poedjijo Sp.PD,Sp. Penyakit Dalam,halodoc,"Setiabudi, Jakarta Selatan",,internist,2025-06-15 09:34:14
dr Yasa Asmara Sp. PD,Sp. Penyakit Dalam,halodoc,"Setiabudi, Jakarta Selatan",,internist,2025-06-15 09:34:14
"dr. Yovita Mulyakusuma, M. Sc, Sp. PD-KAI FINASIM",Sp. Penyakit Dalam,halodoc,"Setiabudi, Jakarta Selatan",,internist,2025-06-15 09:34:14
dr Yuanita Sp. PD,Sp. Penyakit Dalam,APOTEK LIDO,"Koja, Jakarta Utara",,internist,2025-06-15 09:34:14
"dr. Yulia Syarifa, Sp.PD",Sp. Penyakit Dalam,Siloam Hospitals Banjarmasin,"Banjarmasin Tengah, Kota Banjarmasin",https://d1ojs48v3n42tp.cloudfront.net/personnels/372466_27-9-2022_11-59-45.png,internist,2025-06-15 09:34:14
Dr. Yuliani. B.SP.PD,Sp. Penyakit Dalam,Apotek Garuda,"Muara Samu, Kabupaten Paser",,internist,2025-06-15 09:34:14
"dr. Yulistia Asmi, Sp.PD",Sp. Penyakit Dalam,halodoc,"Setiabudi, Jakarta Selatan",,internist,2025-06-15 09:34:14
"Dr. Zairullah Mighfaza Sp.PD, FINASIM",Sp. Penyakit Dalam,halodoc,"Setiabudi, Jakarta Selatan",,internist,2025-06-15 09:34:14
"Dr. dr. Zulkhair Ali Sp.PD, K-GH, FINASIM",Sp. Penyakit Dalam,halodoc,"Setiabudi, Jakarta Selatan",,internist,2025-06-15 09:34:14
"Dr. Zulqadri Ginting M.Ked(PD), Sp.PD",Sp. Penyakit Dalam,halodoc,"Setiabudi, Jakarta Selatan",,internist,2025-06-15 09:34:16
de Vania Tryanni SPPD,Sp. Penyakit Dalam,halodoc,"Setiabudi, Jakarta Selatan",,internist,2025-06-15 09:34:16
dr Gatut Priyonugroho Sp.P,Sp. Penyakit Dalam,halodoc,"Setiabudi, Jakarta Selatan",,internist,2025-06-15 09:34:16
"dr Haryanto Surya, SpPD KGEH",Sp. Penyakit Dalam,Apotek Berkat -,"Tangerang, Tangerang",,internist,2025-06-15 09:34:16
dr Hendra Kuncoro Sp.PD-KGEH,Sp. Penyakit Dalam,halodoc,"Setiabudi, Jakarta Selatan",,internist,2025-06-15 09:34:16
"dr JULIEN ROSYE FRANKA MAWUNTU, DR, SP.P",Sp. Penyakit Dalam,halodoc,"Setiabudi, Jakarta Selatan",,internist,2025-06-15 09:34:16
dr Muhammad Natsir Akil Sp PD,Sp. Penyakit Dalam,APOTIK SUMBER REZEKI FARMA,"Kebayoran Lama, Jakarta Selatan",,internist,2025-06-15 09:34:16
dr Primasari Deaningtyas Sp.PD,Sp. Penyakit Dalam,halodoc,"Setiabudi, Jakarta Selatan",,internist,2025-06-15 09:34:16
dr Ratih Inggiany Sp.PD,Sp. Penyakit Dalam,halodoc,"Setiabudi, Jakarta Selatan",,internist,2025-06-15 09:34:16
dr Tuty Rizkianty Sp.PK,Sp. Penyakit Dalam,halodoc,"Setiabudi, Jakarta Selatan",,internist,2025-06-15 09:34:16
"dr. AB Wardoyo, Sp.PD",Sp. Penyakit Dalam,halodoc,"Setiabudi, Jakarta Selatan",,internist,2025-06-15 09:34:18
"dr. Agung Suryoputro, Sp.PD",Sp. Penyakit Dalam,halodoc,"Setiabudi, Jakarta Selatan",,internist,2025-06-15 09:34:18
dr. Andhika Mangala Putra Sp.A,Sp. Penyakit Dalam,RS Bersalin Kartika Sari,"Tanjung Priok, Jakarta Utara",,internist,2025-06-15 09:34:18
"dr. Annisa Maloveny, Sp.PD",Sp. Penyakit Dalam,halodoc,"Setiabudi, Jakarta Selatan",,internist,2025-06-15 09:34:18
"dr. Annisa, Sp.PD",Sp. Penyakit Dalam,halodoc,"Setiabudi, Jakarta Selatan",,internist,2025-06-15 09:34:18
"dr. B. Susanto P, SpPD",Sp. Penyakit Dalam,halodoc,"Setiabudi, Jakarta Selatan",,internist,2025-06-15 09:34:18
dr. Budianto Sp.PD,Sp. Penyakit Dalam,halodoc,"Setiabudi, Jakarta Selatan",,internist,2025-06-15 09:34:18
"dr. Chacha Marissa Isfandiari, SpPD",Sp. Penyakit Dalam,Laboratorium Klinik Bunda Thamrin,"Medan Kota, Kota Medan",,internist,2025-06-15 09:34:18
"dr. Dany Irawan, Sp.PD",Sp. Penyakit Dalam,halodoc,"Setiabudi, Jakarta Selatan",,internist,2025-06-15 09:34:18
"dr. Deddy Nur Wachid Achadiono, M.Kes, Sp.PD-KR",Sp. Penyakit Dalam,halodoc,"Setiabudi, Jakarta Selatan",,internist,2025-06-15 09:34:18
"dr. Denny Moniaga, Sp.PD",Sp. Penyakit Dalam,halodoc,"Setiabudi, Jakarta Selatan",,internist,2025-06-15 09:34:21
"dr. Dian Azzahra, Sp.PD",Sp. Penyakit Dalam,RS Simulasi Halodoc,"Setiabudi, Jakarta Selatan",,internist,2025-06-15 09:34:21
"dr. Dina Aprillia Ariestine, M.Ked(PD), Sp.PD",Sp. Penyakit Dalam,halodoc,"Setiabudi, Jakarta Selatan",,internist,2025-06-15 09:34:21
"dr. Doni Priambodo, Sp.PD-KPTI",Sp. Penyakit Dalam,halodoc,"Setiabudi, Jakarta Selatan",,internist,2025-06-15 09:34:21
"dr. Dories Septiana, Sp.PD",Sp. Penyakit Dalam,halodoc,"Setiabudi, Jakarta Selatan",,internist,2025-06-15 09:34:21
dr. Eddy Susanto Sp.PD,Sp. Penyakit Dalam,halodoc,"Setiabudi, Jakarta Selatan",,internist,2025-06-15 09:34:21
"dr. Erita Bustami, Sp.PD",Sp. Penyakit Dalam,halodoc,"Setiabudi, Jakarta Selatan",,internist,2025-06-15 09:34:21
"dr. Farid Rakhman, Sp.PD",Sp. Penyakit Dalam,halodoc,"Setiabudi, Jakarta Selatan",,internist,2025-06-15 09:34:21
"dr. Fery,Sp.PD",Sp. Penyakit Dalam,halodoc,"Setiabudi, Jakarta Selatan",,internist,2025-06-15 09:34:21
dr. Fiblia Sp.PD,Sp. Penyakit Dalam,halodoc,"Setiabudi, Jakarta Selatan",,internist,2025-06-15 09:34:21
dr. Firdaus Sp.PD,Sp. Penyakit Dalam,halodoc,"Setiabudi, Jakarta Selatan",,internist,2025-06-15 09:34:24
"dr. Ghea De Silva, Sp.PD",Sp. Penyakit Dalam,halodoc,"Setiabudi, Jakarta Selatan",,internist,2025-06-15 09:34:24
"dr. Gladys Sudiyanto, Sp.PD",Sp. Penyakit Dalam,halodoc,"Setiabudi, Jakarta Selatan",,internist,2025-06-15 09:34:24
"dr. H. Arkademi, SpPD",Sp. Penyakit Dalam,Apotek Arasy,"IV Jurai, Kabupaten Pesisir Selatan",,internist,2025-06-15 09:34:24
"dr. Harapan Michael Platini, SpPD",Sp. Penyakit Dalam,halodoc,"Setiabudi, Jakarta Selatan",,internist,2025-06-15 09:34:24
"dr. Hendarsyah Suryadinata, Sp.PD",Sp. Penyakit Dalam,halodoc,"Setiabudi, Jakarta Selatan",,internist,2025-06-15 09:34:24
dr. Hendra Adiputra Sp.PD,Sp. Penyakit Dalam,halodoc,"Setiabudi, Jakarta Selatan",,internist,2025-06-15 09:34:24
"dr. Hendro Budijono, Sp.PD, FINASIM",Sp. Penyakit Dalam,halodoc,"Setiabudi, Jakarta Selatan",,internist,2025-06-15 09:34:24
"dr. Herdianto Setiawan, Sp.PD",Sp. Penyakit Dalam,halodoc,"Setiabudi, Jakarta Selatan",,internist,2025-06-15 09:34:24
"dr. Imran Nito, Sp.PD",Sp. Penyakit Dalam,halodoc,"Setiabudi, Jakarta Selatan",,internist,2025-06-15 09:34:24
"dr. Indah Lestari, Sp.PD",Sp. Penyakit Dalam,Primaya Hospital Makassar,"Panakkukang, Kota Makassar",,internist,2025-06-15 09:34:26
"dr. Indhira Alimin, SpPD",Sp. Penyakit Dalam,halodoc,"Setiabudi, Jakarta Selatan",,internist,2025-06-15 09:34:26
"dr. Indra Satiavani, Sp.PD",Sp. Penyakit Dalam,RS. Mitra Plumbon Cibitung,"Cibitung, Kabupaten Bekasi",,internist,2025-06-15 09:34:26
"dr. Irine, Sp.PD",Sp. Penyakit Dalam,halodoc,"Setiabudi, Jakarta Selatan",,internist,2025-06-15 09:34:26
"dr. Jonny, Sp. PD, K-GH, M.Kes, MM, FINASIM",Sp. Penyakit Dalam,halodoc,"Setiabudi, Jakarta Selatan",,internist,2025-06-15 09:34:26
"dr. Jonny, Sp.PD, KGH, M.Kes, MM, DCN",Sp. Penyakit Dalam,halodoc,"Setiabudi, Jakarta Selatan",,internist,2025-06-15 09:34:26
"dr. Juslan Kasmar JS, Sp. PD",Sp. Penyakit Dalam,halodoc,"Setiabudi, Jakarta Selatan",,internist,2025-06-15 09:34:26
"dr. Kadek Puspita Widyarsani, SpPD",Sp. Penyakit Dalam,halodoc,"Setiabudi, Jakarta Selatan",,internist,2025-06-15 09:34:26
"dr. Karel Ramli, Sp.PD,FINASIM",Sp. Penyakit Dalam,halodoc,"Setiabudi, Jakarta Selatan",,internist,2025-06-15 09:34:26
"dr. Kuntjoro Yakti, Sp.PD",Sp. Penyakit Dalam,halodoc,"Setiabudi, Jakarta Selatan",,internist,2025-06-15 09:34:26
"dr. Laura Anasthasya, Sp.PD",Sp. Penyakit Dalam,halodoc,"Setiabudi, Jakarta Selatan",,internist,2025-06-15 09:34:29
dr. Leonard Nainggolan Sp.PD-KPTI,Sp. Penyakit Dalam,halodoc,"Setiabudi, Jakarta Selatan",,internist,2025-06-15 09:34:29
"dr. Levina Prima Rosalia, SpPD",Sp. Penyakit Dalam,halodoc,"Setiabudi, Jakarta Selatan",,internist,2025-06-15 09:34:29
"dr. Lily Mareta, Sp.PD",Sp. Penyakit Dalam,halodoc,"Setiabudi, Jakarta Selatan",,internist,2025-06-15 09:34:29
"dr. M. Mahfudz, Sp.PD,FINASIM",Sp. Penyakit Dalam,Apotek Seger 1,"Megaluh, Kabupaten Jombang",,internist,2025-06-15 09:34:29
"dr. Mahaswara Whisnubhuana, Sp.PD",Sp. Penyakit Dalam,halodoc,"Setiabudi, Jakarta Selatan",,internist,2025-06-15 09:34:29
"dr. Med. Salim Lim, MD. Sp.PD-KGH, FAMS, FASN",Sp. Penyakit Dalam,halodoc,"Setiabudi, Jakarta Selatan",,internist,2025-06-15 09:34:29
"dr. Meti Metiani, Sp.PD",Sp. Penyakit Dalam,halodoc,"Setiabudi, Jakarta Selatan",,internist,2025-06-15 09:34:29
"dr. dr. Michael Y, Sp.PD",Sp. Penyakit Dalam,halodoc,"Setiabudi, Jakarta Selatan",,internist,2025-06-15 09:34:29
"dr. Moch Purnomo Isnaeni Nasution, Sp.PD",Sp. Penyakit Dalam,halodoc,"Setiabudi, Jakarta Selatan",,internist,2025-06-15 09:34:29
dr. Mohammad Rizki Sp PD,Sp. Penyakit Dalam,halodoc,"Setiabudi, Jakarta Selatan",,internist,2025-06-15 09:34:31
dr. Mudjaddid Sp.PD,Sp. Penyakit Dalam,halodoc,"Setiabudi, Jakarta Selatan",,internist,2025-06-15 09:34:31
"dr. Muhamad Reza Prabowo, Sp.PD",Sp. Penyakit Dalam,halodoc,"Setiabudi, Jakarta Selatan",,internist,2025-06-15 09:34:31
"dr. Mutia, Sp.PD",Sp. Penyakit Dalam,halodoc,"Setiabudi, Jakarta Selatan",,internist,2025-06-15 09:34:31
"dr. Myra Puspitasari, SpPD, Finasim, M.Kes",Sp. Penyakit Dalam,0,"Bekasi Selatan, Bekasi",,internist,2025-06-15 09:34:31
"dr. Nur Chandra Bunawan, Sp.PD, AIFO-K,FINASIM",Sp. Penyakit Dalam,RS St. Carolus Salemba,"Senen, Jakarta Pusat",,internist,2025-06-15 09:34:31
dr. Nurchandra SpPD,Sp. Penyakit Dalam,RS St. Carolus Salemba,"Senen, Jakarta Pusat",,internist,2025-06-15 09:34:31
"dr. Pangestu Adi, Sp.PD-KGEH",Sp. Penyakit Dalam,RS Simulasi Halodoc,"Setiabudi, Jakarta Selatan",,internist,2025-06-15 09:34:31
"dr. Pranawa, SpPD KGH.",Sp. Penyakit Dalam,halodoc,"Setiabudi, Jakarta Selatan",,internist,2025-06-15 09:34:31
"dr. Pransa Pramita, Sp.PD",Sp. Penyakit Dalam,halodoc,"Setiabudi, Jakarta Selatan",,internist,2025-06-15 09:34:31
"dr. Probo Wuryantoro, Sp.PD",Sp. Penyakit Dalam,halodoc,"Setiabudi, Jakarta Selatan",,internist,2025-06-15 09:34:34
"dr. Rendhy Wisnugroho Santoso, Sp.PD",Sp. Penyakit Dalam,halodoc,"Setiabudi, Jakarta Selatan",,internist,2025-06-15 09:34:34
"dr. Renny Tandya, Sp.PD",Sp. Penyakit Dalam,halodoc,"Setiabudi, Jakarta Selatan",,internist,2025-06-15 09:34:34
"dr. Soetanto,SpPD",Sp. Penyakit Dalam,halodoc,"Setiabudi, Jakarta Selatan",,internist,2025-06-15 09:34:34
dr. Spesialis Penyakit Dalam,Sp. Penyakit Dalam,halodoc,"Setiabudi, Jakarta Selatan",,internist,2025-06-15 09:34:34
"Dr. dr. Suharko Soebardi Sp.PD-Kemd, Finasim",Sp. Penyakit Dalam,Prodia,"Makassar, Kota Makassar",,internist,2025-06-15 09:34:34
"dr. Susanto Maduseno, SpPD. Subsp.GEH(K)",Sp. Penyakit Dalam,halodoc,"Setiabudi, Jakarta Selatan",,internist,2025-06-15 09:34:34
"dr. Susanto Salim, Sp.PD,KHOM",Sp. Penyakit Dalam,halodoc,"Setiabudi, Jakarta Selatan",,internist,2025-06-15 09:34:34
"dr. Ulfa Kholili, Sp.PD-KGEH",Sp. Penyakit Dalam,halodoc,"Setiabudi, Jakarta Selatan",,internist,2025-06-15 09:34:34
"dr. Witjitra Darmana, Sp.PD",Sp. Penyakit Dalam,halodoc,"Setiabudi, Jakarta Selatan",,internist,2025-06-15 09:34:34
"dr. Yenny Liestiany, Sp.PD",Sp. Penyakit Dalam,PERMATA HATI BUNDA,"Tambun Utara, Kabupaten Bekasi",,internist,2025-06-15 09:34:37
"dr. Yuhana Ftiria, Sp.PD",Sp. Penyakit Dalam,halodoc,"Setiabudi, Jakarta Selatan",,internist,2025-06-15 09:34:37
"dr. Zenith, Sp.PD",Sp. Penyakit Dalam,halodoc,"Setiabudi, Jakarta Selatan",,internist,2025-06-15 09:34:37
"dr. Zuhri Dirgantoro,SpPD",Sp. Penyakit Dalam,halodoc,"Setiabudi, Jakarta Selatan",,internist,2025-06-15 09:34:37
